season,week,player_id,player_name,position,team,opportunity_score,production_score,usage_score,redzone_score,model_confidence_score,production_raw,opportunity_raw,usage_raw,redzone_raw,actual_ppr
2025,4,00-0023459,Aaron Rodgers,QB,PIT,71.0,63.0,34.0,50.0,72.5,17.246666666666666,30.666666666666668,0.08382173382173382,0.0,12.8
2025,4,00-0026158,Joe Flacco,QB,CLE,99.0,42.0,17.0,50.0,66.5,11.546666666666667,43.0,0.04292929292929293,0.0,7.26
2025,4,00-0026498,Matthew Stafford,QB,LA,78.0,59.0,32.0,50.0,77.4,16.253333333333334,33.666666666666664,0.08,0.0,27.4
2025,4,00-0027973,Andy Dalton,QB,CAR,2.0,-0.0,13.0,50.0,56.8,-0.1,1.0,0.03333333333333333,0.0,6.32
2025,4,00-0029263,Russell Wilson,QB,NYG,97.0,64.0,90.0,50.0,68.0,17.506666666666664,42.0,0.22528947166628324,0.0,0.32
2025,4,00-0030035,Adam Thielen,WR,MIN,16.0,6.0,9.0,0.0,50.5,1.5333333333333332,2.0,0.09206349206349206,0.0,3.1
2025,4,00-0030061,Zach Ertz,TE,WAS,50.0,81.0,18.0,0.0,72.3,12.266666666666666,5.333333333333333,0.17969348659003834,0.0,4.1
2025,4,00-0030279,Keenan Allen,WR,LAC,74.0,77.0,27.0,0.0,90.2,18.8,9.333333333333334,0.26594045025417573,0.0,8.7
2025,4,00-0030506,Travis Kelce,TE,KC,53.0,65.0,17.0,0.0,78.2,9.799999999999999,5.666666666666667,0.1707199032062916,0.0,9.8
2025,4,00-0030564,DeAndre Hopkins,WR,BAL,16.0,38.0,8.0,0.0,76.2,9.4,2.0,0.08270676691729323,0.0,0.0
2025,4,00-0030565,Geno Smith,QB,LV,88.0,64.0,56.0,50.0,68.7,17.580000000000002,38.333333333333336,0.13930659983291563,0.0,15.78
2025,4,00-0031236,Brandin Cooks,WR,NO,29.0,21.0,9.0,0.0,80.7,5.2,3.6666666666666665,0.09277857484457197,0.0,5.2
2025,4,00-0031381,Davante Adams,WR,LA,76.0,63.0,31.0,0.0,75.1,15.433333333333335,9.666666666666666,0.3114628427128427,0.0,15.6
2025,4,00-0031484,Chris Manhertz,TE,NYG,9.0,11.0,3.0,0.0,56.8,1.7,1.0,0.03333333333333333,0.0,0.0
2025,4,00-0031588,Stefon Diggs,WR,NE,39.0,33.0,15.0,0.0,70.6,8.066666666666666,5.0,0.15209339774557165,0.0,16.1
2025,4,00-0031763,DeAndre Carter,WR,CLE,0.0,0.0,0.0,0.0,56.8,0.0,0.0,0.0,0.0,0.0
2025,4,00-0032211,Tyler Lockett,WR,TEN,21.0,14.0,8.0,0.0,49.4,3.533333333333333,2.6666666666666665,0.08480708412397216,0.0,0.0
2025,4,00-0032268,Marcus Mariota,QB,WAS,62.0,81.0,75.0,50.0,56.8,22.28,27.0,0.1875,0.0,16.24
2025,4,00-0032385,Sterling Shepard,WR,TB,39.0,36.0,16.0,0.0,80.8,8.766666666666666,5.0,0.1611749680715198,0.0,4.0
2025,4,00-0032392,Austin Hooper,TE,NE,22.0,30.0,8.0,0.0,61.0,4.533333333333333,2.3333333333333335,0.07866344605475041,0.0,3.4
2025,4,00-0032398,Chris Moore,WR,WAS,12.0,18.0,7.0,0.0,78.4,4.45,1.5,0.07279693486590039,0.0,0.9
2025,4,00-0032464,Kalif Raymond,WR,DET,18.0,11.0,7.0,0.0,79.8,2.766666666666666,2.3333333333333335,0.07497268813058287,0.0,3.3
2025,4,00-0032764,Derrick Henry,RB,BAL,51.0,62.0,62.0,0.0,62.5,15.4,14.333333333333334,0.621474663670671,0.0,7.8
2025,4,00-0032950,Carson Wentz,QB,MIN,51.0,56.0,26.0,50.0,56.8,15.32,22.0,0.06451612903225806,0.0,23.2
2025,4,00-0033040,Tyreek Hill,WR,MIA,61.0,56.0,25.0,0.0,79.3,13.6,7.666666666666667,0.24775339602925808,0.0,12.7
2025,4,00-0033077,Dak Prescott,QB,DAL,100.0,56.0,20.0,50.0,61.8,15.33333333333333,43.333333333333336,0.050865800865800864,0.0,30.96
2025,4,00-0033090,Hunter Henry,TE,NE,69.0,92.0,20.0,0.0,50.5,13.833333333333334,7.333333333333333,0.20458937198067637,0.0,11.9
2025,4,00-0033106,Jared Goff,QB,DET,78.0,72.0,25.0,50.0,67.3,19.846666666666668,33.666666666666664,0.06135034556087188,0.0,14.72
2025,4,00-0033110,Tyler Higbee,TE,LA,19.0,17.0,6.0,0.0,31.2,2.566666666666667,2.0,0.06186868686868687,0.0,4.5
2025,4,00-0033246,Johnny Mundt,TE,JAX,9.0,6.0,4.0,0.0,66.0,0.85,1.0,0.037698412698412696,0.0,0.0
2025,4,00-0033280,Christian McCaffrey,RB,SF,100.0,93.0,96.0,0.0,87.8,23.3,28.0,0.9560685685685687,0.0,26.1
2025,4,00-0033307,Kendrick Bourne,WR,SF,36.0,29.0,12.0,0.0,78.9,7.0,4.5,0.12162162162162163,0.0,2.7
2025,4,00-0033375,Tim Patrick,WR,JAX,8.0,5.0,3.0,0.0,71.0,1.3,1.0,0.02817460317460317,0.0,0.9
2025,4,00-0033526,Samaje Perine,RB,CIN,7.0,6.0,9.0,0.0,34.0,1.5666666666666667,2.0,0.0924775707384403,0.0,0.4
2025,4,00-0033555,Mack Hollins,WR,NE,21.0,21.0,8.0,0.0,63.0,5.266666666666667,2.6666666666666665,0.08083735909822866,0.0,7.4
2025,4,00-0033572,Jamal Agnew,WR,ATL,0.0,0.0,0.0,0.0,56.8,0.0,0.0,0.0,0.0,0.0
2025,4,00-0033576,Eric Saubert,TE,SEA,3.0,5.0,2.0,0.0,31.2,0.7333333333333334,0.3333333333333333,0.016666666666666666,0.0,0.0
2025,4,00-0033589,David Moore,WR,CAR,4.0,3.0,2.0,0.0,31.2,0.75,0.5,0.020833333333333332,0.0,1.2
2025,4,00-0033662,Cooper Rush,QB,BAL,7.0,0.0,57.0,50.0,56.8,-0.4,3.0,0.14285714285714285,0.0,2.08
2025,4,00-0033857,JuJu Smith-Schuster,WR,KC,32.0,29.0,12.0,0.0,71.7,7.166666666666667,4.0,0.11643764583873477,0.0,13.6
2025,4,00-0033858,Jonnu Smith,TE,PIT,41.0,54.0,16.0,0.0,73.0,8.166666666666666,4.333333333333333,0.15886450714036918,0.0,2.6
2025,4,00-0033873,Patrick Mahomes,QB,KC,95.0,77.0,100.0,50.0,81.7,21.086666666666662,41.0,0.2669144580909287,0.0,27.3
2025,4,00-0033881,Evan Engram,TE,DEN,28.0,24.0,9.0,0.0,70.3,3.65,3.0,0.08888888888888888,0.0,6.9
2025,4,00-0033885,David Njoku,TE,CLE,56.0,52.0,16.0,0.0,85.6,7.8999999999999995,6.0,0.1611861207897793,0.0,3.1
2025,4,00-0033906,Alvin Kamara,RB,NO,71.0,51.0,71.0,0.0,73.8,12.766666666666666,20.0,0.7135660768372389,0.0,11.2
2025,4,00-0033908,Cooper Kupp,WR,SEA,39.0,33.0,20.0,0.0,50.8,8.200000000000001,5.0,0.19545454545454544,0.0,6.6
2025,4,00-0033923,Kareem Hunt,RB,KC,33.0,27.0,37.0,0.0,77.5,6.8,9.333333333333334,0.366984789169053,0.0,5.7
2025,4,00-0033943,Josh Reynolds,WR,NYJ,24.0,16.0,14.0,0.0,56.8,3.8,3.0,0.14285714285714285,0.0,0.0
2025,4,00-0033955,Jeremy McNichols,RB,WAS,14.0,33.0,12.0,0.0,75.1,8.15,4.0,0.125,0.0,1.3
2025,4,00-0034270,Tyler Conklin,TE,LAC,23.0,24.0,7.0,0.0,57.6,3.6,2.5,0.07163398692810458,0.0,1.3
2025,4,00-0034348,Courtland Sutton,WR,DEN,55.0,59.0,24.0,0.0,60.0,14.5,7.0,0.243719806763285,0.0,19.1
2025,4,00-0034351,Dallas Goedert,TE,PHI,42.0,72.0,21.0,0.0,67.1,10.850000000000001,4.5,0.20833333333333331,0.0,19.7
2025,4,00-0034365,Ian Thomas,TE,LV,0.0,0.0,0.0,0.0,56.8,0.0,0.0,0.0,0.0,0.0
2025,4,00-0034383,Dalton Schultz,TE,HOU,47.0,45.0,18.0,0.0,86.3,6.866666666666667,5.0,0.17525496511003755,0.0,8.0
2025,4,00-0034407,Ray-Ray McCloud,WR,ATL,32.0,16.0,11.0,0.0,58.5,4.033333333333333,4.0,0.11207897793263648,0.0,0.3
2025,4,00-0034521,Allen Lazard,WR,NYJ,24.0,38.0,9.0,0.0,56.8,9.3,3.0,0.08571428571428572,0.0,1.8
2025,4,00-0034753,Mark Andrews,TE,BAL,34.0,66.0,14.0,0.0,45.0,10.0,3.6666666666666665,0.14055973266499583,0.0,10.0
2025,4,00-0034775,Christian Kirk,WR,HOU,63.0,22.0,22.0,0.0,56.8,5.5,8.0,0.2222222222222222,0.0,5.0
2025,4,00-0034791,Nick Chubb,RB,HOU,49.0,38.0,61.0,0.0,80.1,9.4,13.666666666666666,0.6072831030878323,0.0,8.2
2025,4,00-0034796,Lamar Jackson,QB,BAL,69.0,100.0,89.0,50.0,83.9,27.560000000000002,30.0,0.2235185665312707,0.0,14.68
2025,4,00-0034827,DJ Moore,WR,CHI,58.0,45.0,24.0,0.0,87.5,11.0,7.333333333333333,0.24209377505523552,0.0,7.8
2025,4,00-0034829,Mike Gesicki,TE,CIN,31.0,19.0,11.0,0.0,76.2,2.9333333333333336,3.3333333333333335,0.11294755126908818,0.0,1.8
2025,4,00-0034837,Calvin Ridley,WR,TEN,55.0,26.0,24.0,0.0,79.6,6.366666666666666,7.0,0.2398102466793169,0.0,5.0
2025,4,00-0034844,Saquon Barkley,RB,PHI,83.0,60.0,77.0,0.0,88.3,15.1,23.333333333333332,0.766438154209052,0.0,17.4
2025,4,00-0034855,Baker Mayfield,QB,TB,85.0,73.0,58.0,50.0,85.8,20.066666666666666,37.0,0.14501278772378515,0.0,20.86
2025,4,00-0034857,Josh Allen,QB,BUF,95.0,89.0,99.0,50.0,61.8,24.53333333333333,41.0,0.24643197836496164,0.0,26.86
2025,4,00-0034869,Sam Darnold,QB,SEA,58.0,53.0,10.0,50.0,63.5,14.639999999999999,25.333333333333332,0.025641025641025644,0.0,16.08
2025,4,00-0034960,Jakobi Meyers,WR,LV,68.0,54.0,24.0,0.0,72.8,13.266666666666666,8.666666666666666,0.24341607287343722,0.0,7.0
2025,4,00-0034975,Justice Hill,RB,BAL,17.0,17.0,19.0,0.0,62.2,4.3,4.666666666666667,0.18902860599775298,0.0,28.7
2025,4,00-0034983,Hunter Renfrow,WR,CAR,50.0,40.0,17.0,0.0,61.2,9.833333333333334,6.333333333333333,0.17098285855222592,0.0,3.0
2025,4,00-0035021,Ashton Dulin,WR,IND,3.0,2.0,1.0,0.0,31.2,0.5,0.3333333333333333,0.008333333333333333,0.0,2.8
2025,4,00-0035100,Jake Browning,QB,CIN,70.0,61.0,21.0,50.0,80.3,16.82,30.5,0.05322128851540616,0.0,5.4
2025,4,00-0035208,Olamide Zaccheaus,WR,CHI,47.0,26.0,19.0,0.0,84.4,6.3,6.0,0.19059148099039916,0.0,9.1
2025,4,00-0035228,Kyler Murray,QB,ARI,84.0,59.0,100.0,50.0,89.2,16.126666666666665,36.333333333333336,0.2639089305755972,0.0,20.1
2025,4,00-0035229,T.J. Hockenson,TE,MIN,41.0,50.0,20.0,0.0,58.2,7.533333333333334,4.333333333333333,0.1976190476190476,0.0,7.9
2025,4,00-0035243,Miles Sanders,RB,DAL,29.0,32.0,32.0,0.0,72.2,8.066666666666666,8.0,0.3157786657786658,0.0,4.5
2025,4,00-0035249,Josh Oliver,TE,MIN,9.0,32.0,5.0,0.0,73.3,4.85,1.0,0.04583333333333334,0.0,0.0
2025,4,00-0035250,Devin Singletary,RB,NYG,11.0,4.0,12.0,0.0,82.8,1.0,3.0,0.11706732612529713,0.0,2.8
2025,4,00-0035261,Tony Pollard,RB,TEN,71.0,44.0,84.0,0.0,90.4,11.0,20.0,0.8373103078754428,0.0,10.6
2025,4,00-0035500,Greg Dortch,WR,ARI,13.0,8.0,6.0,0.0,57.1,1.9000000000000001,1.6666666666666667,0.05634019124891335,0.0,7.9
2025,4,00-0035535,Darius Slayton,WR,NYG,21.0,21.0,8.0,0.0,49.9,5.033333333333333,2.6666666666666665,0.0798611111111111,0.0,7.4
2025,4,00-0035537,Ty Johnson,RB,BUF,14.0,8.0,13.0,0.0,68.4,2.033333333333333,4.0,0.12688579552295481,0.0,0.0
2025,4,00-0035567,Craig Reynolds,RB,DET,5.0,1.0,5.0,0.0,31.2,0.2,1.5,0.05,0.0,0.0
2025,4,00-0035640,DK Metcalf,WR,PIT,45.0,48.0,21.0,0.0,88.5,11.833333333333334,5.666666666666667,0.20773249738766983,0.0,23.6
2025,4,00-0035645,Gunner Olszewski,WR,NYG,0.0,0.0,0.0,0.0,56.8,0.0,0.0,0.0,0.0,0.0
2025,4,00-0035662,Marquise Brown,WR,KC,71.0,49.0,25.0,0.0,57.5,12.033333333333331,9.0,0.2549649987036557,0.0,12.8
2025,4,00-0035676,A.J. Brown,WR,PHI,50.0,44.0,25.0,0.0,41.5,10.799999999999999,6.333333333333333,0.25476190476190474,0.0,2.7
2025,4,00-0035685,David Montgomery,RB,DET,48.0,68.0,45.0,0.0,73.2,16.933333333333334,13.333333333333334,0.453965040807146,0.0,1.2
2025,4,00-0035689,Dawson Knox,TE,BUF,33.0,26.0,12.0,0.0,73.2,3.95,3.5,0.12222222222222223,0.0,0.0
2025,4,00-0035700,Josh Jacobs,RB,GB,81.0,54.0,82.0,0.0,93.2,13.6,22.666666666666668,0.8160834147930922,0.0,31.7
2025,4,00-0035710,Daniel Jones,QB,IND,81.0,82.0,67.0,50.0,84.4,22.713333333333335,35.0,0.16845238095238094,0.0,14.38
2025,4,00-0035719,Deebo Samuel Sr.,WR,WAS,66.0,61.0,28.0,0.0,69.0,14.966666666666667,8.333333333333334,0.27883141762452107,0.0,20.1
2025,4,00-0036040,Juwan Johnson,TE,NO,88.0,94.0,24.0,0.0,87.3,14.200000000000001,9.333333333333334,0.2427068388330942,0.0,5.8
2025,4,00-0036139,Rico Dowdle,RB,CAR,29.0,23.0,31.0,0.0,64.8,5.766666666666667,8.0,0.3059642307767198,0.0,4.0
2025,4,00-0036158,J.K. Dobbins,RB,DEN,56.0,61.0,62.0,0.0,93.8,15.200000000000001,15.666666666666666,0.6165516448125145,0.0,11.5
2025,4,00-0036182,Nick Westbrook-Ikhine,WR,MIA,13.0,7.0,6.0,0.0,34.0,1.8333333333333333,1.6666666666666667,0.05632183908045977,0.0,1.1
2025,4,00-0036212,Tua Tagovailoa,QB,MIA,71.0,54.0,22.0,50.0,69.4,14.899999999999999,30.666666666666668,0.05444444444444444,0.0,15.68
2025,4,00-0036223,Jonathan Taylor,RB,IND,82.0,100.0,72.0,0.0,80.0,25.03333333333333,23.0,0.7208157312036622,0.0,14.6
2025,4,00-0036244,Colby Parkinson,TE,LA,19.0,9.0,7.0,0.0,56.8,1.4,2.0,0.07142857142857142,0.0,3.7
2025,4,00-0036252,Michael Pittman,WR,IND,50.0,64.0,22.0,0.0,76.4,15.766666666666666,6.333333333333333,0.22245907349355623,0.0,15.1
2025,4,00-0036259,Jauan Jennings,WR,SF,59.0,48.0,21.0,0.0,59.8,11.75,7.5,0.21326013513513514,0.0,4.4
2025,4,00-0036264,Jordan Love,QB,GB,68.0,60.0,47.0,50.0,86.7,16.64,29.333333333333332,0.11634408602150537,0.0,28.28
2025,4,00-0036265,AJ Dillon,RB,PHI,11.0,6.0,8.0,0.0,87.2,1.45,3.0,0.08359133126934984,0.0,1.7
2025,4,00-0036275,D'Andre Swift,RB,CHI,64.0,48.0,64.0,0.0,82.8,12.066666666666668,18.0,0.6424638392184031,0.0,16.0
2025,4,00-0036290,Cole Kmet,TE,CHI,22.0,38.0,7.0,0.0,63.2,5.666666666666667,2.3333333333333335,0.07132246838129191,0.0,7.6
2025,4,00-0036309,Darnell Mooney,WR,ATL,59.0,25.0,23.0,0.0,69.5,6.2,7.5,0.22938443670150988,0.0,2.5
2025,4,00-0036322,Justin Jefferson,WR,MIN,55.0,52.0,32.0,0.0,88.4,12.800000000000002,7.0,0.3219474969474969,0.0,22.6
2025,4,00-0036328,Antonio Gibson,RB,NE,18.0,9.0,18.0,0.0,55.9,2.3,5.0,0.17834971403187297,0.0,8.7
2025,4,00-0036331,Devin Duvernay,WR,CHI,0.0,0.0,0.0,0.0,56.8,0.0,0.0,0.0,0.0,0.0
2025,4,00-0036355,Justin Herbert,QB,LAC,97.0,79.0,93.0,50.0,78.0,21.766666666666666,42.0,0.23252747252747252,0.0,14.52
2025,4,00-0036389,Jalen Hurts,QB,PHI,84.0,81.0,100.0,50.0,80.8,22.286666666666665,36.333333333333336,0.32215342277261777,0.0,19.4
2025,4,00-0036407,Jerry Jeudy,WR,CLE,55.0,32.0,18.0,0.0,74.5,7.8,7.0,0.18061604723190086,0.0,7.8
2025,4,00-0036410,Tee Higgins,WR,CIN,37.0,32.0,15.0,0.0,53.8,7.800000000000001,4.666666666666667,0.14562754400974826,0.0,6.2
2025,4,00-0036415,Van Jefferson,WR,TEN,12.0,10.0,5.0,0.0,73.2,2.4,1.5,0.04696394686907021,0.0,1.6
2025,4,00-0036422,Adam Trautman,TE,DEN,12.0,25.0,4.0,0.0,31.2,3.8333333333333335,1.3333333333333333,0.04259259259259259,0.0,5.2
2025,4,00-0036550,Rashod Bateman,WR,BAL,39.0,32.0,20.0,0.0,58.5,7.933333333333334,5.0,0.20112781954887216,0.0,3.4
2025,4,00-0036554,Nico Collins,WR,HOU,66.0,60.0,29.0,0.0,65.9,14.699999999999998,8.333333333333334,0.2940150295222759,0.0,11.9
2025,4,00-0036555,Chuba Hubbard,RB,CAR,68.0,62.0,71.0,0.0,84.7,15.4,19.0,0.706082942279858,0.0,9.9
2025,4,00-0036590,Quintin Morris,TE,JAX,0.0,0.0,0.0,0.0,56.8,0.0,0.0,0.0,0.0,0.0
2025,4,00-0036613,Jaylen Waddle,WR,MIA,45.0,54.0,18.0,0.0,83.8,13.233333333333334,5.666666666666667,0.18474399164054336,0.0,7.8
2025,4,00-0036630,Tylan Wallace,WR,BAL,8.0,14.0,4.0,0.0,31.2,3.5,1.0,0.03571428571428571,0.0,2.4
2025,4,00-0036637,Noah Gray,TE,KC,38.0,16.0,12.0,0.0,47.3,2.3666666666666667,4.0,0.12338605133523466,0.0,1.1
2025,4,00-0036646,Simi Fehoko,WR,ARI,0.0,0.0,0.0,0.0,56.8,0.0,0.0,0.0,0.0,0.0
2025,4,00-0036741,Jack Stoll,TE,NO,14.0,33.0,4.0,0.0,31.2,5.05,1.5,0.036585365853658534,0.0,1.7
2025,4,00-0036754,Brock Wright,TE,DET,28.0,78.0,11.0,0.0,56.8,11.8,3.0,0.10714285714285714,0.0,0.0
2025,4,00-0036825,Feleipe Franks,TE,ATL,0.0,0.0,0.0,0.0,56.8,0.0,0.0,0.0,0.0,0.0
2025,4,00-0036849,Tutu Atwell,WR,LA,8.0,2.0,3.0,0.0,69.8,0.4666666666666666,1.0,0.03242243867243867,0.0,15.8
2025,4,00-0036862,Ben Skowronek,WR,PIT,3.0,13.0,1.0,0.0,31.2,3.0666666666666664,0.3333333333333333,0.011494252873563218,0.0,0.0
2025,4,00-0036875,Rhamondre Stevenson,RB,NE,39.0,43.0,42.0,0.0,61.9,10.833333333333336,11.0,0.4245071908490199,0.0,5.1
2025,4,00-0036876,Kylen Granson,TE,PHI,6.0,6.0,3.0,0.0,38.2,0.8666666666666667,0.6666666666666666,0.03253968253968254,0.0,0.0
2025,4,00-0036887,Luke Farrell,TE,SF,19.0,36.0,6.0,0.0,49.6,5.45,2.0,0.05616554054054054,0.0,4.0
2025,4,00-0036900,Ja'Marr Chase,WR,CIN,74.0,71.0,29.0,0.0,51.5,17.333333333333332,9.333333333333334,0.2892908686639728,0.0,7.3
2025,4,00-0036912,DeVonta Smith,WR,PHI,47.0,46.0,25.0,0.0,61.4,11.299999999999999,6.0,0.24523809523809523,0.0,4.9
2025,4,00-0036919,Kenny Gainwell,RB,PIT,31.0,29.0,36.0,0.0,74.9,7.166666666666667,8.666666666666666,0.36399787951512086,0.0,31.4
2025,4,00-0036945,Justin Fields,QB,NYJ,58.0,64.0,100.0,50.0,62.8,17.75,25.0,0.2728937728937729,0.0,27.14
2025,4,00-0036963,Amon-Ra St. Brown,WR,DET,71.0,93.0,31.0,0.0,62.1,22.8,9.0,0.30837028468607414,0.0,26.0
2025,4,00-0036970,Kyle Pitts,TE,ATL,59.0,63.0,19.0,0.0,80.5,9.5,6.333333333333333,0.19163763066202089,0.0,18.0
2025,4,00-0036971,Trevor Lawrence,QB,JAX,93.0,55.0,38.0,50.0,77.8,15.113333333333332,40.333333333333336,0.09413580246913579,0.0,11.66
2025,4,00-0036973,Travis Etienne,RB,JAX,64.0,63.0,66.0,0.0,89.7,15.700000000000001,18.0,0.6564373897707231,0.0,19.5
2025,4,00-0036980,Elijah Moore,WR,BUF,24.0,26.0,10.0,0.0,63.5,6.3,3.0,0.09638002093115872,0.0,0.0
2025,4,00-0036988,Josh Palmer,WR,BUF,34.0,26.0,12.0,0.0,43.3,6.433333333333333,4.333333333333333,0.11901234567901235,0.0,4.5
2025,4,00-0036997,Javonte Williams,RB,DAL,69.0,79.0,72.0,0.0,82.8,19.866666666666667,19.333333333333332,0.7212787212787214,0.0,19.0
2025,4,00-0037004,Hunter Long,TE,JAX,19.0,36.0,7.0,0.0,64.5,5.4,2.0,0.06547619047619047,0.0,11.3
2025,4,00-0037005,Tommy Tremble,TE,CAR,19.0,22.0,6.0,0.0,62.4,3.266666666666666,2.0,0.05644962387470712,0.0,15.2
2025,4,00-0037085,Tyler Badie,RB,DEN,11.0,10.0,9.0,0.0,35.4,2.5999999999999996,3.0,0.09166666666666667,0.0,2.1
2025,4,00-0037086,Grant Calcaterra,TE,PHI,9.0,5.0,5.0,0.0,31.2,0.8,1.0,0.047619047619047616,0.0,2.6
2025,4,00-0037091,Bo Melton,WR,GB,0.0,0.0,0.0,0.0,56.8,0.0,0.0,0.0,0.0,0.0
2025,4,00-0037093,Dareke Young,WR,SEA,4.0,4.0,2.0,0.0,31.2,1.1,0.5,0.025,0.0,0.0
2025,4,00-0037112,Jake Tonges,TE,SF,34.0,48.0,10.0,0.0,74.4,7.233333333333333,3.6666666666666665,0.10332207207207207,0.0,14.8
2025,4,00-0037120,Tyler Goodson,RB,IND,7.0,2.0,7.0,0.0,56.8,0.6,2.0,0.07142857142857142,0.0,1.0
2025,4,00-0037157,Bam Knight,RB,ARI,0.0,0.0,0.0,0.0,56.8,0.0,0.0,0.0,0.0,0.0
2025,4,00-0037197,Isiah Pacheco,RB,KC,37.0,19.0,40.0,0.0,87.0,4.833333333333333,10.333333333333334,0.4041200676836419,0.0,12.8
2025,4,00-0037238,Drake London,WR,ATL,71.0,43.0,25.0,0.0,70.0,10.633333333333333,9.0,0.24758033294618662,0.0,25.0
2025,4,00-0037239,Chris Olave,WR,NO,97.0,54.0,32.0,0.0,89.0,13.166666666666666,12.333333333333334,0.31755141080822574,0.0,11.0
2025,4,00-0037240,Jameson Williams,WR,DET,34.0,43.0,15.0,0.0,67.9,10.566666666666668,4.333333333333333,0.14509175035490823,0.0,5.7
2025,4,00-0037247,George Pickens,WR,DAL,58.0,57.0,17.0,0.0,71.5,13.866666666666667,7.333333333333333,0.16627816627816627,0.0,33.4
2025,4,00-0037248,James Cook,RB,BUF,74.0,91.0,62.0,0.0,88.3,22.833333333333332,20.666666666666668,0.6245509525529531,0.0,22.5
2025,4,00-0037256,Rachaad White,RB,TB,25.0,26.0,23.0,0.0,45.4,6.533333333333334,7.0,0.23024010870381803,0.0,8.6
2025,4,00-0037261,Khalil Shakir,WR,BUF,39.0,40.0,14.0,0.0,55.5,9.700000000000001,5.0,0.14271604938271606,0.0,17.9
2025,4,00-0037263,Tyler Allgeier,RB,ATL,36.0,25.0,30.0,0.0,44.0,6.266666666666666,10.0,0.3024256878975861,0.0,11.1
2025,4,00-0037267,Jerome Ford,RB,CLE,27.0,23.0,27.0,0.0,54.8,5.633333333333333,7.666666666666667,0.2726260866504769,0.0,1.3
2025,4,00-0037291,Jalen Nailor,WR,MIN,34.0,23.0,20.0,0.0,81.0,5.533333333333334,4.333333333333333,0.1988095238095238,0.0,7.2
2025,4,00-0037292,Andrew Ogletree,TE,IND,0.0,0.0,0.0,0.0,56.8,0.0,0.0,0.0,0.0,0.0
2025,4,00-0037348,Tanner Conner,TE,MIA,28.0,21.0,10.0,0.0,72.1,3.15,3.0,0.09926854754440961,0.0,0.0
2025,4,00-0037525,Jordan Mason,RB,MIN,52.0,50.0,59.0,0.0,71.8,12.633333333333335,14.666666666666666,0.5865311541882,0.0,10.2
2025,4,00-0037545,Rashid Shaheed,WR,NO,53.0,44.0,17.0,0.0,78.0,10.9,6.666666666666667,0.1709708273553324,0.0,9.2
2025,4,00-0037594,Julius Chestnut,RB,TEN,7.0,6.0,9.0,0.0,70.2,1.4000000000000001,2.0,0.09109730848861283,0.0,0.0
2025,4,00-0037614,John Metchie III,WR,PHI,5.0,4.0,3.0,0.0,35.5,0.9333333333333332,0.6666666666666666,0.026984126984126982,0.0,3.0
2025,4,00-0037617,Hassan Haskins,RB,LAC,0.0,0.0,0.0,0.0,56.8,0.0,0.0,0.0,0.0,0.0
2025,4,00-0037654,Tucker Fisk,TE,LAC,9.0,0.0,2.0,0.0,56.8,0.0,1.0,0.022222222222222223,0.0,0.0
2025,4,00-0037666,Jalen Tolbert,WR,DAL,32.0,14.0,9.0,0.0,60.8,3.3333333333333335,4.0,0.0912975912975913,0.0,10.1
2025,4,00-0037740,Garrett Wilson,WR,NYJ,79.0,76.0,39.0,0.0,78.5,18.633333333333333,10.0,0.39365079365079364,0.0,20.2
2025,4,00-0037741,Jahan Dotson,WR,PHI,18.0,16.0,10.0,0.0,50.9,4.0,2.3333333333333335,0.0992063492063492,0.0,0.0
2025,4,00-0037744,Trey McBride,TE,ARI,75.0,91.0,28.0,0.0,90.5,13.733333333333334,8.0,0.27521298174442194,0.0,12.2
2025,4,00-0037745,Velus Jones Jr.,WR,NO,0.0,0.0,0.0,0.0,56.8,0.0,0.0,0.0,0.0,0.0
2025,4,00-0037746,Brian Robinson,RB,SF,24.0,13.0,22.0,0.0,63.5,3.266666666666667,6.666666666666667,0.22343208593208594,0.0,2.1
2025,4,00-0037801,KaVontae Turpin,WR,DAL,37.0,39.0,14.0,0.0,75.3,9.6,4.666666666666667,0.13934953934953934,0.0,6.4
2025,4,00-0037805,Jeremy Ruckert,TE,NYJ,14.0,37.0,7.0,0.0,70.5,5.55,1.5,0.07142857142857142,0.0,3.3
2025,4,00-0037809,Chig Okonkwo,TE,TEN,50.0,53.0,18.0,0.0,80.3,8.0,5.333333333333333,0.1766729917773561,0.0,1.4
2025,4,00-0037816,Romeo Doubs,WR,GB,29.0,34.0,15.0,0.0,69.8,8.366666666666667,3.6666666666666665,0.14900112233445567,0.0,29.8
2025,4,00-0037834,Brock Purdy,QB,SF,92.0,75.0,56.0,50.0,56.8,20.779999999999998,40.0,0.1388888888888889,0.0,21.66
2025,4,00-0037837,Calvin Austin III,WR,PIT,39.0,44.0,19.0,0.0,71.7,10.866666666666667,5.0,0.1891675374433995,0.0,3.3
2025,4,00-0037840,Kyren Williams,RB,LA,74.0,57.0,76.0,0.0,87.2,14.366666666666667,20.666666666666668,0.7566663175534143,0.0,12.4
2025,4,00-0038041,Jake Ferguson,TE,DAL,100.0,100.0,24.0,0.0,71.8,15.1,10.666666666666666,0.2435897435897436,0.0,17.0
2025,4,00-0038090,Skyy Moore,WR,SF,3.0,3.0,1.0,0.0,31.2,0.6666666666666666,0.3333333333333333,0.009009009009009009,0.0,0.0
2025,4,00-0038104,Tyquan Thornton,WR,KC,47.0,52.0,18.0,0.0,67.8,12.700000000000001,6.0,0.1782732693803474,0.0,8.1
2025,4,00-0038115,Daniel Bellinger,TE,NYG,6.0,9.0,2.0,0.0,37.5,1.3333333333333333,0.6666666666666666,0.021527777777777774,0.0,2.3
2025,4,00-0038117,Wan'Dale Robinson,WR,NYG,58.0,59.0,21.0,0.0,59.0,14.433333333333332,7.333333333333333,0.2111111111111111,0.0,4.4
2025,4,00-0038120,Breece Hall,RB,NYJ,61.0,42.0,62.0,0.0,75.1,10.5,17.0,0.6198120719859851,0.0,16.1
2025,4,00-0038129,Cade Otton,TE,TB,33.0,18.0,11.0,0.0,66.0,2.75,3.5,0.10555555555555556,0.0,3.9
2025,4,00-0038134,Kenneth Walker III,RB,SEA,52.0,56.0,51.0,0.0,79.5,14.066666666666665,14.666666666666666,0.5124789004099349,0.0,12.0
2025,4,00-0038359,Xavier Smith,WR,LA,3.0,6.0,1.0,0.0,31.2,1.5333333333333332,0.3333333333333333,0.011904761904761904,0.0,0.0
2025,4,00-0038393,Dontayvion Wicks,WR,GB,32.0,24.0,16.0,0.0,69.0,5.833333333333333,4.0,0.15771043771043772,0.0,3.9
2025,4,00-0038440,Zavier Scott,RB,MIN,32.0,24.0,30.0,0.0,56.8,6.0,9.0,0.29973118279569894,0.0,16.4
2025,4,00-0038465,Malik Heath,WR,GB,4.0,10.0,2.0,0.0,31.2,2.35,0.5,0.018518518518518517,0.0,1.9
2025,4,00-0038519,Nikko Remigio,WR,KC,5.0,6.0,2.0,0.0,35.8,1.4000000000000001,0.6666666666666666,0.023399014778325122,0.0,0.0
2025,4,00-0038542,Bijan Robinson,RB,ATL,77.0,80.0,70.0,0.0,85.8,20.099999999999998,21.666666666666668,0.7029982507182931,0.0,28.1
2025,4,00-0038543,Jaxon Smith-Njigba,WR,SEA,76.0,82.0,41.0,0.0,81.4,20.1,9.666666666666666,0.40808080808080804,0.0,13.0
2025,4,00-0038544,Quentin Johnston,WR,LAC,63.0,76.0,23.0,0.0,84.0,18.566666666666666,8.0,0.2345343835539914,0.0,23.8
2025,4,00-0038547,Luke Schoonmaker,TE,DAL,12.0,3.0,3.0,0.0,56.5,0.5,1.3333333333333333,0.0304972804972805,0.0,2.8
2025,4,00-0038551,Kendre Miller,RB,NO,24.0,13.0,24.0,0.0,71.2,3.3333333333333335,6.666666666666667,0.2437969685698045,0.0,12.5
2025,4,00-0038555,Tank Bigsby,RB,PHI,9.0,2.0,8.0,0.0,31.2,0.6,2.5,0.078125,0.0,0.0
2025,4,00-0038558,Darnell Washington,TE,PIT,9.0,0.0,3.0,0.0,56.8,0.0,1.0,0.03333333333333333,0.0,5.0
2025,4,00-0038559,Michael Wilson,WR,ARI,21.0,15.0,9.0,0.0,53.5,3.6999999999999997,2.6666666666666665,0.09225152129817445,0.0,4.5
2025,4,00-0038563,Tre Tucker,WR,LV,58.0,81.0,23.0,0.0,49.5,19.73333333333333,7.333333333333333,0.23287826684399512,0.0,4.2
2025,4,00-0038576,Charlie Jones,WR,CIN,0.0,0.0,0.0,0.0,56.8,0.0,0.0,0.0,0.0,0.0
2025,4,00-0038590,Justin Shorter,TE,LV,0.0,0.0,0.0,0.0,56.8,0.0,0.0,0.0,0.0,0.0
2025,4,00-0038597,Chase Brown,RB,CIN,69.0,37.0,91.0,0.0,78.5,9.200000000000001,19.333333333333332,0.9076401139388114,0.0,10.1
2025,4,00-0038606,Parker Washington,WR,JAX,42.0,27.0,15.0,0.0,31.9,6.666666666666667,5.333333333333333,0.14947089947089948,0.0,-0.1
2025,4,00-0038608,Kayshon Boutte,WR,NE,32.0,40.0,10.0,0.0,49.2,9.9,4.0,0.10152979066022545,0.0,2.8
2025,4,00-0038611,Chris Rodriguez Jr.,RB,WAS,39.0,16.0,34.0,0.0,56.8,3.9,11.0,0.34375,0.0,5.9
2025,4,00-0038618,Xavier Hutchinson,WR,HOU,24.0,20.0,11.0,0.0,93.2,5.0,3.0,0.10829307568438003,0.0,3.7
2025,4,00-0038619,Andrei Iosivas,WR,CIN,39.0,9.0,12.0,0.0,56.8,2.2,5.0,0.11627906976744186,0.0,3.7
2025,4,00-0038643,Brayden Willis,TE,SF,5.0,0.0,1.0,0.0,41.8,0.0,0.5,0.013513513513513514,0.0,0.0
2025,4,00-0038679,Tyrell Shavers,WR,BUF,16.0,9.0,8.0,0.0,70.5,2.2,2.0,0.07703703703703704,0.0,0.0
2025,4,00-0038685,Chris Brooks,RB,GB,7.0,9.0,8.0,0.0,31.6,2.3333333333333335,2.0,0.0778675645342312,0.0,1.1
2025,4,00-0038705,Emari Demercado,RB,ARI,5.0,0.0,5.0,0.0,41.8,0.0,1.5,0.05042016806722689,0.0,10.1
2025,4,00-0038710,Blake Whiteheart,TE,CLE,0.0,0.0,0.0,0.0,56.8,0.0,0.0,0.0,0.0,0.0
2025,4,00-0038720,Julian Hill,TE,MIA,5.0,5.0,2.0,0.0,31.2,0.7,0.5,0.015151515151515152,0.0,2.9
2025,4,00-0038738,Hunter Luepke,RB,DAL,0.0,0.0,0.0,0.0,56.8,0.0,0.0,0.0,0.0,0.6
2025,4,00-0038797,Emanuel Wilson,RB,GB,8.0,4.0,8.0,0.0,31.2,0.9666666666666667,2.3333333333333335,0.0778494623655914,0.0,11.1
2025,4,00-0038839,Mitchell Tinsley,WR,CIN,8.0,17.0,3.0,0.0,66.2,4.15,1.0,0.030858676207513418,0.0,1.9
2025,4,00-0038840,Brycen Tremayne,WR,CAR,18.0,15.0,6.0,0.0,33.0,3.766666666666667,2.3333333333333335,0.05922431865828093,0.0,6.6
2025,4,00-0038896,Jacob Saylors,RB,DET,0.0,0.0,0.0,0.0,56.8,0.0,0.0,0.0,0.0,1.1
2025,4,00-0038933,Dalton Kincaid,TE,BUF,50.0,89.0,18.0,0.0,75.6,13.366666666666667,5.333333333333333,0.1837037037037037,0.0,9.8
2025,4,00-0038935,Brenton Strange,TE,JAX,50.0,59.0,18.0,0.0,77.5,8.9,5.333333333333333,0.17592592592592593,0.0,10.5
2025,4,00-0038951,Sean Tucker,RB,TB,1.0,0.0,1.0,0.0,31.2,0.06666666666666667,0.3333333333333333,0.014492753623188406,0.0,0.0
2025,4,00-0038976,Marvin Mims Jr.,WR,DEN,26.0,22.0,12.0,0.0,58.4,5.333333333333333,3.3333333333333335,0.11723027375201288,0.0,20.5
2025,4,00-0038979,Cedric Tillman,WR,CLE,47.0,44.0,15.0,0.0,68.5,10.666666666666666,6.0,0.15165263259775455,0.0,1.6
2025,4,00-0038996,Tucker Kraft,TE,GB,50.0,89.0,21.0,0.0,67.9,13.399999999999999,5.333333333333333,0.213692480359147,0.0,10.6
2025,4,00-0038997,Josh Downs,WR,IND,37.0,27.0,16.0,0.0,58.1,6.566666666666666,4.666666666666667,0.15529083942877045,0.0,6.4
2025,4,00-0039021,Roschon Johnson,RB,CHI,0.0,0.0,0.0,0.0,56.8,0.0,0.0,0.0,0.0,0.0
2025,4,00-0039040,De'Von Achane,RB,MIA,63.0,78.0,85.0,0.0,79.2,19.599999999999998,17.666666666666668,0.8468861024033437,0.0,17.1
2025,4,00-0039041,Elijah Higgins,TE,ARI,19.0,21.0,7.0,0.0,50.5,3.1666666666666665,2.0,0.07279242731575389,0.0,0.0
2025,4,00-0039050,Payne Durham,TE,TB,5.0,0.0,1.0,0.0,41.8,0.0,0.5,0.013888888888888888,0.0,0.0
2025,4,00-0039064,Zay Flowers,WR,BAL,68.0,63.0,36.0,0.0,52.1,15.433333333333332,8.666666666666666,0.3634229251289142,0.0,14.4
2025,4,00-0039065,Sam LaPorta,TE,DET,53.0,59.0,18.0,0.0,67.8,8.933333333333332,5.666666666666667,0.17784846732215154,0.0,6.9
2025,4,00-0039074,Davis Allen,TE,LA,12.0,38.0,4.0,0.0,60.9,5.8,1.3333333333333333,0.044327200577200576,0.0,1.0
2025,4,00-0039075,Puka Nacua,WR,LA,100.0,100.0,41.0,0.0,86.7,24.5,12.666666666666666,0.41363688730624215,0.0,36.0
2025,4,00-0039139,Jahmyr Gibbs,RB,DET,74.0,82.0,66.0,0.0,79.2,20.433333333333334,20.666666666666668,0.6630360867202972,0.0,17.7
2025,4,00-0039144,Luke Musgrave,TE,GB,14.0,22.0,6.0,0.0,64.2,3.3,1.5,0.05976430976430976,0.0,1.6
2025,4,00-0039150,Bryce Young,QB,CAR,95.0,62.0,50.0,50.0,68.7,17.039999999999996,41.0,0.1239766081871345,0.0,10.3
2025,4,00-0039163,C.J. Stroud,QB,HOU,78.0,48.0,81.0,50.0,88.0,13.353333333333333,34.0,0.2020792722547108,0.0,18.42
2025,4,00-0039165,Zach Charbonnet,RB,SEA,48.0,23.0,49.0,0.0,66.8,5.85,13.5,0.4893899204244032,0.0,12.4
2025,4,00-0039299,George Holani,RB,SEA,14.0,8.0,13.0,0.0,31.2,2.066666666666667,4.0,0.13434343434343435,0.0,0.0
2025,4,00-0039337,Malik Nabers,WR,NYG,84.0,72.0,31.0,0.0,60.0,17.7,10.666666666666666,0.3111111111111111,0.0,4.0
2025,4,00-0039338,Brock Bowers,TE,LV,66.0,70.0,20.0,0.0,79.8,10.633333333333335,7.0,0.2045519797457782,0.0,9.6
2025,4,00-0039355,Luke McCaffrey,WR,WAS,11.0,24.0,6.0,0.0,31.2,5.833333333333333,1.3333333333333333,0.06388888888888888,0.0,10.1
2025,4,00-0039361,Bucky Irving,RB,TB,83.0,62.0,78.0,0.0,87.8,15.5,23.333333333333332,0.7828624903234657,0.0,27.5
2025,4,00-0039376,Spencer Rattler,QB,NO,99.0,57.0,52.0,50.0,79.0,15.62,43.0,0.12974186307519642,0.0,13.94
2025,4,00-0039394,Casey Washington,WR,ATL,47.0,26.0,14.0,0.0,56.8,6.3,6.0,0.14285714285714285,0.0,2.9
2025,4,00-0039407,Dylan Laube,RB,LV,7.0,5.0,6.0,0.0,31.2,1.3,2.0,0.06356384069562364,0.0,0.0
2025,4,00-0039410,Ryan Flournoy,WR,DAL,12.0,8.0,3.0,0.0,31.2,2.05,1.5,0.03409090909090909,0.0,4.6
2025,4,00-0039451,Isaiah Williams,WR,NYJ,0.0,0.0,0.0,0.0,56.8,0.0,0.0,0.0,0.0,0.0
2025,4,00-0039589,Kameron Johnson,WR,TB,0.0,0.0,0.0,0.0,56.8,0.0,0.0,0.0,0.0,0.0
2025,4,00-0039686,Colson Yankoff,TE,WAS,0.0,0.0,0.0,0.0,56.8,0.0,0.0,0.0,0.0,0.0
2025,4,00-0039732,Bo Nix,QB,DEN,88.0,59.0,100.0,50.0,75.9,16.166666666666668,38.0,0.2575396825396825,0.0,27.74
2025,4,00-0039738,Blake Corum,RB,LA,18.0,24.0,18.0,0.0,57.4,6.099999999999999,5.0,0.17792626728110597,0.0,3.6
2025,4,00-0039746,Will Shipley,RB,PHI,11.0,10.0,8.0,0.0,56.8,2.6,3.0,0.07894736842105263,0.0,0.0
2025,4,00-0039751,Jordan Whittington,WR,LA,21.0,14.0,9.0,0.0,44.3,3.366666666666667,2.6666666666666665,0.085975073313783,0.0,1.7
2025,4,00-0039792,Devontez Walker,WR,BAL,12.0,43.0,5.0,0.0,62.4,10.5,1.5,0.05357142857142857,0.0,0.0
2025,4,00-0039793,AJ Barner,TE,SEA,25.0,34.0,10.0,0.0,49.8,5.1000000000000005,2.6666666666666665,0.10461779599710634,0.0,12.2
2025,4,00-0039794,Braelon Allen,RB,NYJ,20.0,20.0,20.0,0.0,61.4,4.9,5.666666666666667,0.20490523968784838,0.0,2.6
2025,4,00-0039796,Rasheen Ali,RB,BAL,1.0,1.0,1.0,0.0,31.2,0.16666666666666666,0.3333333333333333,0.011494252873563218,0.0,0.0
2025,4,00-0039798,Isaiah Davis,RB,NYJ,6.0,5.0,6.0,0.0,35.9,1.1333333333333335,1.6666666666666667,0.0647130647130647,0.0,4.7
2025,4,00-0039816,Anthony Gould,WR,IND,0.0,0.0,0.0,0.0,56.8,0.0,0.0,0.0,0.0,0.0
2025,4,00-0039847,Theo Johnson,TE,NYG,31.0,24.0,10.0,0.0,57.2,3.6333333333333333,3.3333333333333335,0.09513888888888888,0.0,10.7
2025,4,00-0039849,Marvin Harrison Jr.,WR,ARI,45.0,41.0,19.0,0.0,75.5,10.066666666666668,5.666666666666667,0.19445571331981068,0.0,18.6
2025,4,00-0039851,Drake Maye,QB,NE,98.0,81.0,100.0,50.0,84.5,22.433333333333334,42.333333333333336,0.2694763729246488,0.0,23.22
2025,4,00-0039868,Troy Franklin,WR,DEN,53.0,48.0,23.0,0.0,54.3,11.733333333333334,6.666666666666667,0.22741545893719806,0.0,9.5
2025,4,00-0039875,Ray Davis,RB,BUF,14.0,5.0,10.0,0.0,31.9,1.1666666666666667,4.0,0.10027321645226121,0.0,0.3
2025,4,00-0039880,Malik Washington,WR,MIA,47.0,20.0,25.0,0.0,85.8,4.866666666666666,6.0,0.2513096482061999,0.0,4.1
2025,4,00-0039890,Adonai Mitchell,WR,IND,21.0,11.0,9.0,0.0,58.9,2.6999999999999997,2.6666666666666665,0.09005921281783351,0.0,12.6
2025,4,00-0039893,Brian Thomas Jr.,WR,JAX,68.0,35.0,29.0,0.0,81.8,8.466666666666667,8.666666666666666,0.2913690476190476,0.0,10.6
2025,4,00-0039894,Xavier Worthy,WR,KC,16.0,0.0,9.0,0.0,56.8,0.0,2.0,0.08513931888544891,0.0,17.1
2025,4,00-0039901,Keon Coleman,WR,BUF,47.0,49.0,17.0,0.0,47.7,11.933333333333332,6.0,0.1708641975308642,0.0,7.5
2025,4,00-0039912,Ben Sinnott,TE,WAS,9.0,11.0,2.0,0.0,56.8,1.7,1.0,0.025,0.0,0.0
2025,4,00-0039915,Ladd McConkey,WR,LAC,55.0,43.0,20.0,0.0,80.4,10.433333333333332,7.0,0.2018155410312273,0.0,2.1
2025,4,00-0039916,Ricky Pearsall,WR,SF,66.0,59.0,24.0,0.0,78.6,14.566666666666668,8.333333333333334,0.23889033264033266,0.0,8.6
2025,4,00-0039917,Michael Penix Jr.,QB,ATL,83.0,45.0,44.0,50.0,52.4,12.366666666666667,36.0,0.10896108722195678,0.0,20.72
2025,4,00-0039918,Caleb Williams,QB,CHI,84.0,87.0,78.0,50.0,88.0,24.099999999999998,36.333333333333336,0.19612273635262142,0.0,13.78
2025,4,00-0039919,Rome Odunze,WR,CHI,71.0,85.0,28.0,0.0,78.3,20.900000000000002,9.0,0.28267973856209144,0.0,16.9
2025,4,00-0039921,Trey Benson,RB,ARI,38.0,33.0,39.0,0.0,88.9,8.333333333333334,10.666666666666666,0.39397753574900296,0.0,10.4
2025,4,00-0040009,Savion Williams,WR,GB,13.0,5.0,6.0,0.0,59.6,1.1333333333333333,1.6666666666666667,0.058879113717823395,0.0,5.3
2025,4,00-0040078,Brashard Smith,RB,KC,6.0,2.0,6.0,0.0,34.1,0.5,1.6666666666666667,0.05764809902740937,0.0,6.6
2025,4,00-0040122,Ashton Jeanty,RB,LV,63.0,34.0,71.0,0.0,81.9,8.566666666666666,17.666666666666668,0.7104620695501968,0.0,35.5
2025,4,00-0040124,Tetairoa McMillan,WR,CAR,71.0,48.0,26.0,0.0,82.2,11.866666666666667,9.0,0.26223948698976446,0.0,10.2
2025,4,00-0040128,Tyler Warren,TE,IND,72.0,74.0,26.0,0.0,76.2,11.199999999999998,7.666666666666667,0.25957201323580636,0.0,18.3
2025,4,00-0040129,Emeka Egbuka,WR,TB,58.0,69.0,24.0,0.0,84.8,17.0,7.333333333333333,0.23792825809317564,0.0,20.1
2025,4,00-0040130,Jayden Higgins,WR,HOU,13.0,14.0,6.0,0.0,55.0,3.5,1.6666666666666667,0.060789049919484694,0.0,9.4
2025,4,00-0040131,Kyle Williams,WR,NE,8.0,8.0,2.0,0.0,93.5,2.0,1.0,0.025,0.0,-0.2
2025,4,00-0040134,Pat Bryant,WR,DEN,24.0,16.0,10.0,0.0,56.8,3.8,3.0,0.1,0.0,0.0
2025,4,00-0040138,Jaylin Noel,WR,HOU,8.0,4.0,3.0,0.0,34.0,1.0333333333333332,1.0,0.033950617283950615,0.0,1.0
2025,4,00-0040142,Kaleb Johnson,RB,PIT,4.0,-0.0,5.0,0.0,81.3,-0.05,1.0,0.04880952380952381,0.0,2.2
2025,4,00-0040154,Tai Felton,WR,MIN,4.0,4.0,2.0,0.0,31.2,0.95,0.5,0.020833333333333332,0.0,0.0
2025,4,00-0040162,Dylan Sampson,RB,CLE,33.0,38.0,33.0,0.0,33.0,9.466666666666667,9.333333333333334,0.33269889431635263,0.0,-0.2
2025,4,00-0040164,Jaylin Lane,WR,WAS,21.0,6.0,9.0,0.0,71.0,1.3666666666666665,2.6666666666666665,0.09335887611749681,0.0,3.8
2025,4,00-0040170,Elic Ayomanor,WR,TEN,47.0,44.0,21.0,0.0,72.2,10.899999999999999,6.0,0.20686907020872866,0.0,6.4
2025,4,00-0040184,KeAndre Lambert-Smith,WR,LAC,4.0,0.0,1.0,0.0,41.8,0.0,0.5,0.014705882352941176,0.0,0.0
2025,4,00-0040187,Mitchell Evans,TE,CAR,9.0,13.0,3.0,0.0,91.7,1.9,1.0,0.030267295597484277,0.0,11.3
2025,4,00-0040189,Oronde Gadsden II,TE,LAC,66.0,64.0,16.0,0.0,56.8,9.6,7.0,0.15555555555555556,0.0,3.6
2025,4,00-0040194,Jackson Hawes,TE,BUF,9.0,28.0,3.0,0.0,74.5,4.3,1.0,0.033086419753086425,0.0,2.5
2025,4,00-0040198,Ollie Gordon II,RB,MIA,17.0,18.0,22.0,0.0,41.6,4.466666666666668,4.666666666666667,0.22038314176245208,0.0,1.0
2025,4,00-0040208,Tahj Brooks,RB,CIN,6.0,2.0,8.0,0.0,31.2,0.5666666666666667,1.6666666666666667,0.07936507936507936,0.0,0.0
2025,4,00-0040236,Kyle Monangai,RB,CHI,21.0,13.0,21.0,0.0,56.6,3.233333333333333,6.0,0.20739698410421872,0.0,1.8
2025,4,00-0040237,Tez Johnson,WR,TB,8.0,0.0,3.0,0.0,81.3,0.0,1.0,0.0339080459770115,0.0,2.3
2025,4,00-0040238,LeQuint Allen Jr.,RB,JAX,6.0,7.0,6.0,0.0,76.6,1.7666666666666668,1.6666666666666667,0.06024029982363316,0.0,1.7
2025,4,00-0040242,Jacory Croskey-Merritt,RB,WAS,30.0,35.0,30.0,0.0,66.0,8.666666666666666,8.333333333333334,0.2960215433219063,0.0,7.7
2025,4,00-0040506,Myles Price,WR,MIN,0.0,0.0,0.0,0.0,56.8,0.0,0.0,0.0,0.0,0.0
2025,4,00-0040581,Dont'e Thornton Jr.,WR,LV,32.0,20.0,12.0,0.0,85.0,4.8,4.0,0.12079450839140761,0.0,0.0
2025,4,00-0040583,Woody Marks,RB,HOU,18.0,15.0,23.0,0.0,53.5,3.6666666666666665,5.0,0.22794304602084922,0.0,27.9
2025,4,00-0040584,Gunnar Helm,TE,TEN,22.0,25.0,8.0,0.0,77.7,3.733333333333333,2.3333333333333335,0.07758380771663505,0.0,2.2
2025,4,00-0040644,Trevor Etienne,RB,CAR,2.0,2.0,2.0,0.0,34.0,0.5333333333333333,0.6666666666666666,0.019622641509433963,0.0,3.3
2025,4,00-0040648,Tory Horton,WR,SEA,21.0,32.0,11.0,0.0,38.1,7.8,2.6666666666666665,0.11111111111111112,0.0,2.0
2025,4,00-0040663,Harold Fannin Jr.,TE,CLE,59.0,64.0,17.0,0.0,67.7,9.633333333333333,6.333333333333333,0.16763453348819202,0.0,4.5
2025,4,00-0040666,Omarion Hampton,RB,LAC,63.0,49.0,62.0,0.0,55.5,12.166666666666666,17.666666666666668,0.6249056317683769,0.0,27.5
2025,4,00-0040667,Matthew Golden,WR,GB,34.0,21.0,16.0,0.0,51.3,5.066666666666667,4.333333333333333,0.16280800839940623,0.0,11.3
2025,4,00-0040676,Cam Ward,QB,TEN,82.0,37.0,38.0,50.0,66.5,10.08,35.333333333333336,0.09476031215161651,0.0,6.52
2025,4,00-0040691,Jaxson Dart,QB,NYG,2.0,0.0,17.0,50.0,79.3,0.0,1.0,0.042328042328042326,0.0,19.84
2025,4,00-0040704,Dillon Gabriel,QB,CLE,7.0,17.0,0.0,50.0,56.8,4.76,3.0,0.0,0.0,0.0
2025,4,00-0040705,Chimere Dike,WR,TEN,39.0,10.0,18.0,0.0,62.9,2.4,5.0,0.1768120092284765,0.0,-0.4
2025,4,00-0040715,Cam Skattebo,RB,NYG,43.0,54.0,46.0,0.0,52.9,13.633333333333333,12.0,0.4617676941952304,0.0,11.0
2025,4,00-0040719,Bhayshul Tuten,RB,JAX,24.0,33.0,24.0,0.0,52.5,8.200000000000001,6.666666666666667,0.24165564373897708,0.0,3.2
2025,4,00-0040727,Tre Harris,WR,LAC,13.0,10.0,5.0,0.0,39.3,2.5,1.6666666666666667,0.0542483660130719,0.0,0.0
2025,4,00-0040729,Jack Bech,WR,LV,8.0,11.0,3.0,0.0,88.5,2.65,1.0,0.03367003367003367,0.0,0.0
2025,4,00-0040730,RJ Harvey,RB,DEN,23.0,21.0,24.0,0.0,80.3,5.3,6.333333333333333,0.24281688520818956,0.0,19.8
2025,4,00-0040734,TreVeyon Henderson,RB,NE,36.0,33.0,35.0,0.0,72.4,8.266666666666666,10.0,0.3547198622910767,0.0,12.6
2025,4,00-0040735,Luther Burden III,WR,CHI,18.0,30.0,8.0,0.0,43.2,7.333333333333333,2.3333333333333335,0.07721448035849658,0.0,1.6
2025,4,00-0040736,Mason Taylor,TE,NYJ,28.0,23.0,10.0,0.0,49.6,3.4333333333333336,3.0,0.10476190476190476,0.0,11.5
2025,4,00-0040739,Elijah Arroyo,TE,SEA,16.0,15.0,7.0,0.0,46.5,2.2666666666666666,1.6666666666666667,0.06515151515151517,0.0,6.4
2025,4,00-0040782,Isaiah Bond,WR,CLE,24.0,10.0,9.0,0.0,62.9,2.533333333333333,3.0,0.08914493365712878,0.0,8.8
2025,4,00-0040784,Quinshon Judkins,RB,CLE,59.0,53.0,77.0,0.0,78.3,13.3,16.5,0.7687923036527016,0.0,21.5
2025,5,00-0026498,Matthew Stafford,QB,LA,83.0,86.0,31.0,50.0,71.0,20.85333333333333,37.666666666666664,0.07794871794871795,0.0,27.56
2025,5,00-0030061,Zach Ertz,TE,WAS,45.0,53.0,18.0,0.0,62.1,9.766666666666666,5.0,0.17777777777777778,0.0,0.0
2025,5,00-0030279,Keenan Allen,WR,LAC,61.0,52.0,23.0,0.0,78.9,15.1,8.333333333333334,0.23096429763096427,0.0,10.8
2025,5,00-0030506,Travis Kelce,TE,KC,55.0,48.0,18.0,0.0,85.5,8.833333333333334,6.0,0.18325123152709358,0.0,19.1
2025,5,00-0030564,DeAndre Hopkins,WR,BAL,12.0,19.0,6.0,0.0,56.6,5.566666666666666,1.6666666666666667,0.05873015873015872,0.0,6.6
2025,5,00-0030565,Geno Smith,QB,LV,76.0,67.0,62.0,50.0,67.5,16.346666666666668,34.666666666666664,0.1545395747433099,0.0,9.92
2025,5,00-0031236,Brandin Cooks,WR,NO,27.0,18.0,11.0,0.0,79.2,5.066666666666667,3.6666666666666665,0.11359158297465329,0.0,1.5
2025,5,00-0031381,Davante Adams,WR,LA,66.0,61.0,27.0,0.0,74.3,17.599999999999998,9.0,0.2662247474747475,0.0,13.8
2025,5,00-0031588,Stefon Diggs,WR,NE,37.0,33.0,24.0,0.0,60.8,9.533333333333333,5.0,0.2374964478545041,0.0,24.6
2025,5,00-0031610,Darren Waller,TE,MIA,36.0,97.0,16.0,0.0,56.8,17.7,4.0,0.16,0.0,18.8
2025,5,00-0031687,Raheem Mostert,RB,LV,19.0,32.0,18.0,0.0,56.8,8.3,5.0,0.17903225806451611,0.0,2.2
2025,5,00-0032211,Tyler Lockett,WR,TEN,27.0,12.0,13.0,0.0,62.3,3.533333333333333,3.6666666666666665,0.12944476528339247,0.0,1.6
2025,5,00-0032385,Sterling Shepard,WR,TB,34.0,27.0,14.0,0.0,78.0,7.8,4.666666666666667,0.14151684841340015,0.0,11.9
2025,5,00-0032398,Chris Moore,WR,WAS,17.0,11.0,11.0,0.0,54.9,3.266666666666667,2.3333333333333335,0.10534947172878208,0.0,0.0
2025,5,00-0032464,Kalif Raymond,WR,DET,17.0,9.0,9.0,0.0,76.3,2.6666666666666665,2.3333333333333335,0.08865689865689867,0.0,0.0
2025,5,00-0032764,Derrick Henry,RB,BAL,44.0,30.0,59.0,0.0,75.2,7.6000000000000005,11.666666666666666,0.5872303307287826,0.0,9.3
2025,5,00-0032775,Demarcus Robinson,WR,SF,15.0,10.0,6.0,0.0,56.8,3.0,2.0,0.058823529411764705,0.0,6.9
2025,5,00-0032950,Carson Wentz,QB,MIN,77.0,79.0,33.0,50.0,76.8,19.259999999999998,35.0,0.08225806451612903,0.0,14.74
2025,5,00-0033077,Dak Prescott,QB,DAL,100.0,95.0,19.0,50.0,68.2,23.046666666666667,45.333333333333336,0.04853479853479853,0.0,28.28
2025,5,00-0033090,Hunter Henry,TE,NE,48.0,78.0,18.0,0.0,40.0,14.266666666666666,5.333333333333333,0.1845457989959269,0.0,6.6
2025,5,00-0033106,Jared Goff,QB,DET,65.0,84.0,18.0,50.0,64.7,20.453333333333333,29.333333333333332,0.04619883040935672,0.0,22.12
2025,5,00-0033119,Jacoby Brissett,QB,ARI,2.0,1.0,18.0,50.0,56.8,0.2,1.0,0.045454545454545456,0.0,0.0
2025,5,00-0033246,Johnny Mundt,TE,JAX,9.0,3.0,4.0,0.0,67.0,0.5666666666666667,1.0,0.03846560846560846,0.0,1.7
2025,5,00-0033280,Christian McCaffrey,RB,SF,100.0,95.0,99.0,0.0,86.9,24.266666666666666,26.666666666666668,0.9921524465642113,0.0,27.9
2025,5,00-0033282,Curtis Samuel,WR,BUF,15.0,7.0,9.0,0.0,56.8,1.9,2.0,0.09090909090909091,0.0,10.6
2025,5,00-0033307,Kendrick Bourne,WR,SF,32.0,19.0,12.0,0.0,71.7,5.566666666666666,4.333333333333333,0.1202967673555909,0.0,24.2
2025,5,00-0033375,Tim Patrick,WR,JAX,7.0,4.0,3.0,0.0,67.8,1.1666666666666667,1.0,0.03211640211640211,0.0,0.0
2025,5,00-0033526,Samaje Perine,RB,CIN,8.0,3.0,10.0,0.0,31.9,0.8333333333333334,2.0,0.10086580086580087,0.0,4.9
2025,5,00-0033662,Cooper Rush,QB,BAL,18.0,3.0,29.0,50.0,36.6,0.8400000000000001,8.0,0.07142857142857142,0.0,7.16
2025,5,00-0033854,Dare Ogunbowale,RB,HOU,5.0,6.0,5.0,0.0,31.2,1.5333333333333332,1.3333333333333333,0.04938271604938271,0.0,0.0
2025,5,00-0033857,JuJu Smith-Schuster,WR,KC,32.0,28.0,13.0,0.0,64.6,8.200000000000001,4.333333333333333,0.12972085385878487,0.0,3.7
2025,5,00-0033873,Patrick Mahomes,QB,KC,87.0,89.0,76.0,50.0,81.1,21.513333333333332,39.666666666666664,0.19093406593406592,0.0,28.72
2025,5,00-0033881,Evan Engram,TE,DEN,39.0,26.0,11.0,0.0,63.6,4.733333333333333,4.333333333333333,0.11481481481481481,0.0,13.3
2025,5,00-0033885,David Njoku,TE,CLE,45.0,37.0,14.0,0.0,68.2,6.7,5.0,0.14297883787661406,0.0,18.7
2025,5,00-0033891,Zay Jones,WR,ARI,15.0,10.0,6.0,0.0,56.9,2.95,2.0,0.06135902636916836,0.0,2.8
2025,5,00-0033906,Alvin Kamara,RB,NO,84.0,47.0,74.0,0.0,78.5,11.933333333333332,22.333333333333332,0.7443647377650247,0.0,9.5
2025,5,00-0033908,Cooper Kupp,WR,SEA,41.0,32.0,22.0,0.0,62.2,9.233333333333333,5.666666666666667,0.21944444444444444,0.0,11.9
2025,5,00-0033921,Chris Godwin Jr.,WR,TB,73.0,19.0,26.0,0.0,56.8,5.6,10.0,0.2564102564102564,0.0,5.6
2025,5,00-0033923,Kareem Hunt,RB,KC,42.0,28.0,39.0,0.0,77.1,7.166666666666667,11.333333333333334,0.3875702601995706,0.0,18.7
2025,5,00-0033943,Josh Reynolds,WR,NYJ,18.0,7.0,11.0,0.0,58.9,1.9,2.5,0.10846560846560846,0.0,5.9
2025,5,00-0033955,Jeremy McNichols,RB,WAS,15.0,23.0,14.0,0.0,68.0,5.866666666666667,4.0,0.1414141414141414,0.0,2.8
2025,5,00-0034270,Tyler Conklin,TE,LAC,18.0,15.0,6.0,0.0,48.1,2.8333333333333335,2.0,0.05676500029441206,0.0,5.0
2025,5,00-0034272,Marquez Valdes-Scantling,WR,SF,7.0,3.0,3.0,0.0,71.2,0.95,1.0,0.02702702702702703,0.0,1.9
2025,5,00-0034348,Courtland Sutton,WR,DEN,44.0,52.0,21.0,0.0,59.1,14.833333333333336,6.0,0.2080055210489993,0.0,17.9
2025,5,00-0034351,Dallas Goedert,TE,PHI,39.0,75.0,19.0,0.0,62.6,13.799999999999999,4.333333333333333,0.19444444444444442,0.0,10.9
2025,5,00-0034365,Ian Thomas,TE,LV,0.0,0.0,0.0,0.0,56.8,0.0,0.0,0.0,0.0,5.0
2025,5,00-0034383,Dalton Schultz,TE,HOU,48.0,41.0,18.0,0.0,85.7,7.599999999999999,5.333333333333333,0.1849551414768806,0.0,11.0
2025,5,00-0034487,Trent Sherfield,WR,DEN,7.0,5.0,3.0,0.0,97.5,1.3,1.0,0.030555555555555555,0.0,2.5
2025,5,00-0034521,Allen Lazard,WR,NYJ,15.0,19.0,6.0,0.0,52.5,5.550000000000001,2.0,0.061375661375661375,0.0,1.3
2025,5,00-0034753,Mark Andrews,TE,BAL,55.0,70.0,21.0,0.0,58.8,12.833333333333334,6.0,0.2119047619047619,0.0,4.2
2025,5,00-0034775,Christian Kirk,WR,HOU,44.0,18.0,18.0,0.0,83.2,5.25,6.0,0.18253968253968253,0.0,10.4
2025,5,00-0034791,Nick Chubb,RB,HOU,52.0,40.0,58.0,0.0,81.0,10.133333333333333,14.0,0.5820626445340403,0.0,12.1
2025,5,00-0034829,Mike Gesicki,TE,CIN,24.0,15.0,8.0,0.0,59.4,2.733333333333333,2.6666666666666665,0.08462080555103811,0.0,3.5
2025,5,00-0034837,Calvin Ridley,WR,TEN,39.0,20.0,18.0,0.0,72.9,5.8,5.333333333333333,0.17662184088221541,0.0,18.1
2025,5,00-0034844,Saquon Barkley,RB,PHI,87.0,58.0,79.0,0.0,88.9,14.766666666666667,23.333333333333332,0.7850667148579862,0.0,17.8
2025,5,00-0034855,Baker Mayfield,QB,TB,85.0,80.0,39.0,50.0,90.4,19.493333333333336,38.666666666666664,0.09819004524886878,0.0,24.66
2025,5,00-0034857,Josh Allen,QB,BUF,68.0,85.0,68.0,50.0,83.0,20.566666666666666,30.666666666666668,0.16881101062302614,0.0,23.42
2025,5,00-0034869,Sam Darnold,QB,SEA,57.0,72.0,4.0,50.0,72.9,17.53333333333333,26.0,0.009523809523809523,0.0,29.64
2025,5,00-0034960,Jakobi Meyers,WR,LV,56.0,34.0,26.0,0.0,71.2,9.700000000000001,7.666666666666667,0.25907263853000284,0.0,7.2
2025,5,00-0034975,Justice Hill,RB,BAL,24.0,54.0,26.0,0.0,55.6,13.9,6.333333333333333,0.2564425770308123,0.0,2.2
2025,5,00-0034983,Hunter Renfrow,WR,CAR,37.0,34.0,13.0,0.0,46.1,9.799999999999999,5.0,0.13299266247379454,0.0,1.7
2025,5,00-0035021,Ashton Dulin,WR,IND,5.0,3.0,3.0,0.0,31.2,0.9333333333333332,0.6666666666666666,0.02628968253968254,0.0,7.5
2025,5,00-0035100,Jake Browning,QB,CIN,65.0,54.0,41.0,50.0,62.2,13.013333333333335,29.666666666666668,0.10214752567693745,0.0,25.14
2025,5,00-0035228,Kyler Murray,QB,ARI,87.0,69.0,100.0,50.0,86.3,16.72,39.666666666666664,0.27552839317545197,0.0,17.3
2025,5,00-0035229,T.J. Hockenson,TE,MIN,42.0,47.0,17.0,0.0,61.8,8.666666666666666,4.666666666666667,0.1706349206349206,0.0,9.8
2025,5,00-0035249,Josh Oliver,TE,MIN,9.0,18.0,4.0,0.0,65.7,3.233333333333333,1.0,0.03849206349206349,0.0,11.5
2025,5,00-0035250,Devin Singletary,RB,NYG,16.0,6.0,13.0,0.0,61.1,1.633333333333333,4.333333333333333,0.12914462081128744,0.0,3.4
2025,5,00-0035261,Tony Pollard,RB,TEN,72.0,44.0,84.0,0.0,89.0,11.233333333333334,19.333333333333332,0.8410002089566482,0.0,16.8
2025,5,00-0035500,Greg Dortch,WR,ARI,24.0,15.0,11.0,0.0,48.1,4.266666666666667,3.3333333333333335,0.1061204481792717,0.0,3.2
2025,5,00-0035535,Darius Slayton,WR,NYG,27.0,26.0,14.0,0.0,85.7,7.5,3.6666666666666665,0.13611111111111113,0.0,6.1
2025,5,00-0035537,Ty Johnson,RB,BUF,11.0,5.0,10.0,0.0,42.4,1.2333333333333332,3.0,0.10098227103072065,0.0,1.0
2025,5,00-0035567,Craig Reynolds,RB,DET,4.0,1.0,3.0,0.0,31.2,0.13333333333333333,1.0,0.03333333333333333,0.0,0.0
2025,5,00-0035602,Alex Bachman,WR,LV,7.0,0.0,3.0,0.0,56.8,0.0,1.0,0.030303030303030304,0.0,1.9
2025,5,00-0035631,Drew Sample,TE,CIN,18.0,21.0,7.0,0.0,49.1,3.9,2.0,0.06845816805371911,0.0,0.9
2025,5,00-0035645,Gunner Olszewski,WR,NYG,0.0,0.0,0.0,0.0,56.8,0.0,0.0,0.0,0.0,0.0
2025,5,00-0035662,Marquise Brown,WR,KC,39.0,34.0,16.0,0.0,86.9,9.666666666666666,5.333333333333333,0.16223316912972086,0.0,8.8
2025,5,00-0035676,A.J. Brown,WR,PHI,66.0,39.0,36.0,0.0,68.4,11.1,9.0,0.3630952380952381,0.0,9.3
2025,5,00-0035685,David Montgomery,RB,DET,44.0,57.0,37.0,0.0,67.1,14.566666666666668,11.666666666666666,0.368992264037636,0.0,18.22
2025,5,00-0035689,Dawson Knox,TE,BUF,24.0,14.0,10.0,0.0,40.0,2.6333333333333333,2.6666666666666665,0.09663299663299664,0.0,3.5
2025,5,00-0035710,Daniel Jones,QB,IND,76.0,73.0,50.0,50.0,78.8,17.680000000000003,34.333333333333336,0.1259920634920635,0.0,16.68
2025,5,00-0035719,Deebo Samuel Sr.,WR,WAS,56.0,49.0,28.0,0.0,72.4,14.133333333333333,7.666666666666667,0.28226010101010096,0.0,23.6
2025,5,00-0036040,Juwan Johnson,TE,NO,61.0,60.0,19.0,0.0,68.0,10.933333333333332,6.666666666666667,0.19327594452415112,0.0,3.7
2025,5,00-0036139,Rico Dowdle,RB,CAR,35.0,23.0,35.0,0.0,72.2,5.8999999999999995,9.333333333333334,0.3541119898803613,0.0,32.4
2025,5,00-0036158,J.K. Dobbins,RB,DEN,57.0,55.0,57.0,0.0,88.4,14.1,15.333333333333334,0.5723360005968702,0.0,15.4
2025,5,00-0036187,Reggie Gilliam,RB,BUF,0.0,0.0,0.0,0.0,56.8,0.0,0.0,0.0,0.0,0.0
2025,5,00-0036212,Tua Tagovailoa,QB,MIA,71.0,70.0,24.0,50.0,76.6,17.040000000000003,32.0,0.058924731182795696,0.0,22.74
2025,5,00-0036223,Jonathan Taylor,RB,IND,87.0,100.0,86.0,0.0,83.1,25.633333333333336,23.333333333333332,0.8582575757575758,0.0,29.6
2025,5,00-0036232,Harrison Bryant,TE,HOU,9.0,0.0,4.0,0.0,56.8,0.0,1.0,0.043478260869565216,0.0,1.5
2025,5,00-0036244,Colby Parkinson,TE,LA,18.0,14.0,6.0,0.0,79.9,2.55,2.0,0.060714285714285714,0.0,0.0
2025,5,00-0036252,Michael Pittman,WR,IND,51.0,49.0,23.0,0.0,72.8,14.133333333333333,7.0,0.23467171717171717,0.0,14.9
2025,5,00-0036265,AJ Dillon,RB,PHI,11.0,6.0,9.0,0.0,88.9,1.5333333333333332,3.0,0.08798561869569559,0.0,1.2
2025,5,00-0036322,Justin Jefferson,WR,MIN,59.0,53.0,28.0,0.0,78.6,15.4,8.0,0.27976190476190477,0.0,19.3
2025,5,00-0036328,Antonio Gibson,RB,NE,24.0,20.0,22.0,0.0,77.9,5.1000000000000005,6.333333333333333,0.22138930534732634,0.0,3.6
2025,5,00-0036355,Justin Herbert,QB,LAC,93.0,71.0,66.0,50.0,74.5,17.3,42.333333333333336,0.16483516483516483,0.0,16.64
2025,5,00-0036389,Jalen Hurts,QB,PHI,77.0,85.0,100.0,50.0,80.0,20.66,35.0,0.2961205987771453,0.0,19.5
2025,5,00-0036407,Jerry Jeudy,WR,CLE,54.0,23.0,21.0,0.0,73.2,6.533333333333334,7.333333333333333,0.20535927785748445,0.0,3.5
2025,5,00-0036410,Tee Higgins,WR,CIN,39.0,27.0,18.0,0.0,53.4,7.766666666666666,5.333333333333333,0.17856562042608556,0.0,11.2
2025,5,00-0036414,Cam Akers,RB,MIN,22.0,7.0,20.0,0.0,56.8,1.9,6.0,0.20295698924731181,0.0,5.28
2025,5,00-0036422,Adam Trautman,TE,DEN,18.0,28.0,6.0,0.0,35.1,5.066666666666666,2.0,0.05714285714285714,0.0,2.1
2025,5,00-0036550,Rashod Bateman,WR,BAL,32.0,28.0,15.0,0.0,47.4,8.066666666666666,4.333333333333333,0.15317460317460316,0.0,0.0
2025,5,00-0036554,Nico Collins,WR,HOU,63.0,58.0,30.0,0.0,76.0,16.833333333333332,8.666666666666666,0.303715205889119,0.0,16.0
2025,5,00-0036590,Quintin Morris,TE,JAX,0.0,0.0,0.0,0.0,56.8,0.0,0.0,0.0,0.0,0.0
2025,5,00-0036613,Jaylen Waddle,WR,MIA,44.0,47.0,21.0,0.0,86.0,13.5,6.0,0.20727272727272728,0.0,23.0
2025,5,00-0036620,Dee Eskridge,WR,MIA,7.0,4.0,3.0,0.0,34.4,1.2333333333333334,1.0,0.03409961685823754,0.0,0.0
2025,5,00-0036626,Dyami Brown,WR,JAX,41.0,34.0,19.0,0.0,58.4,9.700000000000001,5.666666666666667,0.19111552028218695,0.0,3.5
2025,5,00-0036646,Simi Fehoko,WR,ARI,0.0,0.0,0.0,0.0,56.8,0.0,0.0,0.0,0.0,0.0
2025,5,00-0036754,Brock Wright,TE,DET,14.0,32.0,5.0,0.0,31.2,5.9,1.5,0.05357142857142857,0.0,8.9
2025,5,00-0036849,Tutu Atwell,WR,LA,10.0,18.0,4.0,0.0,56.0,5.266666666666667,1.3333333333333333,0.03718434343434344,0.0,9.2
2025,5,00-0036875,Rhamondre Stevenson,RB,NE,41.0,43.0,40.0,0.0,62.0,10.966666666666669,11.0,0.39571145799649193,0.0,16.7
2025,5,00-0036876,Kylen Granson,TE,PHI,3.0,3.0,2.0,0.0,31.2,0.5,0.3333333333333333,0.015873015873015872,0.0,0.0
2025,5,00-0036887,Luke Farrell,TE,SF,18.0,27.0,6.0,0.0,56.0,4.966666666666667,2.0,0.0570515368309486,0.0,1.8
2025,5,00-0036900,Ja'Marr Chase,WR,CIN,76.0,63.0,34.0,0.0,60.1,18.233333333333334,10.333333333333334,0.338039221760152,0.0,29.0
2025,5,00-0036912,DeVonta Smith,WR,PHI,41.0,40.0,22.0,0.0,55.5,11.4,5.666666666666667,0.223015873015873,0.0,19.4
2025,5,00-0036924,Michael Carter,RB,ARI,4.0,0.0,6.0,0.0,56.8,0.1,1.0,0.058823529411764705,0.0,18.3
2025,5,00-0036945,Justin Fields,QB,NYJ,62.0,86.0,100.0,50.0,70.2,20.88,28.0,0.26526251526251526,0.0,21.92
2025,5,00-0036963,Amon-Ra St. Brown,WR,DET,68.0,99.0,35.0,0.0,76.8,28.633333333333336,9.333333333333334,0.34907203907203904,0.0,18.0
2025,5,00-0036971,Trevor Lawrence,QB,JAX,91.0,61.0,50.0,50.0,72.8,14.893333333333333,41.333333333333336,0.1253858024691358,0.0,30.24
2025,5,00-0036972,Mac Jones,QB,SF,96.0,80.0,56.0,50.0,77.8,19.51,43.5,0.14038461538461539,0.0,22.18
2025,5,00-0036973,Travis Etienne,RB,JAX,70.0,62.0,67.0,0.0,87.8,16.0,18.666666666666668,0.6667350088183421,0.0,8.8
2025,5,00-0036988,Josh Palmer,WR,BUF,17.0,15.0,10.0,0.0,61.0,4.233333333333333,2.3333333333333335,0.09780022446689113,0.0,5.6
2025,5,00-0036997,Javonte Williams,RB,DAL,79.0,76.0,75.0,0.0,82.3,19.400000000000002,21.0,0.7464290095869043,0.0,26.9
2025,5,00-0037004,Hunter Long,TE,JAX,21.0,40.0,8.0,0.0,64.5,7.366666666666667,2.3333333333333335,0.08365079365079364,0.0,1.3
2025,5,00-0037005,Tommy Tremble,TE,CAR,39.0,43.0,13.0,0.0,45.0,7.933333333333334,4.333333333333333,0.129979035639413,0.0,1.7
2025,5,00-0037085,Tyler Badie,RB,DEN,6.0,8.0,5.0,0.0,32.8,2.0999999999999996,1.6666666666666667,0.05198412698412699,0.0,2.6
2025,5,00-0037086,Grant Calcaterra,TE,PHI,12.0,8.0,6.0,0.0,37.1,1.4000000000000001,1.3333333333333333,0.059523809523809514,0.0,3.8
2025,5,00-0037093,Dareke Young,WR,SEA,2.0,3.0,2.0,0.0,31.2,0.7333333333333334,0.3333333333333333,0.016666666666666666,0.0,4.6
2025,5,00-0037112,Jake Tonges,TE,SF,39.0,47.0,12.0,0.0,69.7,8.666666666666666,4.333333333333333,0.12109167991520935,0.0,17.1
2025,5,00-0037157,Bam Knight,RB,ARI,0.0,0.0,0.0,0.0,56.8,0.0,0.0,0.0,0.0,9.4
2025,5,00-0037197,Isiah Pacheco,RB,KC,41.0,29.0,38.0,0.0,76.1,7.5,11.0,0.38125315776177854,0.0,8.6
2025,5,00-0037239,Chris Olave,WR,NO,73.0,44.0,29.0,0.0,80.6,12.700000000000001,10.0,0.2918603538976567,0.0,12.9
2025,5,00-0037240,Jameson Williams,WR,DET,39.0,36.0,20.0,0.0,53.5,10.266666666666667,5.333333333333333,0.204241505620816,0.0,2.0
2025,5,00-0037247,George Pickens,WR,DAL,71.0,80.0,22.0,0.0,80.7,23.0,9.666666666666666,0.22236535394430135,0.0,13.7
2025,5,00-0037248,James Cook,RB,BUF,87.0,91.0,74.0,0.0,89.3,23.266666666666666,23.333333333333332,0.7375016965520841,0.0,4.9
2025,5,00-0037256,Rachaad White,RB,TB,36.0,33.0,31.0,0.0,64.8,8.533333333333333,9.666666666666666,0.3098016100044498,0.0,23.1
2025,5,00-0037258,Dameon Pierce,RB,HOU,15.0,2.0,15.0,0.0,56.8,0.5,4.0,0.14814814814814814,0.0,2.1
2025,5,00-0037261,Khalil Shakir,WR,BUF,27.0,40.0,15.0,0.0,60.8,11.533333333333333,3.6666666666666665,0.15180695847362516,0.0,11.0
2025,5,00-0037267,Jerome Ford,RB,CLE,24.0,22.0,21.0,0.0,43.0,5.566666666666666,6.333333333333333,0.21330976753023623,0.0,5.8
2025,5,00-0037282,James Mitchell,TE,CAR,18.0,20.0,6.0,0.0,56.8,3.7,2.0,0.0625,0.0,2.1
2025,5,00-0037291,Jalen Nailor,WR,MIN,34.0,23.0,18.0,0.0,87.0,6.666666666666667,4.666666666666667,0.18055555555555558,0.0,7.2
2025,5,00-0037340,Zaire Mitchell-Paden,TE,BAL,9.0,0.0,4.0,0.0,56.8,0.0,1.0,0.03571428571428571,0.0,1.3
2025,5,00-0037348,Tanner Conner,TE,MIA,18.0,11.0,7.0,0.0,31.9,2.1,2.0,0.06617903169627308,0.0,3.6
2025,5,00-0037524,Tay Martin,WR,WAS,7.0,8.0,4.0,0.0,56.8,2.4,1.0,0.041666666666666664,0.0,1.9
2025,5,00-0037525,Jordan Mason,RB,MIN,59.0,51.0,67.0,0.0,69.5,13.199999999999998,15.666666666666666,0.6680329856900316,0.0,14.6
2025,5,00-0037545,Rashid Shaheed,WR,NO,44.0,38.0,18.0,0.0,79.5,10.866666666666665,6.0,0.18407460545193688,0.0,21.4
2025,5,00-0037594,Julius Chestnut,RB,TEN,8.0,4.0,9.0,0.0,70.2,0.9333333333333335,2.0,0.09374281113411548,0.0,0.3
2025,5,00-0037617,Hassan Haskins,RB,LAC,0.0,0.0,0.0,0.0,56.8,0.0,0.0,0.0,0.0,2.5
2025,5,00-0037666,Jalen Tolbert,WR,DAL,39.0,22.0,12.0,0.0,73.2,6.366666666666667,5.333333333333333,0.12372715004293951,0.0,0.0
2025,5,00-0037740,Garrett Wilson,WR,NYJ,71.0,62.0,35.0,0.0,77.2,17.866666666666664,9.666666666666666,0.3495590828924162,0.0,19.1
2025,5,00-0037741,Jahan Dotson,WR,PHI,10.0,4.0,5.0,0.0,34.0,1.0333333333333332,1.3333333333333333,0.049206349206349205,0.0,3.4
2025,5,00-0037744,Trey McBride,TE,ARI,79.0,75.0,26.0,0.0,88.5,13.766666666666666,8.666666666666666,0.2634313725490196,0.0,9.1
2025,5,00-0037745,Velus Jones Jr.,WR,NO,0.0,0.0,0.0,0.0,56.8,0.0,0.0,0.0,0.0,0.0
2025,5,00-0037746,Brian Robinson,RB,SF,18.0,9.0,19.0,0.0,73.8,2.4000000000000004,4.666666666666667,0.18870986370986373,0.0,1.2
2025,5,00-0037805,Jeremy Ruckert,TE,NYJ,12.0,26.0,6.0,0.0,66.3,4.8,1.3333333333333333,0.059964726631393295,0.0,6.8
2025,5,00-0037809,Chig Okonkwo,TE,TEN,45.0,37.0,17.0,0.0,66.3,6.833333333333333,5.0,0.166817919313588,0.0,8.8
2025,5,00-0037840,Kyren Williams,RB,LA,74.0,54.0,69.0,0.0,83.8,13.866666666666667,19.666666666666668,0.6928567937438905,0.0,33.1
2025,5,00-0038041,Jake Ferguson,TE,DAL,100.0,100.0,24.0,0.0,82.7,18.333333333333332,11.0,0.24438719175561277,0.0,23.9
2025,5,00-0038046,Charlie Kolar,TE,BAL,27.0,23.0,11.0,0.0,56.8,4.2,3.0,0.10714285714285714,0.0,2.0
2025,5,00-0038090,Skyy Moore,WR,SF,5.0,2.0,2.0,0.0,35.8,0.6666666666666666,0.6666666666666666,0.01881293057763646,0.0,0.1
2025,5,00-0038104,Tyquan Thornton,WR,KC,39.0,46.0,16.0,0.0,62.0,13.366666666666667,5.333333333333333,0.16223316912972086,0.0,12.0
2025,5,00-0038115,Daniel Bellinger,TE,NYG,6.0,7.0,3.0,0.0,37.0,1.3,0.6666666666666666,0.02777777777777778,0.0,9.2
2025,5,00-0038117,Wan'Dale Robinson,WR,NYG,46.0,42.0,21.0,0.0,53.8,12.066666666666668,6.333333333333333,0.2111111111111111,0.0,8.2
2025,5,00-0038120,Breece Hall,RB,NYJ,60.0,40.0,63.0,0.0,77.5,10.366666666666667,16.0,0.6346675868414998,0.0,19.5
2025,5,00-0038129,Cade Otton,TE,TB,33.0,17.0,10.0,0.0,68.4,3.1333333333333333,3.6666666666666665,0.10455840455840455,0.0,12.1
2025,5,00-0038134,Kenneth Walker III,RB,SEA,65.0,63.0,55.0,0.0,85.3,16.266666666666666,17.333333333333332,0.54754938548042,0.0,9.6
2025,5,00-0038359,Xavier Smith,WR,LA,0.0,0.0,0.0,0.0,56.8,0.0,0.0,0.0,0.0,0.0
2025,5,00-0038440,Zavier Scott,RB,MIN,36.0,44.0,30.0,0.0,81.2,11.2,9.5,0.29510368663594466,0.0,1.8
2025,5,00-0038492,Jason Brownlee,WR,KC,7.0,0.0,3.0,0.0,56.8,0.0,1.0,0.02631578947368421,0.0,0.0
2025,5,00-0038519,Nikko Remigio,WR,KC,5.0,5.0,2.0,0.0,35.8,1.4000000000000001,0.6666666666666666,0.023399014778325122,0.0,0.0
2025,5,00-0038543,Jaxon Smith-Njigba,WR,SEA,59.0,60.0,31.0,0.0,85.8,17.3,8.0,0.30912698412698414,0.0,27.2
2025,5,00-0038544,Quentin Johnston,WR,LAC,73.0,63.0,28.0,0.0,80.5,18.2,10.0,0.2830240496907164,0.0,8.9
2025,5,00-0038547,Luke Schoonmaker,TE,DAL,15.0,8.0,4.0,0.0,56.5,1.4333333333333333,1.6666666666666667,0.037940130045393206,0.0,1.3
2025,5,00-0038551,Kendre Miller,RB,NO,32.0,26.0,28.0,0.0,65.1,6.7,8.666666666666666,0.27588253006713076,0.0,5.9
2025,5,00-0038555,Tank Bigsby,RB,PHI,6.0,2.0,5.0,0.0,31.2,0.39999999999999997,1.6666666666666667,0.052083333333333336,0.0,0.0
2025,5,00-0038559,Michael Wilson,WR,ARI,24.0,16.0,10.0,0.0,54.2,4.7,3.3333333333333335,0.09627450980392156,0.0,3.6
2025,5,00-0038563,Tre Tucker,WR,LV,56.0,58.0,26.0,0.0,54.5,16.666666666666668,7.666666666666667,0.25741394621838415,0.0,11.1
2025,5,00-0038564,Cameron Latu,TE,PHI,0.0,0.0,0.0,0.0,56.8,0.0,0.0,0.0,0.0,0.0
2025,5,00-0038576,Charlie Jones,WR,CIN,0.0,0.0,0.0,0.0,56.8,0.0,0.0,0.0,0.0,0.0
2025,5,00-0038597,Chase Brown,RB,CIN,59.0,32.0,83.0,0.0,83.7,8.200000000000001,15.666666666666666,0.8274907946590573,0.0,11.8
2025,5,00-0038606,Parker Washington,WR,JAX,46.0,23.0,19.0,0.0,46.2,6.633333333333333,6.333333333333333,0.1865542328042328,0.0,9.6
2025,5,00-0038608,Kayshon Boutte,WR,NE,17.0,19.0,10.0,0.0,60.5,5.3999999999999995,2.3333333333333335,0.10109406081273091,0.0,7.3
2025,5,00-0038611,Chris Rodriguez Jr.,RB,WAS,34.0,19.0,33.0,0.0,84.8,4.9,9.0,0.33096590909090906,0.0,0.7
2025,5,00-0038618,Xavier Hutchinson,WR,HOU,22.0,15.0,11.0,0.0,91.5,4.4,3.0,0.10697032436162872,0.0,16.8
2025,5,00-0038619,Andrei Iosivas,WR,CIN,26.0,10.0,11.0,0.0,77.2,2.95,3.5,0.11420014094432698,0.0,13.2
2025,5,00-0038621,DeMario Douglas,WR,NE,34.0,15.0,13.0,0.0,47.1,4.233333333333333,4.666666666666667,0.13115942028985508,0.0,3.7
2025,5,00-0038643,Brayden Willis,TE,SF,3.0,0.0,1.0,0.0,41.8,0.0,0.3333333333333333,0.009009009009009009,0.0,0.0
2025,5,00-0038679,Tyrell Shavers,WR,BUF,10.0,5.0,5.0,0.0,35.8,1.4666666666666668,1.3333333333333333,0.05135802469135803,0.0,0.0
2025,5,00-0038705,Emari Demercado,RB,ARI,9.0,13.0,9.0,0.0,34.0,3.3666666666666667,2.3333333333333335,0.08949579831932775,0.0,8.1
2025,5,00-0038720,Julian Hill,TE,MIA,9.0,8.0,4.0,0.0,31.2,1.4333333333333333,1.0,0.03676767676767677,0.0,6.2
2025,5,00-0038738,Hunter Luepke,RB,DAL,4.0,1.0,3.0,0.0,31.2,0.3,1.0,0.032388663967611336,0.0,2.0
2025,5,00-0038752,Jake Bobo,WR,SEA,7.0,9.0,4.0,0.0,56.8,2.7,1.0,0.041666666666666664,0.0,0.0
2025,5,00-0038783,Nate Adkins,TE,DEN,27.0,14.0,7.0,0.0,56.8,2.5,3.0,0.07142857142857142,0.0,0.0
2025,5,00-0038840,Brycen Tremayne,WR,CAR,27.0,21.0,10.0,0.0,75.2,5.966666666666666,3.6666666666666665,0.1008909853249476,0.0,1.9
2025,5,00-0038896,Jacob Saylors,RB,DET,2.0,1.0,2.0,0.0,31.2,0.3666666666666667,0.6666666666666666,0.022988505747126436,0.0,0.0
2025,5,00-0038933,Dalton Kincaid,TE,BUF,42.0,64.0,18.0,0.0,67.5,11.700000000000001,4.666666666666667,0.1843771043771044,0.0,16.8
2025,5,00-0038935,Brenton Strange,TE,JAX,58.0,50.0,21.0,0.0,77.1,9.1,6.333333333333333,0.20576719576719574,0.0,3.2
2025,5,00-0038951,Sean Tucker,RB,TB,0.0,0.0,0.0,0.0,56.8,0.0,0.0,0.0,0.0,2.9
2025,5,00-0038976,Marvin Mims Jr.,WR,DEN,32.0,37.0,14.0,0.0,52.8,10.766666666666666,4.333333333333333,0.13682129334303247,0.0,3.9
2025,5,00-0038994,Jordan Addison,WR,MIN,59.0,53.0,19.0,0.0,56.8,15.4,8.0,0.19047619047619047,0.0,15.1
2025,5,00-0038997,Josh Downs,WR,IND,39.0,27.0,17.0,0.0,70.0,7.633333333333333,5.333333333333333,0.17289141414141415,0.0,11.4
2025,5,00-0039040,De'Von Achane,RB,MIA,80.0,77.0,85.0,0.0,87.0,19.799999999999997,21.333333333333332,0.8481850765721733,0.0,16.6
2025,5,00-0039041,Elijah Higgins,TE,ARI,12.0,15.0,5.0,0.0,31.2,2.733333333333333,1.3333333333333333,0.04980392156862745,0.0,3.0
2025,5,00-0039050,Payne Durham,TE,TB,3.0,0.0,1.0,0.0,41.8,0.0,0.3333333333333333,0.009259259259259259,0.0,0.0
2025,5,00-0039064,Zay Flowers,WR,BAL,56.0,38.0,27.0,0.0,57.7,10.866666666666667,7.666666666666667,0.2714285714285714,0.0,12.2
2025,5,00-0039065,Sam LaPorta,TE,DET,36.0,36.0,15.0,0.0,94.4,6.599999999999999,4.0,0.15223443223443225,0.0,20.2
2025,5,00-0039074,Davis Allen,TE,LA,9.0,18.0,3.0,0.0,69.2,3.3666666666666667,1.0,0.0288510101010101,0.0,4.4
2025,5,00-0039075,Puka Nacua,WR,LA,100.0,100.0,39.0,0.0,83.5,28.8,13.666666666666666,0.39435117302052786,0.0,24.5
2025,5,00-0039139,Jahmyr Gibbs,RB,DET,75.0,83.0,64.0,0.0,79.9,21.333333333333332,20.0,0.6380336118811618,0.0,16.7
2025,5,00-0039150,Bryce Young,QB,CAR,84.0,65.0,28.0,50.0,65.2,15.753333333333332,38.0,0.06921470342522974,0.0,16.02
2025,5,00-0039163,C.J. Stroud,QB,HOU,75.0,66.0,71.0,50.0,85.3,15.920000000000002,34.0,0.17844611528822055,0.0,28.76
2025,5,00-0039164,Anthony Richardson,QB,IND,9.0,-0.0,57.0,50.0,56.8,-0.1,4.0,0.14285714285714285,0.0,2.26
2025,5,00-0039165,Zach Charbonnet,RB,SEA,51.0,31.0,47.0,0.0,72.9,8.033333333333333,13.666666666666666,0.46832343901309414,0.0,11.8
2025,5,00-0039299,George Holani,RB,SEA,15.0,8.0,13.0,0.0,31.2,2.066666666666667,4.0,0.13434343434343435,0.0,0.0
2025,5,00-0039342,Xavier Legette,WR,CAR,59.0,8.0,20.0,0.0,72.0,2.4,8.0,0.20472866405747997,0.0,11.1
2025,5,00-0039355,Luke McCaffrey,WR,WAS,17.0,32.0,11.0,0.0,57.8,9.2,2.3333333333333335,0.10555555555555556,0.0,6.0
2025,5,00-0039363,Isaac Guerendo,RB,SF,0.0,0.0,0.0,0.0,56.8,0.0,0.0,0.0,0.0,0.0
2025,5,00-0039376,Spencer Rattler,QB,NO,82.0,68.0,51.0,50.0,81.9,16.44666666666667,37.333333333333336,0.1279593318809005,0.0,16.1
2025,5,00-0039379,Jamari Thrash,WR,CLE,12.0,7.0,5.0,0.0,58.6,1.9333333333333336,1.6666666666666667,0.04731658923732094,0.0,3.2
2025,5,00-0039391,Kimani Vidal,RB,LAC,0.0,0.0,0.0,0.0,56.8,0.0,0.0,0.0,0.0,2.9
2025,5,00-0039407,Dylan Laube,RB,LV,8.0,5.0,6.0,0.0,31.2,1.3,2.0,0.06356384069562364,0.0,0.0
2025,5,00-0039410,Ryan Flournoy,WR,DAL,15.0,10.0,5.0,0.0,38.5,2.9,2.0,0.05309164519690835,0.0,18.4
2025,5,00-0039424,Devaughn Vele,WR,NO,11.0,17.0,4.0,0.0,66.1,4.8,1.5,0.0390961262553802,0.0,3.3
2025,5,00-0039530,Brevyn Spann-Ford,TE,DAL,6.0,2.0,2.0,0.0,34.8,0.43333333333333335,0.6666666666666666,0.016511266511266512,0.0,0.0
2025,5,00-0039589,Kameron Johnson,WR,TB,0.0,0.0,0.0,0.0,56.8,0.0,0.0,0.0,0.0,0.2
2025,5,00-0039686,Colson Yankoff,TE,WAS,0.0,0.0,0.0,0.0,56.8,0.0,0.0,0.0,0.0,0.0
2025,5,00-0039732,Bo Nix,QB,DEN,84.0,87.0,89.0,50.0,73.5,21.133333333333333,38.0,0.2227048477048477,0.0,15.88
2025,5,00-0039737,Tip Reiman,TE,ARI,18.0,13.0,6.0,0.0,69.5,2.4,2.0,0.06135902636916836,0.0,0.0
2025,5,00-0039738,Blake Corum,RB,LA,32.0,25.0,30.0,0.0,65.1,6.433333333333333,8.666666666666666,0.30140612076095946,0.0,1.3
2025,5,00-0039746,Will Shipley,RB,PHI,8.0,5.0,6.0,0.0,50.0,1.3,2.0,0.06030701754385964,0.0,1.4
2025,5,00-0039751,Jordan Whittington,WR,LA,20.0,13.0,8.0,0.0,49.3,3.766666666666667,2.6666666666666665,0.080975073313783,0.0,5.3
2025,5,00-0039792,Devontez Walker,WR,BAL,7.0,24.0,4.0,0.0,31.2,7.0,1.0,0.03571428571428571,0.0,0.0
2025,5,00-0039793,AJ Barner,TE,SEA,24.0,48.0,10.0,0.0,62.0,8.766666666666667,2.6666666666666665,0.10316091954022988,0.0,24.3
2025,5,00-0039796,Rasheen Ali,RB,BAL,0.0,0.0,0.0,0.0,56.8,0.0,0.0,0.0,0.0,0.0
2025,5,00-0039798,Isaiah Davis,RB,NYJ,10.0,8.0,11.0,0.0,33.8,2.1,2.6666666666666665,0.10802469135802469,0.0,6.3
2025,5,00-0039816,Anthony Gould,WR,IND,0.0,0.0,0.0,0.0,56.8,0.0,0.0,0.0,0.0,0.0
2025,5,00-0039847,Theo Johnson,TE,NYG,36.0,37.0,15.0,0.0,59.4,6.7,4.0,0.14722222222222223,0.0,21.3
2025,5,00-0039849,Marvin Harrison Jr.,WR,ARI,51.0,36.0,21.0,0.0,66.3,10.233333333333333,7.0,0.2088235294117647,0.0,13.8
2025,5,00-0039851,Drake Maye,QB,NE,71.0,100.0,92.0,50.0,79.5,24.246666666666666,32.333333333333336,0.2298850574712644,0.0,12.12
2025,5,00-0039868,Troy Franklin,WR,DEN,54.0,42.0,24.0,0.0,57.1,12.1,7.333333333333333,0.235351966873706,0.0,6.5
2025,5,00-0039875,Ray Davis,RB,BUF,14.0,4.0,9.0,0.0,31.2,0.8999999999999999,3.6666666666666665,0.09252978753947745,0.0,0.1
2025,5,00-0039880,Malik Washington,WR,MIA,41.0,16.0,23.0,0.0,82.4,4.6000000000000005,5.666666666666667,0.22756598240469206,0.0,4.0
2025,5,00-0039890,Adonai Mitchell,WR,IND,24.0,19.0,11.0,0.0,59.0,5.533333333333334,3.3333333333333335,0.10873737373737374,0.0,0.0
2025,5,00-0039893,Brian Thomas Jr.,WR,JAX,63.0,31.0,27.0,0.0,80.0,9.0,8.666666666666666,0.27359126984126986,0.0,12.0
2025,5,00-0039894,Xavier Worthy,WR,KC,44.0,30.0,19.0,0.0,40.1,8.55,6.0,0.18810537372843872,0.0,11.1
2025,5,00-0039901,Keon Coleman,WR,BUF,27.0,21.0,15.0,0.0,85.7,6.033333333333334,3.6666666666666665,0.14998877665544333,0.0,12.3
2025,5,00-0039910,Jayden Daniels,QB,WAS,99.0,78.0,100.0,50.0,93.9,18.91,45.0,0.3560855263157895,0.0,17.14
2025,5,00-0039915,Ladd McConkey,WR,LAC,44.0,23.0,17.0,0.0,76.0,6.666666666666667,6.0,0.1676343009676343,0.0,14.9
2025,5,00-0040075,LaJohntay Wester,WR,BAL,0.0,0.0,0.0,0.0,56.8,0.0,0.0,0.0,0.0,0.0
2025,5,00-0040078,Brashard Smith,RB,KC,16.0,11.0,14.0,0.0,42.4,2.6999999999999997,4.333333333333333,0.13741000378931412,0.0,6.6
2025,5,00-0040122,Ashton Jeanty,RB,LV,69.0,64.0,69.0,0.0,63.5,16.4,18.333333333333332,0.6855109454055244,0.0,15.9
2025,5,00-0040124,Tetairoa McMillan,WR,CAR,63.0,39.0,26.0,0.0,80.9,11.333333333333334,8.666666666666666,0.2573375262054507,0.0,13.3
2025,5,00-0040128,Tyler Warren,TE,IND,64.0,67.0,24.0,0.0,77.2,12.333333333333334,7.0,0.24203643578643577,0.0,14.4
2025,5,00-0040129,Emeka Egbuka,WR,TB,63.0,55.0,26.0,0.0,83.2,15.833333333333334,8.666666666666666,0.25505943609391885,0.0,29.3
2025,5,00-0040130,Jayden Higgins,WR,HOU,7.0,17.0,4.0,0.0,71.9,4.8999999999999995,1.0,0.03565677478720957,0.0,7.2
2025,5,00-0040134,Pat Bryant,WR,DEN,15.0,7.0,6.0,0.0,43.9,1.9,2.0,0.06190476190476191,0.0,0.0
2025,5,00-0040138,Jaylin Noel,WR,HOU,7.0,3.0,3.0,0.0,33.4,0.7999999999999999,1.0,0.030687830687830684,0.0,9.8
2025,5,00-0040154,Tai Felton,WR,MIN,2.0,2.0,1.0,0.0,31.2,0.6333333333333333,0.3333333333333333,0.013888888888888888,0.0,0.0
2025,5,00-0040162,Dylan Sampson,RB,CLE,12.0,14.0,12.0,0.0,32.8,3.6333333333333333,3.3333333333333335,0.12468976473859557,0.0,1.2
2025,5,00-0040164,Jaylin Lane,WR,WAS,22.0,7.0,11.0,0.0,65.2,1.9333333333333333,3.0,0.11203703703703705,0.0,2.6
2025,5,00-0040170,Elic Ayomanor,WR,TEN,44.0,41.0,21.0,0.0,77.3,11.933333333333335,6.0,0.21498501223771416,0.0,3.8
2025,5,00-0040179,DJ Giddens,RB,IND,18.0,6.0,12.0,0.0,31.2,1.4666666666666666,4.666666666666667,0.122005772005772,0.0,2.2
2025,5,00-0040184,KeAndre Lambert-Smith,WR,LAC,2.0,0.0,1.0,0.0,41.8,0.0,0.3333333333333333,0.00980392156862745,0.0,0.0
2025,5,00-0040187,Mitchell Evans,TE,CAR,18.0,27.0,6.0,0.0,35.1,5.033333333333334,2.0,0.06184486373165618,0.0,7.4
2025,5,00-0040189,Oronde Gadsden II,TE,LAC,45.0,36.0,12.0,0.0,65.3,6.6,5.0,0.11831831831831832,0.0,2.4
2025,5,00-0040198,Ollie Gordon II,RB,MIA,22.0,17.0,23.0,0.0,47.3,4.366666666666667,6.0,0.23118279569892472,0.0,-0.2
2025,5,00-0040237,Tez Johnson,WR,TB,10.0,3.0,4.0,0.0,54.4,0.7666666666666666,1.3333333333333333,0.0439728853521957,0.0,9.9
2025,5,00-0040238,LeQuint Allen Jr.,RB,JAX,5.0,6.0,5.0,0.0,75.3,1.633333333333333,1.3333333333333333,0.047283950617283944,0.0,0.0
2025,5,00-0040242,Jacory Croskey-Merritt,RB,WAS,29.0,25.0,31.0,0.0,68.4,6.5,7.666666666666667,0.31419900762006026,0.0,29.0
2025,5,00-0040432,Beaux Collins,WR,NYG,0.0,0.0,0.0,0.0,56.8,0.0,0.0,0.0,0.0,1.7
2025,5,00-0040494,Max Brosmer,QB,MIN,9.0,5.0,0.0,50.0,56.8,1.16,4.0,0.0,0.0,-0.1
2025,5,00-0040506,Myles Price,WR,MIN,0.0,0.0,0.0,0.0,56.8,0.0,0.0,0.0,0.0,0.0
2025,5,00-0040581,Dont'e Thornton Jr.,WR,LV,24.0,9.0,11.0,0.0,59.5,2.6333333333333333,3.3333333333333335,0.11372380132070055,0.0,0.0
2025,5,00-0040582,Arian Smith,WR,NYJ,12.0,3.0,7.0,0.0,32.8,1.0,1.6666666666666667,0.06666666666666667,0.0,2.4
2025,5,00-0040583,Woody Marks,RB,HOU,42.0,50.0,41.0,0.0,41.7,12.866666666666667,11.333333333333334,0.41233458041238363,0.0,2.4
2025,5,00-0040584,Gunnar Helm,TE,TEN,18.0,20.0,7.0,0.0,66.7,3.6,2.0,0.06540989467315678,0.0,7.4
2025,5,00-0040644,Trevor Etienne,RB,CAR,10.0,6.0,9.0,0.0,31.2,1.5,2.6666666666666665,0.08962264150943396,0.0,3.9
2025,5,00-0040648,Tory Horton,WR,SEA,24.0,29.0,14.0,0.0,65.2,8.466666666666667,3.3333333333333335,0.13888888888888887,0.0,12.9
2025,5,00-0040663,Harold Fannin Jr.,TE,CLE,48.0,36.0,15.0,0.0,74.5,6.6000000000000005,5.333333333333333,0.1534862815948421,0.0,11.3
2025,5,00-0040666,Omarion Hampton,RB,LAC,66.0,73.0,76.0,0.0,60.4,18.633333333333333,17.666666666666668,0.7580351413684747,0.0,13.0
2025,5,00-0040669,Isaac TeSlaa,WR,DET,10.0,14.0,5.0,0.0,51.4,4.066666666666667,1.3333333333333333,0.046317717370348954,0.0,8.2
2025,5,00-0040673,Jalen Milroe,QB,SEA,2.0,1.0,14.0,50.0,79.3,0.2,1.0,0.034382284382284384,0.0,0.0
2025,5,00-0040676,Cam Ward,QB,TEN,78.0,44.0,53.0,50.0,82.0,10.76,35.333333333333336,0.13179734918865352,0.0,10.0
2025,5,00-0040691,Jaxson Dart,QB,NYG,24.0,27.0,43.0,50.0,31.2,6.613333333333334,10.666666666666666,0.10758377425044091,0.0,21.58
2025,5,00-0040704,Dillon Gabriel,QB,CLE,4.0,10.0,0.0,50.0,46.2,2.38,2.0,0.0,0.0,16.1
2025,5,00-0040705,Chimere Dike,WR,TEN,34.0,7.0,17.0,0.0,44.9,1.9666666666666668,4.666666666666667,0.16612417854064584,0.0,3.7
2025,5,00-0040715,Cam Skattebo,RB,NYG,74.0,64.0,64.0,0.0,77.8,16.333333333333332,19.666666666666668,0.6436948853615521,0.0,16.4
2025,5,00-0040719,Bhayshul Tuten,RB,JAX,27.0,35.0,27.0,0.0,65.5,8.9,7.333333333333333,0.26540564373897707,0.0,2.1
2025,5,00-0040729,Jack Bech,WR,LV,5.0,6.0,2.0,0.0,36.6,1.7666666666666666,0.6666666666666666,0.02244668911335578,0.0,5.7
2025,5,00-0040730,RJ Harvey,RB,DEN,39.0,36.0,33.0,0.0,46.0,9.266666666666666,10.333333333333334,0.3326996250909295,0.0,6.0
2025,5,00-0040734,TreVeyon Henderson,RB,NE,35.0,34.0,34.0,0.0,69.8,8.766666666666666,9.333333333333334,0.33735828164349196,0.0,4.7
2025,5,00-0040736,Mason Taylor,TE,NYJ,45.0,34.0,18.0,0.0,56.0,6.266666666666667,5.0,0.17530864197530863,0.0,15.7
2025,5,00-0040739,Elijah Arroyo,TE,SEA,24.0,21.0,11.0,0.0,50.9,3.8333333333333335,2.6666666666666665,0.10555555555555556,0.0,2.0
2025,5,00-0040782,Isaiah Bond,WR,CLE,34.0,17.0,14.0,0.0,70.4,4.966666666666667,4.666666666666667,0.14003195513238556,0.0,4.9
2025,5,00-0040784,Quinshon Judkins,RB,CLE,72.0,63.0,81.0,0.0,76.6,16.033333333333335,19.333333333333332,0.8110031479689034,0.0,13.8
2025,6,00-0023459,Aaron Rodgers,QB,PIT,61.0,53.0,41.0,50.0,85.5,12.96,28.666666666666668,0.10286935286935288,0.0,17.5
2025,6,00-0026158,Joe Flacco,QB,CIN,85.0,35.0,21.0,50.0,67.7,8.566666666666668,39.666666666666664,0.052188552188552194,0.0,16.76
2025,6,00-0026498,Matthew Stafford,QB,LA,90.0,97.0,29.0,50.0,70.7,23.599999999999998,42.0,0.07211538461538462,0.0,11.34
2025,6,00-0029263,Russell Wilson,QB,NYG,59.0,57.0,44.0,50.0,36.1,13.906666666666666,27.333333333333332,0.10934744268077601,0.0,0.0
2025,6,00-0030061,Zach Ertz,TE,WAS,27.0,18.0,13.0,0.0,49.0,3.633333333333333,2.6666666666666665,0.12560386473429952,0.0,16.3
2025,6,00-0030279,Keenan Allen,WR,LAC,63.0,47.0,24.0,0.0,78.0,13.0,9.0,0.23829454454454455,0.0,6.7
2025,6,00-0030506,Travis Kelce,TE,KC,67.0,57.0,18.0,0.0,74.8,11.833333333333334,6.666666666666667,0.18095238095238098,0.0,13.8
2025,6,00-0030564,DeAndre Hopkins,WR,BAL,12.0,11.0,7.0,0.0,54.8,2.9666666666666663,1.6666666666666667,0.06825396825396825,0.0,4.0
2025,6,00-0030565,Geno Smith,QB,LV,68.0,68.0,43.0,50.0,76.8,16.58666666666667,31.666666666666668,0.10682027649769583,0.0,10.66
2025,6,00-0031236,Brandin Cooks,WR,NO,23.0,15.0,10.0,0.0,58.3,4.033333333333334,3.3333333333333335,0.10473642800944138,0.0,3.1
2025,6,00-0031381,Davante Adams,WR,LA,58.0,53.0,21.0,0.0,86.0,14.666666666666666,8.333333333333334,0.21051822573561704,0.0,7.9
2025,6,00-0031588,Stefon Diggs,WR,NE,51.0,55.0,31.0,0.0,55.6,15.333333333333334,7.333333333333333,0.3078898225957049,0.0,5.8
2025,6,00-0031610,Darren Waller,TE,MIA,45.0,88.0,16.0,0.0,94.3,18.25,4.5,0.15575757575757576,0.0,9.2
2025,6,00-0031687,Raheem Mostert,RB,LV,20.0,20.0,23.0,0.0,69.4,5.25,6.0,0.22951612903225807,0.0,-0.4
2025,6,00-0032104,Ameer Abdullah,RB,IND,7.0,25.0,8.0,0.0,56.8,6.6,2.0,0.08,0.0,2.6
2025,6,00-0032211,Tyler Lockett,WR,TEN,28.0,11.0,13.0,0.0,66.8,3.1,4.0,0.13322273680329946,0.0,1.0
2025,6,00-0032385,Sterling Shepard,WR,TB,37.0,33.0,17.0,0.0,79.8,9.299999999999999,5.333333333333333,0.17045203359858532,0.0,7.1
2025,6,00-0032392,Austin Hooper,TE,NE,23.0,24.0,9.0,0.0,70.8,5.0,2.3333333333333335,0.09086388178459788,0.0,1.5
2025,6,00-0032398,Chris Moore,WR,WAS,16.0,6.0,11.0,0.0,45.8,1.8,2.3333333333333335,0.10834797247840726,0.0,13.6
2025,6,00-0032464,Kalif Raymond,WR,DET,12.0,6.0,7.0,0.0,33.5,1.5666666666666664,1.6666666666666667,0.06564102564102564,0.0,0.0
2025,6,00-0032764,Derrick Henry,RB,BAL,44.0,38.0,69.0,0.0,84.2,9.933333333333334,13.333333333333334,0.6924517175291168,0.0,14.0
2025,6,00-0032775,Demarcus Robinson,WR,SF,31.0,18.0,11.0,0.0,59.6,4.95,4.5,0.10895721925133689,0.0,6.4
2025,6,00-0033077,Dak Prescott,QB,DAL,84.0,100.0,37.0,50.0,71.0,24.426666666666666,39.0,0.09328028293545536,0.0,22.34
2025,6,00-0033090,Hunter Henry,TE,NE,57.0,76.0,19.0,0.0,49.1,15.833333333333334,5.666666666666667,0.18868658574540928,0.0,5.7
2025,6,00-0033106,Jared Goff,QB,DET,60.0,68.0,22.0,50.0,71.6,16.506666666666668,28.0,0.05528973950026581,0.0,16.82
2025,6,00-0033110,Tyler Higbee,TE,LA,37.0,20.0,10.0,0.0,56.0,4.066666666666666,3.6666666666666665,0.10353535353535354,0.0,14.0
2025,6,00-0033119,Jacoby Brissett,QB,ARI,2.0,0.0,9.0,50.0,55.2,0.1,1.0,0.022727272727272728,0.0,22.7
2025,6,00-0033217,Mo Alie-Cox,TE,IND,10.0,12.0,3.0,0.0,89.3,2.4,1.0,0.03239289446185998,0.0,2.6
2025,6,00-0033246,Johnny Mundt,TE,JAX,10.0,5.0,4.0,0.0,70.4,1.1333333333333333,1.0,0.03774410774410774,0.0,2.4
2025,6,00-0033280,Christian McCaffrey,RB,SF,100.0,100.0,100.0,0.0,92.5,26.0,30.333333333333332,1.0597712016829666,0.0,24.1
2025,6,00-0033307,Kendrick Bourne,WR,SF,49.0,42.0,18.0,0.0,52.8,11.566666666666665,7.0,0.1766030736618972,0.0,19.2
2025,6,00-0033357,Taysom Hill,TE,NO,60.0,3.0,20.0,0.0,56.8,0.66,6.0,0.2,0.0,6.1
2025,6,00-0033375,Tim Patrick,WR,JAX,7.0,4.0,4.0,0.0,67.2,1.1666666666666667,1.0,0.03774410774410774,0.0,9.6
2025,6,00-0033526,Samaje Perine,RB,CIN,13.0,9.0,20.0,0.0,53.1,2.466666666666667,4.0,0.20086580086580086,0.0,5.2
2025,6,00-0033555,Mack Hollins,WR,NE,16.0,26.0,9.0,0.0,76.2,7.300000000000001,2.3333333333333335,0.08563038742066875,0.0,4.8
2025,6,00-0033572,Jamal Agnew,WR,ATL,0.0,0.0,0.0,0.0,56.8,0.0,0.0,0.0,0.0,0.0
2025,6,00-0033576,Eric Saubert,TE,SEA,3.0,4.0,2.0,0.0,31.2,0.7333333333333334,0.3333333333333333,0.016666666666666666,0.0,0.0
2025,6,00-0033662,Cooper Rush,QB,BAL,26.0,12.0,19.0,50.0,37.9,2.9466666666666668,12.0,0.047619047619047616,0.0,2.88
2025,6,00-0033857,JuJu Smith-Schuster,WR,KC,30.0,32.0,12.0,0.0,68.2,8.933333333333334,4.333333333333333,0.12023809523809524,0.0,8.7
2025,6,00-0033858,Jonnu Smith,TE,PIT,33.0,24.0,14.0,0.0,82.6,4.866666666666667,3.3333333333333335,0.13535353535353534,0.0,5.8
2025,6,00-0033873,Patrick Mahomes,QB,KC,93.0,94.0,77.0,50.0,80.6,23.06,43.333333333333336,0.1920995670995671,0.0,31.48
2025,6,00-0033881,Evan Engram,TE,DEN,50.0,36.0,13.0,0.0,58.0,7.466666666666668,5.0,0.13333333333333333,0.0,9.9
2025,6,00-0033885,David Njoku,TE,CLE,63.0,50.0,20.0,0.0,57.3,10.266666666666667,6.333333333333333,0.19607843137254902,0.0,5.8
2025,6,00-0033891,Zay Jones,WR,ARI,16.0,10.0,7.0,0.0,64.2,2.9,2.3333333333333335,0.0742393509127789,0.0,12.9
2025,6,00-0033906,Alvin Kamara,RB,NO,59.0,35.0,61.0,0.0,83.5,9.1,18.0,0.6056128929410737,0.0,12.6
2025,6,00-0033908,Cooper Kupp,WR,SEA,40.0,28.0,21.0,0.0,68.5,7.866666666666667,5.666666666666667,0.20767973856209151,0.0,12.0
2025,6,00-0033923,Kareem Hunt,RB,KC,36.0,46.0,39.0,0.0,74.9,11.933333333333332,11.0,0.3879058441558441,0.0,4.4
2025,6,00-0033943,Josh Reynolds,WR,NYJ,21.0,12.0,10.0,0.0,58.9,3.233333333333333,3.0,0.10405643738977072,0.0,5.5
2025,6,00-0033955,Jeremy McNichols,RB,WAS,12.0,23.0,14.0,0.0,63.9,5.966666666666666,3.6666666666666665,0.14063774389861347,0.0,6.5
2025,6,00-0034159,Will Dissly,TE,LAC,10.0,11.0,3.0,0.0,88.6,2.25,1.0,0.0332244008714597,0.0,3.8
2025,6,00-0034272,Marquez Valdes-Scantling,WR,SF,12.0,5.0,4.0,0.0,47.7,1.2666666666666666,1.6666666666666667,0.04074529074529074,0.0,4.2
2025,6,00-0034348,Courtland Sutton,WR,DEN,56.0,73.0,26.0,0.0,82.1,20.266666666666666,8.0,0.2561536691971475,0.0,2.7
2025,6,00-0034351,Dallas Goedert,TE,PHI,50.0,66.0,16.0,0.0,61.1,13.633333333333335,5.0,0.15885885885885886,0.0,26.0
2025,6,00-0034365,Ian Thomas,TE,LV,10.0,8.0,3.0,0.0,31.2,1.6666666666666667,1.0,0.027777777777777776,0.0,1.4
2025,6,00-0034753,Mark Andrews,TE,BAL,57.0,67.0,21.0,0.0,59.0,13.766666666666666,5.666666666666667,0.21031746031746032,0.0,6.6
2025,6,00-0034771,Mason Rudolph,QB,PIT,4.0,2.0,0.0,50.0,56.8,0.48,2.0,0.0,0.0,0.0
2025,6,00-0034827,DJ Moore,WR,CHI,44.0,36.0,20.0,0.0,79.9,10.066666666666668,6.333333333333333,0.2009089250468561,0.0,8.2
2025,6,00-0034837,Calvin Ridley,WR,TEN,47.0,32.0,20.0,0.0,55.2,8.933333333333334,6.666666666666667,0.20219580194004746,0.0,2.8
2025,6,00-0034844,Saquon Barkley,RB,PHI,60.0,57.0,75.0,0.0,76.9,14.9,18.333333333333332,0.7464796174473594,0.0,8.7
2025,6,00-0034854,KhaDarel Hodge,WR,ATL,7.0,0.0,2.0,0.0,56.8,0.0,1.0,0.023809523809523808,0.0,0.0
2025,6,00-0034855,Baker Mayfield,QB,TB,81.0,86.0,54.0,50.0,83.5,21.080000000000002,37.666666666666664,0.13430115635997988,0.0,19.64
2025,6,00-0034857,Josh Allen,QB,BUF,72.0,100.0,90.0,50.0,86.8,24.433333333333334,33.666666666666664,0.22574765857811832,0.0,19.4
2025,6,00-0034869,Sam Darnold,QB,SEA,56.0,85.0,4.0,50.0,65.2,20.813333333333333,26.333333333333332,0.009523809523809523,0.0,20.0
2025,6,00-0034960,Jakobi Meyers,WR,LV,40.0,28.0,22.0,0.0,79.9,7.833333333333333,5.666666666666667,0.2216049382716049,0.0,7.9
2025,6,00-0034975,Justice Hill,RB,BAL,18.0,49.0,22.0,0.0,46.9,12.800000000000002,5.333333333333333,0.22398643667993512,0.0,9.4
2025,6,00-0034983,Hunter Renfrow,WR,CAR,21.0,9.0,11.0,0.0,75.8,2.4333333333333336,3.0,0.11342592592592593,0.0,1.7
2025,6,00-0035021,Ashton Dulin,WR,IND,16.0,12.0,8.0,0.0,31.2,3.4333333333333336,2.3333333333333335,0.0818452380952381,0.0,0.0
2025,6,00-0035208,Olamide Zaccheaus,WR,CHI,40.0,24.0,18.0,0.0,85.0,6.599999999999999,5.666666666666667,0.17751958556556258,0.0,4.8
2025,6,00-0035250,Devin Singletary,RB,NYG,21.0,9.0,19.0,0.0,72.2,2.433333333333333,6.333333333333333,0.19099780594033466,0.0,1.0
2025,6,00-0035261,Tony Pollard,RB,TEN,59.0,53.0,80.0,0.0,88.0,13.766666666666666,18.0,0.7953087358458202,0.0,6.7
2025,6,00-0035500,Greg Dortch,WR,ARI,26.0,17.0,12.0,0.0,59.4,4.633333333333334,3.6666666666666665,0.11500933706816059,0.0,9.9
2025,6,00-0035537,Ty Johnson,RB,BUF,9.0,5.0,10.0,0.0,38.2,1.3666666666666665,2.6666666666666665,0.09513356747552149,0.0,2.6
2025,6,00-0035567,Craig Reynolds,RB,DET,3.0,1.0,3.0,0.0,31.2,0.13333333333333333,1.0,0.03333333333333333,0.0,0.0
2025,6,00-0035602,Alex Bachman,WR,LV,7.0,3.0,3.0,0.0,70.5,0.95,1.0,0.02904040404040404,0.0,0.0
2025,6,00-0035631,Drew Sample,TE,CIN,20.0,20.0,6.0,0.0,46.5,4.2,2.0,0.06229874776386404,0.0,0.8
2025,6,00-0035640,DK Metcalf,WR,PIT,35.0,56.0,20.0,0.0,80.0,15.6,5.0,0.20303030303030303,0.0,19.5
2025,6,00-0035644,Noah Fant,TE,CIN,47.0,42.0,17.0,0.0,78.3,8.666666666666666,4.666666666666667,0.16757408415649064,0.0,6.7
2025,6,00-0035645,Gunner Olszewski,WR,NYG,0.0,0.0,0.0,0.0,56.8,0.0,0.0,0.0,0.0,0.0
2025,6,00-0035662,Marquise Brown,WR,KC,44.0,36.0,17.0,0.0,83.1,9.933333333333334,6.333333333333333,0.1714285714285714,0.0,20.5
2025,6,00-0035676,A.J. Brown,WR,PHI,63.0,42.0,31.0,0.0,67.0,11.633333333333333,9.0,0.30818318318318316,0.0,14.0
2025,6,00-0035685,David Montgomery,RB,DET,46.0,63.0,43.0,0.0,61.1,16.273333333333337,14.0,0.43117621535202216,0.0,8.1
2025,6,00-0035689,Dawson Knox,TE,BUF,27.0,12.0,10.0,0.0,42.0,2.466666666666667,2.6666666666666665,0.10404040404040404,0.0,8.9
2025,6,00-0035700,Josh Jacobs,RB,GB,81.0,75.0,79.0,0.0,80.9,19.5,24.666666666666668,0.7941594128690902,0.0,32.0
2025,6,00-0035710,Daniel Jones,QB,IND,66.0,64.0,31.0,50.0,82.8,15.626666666666667,31.0,0.07682539682539682,0.0,24.48
2025,6,00-0035719,Deebo Samuel Sr.,WR,WAS,60.0,58.0,38.0,0.0,69.8,16.2,8.666666666666666,0.3750137241985068,0.0,5.4
2025,6,00-0036040,Juwan Johnson,TE,NO,50.0,33.0,15.0,0.0,66.0,6.866666666666667,5.0,0.1480514030946761,0.0,3.5
2025,6,00-0036139,Rico Dowdle,RB,CAR,53.0,61.0,53.0,0.0,48.6,15.733333333333334,16.0,0.5315255731922398,0.0,33.9
2025,6,00-0036158,J.K. Dobbins,RB,DEN,56.0,54.0,60.0,0.0,85.2,14.066666666666668,17.0,0.6030238312847008,0.0,4.0
2025,6,00-0036182,Nick Westbrook-Ikhine,WR,MIA,9.0,6.0,5.0,0.0,31.2,1.6333333333333335,1.3333333333333333,0.04666666666666667,0.0,0.0
2025,6,00-0036212,Tua Tagovailoa,QB,MIA,72.0,73.0,33.0,50.0,86.0,17.753333333333334,33.666666666666664,0.08273425499231951,0.0,12.6
2025,6,00-0036223,Jonathan Taylor,RB,IND,70.0,99.0,85.0,0.0,85.8,25.666666666666668,21.333333333333332,0.8487499999999999,0.0,23.7
2025,6,00-0036252,Michael Pittman,WR,IND,51.0,59.0,25.0,0.0,83.5,16.433333333333334,7.333333333333333,0.2508333333333333,0.0,4.0
2025,6,00-0036259,Jauan Jennings,WR,SF,44.0,33.0,18.0,0.0,51.8,9.299999999999999,6.333333333333333,0.18138910969793323,0.0,1.7
2025,6,00-0036264,Jordan Love,QB,GB,78.0,85.0,42.0,50.0,79.3,20.76,36.333333333333336,0.10491551459293395,0.0,16.96
2025,6,00-0036265,AJ Dillon,RB,PHI,9.0,6.0,12.0,0.0,80.5,1.5999999999999999,2.6666666666666665,0.12227588982807198,0.0,4.0
2025,6,00-0036275,D'Andre Swift,RB,CHI,57.0,55.0,61.0,0.0,87.3,14.233333333333334,17.333333333333332,0.610538248469283,0.0,25.5
2025,6,00-0036290,Cole Kmet,TE,CHI,40.0,33.0,12.0,0.0,52.2,6.833333333333333,4.0,0.11544011544011544,0.0,1.0
2025,6,00-0036331,Devin Duvernay,WR,CHI,0.0,0.0,0.0,0.0,56.8,0.0,0.0,0.0,0.0,0.0
2025,6,00-0036355,Justin Herbert,QB,LAC,89.0,65.0,40.0,50.0,85.3,15.920000000000002,41.333333333333336,0.09883326549993217,0.0,18.76
2025,6,00-0036389,Jalen Hurts,QB,PHI,81.0,95.0,100.0,50.0,83.7,23.313333333333333,38.0,0.2684913652655588,0.0,22.62
2025,6,00-0036407,Jerry Jeudy,WR,CLE,44.0,17.0,19.0,0.0,68.1,4.666666666666667,6.333333333333333,0.1924019607843137,0.0,9.3
2025,6,00-0036410,Tee Higgins,WR,CIN,35.0,24.0,17.0,0.0,58.2,6.633333333333333,5.0,0.17488344988344987,0.0,11.2
2025,6,00-0036415,Van Jefferson,WR,TEN,9.0,8.0,5.0,0.0,72.4,2.1333333333333333,1.3333333333333333,0.04580205153590188,0.0,11.5
2025,6,00-0036425,DeeJay Dallas,RB,CAR,0.0,0.0,0.0,0.0,56.8,0.0,0.0,0.0,0.0,0.0
2025,6,00-0036427,Tyler Johnson,WR,NYJ,14.0,12.0,8.0,0.0,56.7,3.4333333333333336,2.0,0.07619047619047618,0.0,0.0
2025,6,00-0036550,Rashod Bateman,WR,BAL,28.0,25.0,16.0,0.0,45.4,6.8999999999999995,4.0,0.15555555555555556,0.0,1.8
2025,6,00-0036613,Jaylen Waddle,WR,MIA,49.0,55.0,23.0,0.0,75.7,15.233333333333334,7.0,0.23151515151515153,0.0,15.82
2025,6,00-0036620,Dee Eskridge,WR,MIA,2.0,2.0,1.0,0.0,31.2,0.6,0.3333333333333333,0.011111111111111112,0.0,0.0
2025,6,00-0036626,Dyami Brown,WR,JAX,35.0,29.0,17.0,0.0,50.8,7.933333333333334,5.0,0.16739618406285073,0.0,4.0
2025,6,00-0036630,Tylan Wallace,WR,BAL,12.0,15.0,6.0,0.0,57.5,4.3,1.6666666666666667,0.05793650793650793,0.0,0.0
2025,6,00-0036637,Noah Gray,TE,KC,40.0,11.0,12.0,0.0,46.4,2.3000000000000003,4.0,0.12413793103448277,0.0,4.5
2025,6,00-0036646,Simi Fehoko,WR,ARI,0.0,0.0,0.0,0.0,56.8,0.0,0.0,0.0,0.0,0.0
2025,6,00-0036825,Feleipe Franks,TE,ATL,0.0,0.0,0.0,0.0,56.8,0.0,0.0,0.0,0.0,0.2
2025,6,00-0036842,Kene Nwangwu,RB,NYJ,0.0,0.0,0.0,0.0,56.8,0.0,0.0,0.0,0.0,0.0
2025,6,00-0036862,Ben Skowronek,WR,PIT,2.0,0.0,2.0,0.0,41.8,0.0,0.3333333333333333,0.015151515151515152,0.0,0.0
2025,6,00-0036875,Rhamondre Stevenson,RB,NE,29.0,39.0,33.0,0.0,73.7,10.133333333333333,8.666666666666666,0.3266810381414844,0.0,1.8
2025,6,00-0036887,Luke Farrell,TE,SF,23.0,25.0,6.0,0.0,66.4,5.1000000000000005,2.3333333333333335,0.06178638531579708,0.0,0.0
2025,6,00-0036894,Pat Freiermuth,TE,PIT,33.0,22.0,12.0,0.0,76.6,4.5,3.3333333333333335,0.12438174851967954,0.0,2.1
2025,6,00-0036900,Ja'Marr Chase,WR,CIN,58.0,57.0,30.0,0.0,70.5,15.733333333333333,8.333333333333334,0.29734154734154733,0.0,25.1
2025,6,00-0036912,DeVonta Smith,WR,PHI,49.0,53.0,22.0,0.0,58.7,14.766666666666666,7.0,0.21786786786786785,0.0,8.9
2025,6,00-0036919,Kenny Gainwell,RB,PIT,44.0,61.0,52.0,0.0,43.3,15.866666666666667,13.333333333333334,0.5184537684537686,0.0,9.6
2025,6,00-0036924,Michael Carter,RB,ARI,40.0,35.0,42.0,0.0,31.2,9.200000000000001,12.0,0.4230899256254226,0.0,8.4
2025,6,00-0036945,Justin Fields,QB,NYJ,74.0,75.0,100.0,50.0,66.3,18.346666666666668,34.333333333333336,0.26875901875901875,0.0,4.9
2025,6,00-0036963,Amon-Ra St. Brown,WR,DET,56.0,78.0,33.0,0.0,88.2,21.566666666666666,8.0,0.32633221850613153,0.0,13.7
2025,6,00-0036970,Kyle Pitts,TE,ATL,53.0,54.0,19.0,0.0,77.7,11.200000000000001,5.333333333333333,0.1922481312725215,0.0,4.8
2025,6,00-0036971,Trevor Lawrence,QB,JAX,82.0,71.0,92.0,50.0,67.5,17.22666666666667,38.333333333333336,0.22889957264957264,0.0,19.22
2025,6,00-0036972,Mac Jones,QB,SF,100.0,83.0,54.0,50.0,79.0,20.400000000000002,46.666666666666664,0.13525641025641025,0.0,15.18
2025,6,00-0036973,Travis Etienne,RB,JAX,60.0,51.0,68.0,0.0,83.0,13.299999999999999,18.333333333333332,0.6797762885262886,0.0,9.5
2025,6,00-0036980,Elijah Moore,WR,BUF,19.0,20.0,9.0,0.0,47.0,5.599999999999999,2.6666666666666665,0.08863659201837497,0.0,0.0
2025,6,00-0036988,Josh Palmer,WR,BUF,14.0,14.0,8.0,0.0,60.8,3.8666666666666667,2.0,0.08002244668911335,0.0,8.0
2025,6,00-0036997,Javonte Williams,RB,DAL,62.0,77.0,69.0,0.0,81.5,20.03333333333333,18.666666666666668,0.6949890702159305,0.0,8.4
2025,6,00-0037004,Hunter Long,TE,JAX,23.0,25.0,8.0,0.0,51.9,5.266666666666667,2.3333333333333335,0.08292929292929292,0.0,3.9
2025,6,00-0037005,Tommy Tremble,TE,CAR,40.0,33.0,14.0,0.0,38.0,6.833333333333333,4.0,0.13580246913580246,0.0,7.9
2025,6,00-0037091,Bo Melton,WR,GB,0.0,0.0,0.0,0.0,56.8,0.0,0.0,0.0,0.0,0.3
2025,6,00-0037093,Dareke Young,WR,SEA,5.0,8.0,3.0,0.0,34.4,2.2666666666666666,0.6666666666666666,0.026470588235294117,0.0,0.0
2025,6,00-0037112,Jake Tonges,TE,SF,63.0,58.0,16.0,0.0,57.8,12.0,6.333333333333333,0.15937996820349762,0.0,11.8
2025,6,00-0037157,Bam Knight,RB,ARI,5.0,12.0,6.0,0.0,31.2,3.1333333333333333,1.6666666666666667,0.05708812260536398,0.0,12.4
2025,6,00-0037197,Isiah Pacheco,RB,KC,34.0,35.0,36.0,0.0,84.3,9.066666666666666,10.333333333333334,0.36112012987012987,0.0,6.1
2025,6,00-0037228,Jaylen Warren,RB,PIT,60.0,57.0,79.0,0.0,83.6,14.799999999999999,18.333333333333332,0.794666827425448,0.0,8.3
2025,6,00-0037238,Drake London,WR,ATL,51.0,52.0,26.0,0.0,63.8,14.466666666666667,7.333333333333333,0.25673784210369577,0.0,31.8
2025,6,00-0037239,Chris Olave,WR,NO,72.0,48.0,31.0,0.0,81.2,13.199999999999998,10.333333333333334,0.3121007081038552,0.0,15.8
2025,6,00-0037240,Jameson Williams,WR,DET,33.0,17.0,18.0,0.0,51.5,4.666666666666667,4.666666666666667,0.18121622172596685,0.0,18.6
2025,6,00-0037247,George Pickens,WR,DAL,56.0,78.0,21.0,0.0,68.9,21.63333333333333,8.0,0.21229209387104123,0.0,31.8
2025,6,00-0037248,James Cook,RB,BUF,70.0,62.0,74.0,0.0,72.6,16.066666666666666,21.333333333333332,0.7449025697588917,0.0,8.7
2025,6,00-0037256,Rachaad White,RB,TB,38.0,44.0,42.0,0.0,49.4,11.366666666666667,11.666666666666666,0.41628309148593123,0.0,17.6
2025,6,00-0037261,Khalil Shakir,WR,BUF,44.0,52.0,24.0,0.0,73.9,14.466666666666667,6.333333333333333,0.2366345446805217,0.0,6.3
2025,6,00-0037263,Tyler Allgeier,RB,ATL,40.0,35.0,33.0,0.0,51.5,9.166666666666666,12.0,0.32752221299411116,0.0,10.8
2025,6,00-0037267,Jerome Ford,RB,CLE,15.0,16.0,15.0,0.0,64.1,4.033333333333333,4.666666666666667,0.1465368554829339,0.0,8.0
2025,6,00-0037348,Tanner Conner,TE,MIA,13.0,10.0,4.0,0.0,37.1,1.9666666666666668,1.3333333333333333,0.04040404040404041,0.0,1.8
2025,6,00-0037545,Rashid Shaheed,WR,NO,42.0,47.0,19.0,0.0,73.8,12.933333333333332,6.0,0.1888184384690147,0.0,6.8
2025,6,00-0037594,Julius Chestnut,RB,TEN,7.0,4.0,8.0,0.0,68.2,0.9666666666666667,2.0,0.08489467728598162,0.0,0.0
2025,6,00-0037617,Hassan Haskins,RB,LAC,7.0,3.0,7.0,0.0,31.2,0.8333333333333334,2.0,0.07214506172839506,0.0,3.3
2025,6,00-0037664,Alec Pierce,WR,IND,30.0,31.0,15.0,0.0,75.9,8.700000000000001,4.333333333333333,0.15165447579240685,0.0,6.8
2025,6,00-0037666,Jalen Tolbert,WR,DAL,30.0,19.0,11.0,0.0,45.4,5.166666666666667,4.333333333333333,0.10999088630667576,0.0,1.8
2025,6,00-0037740,Garrett Wilson,WR,NYJ,72.0,76.0,30.0,0.0,85.8,21.23333333333333,10.333333333333334,0.3019400352733686,0.0,4.3
2025,6,00-0037741,Jahan Dotson,WR,PHI,14.0,6.0,6.0,0.0,35.5,1.7,2.0,0.06036036036036036,0.0,2.7
2025,6,00-0037744,Trey McBride,TE,ARI,87.0,59.0,25.0,0.0,84.3,12.199999999999998,8.666666666666666,0.24787581699346406,0.0,21.2
2025,6,00-0037746,Brian Robinson,RB,SF,13.0,7.0,15.0,0.0,74.2,1.8333333333333333,4.0,0.15486111111111112,0.0,3.8
2025,6,00-0037805,Jeremy Ruckert,TE,NYJ,20.0,28.0,6.0,0.0,58.7,5.866666666666667,2.0,0.059964726631393295,0.0,0.0
2025,6,00-0037809,Chig Okonkwo,TE,TEN,47.0,35.0,15.0,0.0,67.7,7.266666666666667,4.666666666666667,0.14734683532637496,0.0,10.6
2025,6,00-0037816,Romeo Doubs,WR,GB,35.0,55.0,16.0,0.0,53.0,15.366666666666665,5.0,0.16246913580246913,0.0,10.5
2025,6,00-0037838,Isaiah Likely,TE,BAL,10.0,11.0,5.0,0.0,56.8,2.2,1.0,0.05,0.0,2.6
2025,6,00-0037840,Kyren Williams,RB,LA,70.0,83.0,81.0,0.0,75.8,21.566666666666666,21.333333333333332,0.8094872285264992,0.0,16.7
2025,6,00-0038041,Jake Ferguson,TE,DAL,100.0,100.0,27.0,0.0,81.0,20.7,10.0,0.274606971975393,0.0,12.3
2025,6,00-0038046,Charlie Kolar,TE,BAL,20.0,15.0,8.0,0.0,64.8,3.1,2.0,0.07857142857142857,0.0,0.0
2025,6,00-0038090,Skyy Moore,WR,SF,7.0,3.0,3.0,0.0,70.0,0.7000000000000001,1.0,0.02922959724430313,0.0,0.0
2025,6,00-0038117,Wan'Dale Robinson,WR,NYG,40.0,19.0,20.0,0.0,72.5,5.3999999999999995,5.666666666666667,0.1991010904804008,0.0,20.4
2025,6,00-0038120,Breece Hall,RB,NYJ,59.0,57.0,68.0,0.0,83.1,14.933333333333332,18.0,0.6801221322960455,0.0,5.9
2025,6,00-0038129,Cade Otton,TE,TB,43.0,35.0,12.0,0.0,74.7,7.166666666666667,4.333333333333333,0.12330840455840454,0.0,10.1
2025,6,00-0038134,Kenneth Walker III,RB,SEA,54.0,51.0,56.0,0.0,80.7,13.200000000000001,16.333333333333332,0.5634835752482811,0.0,4.7
2025,6,00-0038359,Xavier Smith,WR,LA,0.0,0.0,0.0,0.0,56.8,0.0,0.0,0.0,0.0,0.0
2025,6,00-0038393,Dontayvion Wicks,WR,GB,33.0,20.0,16.0,0.0,74.3,5.466666666666666,4.666666666666667,0.16444444444444442,0.0,3.5
2025,6,00-0038454,Keaton Mitchell,RB,BAL,13.0,9.0,21.0,0.0,56.8,2.3,4.0,0.20789473684210524,0.0,0.0
2025,6,00-0038488,Brady Russell,RB,SEA,0.0,0.0,0.0,0.0,56.8,0.0,0.0,0.0,0.0,0.0
2025,6,00-0038492,Jason Brownlee,WR,KC,3.0,0.0,1.0,0.0,41.8,0.0,0.5,0.013157894736842105,0.0,0.0
2025,6,00-0038519,Nikko Remigio,WR,KC,2.0,1.0,1.0,0.0,31.2,0.3666666666666667,0.3333333333333333,0.011904761904761904,0.0,0.0
2025,6,00-0038542,Bijan Robinson,RB,ATL,75.0,82.0,72.0,0.0,84.5,21.333333333333332,22.666666666666668,0.721841269561312,0.0,35.8
2025,6,00-0038543,Jaxon Smith-Njigba,WR,SEA,53.0,73.0,29.0,0.0,83.3,20.26666666666667,7.666666666666667,0.2862511671335201,0.0,30.2
2025,6,00-0038547,Luke Schoonmaker,TE,DAL,17.0,9.0,5.0,0.0,70.0,1.8666666666666665,1.6666666666666667,0.04892914103440419,0.0,1.8
2025,6,00-0038551,Kendre Miller,RB,NO,34.0,31.0,33.0,0.0,81.2,8.0,10.333333333333334,0.33238685222610187,0.0,4.2
2025,6,00-0038555,Tank Bigsby,RB,PHI,0.0,0.0,0.0,0.0,56.8,0.0,0.0,0.0,0.0,0.0
2025,6,00-0038558,Darnell Washington,TE,PIT,20.0,12.0,8.0,0.0,44.0,2.5,2.0,0.08484848484848484,0.0,9.2
2025,6,00-0038559,Michael Wilson,WR,ARI,28.0,12.0,11.0,0.0,66.3,3.1999999999999997,4.0,0.11405228758169934,0.0,8.4
2025,6,00-0038563,Tre Tucker,WR,LV,49.0,67.0,25.0,0.0,53.5,18.733333333333334,7.0,0.24674347158218124,0.0,12.0
2025,6,00-0038564,Cameron Latu,TE,PHI,0.0,0.0,0.0,0.0,56.8,0.0,0.0,0.0,0.0,0.0
2025,6,00-0038576,Charlie Jones,WR,CIN,0.0,0.0,0.0,0.0,56.8,0.0,0.0,0.0,0.0,0.0
2025,6,00-0038590,Justin Shorter,TE,LV,0.0,0.0,0.0,0.0,56.8,0.0,0.0,0.0,0.0,0.0
2025,6,00-0038597,Chase Brown,RB,CIN,48.0,36.0,72.0,0.0,85.9,9.299999999999999,14.666666666666666,0.7238428238428237,0.0,6.9
2025,6,00-0038606,Parker Washington,WR,JAX,40.0,20.0,18.0,0.0,43.9,5.633333333333333,5.666666666666667,0.18438973063973063,0.0,4.9
2025,6,00-0038608,Kayshon Boutte,WR,NE,21.0,18.0,12.0,0.0,79.9,4.966666666666666,3.0,0.1223155929038282,0.0,26.3
2025,6,00-0038619,Andrei Iosivas,WR,CIN,33.0,23.0,13.0,0.0,54.9,6.366666666666666,4.666666666666667,0.13446676062955132,0.0,1.5
2025,6,00-0038621,DeMario Douglas,WR,NE,21.0,10.0,10.0,0.0,65.0,2.733333333333334,3.0,0.0965033356337704,0.0,16.1
2025,6,00-0038643,Brayden Willis,TE,SF,0.0,0.0,0.0,0.0,56.8,0.0,0.0,0.0,0.0,0.0
2025,6,00-0038679,Tyrell Shavers,WR,BUF,7.0,5.0,4.0,0.0,31.2,1.4666666666666668,1.0,0.03580246913580246,0.0,5.7
2025,6,00-0038685,Chris Brooks,RB,GB,5.0,9.0,6.0,0.0,31.2,2.266666666666667,1.6666666666666667,0.05864197530864198,0.0,0.1
2025,6,00-0038705,Emari Demercado,RB,ARI,11.0,23.0,12.0,0.0,64.8,6.066666666666666,3.3333333333333335,0.1239785569400174,0.0,0.1
2025,6,00-0038710,Blake Whiteheart,TE,CLE,5.0,0.0,1.0,0.0,41.8,0.0,0.5,0.014705882352941176,0.0,1.0
2025,6,00-0038720,Julian Hill,TE,MIA,27.0,17.0,9.0,0.0,48.7,3.5,2.6666666666666665,0.08727272727272728,0.0,6.1
2025,6,00-0038738,Hunter Luepke,RB,DAL,3.0,3.0,3.0,0.0,31.4,0.8666666666666667,1.0,0.03349720454983613,0.0,8.7
2025,6,00-0038740,Jalen Moreno-Cropper,WR,DAL,0.0,0.0,0.0,0.0,56.8,0.0,0.0,0.0,0.0,0.0
2025,6,00-0038783,Nate Adkins,TE,DEN,20.0,6.0,5.0,0.0,47.5,1.25,2.0,0.0496031746031746,0.0,10.3
2025,6,00-0038797,Emanuel Wilson,RB,GB,19.0,17.0,17.0,0.0,32.4,4.533333333333334,5.666666666666667,0.16848438300051205,0.0,1.7
2025,6,00-0038824,Ryan Miller,WR,TB,7.0,11.0,3.0,0.0,69.5,3.0,1.0,0.03186462324393358,0.0,0.0
2025,6,00-0038938,Jalin Hyatt,WR,NYG,21.0,0.0,8.0,0.0,56.8,0.0,3.0,0.07692307692307693,0.0,4.7
2025,6,00-0038951,Sean Tucker,RB,TB,7.0,4.0,7.0,0.0,31.2,0.9666666666666667,2.0,0.07291666666666667,0.0,8.5
2025,6,00-0038976,Marvin Mims Jr.,WR,DEN,40.0,31.0,17.0,0.0,64.5,8.6,5.666666666666667,0.17280012932186847,0.0,4.8
2025,6,00-0038996,Tucker Kraft,TE,GB,53.0,66.0,19.0,0.0,66.4,13.633333333333333,5.333333333333333,0.18604938271604934,0.0,12.3
2025,6,00-0038997,Josh Downs,WR,IND,37.0,28.0,18.0,0.0,68.8,7.733333333333334,5.333333333333333,0.18097222222222223,0.0,16.2
2025,6,00-0039021,Roschon Johnson,RB,CHI,0.0,0.0,0.0,0.0,56.8,0.0,0.0,0.0,0.0,0.6
2025,6,00-0039032,Tyjae Spears,RB,TEN,13.0,5.0,17.0,0.0,56.8,1.4,4.0,0.16666666666666666,0.0,9.0
2025,6,00-0039040,De'Von Achane,RB,MIA,66.0,64.0,80.0,0.0,93.0,16.599999999999998,20.0,0.8014318298189265,0.0,31.0
2025,6,00-0039041,Elijah Higgins,TE,ARI,10.0,8.0,3.0,0.0,31.9,1.5666666666666667,1.0,0.03202614379084967,0.0,5.4
2025,6,00-0039064,Zay Flowers,WR,BAL,37.0,36.0,21.0,0.0,64.0,9.966666666666667,5.333333333333333,0.2079365079365079,0.0,10.6
2025,6,00-0039065,Sam LaPorta,TE,DET,47.0,55.0,19.0,0.0,69.1,11.466666666666667,4.666666666666667,0.19157190635451504,0.0,16.5
2025,6,00-0039066,Michael Mayer,TE,LV,23.0,17.0,7.0,0.0,44.4,3.5666666666666664,2.3333333333333335,0.06825359538537833,0.0,16.0
2025,6,00-0039074,Davis Allen,TE,LA,13.0,11.0,3.0,0.0,59.8,2.2333333333333334,1.3333333333333333,0.032927097057531836,0.0,1.7
2025,6,00-0039075,Puka Nacua,WR,LA,100.0,100.0,37.0,0.0,83.3,27.766666666666666,14.333333333333334,0.374224361426325,0.0,4.8
2025,6,00-0039139,Jahmyr Gibbs,RB,DET,65.0,79.0,62.0,0.0,77.5,20.433333333333334,19.666666666666668,0.6191836212920409,0.0,7.5
2025,6,00-0039144,Luke Musgrave,TE,GB,13.0,13.0,5.0,0.0,58.6,2.733333333333334,1.3333333333333333,0.04910213243546577,0.0,1.7
2025,6,00-0039150,Bryce Young,QB,CAR,64.0,52.0,26.0,50.0,82.4,12.653333333333334,30.0,0.06537698412698412,0.0,20.46
2025,6,00-0039165,Zach Charbonnet,RB,SEA,44.0,32.0,48.0,0.0,72.0,8.4,13.333333333333334,0.4840851283041953,0.0,4.7
2025,6,00-0039299,George Holani,RB,SEA,13.0,8.0,13.0,0.0,31.2,2.066666666666667,4.0,0.13434343434343435,0.0,0.0
2025,6,00-0039342,Xavier Legette,WR,CAR,44.0,19.0,17.0,0.0,54.5,5.3,6.333333333333333,0.173522813075357,0.0,3.1
2025,6,00-0039355,Luke McCaffrey,WR,WAS,19.0,37.0,13.0,0.0,76.8,10.233333333333334,2.6666666666666665,0.12620772946859904,0.0,10.3
2025,6,00-0039376,Spencer Rattler,QB,NO,79.0,60.0,60.0,50.0,86.9,14.586666666666666,37.0,0.15018155410312273,0.0,11.08
2025,6,00-0039379,Jamari Thrash,WR,CLE,12.0,9.0,5.0,0.0,59.4,2.466666666666667,1.6666666666666667,0.049796747967479675,0.0,3.3
2025,6,00-0039384,Tyrone Tracy Jr.,RB,NYG,38.0,26.0,44.0,0.0,79.5,6.733333333333333,11.666666666666666,0.43779570201671647,0.0,0.6
2025,6,00-0039391,Kimani Vidal,RB,LAC,8.0,6.0,9.0,0.0,31.2,1.45,2.5,0.08969907407407407,0.0,22.8
2025,6,00-0039394,Casey Washington,WR,ATL,31.0,17.0,13.0,0.0,74.2,4.6,4.5,0.1291208791208791,0.0,0.0
2025,6,00-0039407,Dylan Laube,RB,LV,4.0,0.0,5.0,0.0,31.2,0.06666666666666667,1.3333333333333333,0.0480599647266314,0.0,0.0
2025,6,00-0039410,Ryan Flournoy,WR,DAL,40.0,33.0,18.0,0.0,37.6,9.033333333333333,5.666666666666667,0.18322300808689196,0.0,6.3
2025,6,00-0039451,Isaiah Williams,WR,NYJ,0.0,0.0,0.0,0.0,56.8,0.0,0.0,0.0,0.0,0.0
2025,6,00-0039530,Brevyn Spann-Ford,TE,DAL,3.0,2.0,1.0,0.0,31.2,0.43333333333333335,0.3333333333333333,0.006410256410256411,0.0,1.2
2025,6,00-0039589,Kameron Johnson,WR,TB,2.0,0.0,1.0,0.0,31.2,0.06666666666666667,0.3333333333333333,0.013888888888888888,0.0,16.4
2025,6,00-0039648,David Martin-Robinson,TE,TEN,0.0,0.0,0.0,0.0,56.8,0.0,0.0,0.0,0.0,7.1
2025,6,00-0039686,Colson Yankoff,TE,WAS,0.0,0.0,0.0,0.0,56.8,0.0,0.0,0.0,0.0,0.0
2025,6,00-0039732,Bo Nix,QB,DEN,88.0,78.0,87.0,50.0,72.2,19.013333333333332,41.0,0.21675246675246673,0.0,13.36
2025,6,00-0039738,Blake Corum,RB,LA,26.0,13.0,27.0,0.0,56.8,3.4,8.0,0.27006554105081454,0.0,2.3
2025,6,00-0039739,Roman Wilson,WR,PIT,14.0,6.0,7.0,0.0,56.8,1.7,2.0,0.06666666666666667,0.0,2.2
2025,6,00-0039746,Will Shipley,RB,PHI,8.0,5.0,9.0,0.0,49.6,1.3333333333333333,2.3333333333333335,0.08852572668362142,0.0,0.0
2025,6,00-0039751,Jordan Whittington,WR,LA,21.0,12.0,8.0,0.0,54.9,3.466666666666667,3.0,0.08188087041523227,0.0,5.3
2025,6,00-0039754,Devin Culp,TE,TB,0.0,0.0,0.0,0.0,56.8,0.0,0.0,0.0,0.0,0.0
2025,6,00-0039793,AJ Barner,TE,SEA,37.0,64.0,13.0,0.0,46.1,13.266666666666666,3.6666666666666665,0.12696078431372548,0.0,10.1
2025,6,00-0039796,Rasheen Ali,RB,BAL,0.0,0.0,0.0,0.0,56.8,0.0,0.0,0.0,0.0,0.0
2025,6,00-0039798,Isaiah Davis,RB,NYJ,11.0,14.0,11.0,0.0,38.0,3.6666666666666665,3.3333333333333335,0.10730319063652398,0.0,1.1
2025,6,00-0039816,Anthony Gould,WR,IND,0.0,0.0,0.0,0.0,56.8,0.0,0.0,0.0,0.0,0.0
2025,6,00-0039847,Theo Johnson,TE,NYG,47.0,55.0,17.0,0.0,52.4,11.333333333333334,4.666666666666667,0.16538461538461538,0.0,4.7
2025,6,00-0039849,Marvin Harrison Jr.,WR,ARI,49.0,48.0,20.0,0.0,73.9,13.266666666666667,7.0,0.1977124183006536,0.0,5.2
2025,6,00-0039851,Drake Maye,QB,NE,69.0,80.0,64.0,50.0,73.4,19.52,32.333333333333336,0.16039707419017765,0.0,25.24
2025,6,00-0039868,Troy Franklin,WR,DEN,40.0,23.0,17.0,0.0,72.2,6.266666666666667,5.666666666666667,0.16775937428111343,0.0,5.1
2025,6,00-0039875,Ray Davis,RB,BUF,4.0,1.0,5.0,0.0,53.5,0.13333333333333333,1.3333333333333333,0.04575085142613878,0.0,9.9
2025,6,00-0039880,Malik Washington,WR,MIA,40.0,17.0,19.0,0.0,83.4,4.766666666666667,5.666666666666667,0.18918214402085373,0.0,6.3
2025,6,00-0039893,Brian Thomas Jr.,WR,JAX,47.0,36.0,25.0,0.0,83.6,10.033333333333333,6.666666666666667,0.2502146464646465,0.0,23.0
2025,6,00-0039894,Xavier Worthy,WR,KC,51.0,34.0,22.0,0.0,49.1,9.4,7.333333333333333,0.21555509763714095,0.0,10.6
2025,6,00-0039901,Keon Coleman,WR,BUF,35.0,30.0,19.0,0.0,74.1,8.266666666666667,5.0,0.1877665544332211,0.0,4.1
2025,6,00-0039910,Jayden Daniels,QB,WAS,89.0,75.0,100.0,50.0,90.3,18.320000000000004,41.333333333333336,0.3326284461152882,0.0,25.64
2025,6,00-0039915,Ladd McConkey,WR,LAC,47.0,30.0,18.0,0.0,72.2,8.366666666666667,6.666666666666667,0.17882257257257259,0.0,23.0
2025,6,00-0039917,Michael Penix Jr.,QB,ATL,64.0,46.0,29.0,50.0,62.0,11.266666666666666,30.0,0.07356855182942139,0.0,14.6
2025,6,00-0039918,Caleb Williams,QB,CHI,81.0,84.0,89.0,50.0,78.8,20.62666666666667,37.666666666666664,0.22176376199364708,0.0,20.38
2025,6,00-0039919,Rome Odunze,WR,CHI,60.0,77.0,27.0,0.0,77.4,21.299999999999997,8.666666666666666,0.26851851851851855,0.0,5.2
2025,6,00-0040009,Savion Williams,WR,GB,19.0,9.0,8.0,0.0,55.4,2.5333333333333337,2.6666666666666665,0.08102918586789554,0.0,0.3
2025,6,00-0040075,LaJohntay Wester,WR,BAL,0.0,0.0,0.0,0.0,56.8,0.0,0.0,0.0,0.0,0.0
2025,6,00-0040078,Brashard Smith,RB,KC,16.0,19.0,15.0,0.0,60.1,4.833333333333333,5.0,0.15324675324675321,0.0,5.1
2025,6,00-0040122,Ashton Jeanty,RB,LV,67.0,74.0,71.0,0.0,71.4,19.23333333333333,20.333333333333332,0.7130022188086703,0.0,16.6
2025,6,00-0040124,Tetairoa McMillan,WR,CAR,56.0,38.0,29.0,0.0,89.2,10.433333333333334,8.0,0.29320987654320985,0.0,17.9
2025,6,00-0040126,Colston Loveland,TE,CHI,20.0,12.0,7.0,0.0,52.1,2.433333333333333,2.0,0.06542313895255071,0.0,3.1
2025,6,00-0040128,Tyler Warren,TE,IND,57.0,64.0,21.0,0.0,71.7,13.166666666666666,5.666666666666667,0.20535714285714288,0.0,18.3
2025,6,00-0040129,Emeka Egbuka,WR,TB,60.0,77.0,26.0,0.0,80.7,21.3,8.666666666666666,0.2631612879457707,0.0,4.4
2025,6,00-0040131,Kyle Williams,WR,NE,7.0,5.0,3.0,0.0,67.7,1.2666666666666668,1.0,0.028160919540229885,0.0,0.0
2025,6,00-0040134,Pat Bryant,WR,DEN,9.0,5.0,4.0,0.0,31.2,1.2666666666666666,1.3333333333333333,0.04126984126984127,0.0,4.2
2025,6,00-0040142,Kaleb Johnson,RB,PIT,10.0,3.0,12.0,0.0,31.2,0.7000000000000001,3.0,0.11911976911976911,0.0,1.5
2025,6,00-0040162,Dylan Sampson,RB,CLE,7.0,2.0,7.0,0.0,54.1,0.39999999999999997,2.0,0.07094346023009594,0.0,4.4
2025,6,00-0040164,Jaylin Lane,WR,WAS,16.0,9.0,11.0,0.0,72.4,2.4,2.3333333333333335,0.10768921095008051,0.0,5.4
2025,6,00-0040170,Elic Ayomanor,WR,TEN,37.0,29.0,19.0,0.0,64.8,8.0,5.333333333333333,0.18650491924149215,0.0,5.7
2025,6,00-0040184,KeAndre Lambert-Smith,WR,LAC,0.0,0.0,0.0,0.0,56.8,0.0,0.0,0.0,0.0,1.1
2025,6,00-0040187,Mitchell Evans,TE,CAR,20.0,33.0,7.0,0.0,46.3,6.866666666666667,2.0,0.06790123456790123,0.0,3.1
2025,6,00-0040189,Oronde Gadsden II,TE,LAC,37.0,25.0,9.0,0.0,46.1,5.2,3.6666666666666665,0.08929554554554554,0.0,13.8
2025,6,00-0040198,Ollie Gordon II,RB,MIA,21.0,14.0,27.0,0.0,54.8,3.5333333333333337,6.333333333333333,0.2692780337941628,0.0,1.2
2025,6,00-0040218,Jimmy Horn Jr.,WR,CAR,35.0,18.0,17.0,0.0,56.8,5.1,5.0,0.1736111111111111,0.0,6.7
2025,6,00-0040236,Kyle Monangai,RB,CHI,23.0,12.0,25.0,0.0,69.4,3.133333333333333,7.0,0.24887511381764252,0.0,5.4
2025,6,00-0040237,Tez Johnson,WR,TB,16.0,15.0,7.0,0.0,45.2,4.066666666666666,2.3333333333333335,0.07452844090775125,0.0,11.5
2025,6,00-0040238,LeQuint Allen Jr.,RB,JAX,2.0,5.0,2.0,0.0,38.3,1.2,0.6666666666666666,0.02259259259259259,0.0,2.2
2025,6,00-0040242,Jacory Croskey-Merritt,RB,WAS,37.0,60.0,43.0,0.0,63.8,15.600000000000001,11.333333333333334,0.4313424096032792,0.0,7.8
2025,6,00-0040259,Gage Larvadain,WR,CLE,0.0,0.0,0.0,0.0,56.8,0.0,0.0,0.0,0.0,4.2
2025,6,00-0040582,Arian Smith,WR,NYJ,14.0,6.0,7.0,0.0,59.6,1.7999999999999998,2.0,0.0746031746031746,0.0,0.0
2025,6,00-0040584,Gunnar Helm,TE,TEN,30.0,25.0,9.0,0.0,59.9,5.1000000000000005,3.0,0.0889495633741158,0.0,3.5
2025,6,00-0040586,Jaydon Blue,RB,DAL,13.0,3.0,14.0,0.0,56.8,0.7,4.0,0.13793103448275862,0.0,0.0
2025,6,00-0040644,Trevor Etienne,RB,CAR,13.0,9.0,14.0,0.0,37.2,2.4,4.0,0.13734567901234568,0.0,1.7
2025,6,00-0040648,Tory Horton,WR,SEA,23.0,33.0,13.0,0.0,64.2,9.033333333333333,3.3333333333333335,0.13366013071895425,0.0,0.0
2025,6,00-0040663,Harold Fannin Jr.,TE,CLE,50.0,34.0,15.0,0.0,70.8,7.1000000000000005,5.0,0.1545025417574437,0.0,15.1
2025,6,00-0040667,Matthew Golden,WR,GB,42.0,27.0,20.0,0.0,67.3,7.633333333333334,6.0,0.19758434317574103,0.0,13.2
2025,6,00-0040676,Cam Ward,QB,TEN,81.0,42.0,60.0,50.0,77.8,10.159999999999998,37.666666666666664,0.1499597423510467,0.0,12.88
2025,6,00-0040691,Jaxson Dart,QB,NYG,56.0,57.0,69.0,50.0,42.0,13.906666666666666,26.0,0.17217052849236758,0.0,23.6
2025,6,00-0040704,Dillon Gabriel,QB,CLE,28.0,28.0,8.0,50.0,31.2,6.953333333333333,13.0,0.020833333333333332,0.0,8.84
2025,6,00-0040705,Chimere Dike,WR,TEN,28.0,8.0,13.0,0.0,45.8,2.266666666666667,4.0,0.13176475708445018,0.0,2.8
2025,6,00-0040715,Cam Skattebo,RB,NYG,74.0,66.0,68.0,0.0,82.8,17.166666666666668,22.333333333333332,0.6763345636908854,0.0,31.0
2025,6,00-0040719,Bhayshul Tuten,RB,JAX,19.0,17.0,21.0,0.0,69.4,4.466666666666667,5.666666666666667,0.21402615902615904,0.0,4.8
2025,6,00-0040727,Tre Harris,WR,LAC,12.0,6.0,5.0,0.0,39.0,1.8,1.6666666666666667,0.05345345345345345,0.0,6.7
2025,6,00-0040729,Jack Bech,WR,LV,14.0,9.0,6.0,0.0,31.2,2.566666666666667,2.0,0.05864197530864198,0.0,0.0
2025,6,00-0040730,RJ Harvey,RB,DEN,34.0,39.0,32.0,0.0,49.5,10.133333333333333,10.333333333333334,0.31642978382108816,0.0,6.5
2025,6,00-0040734,TreVeyon Henderson,RB,NE,35.0,32.0,40.0,0.0,76.8,8.333333333333334,10.666666666666666,0.4005133923998021,0.0,4.6
2025,6,00-0040735,Luther Burden III,WR,CHI,19.0,27.0,9.0,0.0,51.5,7.633333333333334,2.6666666666666665,0.08592907730838766,0.0,9.1
2025,6,00-0040736,Mason Taylor,TE,NYJ,83.0,53.0,24.0,0.0,73.0,11.0,8.333333333333334,0.23880070546737212,0.0,1.2
2025,6,00-0040737,Terrance Ferguson,TE,LA,10.0,15.0,2.0,0.0,56.8,3.1,1.0,0.021739130434782608,0.0,0.0
2025,6,00-0040739,Elijah Arroyo,TE,SEA,20.0,14.0,8.0,0.0,35.1,2.8000000000000003,2.0,0.08202614379084967,0.0,1.6
2025,6,00-0040782,Isaiah Bond,WR,CLE,40.0,21.0,17.0,0.0,74.9,5.766666666666667,5.666666666666667,0.17340686274509806,0.0,2.9
2025,6,00-0040784,Quinshon Judkins,RB,CLE,77.0,66.0,90.0,0.0,88.0,17.266666666666666,23.333333333333332,0.8955144192179795,0.0,3.6
2025,7,00-0023459,Aaron Rodgers,QB,PIT,60.0,50.0,40.0,50.0,81.8,14.653333333333334,27.666666666666668,0.0989010989010989,0.0,26.56
2025,7,00-0026158,Joe Flacco,QB,CIN,85.0,34.0,15.0,50.0,63.1,9.9,39.333333333333336,0.037037037037037035,0.0,25.98
2025,7,00-0026498,Matthew Stafford,QB,LA,88.0,76.0,52.0,50.0,74.2,22.100000000000005,41.0,0.13008639910813824,0.0,27.38
2025,7,00-0027973,Andy Dalton,QB,CAR,8.0,11.0,7.0,50.0,34.0,3.1100000000000003,3.5,0.016666666666666666,0.0,2.2
2025,7,00-0028118,Tyrod Taylor,QB,NYJ,63.0,50.0,98.0,50.0,60.2,14.51,29.0,0.2453416149068323,0.0,6.14
2025,7,00-0030035,Adam Thielen,WR,MIN,19.0,10.0,9.0,0.0,58.4,2.5666666666666664,2.3333333333333335,0.09126984126984126,0.0,2.0
2025,7,00-0030061,Zach Ertz,TE,WAS,38.0,36.0,15.0,0.0,43.5,6.8,3.6666666666666665,0.15338164251207728,0.0,12.7
2025,7,00-0030279,Keenan Allen,WR,LAC,64.0,33.0,22.0,0.0,85.0,8.733333333333333,7.666666666666667,0.21821657183499288,0.0,28.9
2025,7,00-0030506,Travis Kelce,TE,KC,69.0,75.0,20.0,0.0,79.7,14.233333333333334,6.666666666666667,0.1976190476190476,0.0,8.4
2025,7,00-0030565,Geno Smith,QB,LV,65.0,42.0,50.0,50.0,85.3,12.12,30.333333333333332,0.12467741935483871,0.0,2.78
2025,7,00-0031236,Brandin Cooks,WR,NO,17.0,12.0,8.0,0.0,46.6,3.266666666666667,2.0,0.07690653432588916,0.0,1.3
2025,7,00-0031381,Davante Adams,WR,LA,72.0,47.0,25.0,0.0,76.3,12.433333333333335,8.666666666666666,0.24509476031215163,0.0,26.5
2025,7,00-0031408,Mike Evans,WR,TB,78.0,43.0,29.0,0.0,89.8,11.333333333333334,9.333333333333334,0.29418901660280966,0.0,0.0
2025,7,00-0031588,Stefon Diggs,WR,NE,61.0,59.0,32.0,0.0,58.1,15.5,7.333333333333333,0.32177871148459386,0.0,13.9
2025,7,00-0031610,Darren Waller,TE,MIA,41.0,81.0,14.0,0.0,79.9,15.233333333333334,4.0,0.13832114245907348,0.0,0.0
2025,7,00-0031687,Raheem Mostert,RB,LV,20.0,13.0,21.0,0.0,61.0,3.366666666666667,5.666666666666667,0.20509408602150536,0.0,1.2
2025,7,00-0032104,Ameer Abdullah,RB,IND,7.0,17.0,8.0,0.0,83.0,4.6,2.0,0.07518518518518519,0.0,3.7
2025,7,00-0032211,Tyler Lockett,WR,TEN,31.0,3.0,12.0,0.0,62.8,0.8666666666666667,3.6666666666666665,0.12341881523467202,0.0,3.8
2025,7,00-0032268,Marcus Mariota,QB,WAS,60.0,66.0,56.0,50.0,85.4,19.26,28.0,0.13920454545454547,0.0,5.92
2025,7,00-0032385,Sterling Shepard,WR,TB,39.0,29.0,16.0,0.0,72.6,7.666666666666667,4.666666666666667,0.15645903010033443,0.0,9.5
2025,7,00-0032392,Austin Hooper,TE,NE,17.0,17.0,6.0,0.0,61.8,3.233333333333333,1.6666666666666667,0.06127450980392157,0.0,9.1
2025,7,00-0032398,Chris Moore,WR,WAS,28.0,18.0,14.0,0.0,46.0,4.833333333333333,3.3333333333333335,0.14075537988581469,0.0,7.9
2025,7,00-0032464,Kalif Raymond,WR,DET,8.0,4.0,4.0,0.0,31.2,1.0999999999999999,1.0,0.04,0.0,4.7
2025,7,00-0032775,Demarcus Robinson,WR,SF,33.0,21.0,10.0,0.0,63.2,5.433333333333334,4.0,0.10041592394533572,0.0,0.0
2025,7,00-0032950,Carson Wentz,QB,MIN,77.0,61.0,39.0,50.0,77.2,17.753333333333334,35.666666666666664,0.09831697054698457,0.0,15.32
2025,7,00-0033077,Dak Prescott,QB,DAL,81.0,93.0,51.0,50.0,79.7,27.19333333333333,37.666666666666664,0.12836800223370096,0.0,23.26
2025,7,00-0033090,Hunter Henry,TE,NE,31.0,43.0,13.0,0.0,77.7,8.066666666666668,3.0,0.12850140056022408,0.0,7.3
2025,7,00-0033106,Jared Goff,QB,DET,59.0,61.0,14.0,50.0,76.1,17.886666666666667,27.333333333333332,0.03469477382520861,0.0,14.34
2025,7,00-0033110,Tyler Higbee,TE,LA,38.0,33.0,11.0,0.0,54.2,6.166666666666667,3.6666666666666665,0.11315073815073816,0.0,4.9
2025,7,00-0033119,Jacoby Brissett,QB,ARI,35.0,26.0,23.0,50.0,31.2,7.633333333333333,16.333333333333332,0.05681818181818182,0.0,21.76
2025,7,00-0033217,Mo Alie-Cox,TE,IND,14.0,13.0,4.0,0.0,74.3,2.466666666666667,1.3333333333333333,0.04381748519679554,0.0,1.6
2025,7,00-0033246,Johnny Mundt,TE,JAX,14.0,7.0,5.0,0.0,59.9,1.3666666666666665,1.3333333333333333,0.04753246753246754,0.0,1.9
2025,7,00-0033280,Christian McCaffrey,RB,SF,100.0,98.0,97.0,0.0,93.2,26.03333333333333,28.0,0.9729525648643295,0.0,39.1
2025,7,00-0033288,George Kittle,TE,SF,41.0,66.0,12.0,0.0,56.8,12.5,4.0,0.125,0.0,0.0
2025,7,00-0033307,Kendrick Bourne,WR,SF,67.0,58.0,21.0,0.0,61.1,15.366666666666667,8.0,0.2058823529411765,0.0,3.4
2025,7,00-0033357,Taysom Hill,TE,NO,36.0,18.0,12.0,0.0,37.1,3.38,3.5,0.12173913043478261,0.0,2.8
2025,7,00-0033375,Tim Patrick,WR,JAX,8.0,13.0,4.0,0.0,67.5,3.5,1.0,0.03800865800865801,0.0,3.2
2025,7,00-0033526,Samaje Perine,RB,CIN,20.0,13.0,29.0,0.0,52.3,3.5000000000000004,5.666666666666667,0.28737373737373734,0.0,3.1
2025,7,00-0033555,Mack Hollins,WR,NE,22.0,24.0,10.0,0.0,73.4,6.3,2.6666666666666665,0.09831154684095861,0.0,7.3
2025,7,00-0033572,Jamal Agnew,WR,ATL,0.0,0.0,0.0,0.0,56.8,0.0,0.0,0.0,0.0,0.0
2025,7,00-0033854,Dare Ogunbowale,RB,HOU,0.0,0.0,0.0,0.0,56.8,0.0,0.0,0.0,0.0,0.0
2025,7,00-0033857,JuJu Smith-Schuster,WR,KC,33.0,33.0,12.0,0.0,65.5,8.666666666666666,4.0,0.11785714285714284,0.0,6.5
2025,7,00-0033858,Jonnu Smith,TE,PIT,38.0,24.0,15.0,0.0,78.0,4.566666666666666,3.6666666666666665,0.15043290043290042,0.0,11.8
2025,7,00-0033873,Patrick Mahomes,QB,KC,92.0,100.0,99.0,50.0,87.7,29.166666666666668,42.666666666666664,0.24751828631138975,0.0,26.24
2025,7,00-0033881,Evan Engram,TE,DEN,69.0,53.0,20.0,0.0,83.2,10.033333333333333,6.666666666666667,0.20136752136752134,0.0,9.2
2025,7,00-0033891,Zay Jones,WR,ARI,39.0,26.0,13.0,0.0,52.8,6.733333333333333,4.666666666666667,0.13112116641528407,0.0,8.7
2025,7,00-0033906,Alvin Kamara,RB,NO,58.0,42.0,58.0,0.0,87.8,11.1,16.333333333333332,0.5761606084516736,0.0,5.9
2025,7,00-0033908,Cooper Kupp,WR,SEA,47.0,39.0,20.0,0.0,71.5,10.166666666666666,5.666666666666667,0.19934640522875816,0.0,4.2
2025,7,00-0033923,Kareem Hunt,RB,KC,35.0,36.0,34.0,0.0,61.6,9.6,9.666666666666666,0.3402046947305568,0.0,1.8
2025,7,00-0033943,Josh Reynolds,WR,NYJ,25.0,14.0,12.0,0.0,57.3,3.8000000000000003,3.0,0.12310405643738977,0.0,5.9
2025,7,00-0033949,Joshua Dobbs,QB,NE,9.0,0.0,41.0,50.0,56.8,-0.2,4.0,0.10344827586206896,0.0,0.28
2025,7,00-0033955,Jeremy McNichols,RB,WAS,15.0,13.0,18.0,0.0,63.9,3.5333333333333337,4.333333333333333,0.17603200913158837,0.0,6.5
2025,7,00-0034159,Will Dissly,TE,LAC,14.0,15.0,4.0,0.0,73.1,2.766666666666667,1.3333333333333333,0.039693460230095935,0.0,0.0
2025,7,00-0034348,Courtland Sutton,WR,DEN,53.0,50.0,18.0,0.0,58.1,13.233333333333334,6.333333333333333,0.1786731786731787,0.0,14.7
2025,7,00-0034351,Dallas Goedert,TE,PHI,83.0,100.0,25.0,0.0,70.8,18.866666666666664,8.0,0.2512199699699699,0.0,4.8
2025,7,00-0034367,Nyheim Hines,RB,LAC,0.0,0.0,0.0,0.0,56.8,0.0,0.0,0.0,0.0,0.0
2025,7,00-0034383,Dalton Schultz,TE,HOU,62.0,49.0,19.0,0.0,92.3,9.299999999999999,6.0,0.191500256016385,0.0,18.8
2025,7,00-0034521,Allen Lazard,WR,NYJ,17.0,16.0,6.0,0.0,51.5,4.133333333333334,2.0,0.056790123456790124,0.0,3.6
2025,7,00-0034791,Nick Chubb,RB,HOU,48.0,34.0,46.0,0.0,84.2,9.1,13.333333333333334,0.46441462078134405,0.0,2.1
2025,7,00-0034827,DJ Moore,WR,CHI,56.0,37.0,22.0,0.0,79.8,9.6,6.666666666666667,0.22246548683330292,0.0,8.2
2025,7,00-0034844,Saquon Barkley,RB,PHI,56.0,55.0,70.0,0.0,76.2,14.633333333333335,15.666666666666666,0.6999518396695817,0.0,5.2
2025,7,00-0034854,KhaDarel Hodge,WR,ATL,4.0,0.0,1.0,0.0,41.8,0.0,0.5,0.011904761904761904,0.0,0.0
2025,7,00-0034855,Baker Mayfield,QB,TB,76.0,74.0,53.0,50.0,81.8,21.72,35.333333333333336,0.13354700854700854,0.0,13.12
2025,7,00-0034867,Malik Turner,WR,SF,8.0,0.0,2.0,0.0,56.8,0.0,1.0,0.022727272727272728,0.0,0.0
2025,7,00-0034869,Sam Darnold,QB,SEA,66.0,75.0,24.0,50.0,71.5,21.906666666666666,30.666666666666668,0.06080586080586081,0.0,12.62
2025,7,00-0035208,Olamide Zaccheaus,WR,CHI,50.0,26.0,20.0,0.0,82.6,6.833333333333333,6.0,0.1959800523018914,0.0,2.9
2025,7,00-0035229,T.J. Hockenson,TE,MIN,59.0,59.0,18.0,0.0,80.5,11.200000000000001,5.666666666666667,0.18183940242763774,0.0,10.3
2025,7,00-0035249,Josh Oliver,TE,MIN,17.0,35.0,5.0,0.0,45.6,6.566666666666666,1.6666666666666667,0.051237161531279184,0.0,1.9
2025,7,00-0035250,Devin Singletary,RB,NYG,21.0,9.0,17.0,0.0,65.0,2.4,6.0,0.1672561155319776,0.0,0.2
2025,7,00-0035261,Tony Pollard,RB,TEN,55.0,43.0,77.0,0.0,79.0,11.366666666666667,15.333333333333334,0.766039056959773,0.0,12.1
2025,7,00-0035289,Gardner Minshew,QB,KC,4.0,0.0,25.0,50.0,56.8,-0.3,2.0,0.0625,0.0,-0.3
2025,7,00-0035298,Scott Miller,WR,PIT,8.0,0.0,5.0,0.0,56.8,0.0,1.0,0.045454545454545456,0.0,1.9
2025,7,00-0035406,Lil'Jordan Humphrey,WR,NYG,67.0,36.0,31.0,0.0,56.8,9.5,8.0,0.3076923076923077,0.0,0.0
2025,7,00-0035500,Greg Dortch,WR,ARI,31.0,27.0,11.0,0.0,61.7,7.0,3.6666666666666665,0.10913775766716943,0.0,2.5
2025,7,00-0035602,Alex Bachman,WR,LV,6.0,2.0,2.0,0.0,35.8,0.6333333333333333,0.6666666666666666,0.01936026936026936,0.0,0.0
2025,7,00-0035631,Drew Sample,TE,CIN,21.0,21.0,6.0,0.0,47.0,3.9,2.0,0.06346153846153847,0.0,0.0
2025,7,00-0035640,DK Metcalf,WR,PIT,50.0,70.0,24.0,0.0,74.5,18.433333333333334,6.0,0.24350649350649353,0.0,8.0
2025,7,00-0035644,Noah Fant,TE,CIN,45.0,36.0,13.0,0.0,85.1,6.7,4.333333333333333,0.12844364937388195,0.0,14.4
2025,7,00-0035645,Gunner Olszewski,WR,NYG,0.0,0.0,0.0,0.0,56.8,0.0,0.0,0.0,0.0,0.0
2025,7,00-0035662,Marquise Brown,WR,KC,47.0,53.0,16.0,0.0,74.6,14.033333333333333,5.666666666666667,0.1619047619047619,0.0,9.4
2025,7,00-0035676,A.J. Brown,WR,PHI,72.0,33.0,29.0,0.0,74.8,8.666666666666666,8.666666666666666,0.29082207207207206,0.0,28.1
2025,7,00-0035685,David Montgomery,RB,DET,42.0,34.0,40.0,0.0,51.3,9.173333333333334,11.666666666666666,0.39575491715421746,0.0,5.9
2025,7,00-0035700,Josh Jacobs,RB,GB,88.0,95.0,78.0,0.0,83.5,25.36666666666667,24.666666666666668,0.7845246032342806,0.0,18.8
2025,7,00-0035710,Daniel Jones,QB,IND,71.0,63.0,36.0,50.0,74.5,18.513333333333332,33.0,0.09093474426807761,0.0,20.22
2025,7,00-0036040,Juwan Johnson,TE,NO,31.0,23.0,11.0,0.0,78.5,4.333333333333333,3.0,0.10865177832919769,0.0,12.9
2025,7,00-0036139,Rico Dowdle,RB,CAR,86.0,88.0,75.0,0.0,58.1,23.433333333333334,24.0,0.7490485472941614,0.0,10.6
2025,7,00-0036158,J.K. Dobbins,RB,DEN,63.0,39.0,60.0,0.0,75.2,10.299999999999999,17.666666666666668,0.5989223289223289,0.0,9.0
2025,7,00-0036182,Nick Westbrook-Ikhine,WR,MIA,6.0,1.0,2.0,0.0,35.8,0.3666666666666667,0.6666666666666666,0.02482758620689655,0.0,4.6
2025,7,00-0036212,Tua Tagovailoa,QB,MIA,71.0,58.0,29.0,50.0,82.0,17.006666666666668,32.666666666666664,0.0727342549923195,0.0,4.6
2025,7,00-0036223,Jonathan Taylor,RB,IND,81.0,85.0,90.0,0.0,86.3,22.63333333333333,22.666666666666668,0.896739417989418,0.0,34.2
2025,7,00-0036232,Harrison Bryant,TE,HOU,16.0,4.0,5.0,0.0,57.5,0.75,1.5,0.05399719495091164,0.0,0.0
2025,7,00-0036244,Colby Parkinson,TE,LA,17.0,9.0,5.0,0.0,54.2,1.7,1.6666666666666667,0.04772256728778468,0.0,7.7
2025,7,00-0036252,Michael Pittman,WR,IND,53.0,43.0,20.0,0.0,61.0,11.333333333333334,6.333333333333333,0.2041666666666667,0.0,18.8
2025,7,00-0036259,Jauan Jennings,WR,SF,47.0,33.0,16.0,0.0,44.4,8.666666666666666,5.666666666666667,0.15708355414237768,0.0,7.1
2025,7,00-0036264,Jordan Love,QB,GB,78.0,67.0,57.0,50.0,74.3,19.453333333333333,36.0,0.14228925196667133,0.0,13.36
2025,7,00-0036275,D'Andre Swift,RB,CHI,64.0,65.0,64.0,0.0,83.0,17.433333333333334,18.0,0.6394093348116335,0.0,20.8
2025,7,00-0036290,Cole Kmet,TE,CHI,41.0,29.0,12.0,0.0,39.0,5.533333333333334,4.0,0.11822660098522168,0.0,2.6
2025,7,00-0036309,Darnell Mooney,WR,ATL,44.0,19.0,17.0,0.0,46.5,4.966666666666667,5.333333333333333,0.1657434706215194,0.0,9.8
2025,7,00-0036322,Justin Jefferson,WR,MIN,81.0,69.0,29.0,0.0,83.4,18.133333333333336,9.666666666666666,0.2923669467787115,0.0,12.9
2025,7,00-0036331,Devin Duvernay,WR,CHI,0.0,0.0,0.0,0.0,56.8,0.0,0.0,0.0,0.0,0.0
2025,7,00-0036355,Justin Herbert,QB,LAC,82.0,57.0,35.0,50.0,82.5,16.64,38.0,0.08835707502374168,0.0,31.9
2025,7,00-0036358,CeeDee Lamb,WR,DAL,100.0,73.0,30.0,0.0,88.8,19.1,12.0,0.30273892773892774,0.0,22.0
2025,7,00-0036389,Jalen Hurts,QB,PHI,81.0,70.0,100.0,50.0,89.1,20.506666666666668,37.666666666666664,0.2740469208211143,0.0,24.04
2025,7,00-0036407,Jerry Jeudy,WR,CLE,75.0,26.0,23.0,0.0,71.4,6.866666666666667,9.0,0.22528594771241828,0.0,3.7
2025,7,00-0036410,Tee Higgins,WR,CIN,58.0,36.0,22.0,0.0,83.1,9.533333333333333,7.0,0.2159090909090909,0.0,21.6
2025,7,00-0036415,Van Jefferson,WR,TEN,22.0,19.0,8.0,0.0,31.2,4.966666666666667,2.6666666666666665,0.08312020460358056,0.0,8.1
2025,7,00-0036427,Tyler Johnson,WR,NYJ,14.0,7.0,7.0,0.0,49.5,1.7333333333333334,1.6666666666666667,0.06666666666666667,0.0,9.0
2025,7,00-0036429,Charlie Woerner,TE,ATL,10.0,3.0,2.0,0.0,56.8,0.5,1.0,0.024390243902439025,0.0,0.0
2025,7,00-0036554,Nico Collins,WR,HOU,64.0,66.0,24.0,0.0,75.2,17.433333333333334,7.666666666666667,0.23714487424164843,0.0,6.7
2025,7,00-0036555,Chuba Hubbard,RB,CAR,58.0,48.0,59.0,0.0,78.9,12.733333333333334,16.333333333333332,0.5940276201510065,0.0,7.5
2025,7,00-0036613,Jaylen Waddle,WR,MIA,64.0,59.0,26.0,0.0,79.2,15.54,7.666666666666667,0.26286311389759665,0.0,2.5
2025,7,00-0036620,Dee Eskridge,WR,MIA,3.0,0.0,1.0,0.0,41.8,0.0,0.3333333333333333,0.011494252873563218,0.0,6.5
2025,7,00-0036626,Dyami Brown,WR,JAX,36.0,13.0,15.0,0.0,78.4,3.4,4.333333333333333,0.1535467456520088,0.0,7.0
2025,7,00-0036628,John Bates,TE,WAS,10.0,10.0,4.0,0.0,56.8,1.9,1.0,0.043478260869565216,0.0,1.5
2025,7,00-0036637,Noah Gray,TE,KC,31.0,18.0,9.0,0.0,47.7,3.4333333333333336,3.0,0.09047619047619047,0.0,3.8
2025,7,00-0036646,Simi Fehoko,WR,ARI,0.0,0.0,0.0,0.0,56.8,0.0,0.0,0.0,0.0,0.0
2025,7,00-0036741,Jack Stoll,TE,NO,14.0,21.0,4.0,0.0,31.4,3.933333333333333,1.3333333333333333,0.037723577235772354,0.0,0.0
2025,7,00-0036754,Brock Wright,TE,DET,21.0,37.0,8.0,0.0,38.0,6.900000000000001,2.0,0.07919254658385093,0.0,5.3
2025,7,00-0036842,Kene Nwangwu,RB,NYJ,0.0,0.0,0.0,0.0,56.8,0.0,0.0,0.0,0.0,0.0
2025,7,00-0036862,Ben Skowronek,WR,PIT,3.0,0.0,2.0,0.0,41.8,0.0,0.3333333333333333,0.015151515151515152,0.0,0.0
2025,7,00-0036875,Rhamondre Stevenson,RB,NE,39.0,30.0,41.0,0.0,63.2,7.866666666666667,11.0,0.4066000839949018,0.0,16.8
2025,7,00-0036887,Luke Farrell,TE,SF,14.0,10.0,3.0,0.0,35.5,1.9333333333333333,1.3333333333333333,0.034759358288770054,0.0,2.1
2025,7,00-0036894,Pat Freiermuth,TE,PIT,28.0,17.0,10.0,0.0,54.2,3.266666666666667,2.6666666666666665,0.10180375180375179,0.0,28.1
2025,7,00-0036900,Ja'Marr Chase,WR,CIN,86.0,78.0,33.0,0.0,74.0,20.466666666666665,10.333333333333334,0.3253787878787879,0.0,38.1
2025,7,00-0036912,DeVonta Smith,WR,PHI,47.0,42.0,17.0,0.0,53.6,11.066666666666665,5.666666666666667,0.16995120120120122,0.0,33.3
2025,7,00-0036919,Kenny Gainwell,RB,PIT,50.0,63.0,53.0,0.0,48.2,16.866666666666667,14.0,0.5263902763902765,0.0,3.5
2025,7,00-0036924,Michael Carter,RB,ARI,45.0,34.0,45.0,0.0,36.5,8.933333333333335,12.666666666666666,0.4497949931519911,0.0,5.6
2025,7,00-0036945,Justin Fields,QB,NYJ,80.0,62.0,100.0,50.0,67.8,17.986666666666668,37.0,0.26466275659824046,0.0,4.04
2025,7,00-0036963,Amon-Ra St. Brown,WR,DET,75.0,73.0,36.0,0.0,81.5,19.233333333333334,9.0,0.3617176596886742,0.0,20.6
2025,7,00-0036970,Kyle Pitts,TE,ATL,52.0,54.0,16.0,0.0,71.8,10.233333333333334,5.0,0.1558938045956142,0.0,13.2
2025,7,00-0036971,Trevor Lawrence,QB,JAX,85.0,70.0,100.0,50.0,75.4,20.373333333333335,39.333333333333336,0.2537533738191633,0.0,17.64
2025,7,00-0036972,Mac Jones,QB,SF,100.0,60.0,54.0,50.0,78.8,17.54,46.333333333333336,0.1340909090909091,0.0,7.18
2025,7,00-0036973,Travis Etienne,RB,JAX,64.0,47.0,70.0,0.0,80.4,12.6,18.0,0.697180911194069,0.0,6.5
2025,7,00-0036997,Javonte Williams,RB,DAL,74.0,68.0,80.0,0.0,78.3,18.099999999999998,20.666666666666668,0.796945163658092,0.0,18.8
2025,7,00-0037004,Hunter Long,TE,JAX,24.0,29.0,8.0,0.0,53.1,5.5,2.3333333333333335,0.08372294372294371,0.0,3.6
2025,7,00-0037005,Tommy Tremble,TE,CAR,48.0,44.0,17.0,0.0,51.3,8.266666666666666,4.666666666666667,0.1715167548500882,0.0,1.0
2025,7,00-0037085,Tyler Badie,RB,DEN,5.0,6.0,3.0,0.0,38.5,1.5666666666666667,1.3333333333333333,0.03439153439153439,0.0,3.9
2025,7,00-0037091,Bo Melton,WR,GB,3.0,0.0,1.0,0.0,31.2,0.09999999999999999,0.3333333333333333,0.010101010101010102,0.0,0.0
2025,7,00-0037093,Dareke Young,WR,SEA,3.0,6.0,1.0,0.0,31.2,1.5333333333333332,0.3333333333333333,0.00980392156862745,0.0,0.0
2025,7,00-0037157,Bam Knight,RB,ARI,21.0,27.0,23.0,0.0,33.7,7.266666666666667,6.0,0.22695991747715882,0.0,9.4
2025,7,00-0037197,Isiah Pacheco,RB,KC,42.0,34.0,41.0,0.0,78.3,9.166666666666666,11.666666666666666,0.4061940214957456,0.0,12.4
2025,7,00-0037228,Jaylen Warren,RB,PIT,65.0,48.0,74.0,0.0,76.0,12.933333333333332,18.333333333333332,0.743106893106893,0.0,19.8
2025,7,00-0037238,Drake London,WR,ATL,94.0,85.0,37.0,0.0,69.0,22.433333333333334,11.333333333333334,0.3652887893643204,0.0,8.2
2025,7,00-0037239,Chris Olave,WR,NO,75.0,50.0,33.0,0.0,83.0,13.233333333333334,9.0,0.32648469809760133,0.0,26.8
2025,7,00-0037240,Jameson Williams,WR,DET,50.0,33.0,23.0,0.0,46.3,8.766666666666667,6.0,0.22917443635084814,0.0,0.0
2025,7,00-0037247,George Pickens,WR,DAL,72.0,100.0,25.0,0.0,69.8,26.3,8.666666666666666,0.25195341294412504,0.0,12.2
2025,7,00-0037256,Rachaad White,RB,TB,58.0,62.0,62.0,0.0,73.5,16.433333333333334,16.333333333333332,0.617196209587514,0.0,8.4
2025,7,00-0037263,Tyler Allgeier,RB,ATL,36.0,29.0,29.0,0.0,52.8,7.766666666666666,10.0,0.28981641520766827,0.0,1.6
2025,7,00-0037267,Jerome Ford,RB,CLE,21.0,19.0,18.0,0.0,62.4,5.033333333333334,6.0,0.18330156136528686,0.0,3.0
2025,7,00-0037291,Jalen Nailor,WR,MIN,39.0,27.0,15.0,0.0,89.2,7.033333333333334,4.666666666666667,0.1548989160881744,0.0,5.7
2025,7,00-0037292,Andrew Ogletree,TE,IND,0.0,0.0,0.0,0.0,56.8,0.0,0.0,0.0,0.0,0.0
2025,7,00-0037306,John FitzPatrick,TE,GB,10.0,18.0,4.0,0.0,31.6,3.4666666666666663,1.0,0.04181818181818182,0.0,1.6
2025,7,00-0037348,Tanner Conner,TE,MIA,10.0,10.0,3.0,0.0,31.6,1.8,1.0,0.03169627307558342,0.0,3.8
2025,7,00-0037525,Jordan Mason,RB,MIN,62.0,60.0,69.0,0.0,80.7,16.133333333333333,17.333333333333332,0.6901406846048377,0.0,11.7
2025,7,00-0037545,Rashid Shaheed,WR,NO,50.0,47.0,22.0,0.0,73.4,12.466666666666667,6.0,0.21696102758721358,0.0,8.0
2025,7,00-0037594,Julius Chestnut,RB,TEN,5.0,0.0,6.0,0.0,35.1,0.09999999999999999,1.3333333333333333,0.05590917003960482,0.0,0.0
2025,7,00-0037617,Hassan Haskins,RB,LAC,15.0,7.0,16.0,0.0,38.0,1.9333333333333333,4.333333333333333,0.16091699155295644,0.0,2.5
2025,7,00-0037664,Alec Pierce,WR,IND,39.0,36.0,16.0,0.0,85.8,9.433333333333334,4.666666666666667,0.16161616161616163,0.0,14.8
2025,7,00-0037666,Jalen Tolbert,WR,DAL,22.0,15.0,7.0,0.0,31.2,3.966666666666667,2.6666666666666665,0.07434026242075777,0.0,2.6
2025,7,00-0037744,Trey McBride,TE,ARI,100.0,75.0,26.0,0.0,79.0,14.166666666666666,9.666666666666666,0.26346153846153847,0.0,29.4
2025,7,00-0037746,Brian Robinson,RB,SF,15.0,9.0,15.0,0.0,69.8,2.3666666666666667,4.333333333333333,0.14930555555555555,0.0,3.6
2025,7,00-0037801,KaVontae Turpin,WR,DAL,42.0,39.0,14.0,0.0,79.5,10.166666666666666,5.0,0.13675272096324728,0.0,2.7
2025,7,00-0037805,Jeremy Ruckert,TE,NYJ,17.0,18.0,4.0,0.0,31.2,3.3666666666666667,1.6666666666666667,0.04409171075837742,0.0,0.0
2025,7,00-0037809,Chig Okonkwo,TE,TEN,48.0,37.0,15.0,0.0,68.4,6.933333333333333,4.666666666666667,0.14734683532637496,0.0,0.0
2025,7,00-0037816,Romeo Doubs,WR,GB,53.0,57.0,22.0,0.0,49.3,14.933333333333332,6.333333333333333,0.2161253561253561,0.0,13.2
2025,7,00-0037840,Kyren Williams,RB,LA,67.0,78.0,78.0,0.0,72.1,20.73333333333333,18.666666666666668,0.7781772575250837,0.0,8.5
2025,7,00-0038041,Jake Ferguson,TE,DAL,66.0,94.0,20.0,0.0,68.5,17.733333333333334,6.333333333333333,0.19795813062066933,0.0,21.9
2025,7,00-0038090,Skyy Moore,WR,SF,6.0,0.0,2.0,0.0,35.8,0.03333333333333333,0.6666666666666666,0.02022058823529412,0.0,2.5
2025,7,00-0038104,Tyquan Thornton,WR,KC,44.0,48.0,15.0,0.0,60.4,12.733333333333334,5.333333333333333,0.14642857142857144,0.0,4.9
2025,7,00-0038115,Daniel Bellinger,TE,NYG,21.0,23.0,6.0,0.0,40.7,4.366666666666666,2.0,0.06196581196581197,0.0,17.8
2025,7,00-0038117,Wan'Dale Robinson,WR,NYG,56.0,42.0,24.0,0.0,70.0,11.0,6.666666666666667,0.24440023577954614,0.0,15.5
2025,7,00-0038120,Breece Hall,RB,NYJ,73.0,52.0,73.0,0.0,82.2,13.833333333333334,20.333333333333332,0.7291036323294389,0.0,7.2
2025,7,00-0038129,Cade Otton,TE,TB,52.0,46.0,17.0,0.0,72.8,8.7,5.0,0.17322788926049795,0.0,13.5
2025,7,00-0038134,Kenneth Walker III,RB,SEA,51.0,33.0,53.0,0.0,74.1,8.766666666666667,14.333333333333334,0.52729476405947,0.0,6.6
2025,7,00-0038359,Xavier Smith,WR,LA,0.0,0.0,0.0,0.0,56.8,0.0,0.0,0.0,0.0,3.5
2025,7,00-0038393,Dontayvion Wicks,WR,GB,28.0,15.0,12.0,0.0,82.6,3.8333333333333335,3.3333333333333335,0.11601139601139603,0.0,1.5
2025,7,00-0038440,Zavier Scott,RB,MIN,29.0,30.0,27.0,0.0,61.8,8.066666666666666,8.0,0.26919955920657185,0.0,1.6
2025,7,00-0038465,Malik Heath,WR,GB,6.0,8.0,2.0,0.0,35.4,2.1999999999999997,0.6666666666666666,0.021604938271604937,0.0,0.0
2025,7,00-0038488,Brady Russell,RB,SEA,0.0,0.0,0.0,0.0,56.8,0.0,0.0,0.0,0.0,0.0
2025,7,00-0038496,Xavier Gipson,WR,PHI,0.0,0.0,0.0,0.0,56.8,0.0,0.0,0.0,0.0,0.0
2025,7,00-0038519,Nikko Remigio,WR,KC,0.0,0.0,0.0,0.0,56.8,0.0,0.0,0.0,0.0,0.0
2025,7,00-0038542,Bijan Robinson,RB,ATL,81.0,100.0,74.0,0.0,82.0,26.666666666666668,22.666666666666668,0.7383801742050554,0.0,21.2
2025,7,00-0038543,Jaxon Smith-Njigba,WR,SEA,83.0,89.0,37.0,0.0,74.7,23.46666666666667,10.0,0.36680672268907566,0.0,26.3
2025,7,00-0038544,Quentin Johnston,WR,LAC,75.0,60.0,24.0,0.0,68.0,15.866666666666667,9.0,0.23779612946279616,0.0,11.0
2025,7,00-0038551,Kendre Miller,RB,NO,37.0,28.0,36.0,0.0,78.3,7.533333333333334,10.333333333333334,0.3584694783440761,0.0,0.7
2025,7,00-0038555,Tank Bigsby,RB,PHI,0.0,0.0,0.0,0.0,56.8,0.0,0.0,0.0,0.0,2.0
2025,7,00-0038558,Darnell Washington,TE,PIT,31.0,25.0,12.0,0.0,44.8,4.733333333333333,3.0,0.11608946608946609,0.0,9.2
2025,7,00-0038559,Michael Wilson,WR,ARI,42.0,21.0,14.0,0.0,79.8,5.5,5.0,0.13717948717948716,0.0,7.0
2025,7,00-0038563,Tre Tucker,WR,LV,44.0,35.0,20.0,0.0,76.5,9.1,5.333333333333333,0.19948517432388402,0.0,8.3
2025,7,00-0038564,Cameron Latu,TE,PHI,0.0,0.0,0.0,0.0,56.8,0.0,0.0,0.0,0.0,0.0
2025,7,00-0038573,Derius Davis,WR,LAC,6.0,1.0,3.0,0.0,37.5,0.16666666666666666,0.6666666666666666,0.025238095238095237,0.0,0.0
2025,7,00-0038576,Charlie Jones,WR,CIN,0.0,0.0,0.0,0.0,56.8,0.0,0.0,0.0,0.0,0.0
2025,7,00-0038597,Chase Brown,RB,CIN,48.0,36.0,71.0,0.0,85.2,9.6,13.333333333333334,0.7051767676767676,0.0,12.0
2025,7,00-0038606,Parker Washington,WR,JAX,28.0,18.0,12.0,0.0,65.2,4.8,3.3333333333333335,0.12063311688311688,0.0,10.2
2025,7,00-0038608,Kayshon Boutte,WR,NE,31.0,46.0,16.0,0.0,58.2,12.133333333333333,3.6666666666666665,0.16398225957049486,0.0,13.5
2025,7,00-0038611,Chris Rodriguez Jr.,RB,WAS,27.0,13.0,28.0,0.0,62.8,3.5,7.666666666666667,0.2801677489177489,0.0,7.2
2025,7,00-0038618,Xavier Hutchinson,WR,HOU,25.0,32.0,10.0,0.0,72.4,8.366666666666667,3.0,0.0957501280081925,0.0,2.3
2025,7,00-0038619,Andrei Iosivas,WR,CIN,36.0,23.0,13.0,0.0,52.1,6.133333333333333,4.333333333333333,0.12904040404040404,0.0,7.9
2025,7,00-0038621,DeMario Douglas,WR,NE,33.0,29.0,14.0,0.0,61.7,7.5,4.0,0.13756613756613756,0.0,4.7
2025,7,00-0038685,Chris Brooks,RB,GB,2.0,2.0,2.0,0.0,35.8,0.4000000000000001,0.6666666666666666,0.01936026936026936,0.0,0.0
2025,7,00-0038710,Blake Whiteheart,TE,CLE,7.0,2.0,2.0,0.0,35.0,0.3333333333333333,0.6666666666666666,0.016339869281045753,0.0,1.4
2025,7,00-0038720,Julian Hill,TE,MIA,34.0,27.0,11.0,0.0,72.2,5.066666666666667,3.3333333333333335,0.11165447579240684,0.0,1.1
2025,7,00-0038738,Hunter Luepke,RB,DAL,6.0,14.0,5.0,0.0,58.0,3.766666666666666,1.6666666666666667,0.05310504768709103,0.0,1.3
2025,7,00-0038752,Jake Bobo,WR,SEA,4.0,5.0,2.0,0.0,31.2,1.35,0.5,0.020833333333333332,0.0,1.3
2025,7,00-0038783,Nate Adkins,TE,DEN,21.0,23.0,6.0,0.0,51.5,4.266666666666667,2.0,0.05870980870980871,0.0,4.0
2025,7,00-0038797,Emanuel Wilson,RB,GB,25.0,19.0,21.0,0.0,51.5,5.1000000000000005,7.0,0.21160792612405518,0.0,2.5
2025,7,00-0038824,Ryan Miller,WR,TB,6.0,11.0,2.0,0.0,35.5,3.0,0.6666666666666666,0.020753512132822477,0.0,2.4
2025,7,00-0038840,Brycen Tremayne,WR,CAR,19.0,15.0,8.0,0.0,57.4,4.0,2.3333333333333335,0.08179012345679011,0.0,0.0
2025,7,00-0038896,Jacob Saylors,RB,DET,2.0,1.0,2.0,0.0,31.2,0.3666666666666667,0.6666666666666666,0.022988505747126436,0.0,0.0
2025,7,00-0038938,Jalin Hyatt,WR,NYG,33.0,9.0,13.0,0.0,55.1,2.35,4.0,0.13461538461538464,0.0,0.0
2025,7,00-0038951,Sean Tucker,RB,TB,14.0,14.0,15.0,0.0,35.8,3.8000000000000003,4.0,0.14983974358974358,0.0,1.6
2025,7,00-0038976,Marvin Mims Jr.,WR,DEN,47.0,37.0,17.0,0.0,64.3,9.733333333333333,5.666666666666667,0.16662398662398661,0.0,15.8
2025,7,00-0038994,Jordan Addison,WR,MIN,58.0,58.0,18.0,0.0,93.9,15.25,7.0,0.1834733893557423,0.0,21.8
2025,7,00-0038996,Tucker Kraft,TE,GB,38.0,51.0,13.0,0.0,73.7,9.6,3.6666666666666665,0.12527065527065528,0.0,16.8
2025,7,00-0039021,Roschon Johnson,RB,CHI,1.0,1.0,1.0,0.0,31.2,0.19999999999999998,0.3333333333333333,0.012345679012345678,0.0,1.1
2025,7,00-0039032,Tyjae Spears,RB,TEN,23.0,20.0,31.0,0.0,53.1,5.2,6.5,0.30882352941176466,0.0,7.0
2025,7,00-0039040,De'Von Achane,RB,MIA,73.0,81.0,89.0,0.0,82.2,21.566666666666666,20.333333333333332,0.8861549228178817,0.0,12.8
2025,7,00-0039041,Elijah Higgins,TE,ARI,14.0,15.0,4.0,0.0,35.9,2.8000000000000003,1.3333333333333333,0.039316239316239315,0.0,1.3
2025,7,00-0039065,Sam LaPorta,TE,DET,55.0,77.0,21.0,0.0,76.4,14.533333333333333,5.333333333333333,0.21436392914653782,0.0,4.5
2025,7,00-0039066,Michael Mayer,TE,LV,34.0,33.0,13.0,0.0,31.6,6.3,3.3333333333333335,0.13391016104194398,0.0,2.0
2025,7,00-0039074,Davis Allen,TE,LA,17.0,13.0,5.0,0.0,60.4,2.3666666666666667,1.6666666666666667,0.04846711259754738,0.0,1.4
2025,7,00-0039139,Jahmyr Gibbs,RB,DET,60.0,52.0,62.0,0.0,79.3,13.966666666666669,16.666666666666668,0.6203462578475072,0.0,36.8
2025,7,00-0039150,Bryce Young,QB,CAR,66.0,53.0,28.0,50.0,80.7,15.593333333333334,30.666666666666668,0.06947055137844611,0.0,10.52
2025,7,00-0039163,C.J. Stroud,QB,HOU,73.0,70.0,47.0,50.0,71.2,20.513333333333332,34.0,0.11837168679273942,0.0,15.66
2025,7,00-0039165,Zach Charbonnet,RB,SEA,45.0,36.0,48.0,0.0,82.0,9.633333333333333,12.666666666666666,0.4794063779357897,0.0,19.5
2025,7,00-0039299,George Holani,RB,SEA,0.0,0.0,0.0,0.0,56.8,0.0,0.0,0.0,0.0,0.0
2025,7,00-0039342,Xavier Legette,WR,CAR,39.0,19.0,14.0,0.0,44.5,5.0,4.666666666666667,0.1366413938409966,0.0,24.2
2025,7,00-0039355,Luke McCaffrey,WR,WAS,17.0,33.0,8.0,0.0,70.9,8.799999999999999,2.0,0.08454106280193237,0.0,0.0
2025,7,00-0039356,Ja'Tavion Sanders,TE,CAR,48.0,36.0,11.0,0.0,51.5,6.733333333333333,4.666666666666667,0.1137933160685658,0.0,0.0
2025,7,00-0039363,Isaac Guerendo,RB,SF,0.0,0.0,0.0,0.0,56.8,0.0,0.0,0.0,0.0,0.0
2025,7,00-0039376,Spencer Rattler,QB,NO,72.0,47.0,73.0,50.0,90.1,13.706666666666665,33.333333333333336,0.183461210571185,0.0,18.52
2025,7,00-0039379,Jamari Thrash,WR,CLE,19.0,12.0,6.0,0.0,75.7,3.0666666666666664,2.3333333333333335,0.06127450980392157,0.0,3.3
2025,7,00-0039384,Tyrone Tracy Jr.,RB,NYG,29.0,19.0,27.0,0.0,56.1,5.1000000000000005,8.0,0.2749728666395333,0.0,10.6
2025,7,00-0039391,Kimani Vidal,RB,LAC,32.0,32.0,33.0,0.0,31.2,8.566666666666666,9.0,0.33488710201429495,0.0,7.5
2025,7,00-0039394,Casey Washington,WR,ATL,31.0,12.0,11.0,0.0,51.5,3.0666666666666664,3.6666666666666665,0.10758596242467211,0.0,2.7
2025,7,00-0039407,Dylan Laube,RB,LV,0.0,0.0,0.0,0.0,56.8,0.0,0.0,0.0,0.0,1.4
2025,7,00-0039410,Ryan Flournoy,WR,DAL,58.0,37.0,24.0,0.0,52.7,9.766666666666666,7.0,0.23686312442050672,0.0,0.0
2025,7,00-0039451,Isaiah Williams,WR,NYJ,0.0,0.0,0.0,0.0,56.8,0.0,0.0,0.0,0.0,0.0
2025,7,00-0039521,Xavier Weaver,WR,ARI,8.0,0.0,2.0,0.0,56.8,0.0,1.0,0.025,0.0,0.0
2025,7,00-0039530,Brevyn Spann-Ford,TE,DAL,3.0,2.0,1.0,0.0,31.2,0.39999999999999997,0.3333333333333333,0.00980392156862745,0.0,0.0
2025,7,00-0039589,Kameron Johnson,WR,TB,14.0,21.0,7.0,0.0,31.2,5.533333333333332,1.6666666666666667,0.07185990338164251,0.0,0.0
2025,7,00-0039623,Mason Tipton,WR,NO,0.0,0.0,0.0,0.0,56.8,0.0,0.0,0.0,0.0,0.0
2025,7,00-0039686,Colson Yankoff,TE,WAS,0.0,0.0,0.0,0.0,56.8,0.0,0.0,0.0,0.0,0.0
2025,7,00-0039732,Bo Nix,QB,DEN,90.0,65.0,63.0,50.0,79.0,18.993333333333336,41.666666666666664,0.15643500643500644,0.0,35.96
2025,7,00-0039738,Blake Corum,RB,LA,25.0,9.0,26.0,0.0,56.0,2.4,7.0,0.2565078037904125,0.0,5.3
2025,7,00-0039739,Roman Wilson,WR,PIT,12.0,7.0,5.0,0.0,78.8,1.9500000000000002,1.5,0.05119047619047619,0.0,3.7
2025,7,00-0039746,Will Shipley,RB,PHI,5.0,2.0,6.0,0.0,31.2,0.4666666666666666,1.3333333333333333,0.062209937209937206,0.0,1.7
2025,7,00-0039751,Jordan Whittington,WR,LA,22.0,16.0,8.0,0.0,57.6,4.1,2.6666666666666665,0.08135451505016723,0.0,2.9
2025,7,00-0039793,AJ Barner,TE,SEA,45.0,82.0,15.0,0.0,67.0,15.533333333333331,4.333333333333333,0.15196078431372548,0.0,1.9
2025,7,00-0039798,Isaiah Davis,RB,NYJ,15.0,15.0,15.0,0.0,71.0,4.033333333333333,4.333333333333333,0.15103078920283222,0.0,5.2
2025,7,00-0039816,Anthony Gould,WR,IND,0.0,0.0,0.0,0.0,56.8,0.0,0.0,0.0,0.0,1.3
2025,7,00-0039847,Theo Johnson,TE,NYG,55.0,65.0,19.0,0.0,68.5,12.233333333333334,5.333333333333333,0.19444444444444445,0.0,15.6
2025,7,00-0039849,Marvin Harrison Jr.,WR,ARI,47.0,48.0,16.0,0.0,56.0,12.533333333333333,5.666666666666667,0.15598290598290598,0.0,7.8
2025,7,00-0039851,Drake Maye,QB,NE,63.0,69.0,71.0,50.0,73.0,20.19333333333333,29.333333333333332,0.17671149762362223,0.0,23.08
2025,7,00-0039868,Troy Franklin,WR,DEN,50.0,27.0,17.0,0.0,80.2,7.033333333333334,6.0,0.1744037444037444,0.0,10.9
2025,7,00-0039880,Malik Washington,WR,MIA,44.0,18.0,19.0,0.0,85.6,4.8,5.333333333333333,0.1861483578836193,0.0,8.0
2025,7,00-0039890,Adonai Mitchell,WR,IND,19.0,16.0,8.0,0.0,46.0,4.2,2.3333333333333335,0.07944444444444444,0.0,1.8
2025,7,00-0039893,Brian Thomas Jr.,WR,JAX,67.0,58.0,29.0,0.0,79.5,15.200000000000001,8.0,0.2898971861471861,0.0,6.1
2025,7,00-0039894,Xavier Worthy,WR,KC,69.0,49.0,25.0,0.0,78.8,12.933333333333335,8.333333333333334,0.24628862516793548,0.0,7.8
2025,7,00-0039910,Jayden Daniels,QB,WAS,86.0,69.0,100.0,50.0,85.5,20.16,39.666666666666664,0.325571994502385,0.0,19.74
2025,7,00-0039915,Ladd McConkey,WR,LAC,61.0,51.0,21.0,0.0,68.4,13.333333333333334,7.333333333333333,0.20591808914177334,0.0,15.7
2025,7,00-0039917,Michael Penix Jr.,QB,ATL,73.0,49.0,34.0,50.0,78.9,14.366666666666667,34.0,0.08585487661574619,0.0,14.24
2025,7,00-0039918,Caleb Williams,QB,CHI,80.0,72.0,84.0,50.0,77.5,21.093333333333334,37.0,0.20941808298130138,0.0,6.68
2025,7,00-0039919,Rome Odunze,WR,CHI,56.0,47.0,21.0,0.0,75.8,12.433333333333332,6.666666666666667,0.2148786717752235,0.0,5.1
2025,7,00-0039920,Malachi Corley,WR,CLE,8.0,4.0,3.0,0.0,56.8,1.1,1.0,0.03125,0.0,3.7
2025,7,00-0040009,Savion Williams,WR,GB,19.0,7.0,7.0,0.0,45.6,1.8333333333333337,2.3333333333333335,0.06890797374668342,0.0,0.0
2025,7,00-0040078,Brashard Smith,RB,KC,19.0,23.0,17.0,0.0,78.3,6.099999999999999,5.333333333333333,0.1675324675324675,0.0,13.1
2025,7,00-0040122,Ashton Jeanty,RB,LV,85.0,85.0,81.0,0.0,80.4,22.666666666666668,23.666666666666668,0.810810660367112,0.0,4.4
2025,7,00-0040124,Tetairoa McMillan,WR,CAR,58.0,52.0,26.0,0.0,83.2,13.799999999999999,7.0,0.26146384479717816,0.0,6.3
2025,7,00-0040126,Colston Loveland,TE,CHI,24.0,13.0,8.0,0.0,52.9,2.4,2.3333333333333335,0.08029805443598546,0.0,5.4
2025,7,00-0040128,Tyler Warren,TE,IND,72.0,90.0,24.0,0.0,79.9,17.0,7.0,0.2386904761904762,0.0,16.9
2025,7,00-0040129,Emeka Egbuka,WR,TB,61.0,68.0,23.0,0.0,63.2,17.933333333333334,7.333333333333333,0.22917827945001856,0.0,9.8
2025,7,00-0040130,Jayden Higgins,WR,HOU,17.0,23.0,6.0,0.0,44.3,6.033333333333334,2.0,0.06417477385219321,0.0,0.0
2025,7,00-0040131,Kyle Williams,WR,NE,11.0,2.0,5.0,0.0,50.5,0.5333333333333333,1.3333333333333333,0.04853128991060026,0.0,0.0
2025,7,00-0040134,Pat Bryant,WR,DEN,8.0,5.0,3.0,0.0,31.2,1.4000000000000001,1.0,0.033577533577533576,0.0,1.6
2025,7,00-0040138,Jaylin Noel,WR,HOU,19.0,15.0,7.0,0.0,44.2,4.066666666666667,2.3333333333333335,0.07304690530496982,0.0,11.7
2025,7,00-0040154,Tai Felton,WR,MIN,3.0,2.0,1.0,0.0,31.2,0.6333333333333333,0.3333333333333333,0.013888888888888888,0.0,0.0
2025,7,00-0040162,Dylan Sampson,RB,CLE,12.0,7.0,13.0,0.0,49.8,1.8,3.3333333333333335,0.12529502541757445,0.0,2.7
2025,7,00-0040164,Jaylin Lane,WR,WAS,22.0,15.0,11.0,0.0,80.7,3.9333333333333336,2.6666666666666665,0.10918263986286426,0.0,9.0
2025,7,00-0040170,Elic Ayomanor,WR,TEN,44.0,20.0,19.0,0.0,76.0,5.3,5.333333333333333,0.18650491924149215,0.0,4.9
2025,7,00-0040187,Mitchell Evans,TE,CAR,21.0,39.0,7.0,0.0,50.6,7.266666666666667,2.0,0.06988536155202822,0.0,4.4
2025,7,00-0040189,Oronde Gadsden II,TE,LAC,41.0,35.0,11.0,0.0,36.1,6.6000000000000005,4.0,0.10761913229018492,0.0,29.4
2025,7,00-0040198,Ollie Gordon II,RB,MIA,15.0,2.0,19.0,0.0,53.7,0.6666666666666666,4.333333333333333,0.19410562000105935,0.0,2.3
2025,7,00-0040202,Devin Neal,RB,NO,7.0,3.0,9.0,0.0,56.8,0.9,2.0,0.09090909090909091,0.0,0.1
2025,7,00-0040208,Tahj Brooks,RB,CIN,6.0,2.0,8.0,0.0,31.2,0.5666666666666667,1.6666666666666667,0.07936507936507936,0.0,0.0
2025,7,00-0040218,Jimmy Horn Jr.,WR,CAR,33.0,22.0,15.0,0.0,83.2,5.9,4.0,0.1475824979114453,0.0,2.5
2025,7,00-0040236,Kyle Monangai,RB,CHI,20.0,13.0,21.0,0.0,73.7,3.4,5.666666666666667,0.2053749783634841,0.0,17.4
2025,7,00-0040237,Tez Johnson,WR,TB,25.0,30.0,11.0,0.0,67.7,7.8999999999999995,3.0,0.10651244890375326,0.0,15.8
2025,7,00-0040238,LeQuint Allen Jr.,RB,JAX,5.0,5.0,5.0,0.0,34.0,1.3,1.3333333333333333,0.049924812030075184,0.0,1.4
2025,7,00-0040242,Jacory Croskey-Merritt,RB,WAS,51.0,56.0,53.0,0.0,63.9,14.833333333333334,14.333333333333334,0.5261751455650473,0.0,4.2
2025,7,00-0040259,Gage Larvadain,WR,CLE,17.0,8.0,4.0,0.0,31.2,2.1,2.0,0.0392156862745098,0.0,0.0
2025,7,00-0040432,Beaux Collins,WR,NYG,12.0,3.0,4.0,0.0,31.2,0.85,1.5,0.038461538461538464,0.0,0.0
2025,7,00-0040506,Myles Price,WR,MIN,0.0,0.0,0.0,0.0,56.8,0.0,0.0,0.0,0.0,0.0
2025,7,00-0040534,Ke'Shawn Williams,WR,PIT,0.0,0.0,0.0,0.0,56.8,0.0,0.0,0.0,0.0,0.0
2025,7,00-0040563,Efton Chism III,WR,NE,0.0,0.0,0.0,0.0,56.8,0.0,0.0,0.0,0.0,0.0
2025,7,00-0040581,Dont'e Thornton Jr.,WR,LV,22.0,6.0,10.0,0.0,53.4,1.6333333333333335,2.6666666666666665,0.10123456790123457,0.0,0.0
2025,7,00-0040582,Arian Smith,WR,NYJ,11.0,6.0,5.0,0.0,56.5,1.5333333333333332,1.3333333333333333,0.049206349206349205,0.0,1.0
2025,7,00-0040583,Woody Marks,RB,HOU,45.0,44.0,43.0,0.0,47.5,11.633333333333333,12.666666666666666,0.4266700067209405,0.0,12.5
2025,7,00-0040584,Gunnar Helm,TE,TEN,31.0,23.0,9.0,0.0,56.8,4.366666666666667,3.0,0.08894956337411582,0.0,7.6
2025,7,00-0040586,Jaydon Blue,RB,DAL,12.0,1.0,15.0,0.0,65.7,0.35,3.5,0.14791288566243194,0.0,4.4
2025,7,00-0040590,Konata Mumpfield,WR,LA,17.0,6.0,8.0,0.0,56.8,1.7,2.0,0.07692307692307693,0.0,7.5
2025,7,00-0040644,Trevor Etienne,RB,CAR,18.0,11.0,16.0,0.0,69.9,2.966666666666667,5.0,0.1636614684860299,0.0,0.0
2025,7,00-0040648,Tory Horton,WR,SEA,19.0,19.0,8.0,0.0,47.8,4.966666666666667,2.3333333333333335,0.08088235294117646,0.0,0.0
2025,7,00-0040663,Harold Fannin Jr.,TE,CLE,72.0,55.0,18.0,0.0,69.5,10.299999999999999,7.0,0.17819535221496005,0.0,7.6
2025,7,00-0040667,Matthew Golden,WR,GB,58.0,44.0,23.0,0.0,93.0,11.533333333333333,7.0,0.23497534723341174,0.0,7.7
2025,7,00-0040669,Isaac TeSlaa,WR,DET,11.0,15.0,5.0,0.0,54.0,4.033333333333333,1.3333333333333333,0.05203854116897596,0.0,0.0
2025,7,00-0040676,Cam Ward,QB,TEN,79.0,34.0,43.0,50.0,68.4,9.8,36.666666666666664,0.10648148148148147,0.0,14.2
2025,7,00-0040691,Jaxson Dart,QB,NYG,83.0,74.0,100.0,50.0,88.2,21.673333333333336,38.333333333333336,0.270935960591133,0.0,30.42
2025,7,00-0040704,Dillon Gabriel,QB,CLE,63.0,29.0,8.0,50.0,34.0,8.313333333333334,29.333333333333332,0.020833333333333332,0.0,5.84
2025,7,00-0040705,Chimere Dike,WR,TEN,25.0,8.0,9.0,0.0,48.0,2.033333333333333,3.0,0.09297532826944592,0.0,16.9
2025,7,00-0040715,Cam Skattebo,RB,NYG,83.0,73.0,65.0,0.0,78.9,19.466666666666665,23.333333333333332,0.6520230727127279,0.0,18.4
2025,7,00-0040719,Bhayshul Tuten,RB,JAX,18.0,13.0,19.0,0.0,86.1,3.366666666666667,5.0,0.18509271430324062,0.0,2.2
2025,7,00-0040727,Tre Harris,WR,LAC,19.0,8.0,6.0,0.0,31.2,2.2333333333333334,2.3333333333333335,0.06027606553922343,0.0,4.3
2025,7,00-0040729,Jack Bech,WR,LV,17.0,7.0,6.0,0.0,31.2,1.9000000000000001,2.0,0.06144781144781145,0.0,3.3
2025,7,00-0040730,RJ Harvey,RB,DEN,38.0,40.0,32.0,0.0,54.1,10.766666666666666,10.666666666666666,0.31915420915420917,0.0,7.2
2025,7,00-0040734,TreVeyon Henderson,RB,NE,35.0,27.0,37.0,0.0,78.0,7.3,9.666666666666666,0.3708508043389938,0.0,0.5
2025,7,00-0040735,Luther Burden III,WR,CHI,28.0,39.0,11.0,0.0,58.1,10.166666666666666,3.3333333333333335,0.11170406860062032,0.0,3.1
2025,7,00-0040736,Mason Taylor,TE,NYJ,69.0,50.0,20.0,0.0,47.1,9.466666666666667,6.666666666666667,0.20388007054673718,0.0,6.1
2025,7,00-0040737,Terrance Ferguson,TE,LA,10.0,8.0,3.0,0.0,64.7,1.55,1.0,0.03260869565217391,0.0,10.1
2025,7,00-0040739,Elijah Arroyo,TE,SEA,24.0,18.0,9.0,0.0,48.4,3.3333333333333335,2.3333333333333335,0.09313725490196079,0.0,8.2
2025,7,00-0040784,Quinshon Judkins,RB,CLE,75.0,49.0,80.0,0.0,69.4,12.966666666666669,21.0,0.8007216775599129,0.0,26.4
2025,8,00-0023459,Aaron Rodgers,QB,PIT,68.0,66.0,26.0,50.0,74.9,18.953333333333333,30.333333333333332,0.06428571428571428,0.0,16.76
2025,8,00-0026158,Joe Flacco,QB,CIN,100.0,58.0,44.0,50.0,63.0,16.666666666666664,44.666666666666664,0.10950080515297907,0.0,24.32
2025,8,00-0027973,Andy Dalton,QB,CAR,12.0,10.0,12.0,50.0,37.2,2.8066666666666666,5.333333333333333,0.029629629629629627,0.0,7.1
2025,8,00-0029604,Kirk Cousins,QB,ATL,16.0,4.0,0.0,50.0,56.8,1.16,7.0,0.0,0.0,7.12
2025,8,00-0030035,Adam Thielen,WR,MIN,13.0,6.0,6.0,0.0,67.8,1.7,2.0,0.060744810744810744,0.0,0.0
2025,8,00-0030061,Zach Ertz,TE,WAS,61.0,50.0,17.0,0.0,46.6,9.666666666666666,4.666666666666667,0.17309490416082282,0.0,5.6
2025,8,00-0030279,Keenan Allen,WR,LAC,65.0,50.0,24.0,0.0,65.5,15.466666666666669,10.0,0.24157326185834957,0.0,8.4
2025,8,00-0030506,Travis Kelce,TE,KC,78.0,71.0,18.0,0.0,69.7,13.766666666666667,6.0,0.17941176470588238,0.0,21.9
2025,8,00-0030564,DeAndre Hopkins,WR,BAL,15.0,11.0,9.0,0.0,47.4,3.533333333333333,2.3333333333333335,0.08611111111111112,0.0,2.4
2025,8,00-0031236,Brandin Cooks,WR,NO,7.0,6.0,3.0,0.0,83.1,1.9666666666666668,1.0,0.03432588916459884,0.0,5.2
2025,8,00-0031588,Stefon Diggs,WR,NE,48.0,48.0,28.0,0.0,57.2,14.766666666666666,7.333333333333333,0.28174603174603174,0.0,10.4
2025,8,00-0032104,Ameer Abdullah,RB,IND,8.0,14.0,9.0,0.0,75.0,4.3,2.3333333333333335,0.08952563070316694,0.0,1.8
2025,8,00-0032268,Marcus Mariota,QB,WAS,51.0,51.0,47.0,50.0,64.5,14.813333333333334,22.666666666666668,0.11661255411255411,0.0,15.32
2025,8,00-0032385,Sterling Shepard,WR,TB,35.0,31.0,16.0,0.0,78.5,9.5,5.333333333333333,0.15611714975845412,0.0,1.8
2025,8,00-0032392,Austin Hooper,TE,NE,17.0,24.0,6.0,0.0,59.0,4.666666666666667,1.3333333333333333,0.06127450980392157,0.0,5.8
2025,8,00-0032764,Derrick Henry,RB,BAL,60.0,34.0,71.0,0.0,76.8,10.366666666666667,17.666666666666668,0.707070189384431,0.0,19.1
2025,8,00-0032775,Demarcus Robinson,WR,SF,24.0,14.0,10.0,0.0,44.2,4.433333333333334,3.6666666666666665,0.09595959595959595,0.0,2.5
2025,8,00-0032950,Carson Wentz,QB,MIN,98.0,62.0,54.0,50.0,83.7,17.753333333333334,43.666666666666664,0.13478260869565217,0.0,9.76
2025,8,00-0033077,Dak Prescott,QB,DAL,80.0,85.0,68.0,50.0,88.5,24.626666666666665,35.666666666666664,0.1693109302734032,0.0,10.62
2025,8,00-0033090,Hunter Henry,TE,NE,52.0,34.0,16.0,0.0,85.2,6.533333333333334,4.0,0.15873015873015875,0.0,7.7
2025,8,00-0033280,Christian McCaffrey,RB,SF,100.0,100.0,96.0,0.0,87.6,30.366666666666664,29.333333333333332,0.9607367534999115,0.0,9.8
2025,8,00-0033282,Curtis Samuel,WR,BUF,13.0,20.0,8.0,0.0,71.8,6.25,2.0,0.0787878787878788,0.0,0.0
2025,8,00-0033288,George Kittle,TE,SF,39.0,32.0,11.0,0.0,58.1,6.25,3.0,0.10795454545454546,0.0,14.3
2025,8,00-0033293,Aaron Jones,RB,MIN,29.0,30.0,38.0,0.0,60.8,9.0,8.5,0.3842346250240987,0.0,5.0
2025,8,00-0033307,Kendrick Bourne,WR,SF,48.0,51.0,20.0,0.0,55.8,15.6,7.333333333333333,0.196969696969697,0.0,7.4
2025,8,00-0033357,Taysom Hill,TE,NO,48.0,16.0,14.0,0.0,48.1,3.186666666666666,3.6666666666666665,0.1418804829084509,0.0,2.2
2025,8,00-0033526,Samaje Perine,RB,CIN,25.0,14.0,35.0,0.0,82.8,4.4,7.333333333333333,0.35144927536231885,0.0,17.0
2025,8,00-0033555,Mack Hollins,WR,NE,15.0,21.0,10.0,0.0,74.8,6.5,2.3333333333333335,0.09831154684095861,0.0,15.9
2025,8,00-0033572,Jamal Agnew,WR,ATL,0.0,0.0,0.0,0.0,56.8,0.0,0.0,0.0,0.0,0.0
2025,8,00-0033854,Dare Ogunbowale,RB,HOU,1.0,0.0,1.0,0.0,41.8,0.0,0.3333333333333333,0.007246376811594203,0.0,2.7
2025,8,00-0033857,JuJu Smith-Schuster,WR,KC,20.0,20.0,9.0,0.0,85.0,6.3,3.0,0.09012605042016807,0.0,4.9
2025,8,00-0033858,Jonnu Smith,TE,PIT,61.0,35.0,17.0,0.0,68.6,6.733333333333334,4.666666666666667,0.16747835497835495,0.0,3.7
2025,8,00-0033869,Mitchell Trubisky,QB,BUF,11.0,3.0,28.0,50.0,56.8,0.98,5.0,0.06976744186046512,0.0,0.88
2025,8,00-0033873,Patrick Mahomes,QB,KC,94.0,100.0,95.0,50.0,85.6,28.813333333333333,42.0,0.2383719448479751,0.0,26.96
2025,8,00-0033881,Evan Engram,TE,DEN,91.0,56.0,20.0,0.0,84.9,10.800000000000002,7.0,0.20254955446444808,0.0,7.6
2025,8,00-0033885,David Njoku,TE,CLE,78.0,48.0,16.0,0.0,50.6,9.200000000000001,6.0,0.16237745098039216,0.0,13.7
2025,8,00-0033906,Alvin Kamara,RB,NO,49.0,31.0,61.0,0.0,84.4,9.333333333333334,14.333333333333334,0.6103794572815281,0.0,6.5
2025,8,00-0033923,Kareem Hunt,RB,KC,22.0,27.0,23.0,0.0,54.4,8.299999999999999,6.333333333333333,0.22778454374333265,0.0,17.2
2025,8,00-0033955,Jeremy McNichols,RB,WAS,16.0,17.0,17.0,0.0,74.4,5.266666666666667,4.666666666666667,0.17401878937643314,0.0,11.8
2025,8,00-0034348,Courtland Sutton,WR,DEN,50.0,38.0,20.0,0.0,60.1,11.766666666666666,7.666666666666667,0.2019761168697339,0.0,10.7
2025,8,00-0034351,Dallas Goedert,TE,PHI,100.0,72.0,24.0,0.0,56.5,13.9,7.666666666666667,0.23914267528397967,0.0,17.8
2025,8,00-0034367,Nyheim Hines,RB,LAC,0.0,0.0,0.0,0.0,56.8,0.0,0.0,0.0,0.0,-0.2
2025,8,00-0034383,Dalton Schultz,TE,HOU,96.0,65.0,21.0,0.0,77.8,12.6,7.333333333333333,0.20840846857677153,0.0,4.4
2025,8,00-0034419,Braxton Berrios,WR,HOU,20.0,3.0,7.0,0.0,56.8,0.9,3.0,0.06521739130434782,0.0,8.8
2025,8,00-0034521,Allen Lazard,WR,NYJ,13.0,7.0,6.0,0.0,62.9,2.2333333333333334,2.0,0.06047675940149058,0.0,1.5
2025,8,00-0034613,Tanner Hudson,TE,CIN,65.0,57.0,12.0,0.0,56.8,11.0,5.0,0.125,0.0,1.9
2025,8,00-0034753,Mark Andrews,TE,BAL,87.0,36.0,23.0,0.0,70.8,6.933333333333334,6.666666666666667,0.2284159159159159,0.0,6.4
2025,8,00-0034791,Nick Chubb,RB,HOU,40.0,25.0,39.0,0.0,70.5,7.466666666666666,11.666666666666666,0.38926119302325884,0.0,8.9
2025,8,00-0034827,DJ Moore,WR,CHI,39.0,26.0,20.0,0.0,89.8,8.066666666666666,6.0,0.20345891868880375,0.0,11.6
2025,8,00-0034844,Saquon Barkley,RB,PHI,49.0,35.0,72.0,0.0,70.7,10.566666666666666,14.333333333333334,0.7154575276857885,0.0,33.4
2025,8,00-0034854,KhaDarel Hodge,WR,ATL,2.0,0.0,1.0,0.0,41.8,0.0,0.3333333333333333,0.007936507936507936,0.0,6.1
2025,8,00-0034855,Baker Mayfield,QB,TB,85.0,66.0,43.0,50.0,66.9,19.14,38.0,0.10790598290598291,0.0,6.08
2025,8,00-0034857,Josh Allen,QB,BUF,75.0,81.0,100.0,50.0,87.5,23.226666666666663,33.666666666666664,0.25969827586206895,0.0,23.22
2025,8,00-0034975,Justice Hill,RB,BAL,27.0,44.0,29.0,0.0,50.4,13.433333333333332,8.0,0.29292144311494156,0.0,0.2
2025,8,00-0034981,Foster Moreau,TE,NO,13.0,10.0,4.0,0.0,56.8,1.9,1.0,0.038461538461538464,0.0,0.0
2025,8,00-0035021,Ashton Dulin,WR,IND,15.0,11.0,8.0,0.0,31.2,3.4333333333333336,2.3333333333333335,0.0818452380952381,0.0,0.2
2025,8,00-0035208,Olamide Zaccheaus,WR,CHI,37.0,18.0,19.0,0.0,71.9,5.599999999999999,5.666666666666667,0.18520008514261388,0.0,10.3
2025,8,00-0035229,T.J. Hockenson,TE,MIN,87.0,48.0,18.0,0.0,82.7,9.333333333333334,6.666666666666667,0.17542914601738133,0.0,4.6
2025,8,00-0035250,Devin Singletary,RB,NYG,15.0,5.0,13.0,0.0,39.5,1.5333333333333332,4.333333333333333,0.13253389330975537,0.0,3.8
2025,8,00-0035261,Tony Pollard,RB,TEN,47.0,39.0,69.0,0.0,81.1,11.866666666666667,13.666666666666666,0.6924682034976154,0.0,6.3
2025,8,00-0035359,David Sills,WR,ATL,13.0,6.0,5.0,0.0,56.8,1.9,2.0,0.04878048780487805,0.0,3.4
2025,8,00-0035535,Darius Slayton,WR,NYG,30.0,22.0,16.0,0.0,87.0,6.833333333333333,4.666666666666667,0.1623931623931624,0.0,4.6
2025,8,00-0035537,Ty Johnson,RB,BUF,7.0,4.0,7.0,0.0,49.1,1.2,2.0,0.07293508694370764,0.0,0.6
2025,8,00-0035594,Travis Homer,RB,CHI,0.0,0.0,0.0,0.0,56.8,0.0,0.0,0.0,0.0,0.0
2025,8,00-0035640,DK Metcalf,WR,PIT,41.0,55.0,23.0,0.0,70.8,17.033333333333335,6.333333333333333,0.23498376623376624,0.0,16.5
2025,8,00-0035644,Noah Fant,TE,CIN,57.0,49.0,13.0,0.0,76.1,9.566666666666668,4.333333333333333,0.12706552706552707,0.0,7.1
2025,8,00-0035645,Gunner Olszewski,WR,NYG,0.0,0.0,0.0,0.0,56.8,0.0,0.0,0.0,0.0,0.0
2025,8,00-0035659,Terry McLaurin,WR,WAS,37.0,27.0,20.0,0.0,71.6,8.3,5.666666666666667,0.19505108556832695,0.0,14.4
2025,8,00-0035662,Marquise Brown,WR,KC,35.0,42.0,15.0,0.0,69.7,12.9,5.333333333333333,0.15350140056022407,0.0,0.0
2025,8,00-0035689,Dawson Knox,TE,BUF,22.0,21.0,6.0,0.0,58.6,4.133333333333334,1.6666666666666667,0.06301476301476301,0.0,2.5
2025,8,00-0035700,Josh Jacobs,RB,GB,72.0,91.0,69.0,0.0,82.5,27.5,21.0,0.6927921514878036,0.0,13.5
2025,8,00-0035710,Daniel Jones,QB,IND,78.0,71.0,59.0,50.0,79.9,20.46,34.666666666666664,0.14752549651100375,0.0,23.18
2025,8,00-0035719,Deebo Samuel Sr.,WR,WAS,57.0,53.0,37.0,0.0,69.8,16.366666666666667,8.666666666666666,0.36840530125943866,0.0,4.2
2025,8,00-0035993,Tyler Huntley,QB,BAL,40.0,23.0,32.0,50.0,56.8,6.62,18.0,0.08108108108108109,0.0,16.74
2025,8,00-0036040,Juwan Johnson,TE,NO,57.0,35.0,14.0,0.0,53.8,6.699999999999999,4.333333333333333,0.14392059553349876,0.0,10.3
2025,8,00-0036139,Rico Dowdle,RB,CAR,92.0,84.0,81.0,0.0,72.3,25.633333333333336,27.0,0.810401807236131,0.0,5.4
2025,8,00-0036158,J.K. Dobbins,RB,DEN,58.0,31.0,65.0,0.0,75.0,9.466666666666667,17.0,0.6483783198676817,0.0,14.1
2025,8,00-0036182,Nick Westbrook-Ikhine,WR,MIA,13.0,6.0,7.0,0.0,37.0,1.8999999999999997,2.0,0.069272030651341,0.0,2.8
2025,8,00-0036187,Reggie Gilliam,RB,BUF,0.0,0.0,0.0,0.0,56.8,0.0,0.0,0.0,0.0,0.0
2025,8,00-0036212,Tua Tagovailoa,QB,MIA,72.0,46.0,34.0,50.0,66.8,13.313333333333333,32.0,0.08593073593073593,0.0,24.2
2025,8,00-0036223,Jonathan Taylor,RB,IND,74.0,96.0,84.0,0.0,89.2,29.166666666666668,21.666666666666668,0.8379488727858293,0.0,37.4
2025,8,00-0036232,Harrison Bryant,TE,HOU,13.0,3.0,4.0,0.0,32.2,0.5,1.0,0.035998129967274424,0.0,0.0
2025,8,00-0036252,Michael Pittman,WR,IND,39.0,41.0,19.0,0.0,61.9,12.566666666666668,6.0,0.19375,0.0,23.5
2025,8,00-0036259,Jauan Jennings,WR,SF,30.0,14.0,17.0,0.0,59.0,4.3999999999999995,4.666666666666667,0.17305407011289364,0.0,8.5
2025,8,00-0036264,Jordan Love,QB,GB,84.0,68.0,63.0,50.0,76.1,19.533333333333335,37.333333333333336,0.15724951377125293,0.0,26.3
2025,8,00-0036275,D'Andre Swift,RB,CHI,65.0,68.0,61.0,0.0,87.9,20.766666666666666,19.0,0.6140316665029308,0.0,15.1
2025,8,00-0036309,Darnell Mooney,WR,ATL,37.0,22.0,15.0,0.0,48.6,6.900000000000001,5.666666666666667,0.14854770342575221,0.0,2.1
2025,8,00-0036322,Justin Jefferson,WR,MIN,70.0,59.0,28.0,0.0,88.1,18.26666666666667,10.666666666666666,0.2806148100265747,0.0,14.4
2025,8,00-0036331,Devin Duvernay,WR,CHI,0.0,0.0,0.0,0.0,56.8,0.0,0.0,0.0,0.0,1.2
2025,8,00-0036355,Justin Herbert,QB,LAC,99.0,78.0,75.0,50.0,65.8,22.433333333333337,44.333333333333336,0.18771604938271605,0.0,27.28
2025,8,00-0036358,CeeDee Lamb,WR,DAL,70.0,65.0,29.0,0.0,85.5,20.066666666666666,10.666666666666666,0.2907148407148407,0.0,14.6
2025,8,00-0036389,Jalen Hurts,QB,PHI,80.0,77.0,94.0,50.0,84.0,22.05333333333333,35.666666666666664,0.2352437417654809,0.0,25.36
2025,8,00-0036407,Jerry Jeudy,WR,CLE,48.0,18.0,21.0,0.0,61.8,5.5,7.333333333333333,0.2111247276688453,0.0,0.0
2025,8,00-0036410,Tee Higgins,WR,CIN,54.0,48.0,20.0,0.0,81.2,14.666666666666666,8.333333333333334,0.19907407407407407,0.0,11.4
2025,8,00-0036415,Van Jefferson,WR,TEN,24.0,23.0,11.0,0.0,52.5,7.066666666666667,3.6666666666666665,0.11498294970161978,0.0,1.6
2025,8,00-0036422,Adam Trautman,TE,DEN,17.0,13.0,3.0,0.0,31.2,2.4333333333333336,1.3333333333333333,0.03306878306878307,0.0,0.0
2025,8,00-0036427,Tyler Johnson,WR,NYJ,15.0,15.0,8.0,0.0,57.0,4.733333333333333,2.3333333333333335,0.08305171530977982,0.0,15.4
2025,8,00-0036550,Rashod Bateman,WR,BAL,13.0,6.0,8.0,0.0,47.0,1.7333333333333334,2.0,0.08263888888888889,0.0,7.1
2025,8,00-0036555,Chuba Hubbard,RB,CAR,57.0,30.0,54.0,0.0,85.9,9.0,16.666666666666668,0.5427408687489332,0.0,9.4
2025,8,00-0036613,Jaylen Waddle,WR,MIA,46.0,45.0,23.0,0.0,62.5,13.773333333333333,7.0,0.22730755834204108,0.0,20.9
2025,8,00-0036620,Dee Eskridge,WR,MIA,7.0,7.0,3.0,0.0,31.2,2.1666666666666665,1.0,0.03371647509578544,0.0,0.0
2025,8,00-0036628,John Bates,TE,WAS,20.0,9.0,5.0,0.0,81.3,1.7,1.5,0.05399719495091164,0.0,3.2
2025,8,00-0036630,Tylan Wallace,WR,BAL,7.0,3.0,3.0,0.0,31.2,0.7999999999999999,1.0,0.034126984126984124,0.0,1.6
2025,8,00-0036637,Noah Gray,TE,KC,17.0,16.0,4.0,0.0,63.1,3.1333333333333333,1.3333333333333333,0.04313725490196079,0.0,4.3
2025,8,00-0036741,Jack Stoll,TE,NO,22.0,20.0,5.0,0.0,46.8,3.933333333333333,1.6666666666666667,0.048476265407815376,0.0,0.0
2025,8,00-0036825,Feleipe Franks,TE,ATL,4.0,0.0,1.0,0.0,31.2,0.06666666666666667,0.3333333333333333,0.010416666666666666,0.0,0.0
2025,8,00-0036862,Ben Skowronek,WR,PIT,2.0,0.0,2.0,0.0,41.8,0.0,0.3333333333333333,0.015151515151515152,0.0,2.3
2025,8,00-0036875,Rhamondre Stevenson,RB,NE,49.0,39.0,48.0,0.0,65.6,11.766666666666666,14.333333333333334,0.47798840944002235,0.0,5.9
2025,8,00-0036887,Luke Farrell,TE,SF,13.0,7.0,3.0,0.0,36.2,1.3,1.0,0.030303030303030304,0.0,0.0
2025,8,00-0036894,Pat Freiermuth,TE,PIT,43.0,55.0,12.0,0.0,42.0,10.600000000000001,3.3333333333333335,0.11985930735930735,0.0,4.3
2025,8,00-0036900,Ja'Marr Chase,WR,CIN,100.0,100.0,37.0,0.0,76.3,30.733333333333334,15.333333333333334,0.37453703703703706,0.0,21.1
2025,8,00-0036912,DeVonta Smith,WR,PHI,57.0,67.0,30.0,0.0,64.3,20.53333333333333,8.666666666666666,0.3015937132784959,0.0,14.4
2025,8,00-0036919,Kenny Gainwell,RB,PIT,48.0,49.0,53.0,0.0,41.9,14.833333333333334,14.0,0.5307900432900433,0.0,5.5
2025,8,00-0036945,Justin Fields,QB,NYJ,69.0,36.0,99.0,50.0,52.0,10.286666666666667,31.0,0.24799608993157377,0.0,16.86
2025,8,00-0036970,Kyle Pitts,TE,ATL,83.0,62.0,20.0,0.0,65.0,12.0,6.333333333333333,0.19970590938332874,0.0,14.9
2025,8,00-0036972,Mac Jones,QB,SF,96.0,52.0,65.0,50.0,72.8,14.846666666666666,42.666666666666664,0.16128389154704945,0.0,18.02
2025,8,00-0036980,Elijah Moore,WR,BUF,15.0,7.0,9.0,0.0,44.2,2.033333333333333,2.3333333333333335,0.08544040835707502,0.0,2.4
2025,8,00-0036997,Javonte Williams,RB,DAL,70.0,59.0,76.0,0.0,78.3,18.033333333333335,20.666666666666668,0.7629646374874129,0.0,17.9
2025,8,00-0037005,Tommy Tremble,TE,CAR,30.0,18.0,10.0,0.0,41.8,3.533333333333333,2.3333333333333335,0.09893610968879785,0.0,1.4
2025,8,00-0037013,Zach Wilson,QB,MIA,20.0,5.0,33.0,50.0,56.8,1.58,9.0,0.08333333333333333,0.0,0.0
2025,8,00-0037085,Tyler Badie,RB,DEN,7.0,9.0,5.0,0.0,88.0,2.8666666666666667,2.0,0.04857593155465496,0.0,0.6
2025,8,00-0037091,Bo Melton,WR,GB,2.0,0.0,1.0,0.0,31.2,0.09999999999999999,0.3333333333333333,0.010101010101010102,0.0,0.0
2025,8,00-0037112,Jake Tonges,TE,SF,100.0,75.0,20.0,0.0,79.9,14.566666666666668,7.666666666666667,0.19716775599128541,0.0,7.2
2025,8,00-0037120,Tyler Goodson,RB,IND,5.0,3.0,5.0,0.0,72.8,0.8,1.5,0.05133928571428571,0.0,0.2
2025,8,00-0037197,Isiah Pacheco,RB,KC,48.0,30.0,45.0,0.0,80.4,9.033333333333333,14.0,0.4462649889071004,0.0,5.8
2025,8,00-0037228,Jaylen Warren,RB,PIT,66.0,45.0,80.0,0.0,74.3,13.733333333333334,19.333333333333332,0.7951902264402264,0.0,9.3
2025,8,00-0037239,Chris Olave,WR,NO,61.0,60.0,32.0,0.0,78.4,18.5,9.333333333333334,0.3217535153019024,0.0,14.0
2025,8,00-0037247,George Pickens,WR,DAL,46.0,63.0,22.0,0.0,63.8,19.233333333333334,7.0,0.22212885154061626,0.0,14.8
2025,8,00-0037248,James Cook,RB,BUF,67.0,40.0,71.0,0.0,66.7,12.033333333333333,19.666666666666668,0.7094087425983977,0.0,33.6
2025,8,00-0037256,Rachaad White,RB,TB,61.0,54.0,82.0,0.0,81.0,16.366666666666667,18.0,0.815315867707172,0.0,8.1
2025,8,00-0037258,Dameon Pierce,RB,HOU,19.0,4.0,18.0,0.0,65.8,1.3,5.5,0.18013468013468015,0.0,0.0
2025,8,00-0037261,Khalil Shakir,WR,BUF,43.0,38.0,25.0,0.0,69.6,11.733333333333334,6.666666666666667,0.2513543927337031,0.0,20.8
2025,8,00-0037263,Tyler Allgeier,RB,ATL,35.0,26.0,33.0,0.0,59.5,7.833333333333333,10.333333333333334,0.32573016564952045,0.0,9.4
2025,8,00-0037267,Jerome Ford,RB,CLE,20.0,18.0,20.0,0.0,71.3,5.6000000000000005,6.0,0.1984860863537334,0.0,0.9
2025,8,00-0037291,Jalen Nailor,WR,MIN,28.0,22.0,12.0,0.0,87.1,6.7,4.333333333333333,0.11964250583176413,0.0,0.0
2025,8,00-0037292,Andrew Ogletree,TE,IND,0.0,0.0,0.0,0.0,56.8,0.0,0.0,0.0,0.0,0.0
2025,8,00-0037306,John FitzPatrick,TE,GB,13.0,19.0,4.0,0.0,31.2,3.5999999999999996,1.0,0.03857142857142857,0.0,1.4
2025,8,00-0037348,Tanner Conner,TE,MIA,26.0,16.0,7.0,0.0,68.6,3.0666666666666664,2.0,0.06502960640891675,0.0,2.6
2025,8,00-0037525,Jordan Mason,RB,MIN,58.0,40.0,74.0,0.0,88.4,12.166666666666666,17.0,0.7354889781999757,0.0,1.6
2025,8,00-0037545,Rashid Shaheed,WR,NO,43.0,39.0,23.0,0.0,67.9,12.066666666666668,6.666666666666667,0.22746071133167908,0.0,16.5
2025,8,00-0037563,Malik Davis,RB,DAL,0.0,0.0,0.0,0.0,56.8,0.0,0.0,0.0,0.0,0.3
2025,8,00-0037594,Julius Chestnut,RB,TEN,2.0,0.0,2.0,0.0,31.2,0.09999999999999999,0.6666666666666666,0.022897897897897895,0.0,0.5
2025,8,00-0037664,Alec Pierce,WR,IND,41.0,35.0,22.0,0.0,69.7,10.766666666666666,6.333333333333333,0.21527777777777776,0.0,8.9
2025,8,00-0037666,Jalen Tolbert,WR,DAL,9.0,5.0,4.0,0.0,55.5,1.4666666666666668,1.3333333333333333,0.04393090569561157,0.0,12.7
2025,8,00-0037741,Jahan Dotson,WR,PHI,11.0,7.0,5.0,0.0,37.1,2.033333333333333,1.6666666666666667,0.047860360360360364,0.0,11.0
2025,8,00-0037746,Brian Robinson,RB,SF,19.0,9.0,16.0,0.0,63.9,2.8666666666666667,5.666666666666667,0.15880847953216373,0.0,0.0
2025,8,00-0037801,KaVontae Turpin,WR,DAL,22.0,19.0,10.0,0.0,59.6,5.966666666666668,3.3333333333333335,0.09841328262380894,0.0,0.8
2025,8,00-0037805,Jeremy Ruckert,TE,NYJ,22.0,12.0,4.0,0.0,31.2,2.2666666666666666,1.6666666666666667,0.04249871991807475,0.0,3.4
2025,8,00-0037809,Chig Okonkwo,TE,TEN,57.0,33.0,12.0,0.0,54.8,6.466666666666666,4.333333333333333,0.12470190779014308,0.0,9.3
2025,8,00-0037816,Romeo Doubs,WR,GB,54.0,58.0,28.0,0.0,77.0,17.833333333333332,8.333333333333334,0.28469678469678467,0.0,7.4
2025,8,00-0037837,Calvin Austin III,WR,PIT,24.0,20.0,15.0,0.0,57.6,6.3,3.6666666666666665,0.1505050505050505,0.0,6.8
2025,8,00-0037838,Isaiah Likely,TE,BAL,20.0,12.0,6.0,0.0,84.3,2.4000000000000004,1.5,0.05625,0.0,2.8
2025,8,00-0038041,Jake Ferguson,TE,DAL,83.0,100.0,21.0,0.0,69.5,19.366666666666667,6.333333333333333,0.2143323996265173,0.0,0.0
2025,8,00-0038046,Charlie Kolar,TE,BAL,22.0,11.0,6.0,0.0,44.0,2.066666666666667,1.6666666666666667,0.06279761904761905,0.0,8.0
2025,8,00-0038090,Skyy Moore,WR,SF,4.0,3.0,3.0,0.0,35.1,0.8666666666666667,0.6666666666666666,0.02556818181818182,0.0,0.0
2025,8,00-0038115,Daniel Bellinger,TE,NYG,39.0,50.0,9.0,0.0,55.8,9.766666666666667,3.0,0.09125874125874127,0.0,3.1
2025,8,00-0038117,Wan'Dale Robinson,WR,NYG,59.0,48.0,28.0,0.0,75.8,14.699999999999998,9.0,0.282279023658334,0.0,7.8
2025,8,00-0038120,Breece Hall,RB,NYJ,62.0,36.0,70.0,0.0,73.0,10.866666666666667,18.333333333333332,0.7039542894381604,0.0,32.86
2025,8,00-0038129,Cade Otton,TE,TB,87.0,61.0,20.0,0.0,83.2,11.9,6.666666666666667,0.19903985507246377,0.0,8.0
2025,8,00-0038440,Zavier Scott,RB,MIN,23.0,22.0,24.0,0.0,57.4,6.599999999999999,6.666666666666667,0.235807187981101,0.0,4.4
2025,8,00-0038454,Keaton Mitchell,RB,BAL,7.0,4.0,10.0,0.0,31.2,1.15,2.0,0.10394736842105262,0.0,4.3
2025,8,00-0038465,Malik Heath,WR,GB,2.0,2.0,1.0,0.0,31.2,0.6333333333333333,0.3333333333333333,0.009259259259259259,0.0,5.9
2025,8,00-0038496,Xavier Gipson,WR,PHI,0.0,0.0,0.0,0.0,56.8,0.0,0.0,0.0,0.0,1.3
2025,8,00-0038519,Nikko Remigio,WR,KC,0.0,0.0,0.0,0.0,56.8,0.0,0.0,0.0,0.0,0.0
2025,8,00-0038542,Bijan Robinson,RB,ATL,81.0,93.0,81.0,0.0,86.1,28.366666666666664,23.666666666666668,0.8086012967061355,0.0,7.8
2025,8,00-0038547,Luke Schoonmaker,TE,DAL,26.0,10.0,6.0,0.0,85.5,1.9666666666666668,2.0,0.06096122659590151,0.0,4.5
2025,8,00-0038555,Tank Bigsby,RB,PHI,2.0,2.0,3.0,0.0,31.2,0.6666666666666666,0.6666666666666666,0.028985507246376812,0.0,10.4
2025,8,00-0038564,Cameron Latu,TE,PHI,0.0,0.0,0.0,0.0,56.8,0.0,0.0,0.0,0.0,0.0
2025,8,00-0038573,Derius Davis,WR,LAC,2.0,0.0,1.0,0.0,31.2,0.06666666666666667,0.3333333333333333,0.011904761904761904,0.0,0.0
2025,8,00-0038576,Charlie Jones,WR,CIN,0.0,0.0,0.0,0.0,56.8,0.0,0.0,0.0,0.0,0.0
2025,8,00-0038597,Chase Brown,RB,CIN,48.0,34.0,63.0,0.0,84.9,10.233333333333333,14.0,0.6265499194847021,0.0,25.5
2025,8,00-0038608,Kayshon Boutte,WR,NE,22.0,51.0,13.0,0.0,62.5,15.699999999999998,3.3333333333333335,0.13293650793650794,0.0,16.5
2025,8,00-0038611,Chris Rodriguez Jr.,RB,WAS,17.0,15.0,20.0,0.0,59.2,4.6000000000000005,5.0,0.2012987012987013,0.0,0.2
2025,8,00-0038618,Xavier Hutchinson,WR,HOU,22.0,25.0,10.0,0.0,65.2,7.6000000000000005,3.3333333333333335,0.09695785747679155,0.0,17.9
2025,8,00-0038619,Andrei Iosivas,WR,CIN,33.0,25.0,12.0,0.0,62.4,7.533333333333334,5.0,0.12129629629629629,0.0,0.0
2025,8,00-0038621,DeMario Douglas,WR,NE,22.0,27.0,13.0,0.0,67.1,8.166666666666666,3.3333333333333335,0.13293650793650794,0.0,5.7
2025,8,00-0038685,Chris Brooks,RB,GB,3.0,1.0,3.0,0.0,69.0,0.4000000000000001,1.0,0.031265031265031266,0.0,0.0
2025,8,00-0038738,Hunter Luepke,RB,DAL,5.0,13.0,4.0,0.0,55.4,4.0,1.3333333333333333,0.04262371615312791,0.0,0.2
2025,8,00-0038783,Nate Adkins,TE,DEN,26.0,25.0,6.0,0.0,51.5,4.766666666666667,2.0,0.05617688064496575,0.0,0.0
2025,8,00-0038797,Emanuel Wilson,RB,GB,25.0,17.0,25.0,0.0,52.8,5.1000000000000005,7.333333333333333,0.24595308073568942,0.0,11.7
2025,8,00-0038840,Brycen Tremayne,WR,CAR,11.0,9.0,5.0,0.0,31.2,2.8333333333333335,1.6666666666666667,0.05401234567901234,0.0,0.0
2025,8,00-0038933,Dalton Kincaid,TE,BUF,61.0,76.0,17.0,0.0,72.0,14.733333333333334,4.666666666666667,0.17104377104377103,0.0,3.3
2025,8,00-0038951,Sean Tucker,RB,TB,16.0,14.0,18.0,0.0,56.9,4.333333333333333,4.666666666666667,0.18428418803418803,0.0,10.2
2025,8,00-0038976,Marvin Mims Jr.,WR,DEN,39.0,27.0,17.0,0.0,66.5,8.166666666666666,6.0,0.1735302089557409,0.0,1.8
2025,8,00-0038994,Jordan Addison,WR,MIN,57.0,57.0,22.0,0.0,79.0,17.433333333333334,8.666666666666666,0.22487969546793077,0.0,11.6
2025,8,00-0038996,Tucker Kraft,TE,GB,74.0,68.0,19.0,0.0,62.2,13.233333333333334,5.666666666666667,0.19098494098494098,0.0,33.3
2025,8,00-0038997,Josh Downs,WR,IND,43.0,37.0,22.0,0.0,77.1,11.333333333333334,6.666666666666667,0.21875,0.0,12.9
2025,8,00-0039032,Tyjae Spears,RB,TEN,25.0,19.0,39.0,0.0,62.2,5.8,7.333333333333333,0.38643790849673204,0.0,17.2
2025,8,00-0039040,De'Von Achane,RB,MIA,65.0,66.0,90.0,0.0,79.9,20.133333333333333,19.0,0.8969597452356073,0.0,20.1
2025,8,00-0039064,Zay Flowers,WR,BAL,50.0,40.0,28.0,0.0,84.6,12.399999999999999,7.666666666666667,0.27638888888888885,0.0,14.1
2025,8,00-0039067,Rashee Rice,WR,KC,65.0,75.0,29.0,0.0,56.8,23.2,10.0,0.29411764705882354,0.0,25.5
2025,8,00-0039144,Luke Musgrave,TE,GB,22.0,15.0,6.0,0.0,62.6,2.8333333333333335,1.6666666666666667,0.05959164292497626,0.0,1.5
2025,8,00-0039163,C.J. Stroud,QB,HOU,83.0,73.0,35.0,50.0,72.5,20.94666666666667,37.0,0.087411934470758,0.0,23.72
2025,8,00-0039342,Xavier Legette,WR,CAR,35.0,42.0,19.0,0.0,39.8,12.799999999999999,5.333333333333333,0.18706263867554193,0.0,3.7
2025,8,00-0039355,Luke McCaffrey,WR,WAS,11.0,18.0,6.0,0.0,57.8,5.433333333333334,1.6666666666666667,0.06437977247935171,0.0,5.4
2025,8,00-0039356,Ja'Tavion Sanders,TE,CAR,57.0,27.0,11.0,0.0,39.9,5.166666666666667,4.333333333333333,0.10588692770676944,0.0,4.9
2025,8,00-0039376,Spencer Rattler,QB,NO,75.0,53.0,66.0,50.0,85.3,15.233333333333334,33.666666666666664,0.1638533674339301,0.0,6.64
2025,8,00-0039379,Jamari Thrash,WR,CLE,13.0,11.0,7.0,0.0,76.8,3.266666666666667,2.0,0.06706154684095861,0.0,5.1
2025,8,00-0039384,Tyrone Tracy Jr.,RB,NYG,26.0,18.0,25.0,0.0,54.9,5.6000000000000005,7.666666666666667,0.24769112060778728,0.0,7.3
2025,8,00-0039391,Kimani Vidal,RB,LAC,47.0,36.0,55.0,0.0,47.2,11.066666666666668,13.666666666666666,0.5532512995451592,0.0,19.7
2025,8,00-0039394,Casey Washington,WR,ATL,15.0,6.0,8.0,0.0,61.6,1.8666666666666665,2.3333333333333335,0.078485433324143,0.0,3.5
2025,8,00-0039398,Joe Milton III,QB,DAL,11.0,6.0,0.0,50.0,56.8,1.64,5.0,0.0,0.0,6.32
2025,8,00-0039410,Ryan Flournoy,WR,DAL,39.0,27.0,21.0,0.0,32.9,8.233333333333333,6.0,0.20649875195087108,0.0,1.7
2025,8,00-0039424,Devaughn Vele,WR,NO,11.0,14.0,5.0,0.0,67.3,4.3,1.6666666666666667,0.04756946051433949,0.0,2.0
2025,8,00-0039451,Isaiah Williams,WR,NYJ,0.0,0.0,0.0,0.0,56.8,0.0,0.0,0.0,0.0,8.6
2025,8,00-0039491,Jalen Coker,WR,CAR,13.0,0.0,6.0,0.0,56.8,0.0,2.0,0.06451612903225806,0.0,6.6
2025,8,00-0039530,Brevyn Spann-Ford,TE,DAL,4.0,2.0,1.0,0.0,31.2,0.39999999999999997,0.3333333333333333,0.00980392156862745,0.0,1.9
2025,8,00-0039589,Kameron Johnson,WR,TB,13.0,18.0,8.0,0.0,34.0,5.533333333333332,2.0,0.07852657004830917,0.0,0.0
2025,8,00-0039603,British Brooks,RB,HOU,7.0,5.0,6.0,0.0,56.8,1.5,2.0,0.06060606060606061,0.0,0.0
2025,8,00-0039623,Mason Tipton,WR,NO,3.0,0.0,2.0,0.0,41.8,0.0,0.5,0.016129032258064516,0.0,0.0
2025,8,00-0039648,David Martin-Robinson,TE,TEN,7.0,18.0,1.0,0.0,31.2,3.55,0.5,0.014705882352941176,0.0,0.0
2025,8,00-0039732,Bo Nix,QB,DEN,99.0,75.0,69.0,50.0,71.7,21.733333333333334,44.0,0.1718253968253968,0.0,25.78
2025,8,00-0039739,Roman Wilson,WR,PIT,11.0,8.0,5.0,0.0,73.9,2.5333333333333337,1.6666666666666667,0.05496031746031746,0.0,17.4
2025,8,00-0039746,Will Shipley,RB,PHI,5.0,3.0,6.0,0.0,34.0,1.0333333333333332,1.3333333333333333,0.06281380194423673,0.0,0.2
2025,8,00-0039757,Terrell Jennings,RB,NE,17.0,6.0,14.0,0.0,56.8,1.8,5.0,0.1388888888888889,0.0,1.5
2025,8,00-0039796,Rasheen Ali,RB,BAL,0.0,0.0,0.0,0.0,56.8,0.0,0.0,0.0,0.0,0.0
2025,8,00-0039798,Isaiah Davis,RB,NYJ,16.0,14.0,17.0,0.0,67.4,4.2,4.666666666666667,0.1669692314853605,0.0,15.9
2025,8,00-0039816,Anthony Gould,WR,IND,2.0,1.0,1.0,0.0,31.2,0.43333333333333335,0.3333333333333333,0.010416666666666666,0.0,0.0
2025,8,00-0039847,Theo Johnson,TE,NYG,78.0,72.0,18.0,0.0,72.0,13.866666666666667,6.0,0.18181818181818185,0.0,5.0
2025,8,00-0039851,Drake Maye,QB,NE,74.0,70.0,87.0,50.0,81.8,20.146666666666665,33.0,0.21630281307700663,0.0,28.28
2025,8,00-0039868,Troy Franklin,WR,DEN,43.0,24.0,18.0,0.0,73.8,7.5,6.666666666666667,0.18183366672728374,0.0,26.9
2025,8,00-0039875,Ray Davis,RB,BUF,6.0,11.0,6.0,0.0,56.0,3.4333333333333336,1.6666666666666667,0.05904619805481875,0.0,1.6
2025,8,00-0039880,Malik Washington,WR,MIA,41.0,20.0,21.0,0.0,79.4,6.1000000000000005,6.333333333333333,0.21353187042842214,0.0,13.6
2025,8,00-0039890,Adonai Mitchell,WR,IND,13.0,16.0,6.0,0.0,36.1,4.8,2.0,0.06319444444444444,0.0,0.0
2025,8,00-0039894,Xavier Worthy,WR,KC,43.0,32.0,20.0,0.0,77.9,9.833333333333334,6.666666666666667,0.1966105832194488,0.0,10.3
2025,8,00-0039901,Keon Coleman,WR,BUF,37.0,26.0,22.0,0.0,75.8,7.966666666666666,5.666666666666667,0.2153069153069153,0.0,6.0
2025,8,00-0039912,Ben Sinnott,TE,WAS,7.0,4.0,1.0,0.0,31.2,0.85,0.5,0.0125,0.0,3.2
2025,8,00-0039915,Ladd McConkey,WR,LAC,67.0,58.0,24.0,0.0,80.3,17.866666666666667,10.333333333333334,0.24445662768031187,0.0,20.8
2025,8,00-0039918,Caleb Williams,QB,CHI,81.0,47.0,74.0,50.0,69.9,13.613333333333335,36.0,0.1852801519468186,0.0,13.8
2025,8,00-0039919,Rome Odunze,WR,CHI,41.0,30.0,21.0,0.0,69.1,9.066666666666666,6.333333333333333,0.21154533844189016,0.0,18.4
2025,8,00-0039920,Malachi Corley,WR,CLE,10.0,8.0,7.0,0.0,59.2,2.4000000000000004,1.5,0.07118055555555555,0.0,3.1
2025,8,00-0040009,Savion Williams,WR,GB,11.0,6.0,5.0,0.0,31.2,1.866666666666667,1.6666666666666667,0.0474025974025974,0.0,7.9
2025,8,00-0040078,Brashard Smith,RB,KC,31.0,27.0,25.0,0.0,47.4,8.266666666666667,9.0,0.25061130882508215,0.0,0.8
2025,8,00-0040124,Tetairoa McMillan,WR,CAR,39.0,41.0,23.0,0.0,74.0,12.5,6.0,0.23189395232405985,0.0,16.9
2025,8,00-0040126,Colston Loveland,TE,CHI,43.0,22.0,12.0,0.0,83.1,4.2,3.3333333333333335,0.12353037766830871,0.0,6.8
2025,8,00-0040128,Tyler Warren,TE,IND,78.0,85.0,20.0,0.0,77.3,16.533333333333335,6.0,0.19652777777777777,0.0,9.3
2025,8,00-0040129,Emeka Egbuka,WR,TB,50.0,47.0,21.0,0.0,57.8,14.5,7.666666666666667,0.21088768115942028,0.0,6.5
2025,8,00-0040130,Jayden Higgins,WR,HOU,17.0,18.0,8.0,0.0,49.4,5.533333333333334,2.6666666666666665,0.07665464502771656,0.0,13.4
2025,8,00-0040134,Pat Bryant,WR,DEN,13.0,6.0,5.0,0.0,33.0,1.9333333333333336,2.0,0.05400981996726678,0.0,12.0
2025,8,00-0040138,Jaylin Noel,WR,HOU,28.0,24.0,11.0,0.0,57.0,7.5,4.333333333333333,0.11451228372686999,0.0,11.3
2025,8,00-0040162,Dylan Sampson,RB,CLE,14.0,9.0,15.0,0.0,70.2,2.766666666666667,4.0,0.15196697365815012,0.0,7.9
2025,8,00-0040164,Jaylin Lane,WR,WAS,24.0,18.0,13.0,0.0,62.5,5.666666666666667,3.6666666666666665,0.13203210222845566,0.0,1.0
2025,8,00-0040170,Elic Ayomanor,WR,TEN,30.0,16.0,14.0,0.0,87.7,4.800000000000001,4.666666666666667,0.13713897721250665,0.0,9.2
2025,8,00-0040189,Oronde Gadsden II,TE,LAC,78.0,78.0,14.0,0.0,44.8,15.200000000000001,6.0,0.13614766081871343,0.0,18.7
2025,8,00-0040194,Jackson Hawes,TE,BUF,13.0,20.0,4.0,0.0,73.7,3.8333333333333335,1.0,0.04083052749719416,0.0,3.5
2025,8,00-0040198,Ollie Gordon II,RB,MIA,15.0,4.0,21.0,0.0,52.0,1.1,4.333333333333333,0.21423595561526595,0.0,13.6
2025,8,00-0040202,Devin Neal,RB,NO,5.0,2.0,7.0,0.0,57.1,0.5,1.5,0.0748663101604278,0.0,4.1
2025,8,00-0040208,Tahj Brooks,RB,CIN,6.0,2.0,8.0,0.0,31.2,0.5666666666666667,1.6666666666666667,0.07936507936507936,0.0,0.0
2025,8,00-0040218,Jimmy Horn Jr.,WR,CAR,24.0,16.0,13.0,0.0,73.6,4.766666666666667,3.6666666666666665,0.1291529675443088,0.0,0.9
2025,8,00-0040236,Kyle Monangai,RB,CHI,30.0,27.0,27.0,0.0,43.8,8.200000000000001,8.666666666666666,0.27283803255067623,0.0,2.4
2025,8,00-0040237,Tez Johnson,WR,TB,35.0,40.0,15.0,0.0,74.2,12.4,5.333333333333333,0.14514492753623187,0.0,9.3
2025,8,00-0040242,Jacory Croskey-Merritt,RB,WAS,56.0,45.0,57.0,0.0,67.8,13.666666666666666,16.333333333333332,0.5686040428326543,0.0,2.5
2025,8,00-0040259,Gage Larvadain,WR,CLE,11.0,5.0,4.0,0.0,32.5,1.4000000000000001,1.6666666666666667,0.04466230936819172,0.0,0.3
2025,8,00-0040277,Jahdae Walker,WR,CHI,0.0,0.0,0.0,0.0,56.8,0.0,0.0,0.0,0.0,0.0
2025,8,00-0040429,Josh Williams,RB,TB,0.0,0.0,0.0,0.0,56.8,0.0,0.0,0.0,0.0,1.1
2025,8,00-0040432,Beaux Collins,WR,NYG,9.0,2.0,4.0,0.0,31.2,0.5666666666666667,1.3333333333333333,0.035742035742035744,0.0,2.8
2025,8,00-0040494,Max Brosmer,QB,MIN,6.0,2.0,9.0,50.0,37.2,0.5299999999999999,2.5,0.021739130434782608,0.0,0.52
2025,8,00-0040506,Myles Price,WR,MIN,0.0,0.0,0.0,0.0,56.8,0.0,0.0,0.0,0.0,0.0
2025,8,00-0040509,Ben Yurosek,TE,MIN,0.0,0.0,0.0,0.0,56.8,0.0,0.0,0.0,0.0,1.5
2025,8,00-0040534,Ke'Shawn Williams,WR,PIT,0.0,0.0,0.0,0.0,56.8,0.0,0.0,0.0,0.0,0.0
2025,8,00-0040547,Nate Carter,RB,ATL,24.0,15.0,30.0,0.0,56.8,4.6,7.0,0.30434782608695654,0.0,1.4
2025,8,00-0040582,Arian Smith,WR,NYJ,11.0,4.0,6.0,0.0,44.5,1.1333333333333333,1.6666666666666667,0.062416794674859194,0.0,3.3
2025,8,00-0040583,Woody Marks,RB,HOU,51.0,47.0,54.0,0.0,54.5,14.266666666666666,15.0,0.5351986457382052,0.0,15.1
2025,8,00-0040584,Gunnar Helm,TE,TEN,57.0,32.0,13.0,0.0,77.4,6.166666666666667,4.333333333333333,0.12654014308426073,0.0,10.3
2025,8,00-0040586,Jaydon Blue,RB,DAL,17.0,6.0,18.0,0.0,52.5,1.7000000000000002,5.0,0.18498851875703348,0.0,2.9
2025,8,00-0040644,Trevor Etienne,RB,CAR,9.0,6.0,8.0,0.0,32.1,1.866666666666667,2.6666666666666665,0.08032813515269656,0.0,1.6
2025,8,00-0040663,Harold Fannin Jr.,TE,CLE,83.0,59.0,20.0,0.0,71.3,11.333333333333334,6.333333333333333,0.19961873638344227,0.0,18.4
2025,8,00-0040667,Matthew Golden,WR,GB,39.0,35.0,20.0,0.0,80.1,10.733333333333334,6.0,0.19700299700299703,0.0,3.4
2025,8,00-0040676,Cam Ward,QB,TEN,87.0,43.0,28.0,50.0,75.0,12.36,38.666666666666664,0.06944444444444445,0.0,14.76
2025,8,00-0040691,Jaxson Dart,QB,NYG,92.0,87.0,97.0,50.0,85.0,25.2,41.0,0.24365421455938696,0.0,19.42
2025,8,00-0040704,Dillon Gabriel,QB,CLE,81.0,36.0,24.0,50.0,58.3,10.26,36.333333333333336,0.061237373737373736,0.0,15.54
2025,8,00-0040705,Chimere Dike,WR,TEN,28.0,25.0,14.0,0.0,57.9,7.8,4.333333333333333,0.14390125419537184,0.0,16.4
2025,8,00-0040715,Cam Skattebo,RB,NYG,74.0,72.0,65.0,0.0,86.7,21.933333333333334,21.666666666666668,0.6475497682394235,0.0,10.0
2025,8,00-0040727,Tre Harris,WR,LAC,17.0,12.0,7.0,0.0,39.0,3.6666666666666665,2.6666666666666665,0.06521433714416171,0.0,8.8
2025,8,00-0040730,RJ Harvey,RB,DEN,22.0,22.0,22.0,0.0,93.7,6.566666666666666,6.333333333333333,0.22308549606421946,0.0,24.1
2025,8,00-0040734,TreVeyon Henderson,RB,NE,25.0,11.0,27.0,0.0,51.2,3.266666666666667,7.333333333333333,0.26969386646806,0.0,7.5
2025,8,00-0040735,Luther Burden III,WR,CHI,20.0,15.0,10.0,0.0,59.9,4.6,3.0,0.0994955300127714,0.0,0.9
2025,8,00-0040736,Mason Taylor,TE,NYJ,78.0,40.0,17.0,0.0,38.4,7.666666666666667,6.0,0.1712237583205325,0.0,14.4
2025,8,00-0040743,Tyler Shough,QB,NO,4.0,0.0,0.0,50.0,56.8,0.0,2.0,0.0,0.0,6.32
2025,8,00-0040782,Isaiah Bond,WR,CLE,39.0,18.0,16.0,0.0,73.7,5.533333333333334,6.0,0.16441993464052287,0.0,0.0
2025,8,00-0040784,Quinshon Judkins,RB,CLE,72.0,48.0,75.0,0.0,68.2,14.6,21.0,0.7547719845513964,0.0,4.7
2025,9,00-0023459,Aaron Rodgers,QB,PIT,77.0,72.0,11.0,50.0,75.0,20.273333333333333,34.0,0.02857142857142857,0.0,12.12
2025,9,00-0026158,Joe Flacco,QB,CIN,100.0,79.0,41.0,50.0,72.5,22.353333333333335,44.333333333333336,0.10144927536231885,0.0,34.7
2025,9,00-0026498,Matthew Stafford,QB,LA,85.0,78.0,41.0,50.0,71.3,22.093333333333334,37.666666666666664,0.1017928535732134,0.0,26.84
2025,9,00-0030061,Zach Ertz,TE,WAS,61.0,55.0,23.0,0.0,81.7,11.533333333333331,6.333333333333333,0.22526881720430106,0.0,8.6
2025,9,00-0030279,Keenan Allen,WR,LAC,47.0,52.0,22.0,0.0,58.8,14.666666666666666,8.666666666666666,0.21726770630279402,0.0,6.1
2025,9,00-0030506,Travis Kelce,TE,KC,58.0,71.0,20.0,0.0,67.3,14.699999999999998,6.0,0.19607843137254902,0.0,10.6
2025,9,00-0030564,DeAndre Hopkins,WR,BAL,13.0,15.0,9.0,0.0,62.0,4.333333333333333,2.3333333333333335,0.09015151515151516,0.0,0.0
2025,9,00-0030565,Geno Smith,QB,LV,63.0,28.0,57.0,50.0,69.8,7.786666666666666,28.0,0.14227272727272727,0.0,28.26
2025,9,00-0031236,Brandin Cooks,WR,NO,11.0,11.0,5.0,0.0,52.0,3.1999999999999997,2.0,0.050239867659222504,0.0,3.6
2025,9,00-0031381,Davante Adams,WR,LA,51.0,57.0,28.0,0.0,75.0,16.066666666666666,9.333333333333334,0.27590284112023244,0.0,23.0
2025,9,00-0031588,Stefon Diggs,WR,NE,27.0,36.0,21.0,0.0,71.4,10.033333333333333,5.0,0.21135265700483094,0.0,12.8
2025,9,00-0031687,Raheem Mostert,RB,LV,18.0,3.0,17.0,0.0,42.9,1.0,4.333333333333333,0.16502450980392158,0.0,2.4
2025,9,00-0032104,Ameer Abdullah,RB,IND,11.0,8.0,11.0,0.0,78.1,2.6999999999999997,2.6666666666666665,0.1118007629782992,0.0,1.5
2025,9,00-0032211,Tyler Lockett,WR,LV,16.0,8.0,9.0,0.0,67.2,2.1333333333333333,3.0,0.08628113407525173,0.0,0.0
2025,9,00-0032392,Austin Hooper,TE,NE,16.0,26.0,7.0,0.0,65.1,5.466666666666666,1.6666666666666667,0.07065217391304347,0.0,3.0
2025,9,00-0032464,Kalif Raymond,WR,DET,5.0,6.0,4.0,0.0,31.2,1.5666666666666667,1.0,0.03571428571428571,0.0,0.0
2025,9,00-0032764,Derrick Henry,RB,BAL,90.0,44.0,73.0,0.0,81.5,14.133333333333335,21.333333333333332,0.7320256261045736,0.0,13.1
2025,9,00-0032775,Demarcus Robinson,WR,SF,13.0,11.0,8.0,0.0,53.0,2.966666666666667,2.3333333333333335,0.07741205154998258,0.0,0.0
2025,9,00-0033077,Dak Prescott,QB,DAL,81.0,66.0,61.0,50.0,83.0,18.74,36.0,0.15336728919071874,0.0,17.4
2025,9,00-0033090,Hunter Henry,TE,NE,29.0,33.0,13.0,0.0,67.7,6.8999999999999995,3.0,0.12560386473429952,0.0,9.1
2025,9,00-0033106,Jared Goff,QB,DET,65.0,63.0,22.0,50.0,87.2,17.76,28.666666666666668,0.055528107158541944,0.0,19.36
2025,9,00-0033110,Tyler Higbee,TE,LA,48.0,38.0,15.0,0.0,71.8,7.8,5.0,0.15355477855477856,0.0,10.3
2025,9,00-0033119,Jacoby Brissett,QB,ARI,68.0,53.0,45.0,50.0,38.1,14.82,30.0,0.1130952380952381,0.0,24.84
2025,9,00-0033217,Mo Alie-Cox,TE,IND,16.0,10.0,5.0,0.0,76.9,2.0,1.6666666666666667,0.05315656565656565,0.0,0.0
2025,9,00-0033246,Johnny Mundt,TE,JAX,23.0,10.0,7.0,0.0,69.1,2.0,2.3333333333333335,0.0746031746031746,0.0,0.0
2025,9,00-0033280,Christian McCaffrey,RB,SF,100.0,77.0,100.0,0.0,72.6,24.333333333333332,23.666666666666668,0.9990204525594725,0.0,34.3
2025,9,00-0033282,Curtis Samuel,WR,BUF,7.0,15.0,5.0,0.0,35.4,4.166666666666667,1.3333333333333333,0.05252525252525253,0.0,1.6
2025,9,00-0033288,George Kittle,TE,SF,35.0,43.0,13.0,0.0,59.0,8.933333333333334,3.6666666666666665,0.12944096133751307,0.0,6.9
2025,9,00-0033293,Aaron Jones,RB,MIN,37.0,24.0,45.0,0.0,60.8,7.666666666666667,8.666666666666666,0.4521160126423284,0.0,11.8
2025,9,00-0033307,Kendrick Bourne,WR,SF,27.0,36.0,16.0,0.0,49.7,10.0,5.0,0.1596133751306165,0.0,5.4
2025,9,00-0033357,Taysom Hill,TE,NO,26.0,18.0,13.0,0.0,59.6,3.6999999999999997,2.6666666666666665,0.12632492735289533,0.0,3.0
2025,9,00-0033526,Samaje Perine,RB,CIN,37.0,27.0,39.0,0.0,66.3,8.433333333333334,8.666666666666666,0.39198506807202466,0.0,0.5
2025,9,00-0033555,Mack Hollins,WR,NE,24.0,33.0,18.0,0.0,58.4,9.333333333333334,4.333333333333333,0.18015297906602257,0.0,2.9
2025,9,00-0033572,Jamal Agnew,WR,ATL,0.0,0.0,0.0,0.0,56.8,0.0,0.0,0.0,0.0,0.0
2025,9,00-0033854,Dare Ogunbowale,RB,HOU,4.0,3.0,3.0,0.0,31.2,0.9,1.0,0.025277565895414866,0.0,1.2
2025,9,00-0033857,JuJu Smith-Schuster,WR,KC,15.0,24.0,9.0,0.0,81.6,6.7,2.6666666666666665,0.08595938375350141,0.0,1.2
2025,9,00-0033858,Jonnu Smith,TE,PIT,45.0,34.0,15.0,0.0,69.1,7.1000000000000005,4.666666666666667,0.15428187403993857,0.0,5.5
2025,9,00-0033873,Patrick Mahomes,QB,KC,88.0,100.0,77.0,50.0,84.4,28.22666666666667,39.0,0.19190729838332868,0.0,10.5
2025,9,00-0033881,Evan Engram,TE,DEN,61.0,43.0,20.0,0.0,81.9,8.899999999999999,6.333333333333333,0.19637671495827524,0.0,0.0
2025,9,00-0033906,Alvin Kamara,RB,NO,52.0,26.0,60.0,0.0,75.0,8.333333333333334,12.333333333333334,0.6036411060270478,0.0,2.7
2025,9,00-0033923,Kareem Hunt,RB,KC,30.0,25.0,22.0,0.0,52.1,7.8,7.0,0.2238072710160599,0.0,12.5
2025,9,00-0033955,Jeremy McNichols,RB,WAS,25.0,26.0,22.0,0.0,81.3,8.266666666666667,6.0,0.21646185355862776,0.0,0.0
2025,9,00-0034348,Courtland Sutton,WR,DEN,35.0,33.0,18.0,0.0,62.0,9.366666666666665,6.333333333333333,0.18345759835121536,0.0,10.0
2025,9,00-0034365,Ian Thomas,TE,LV,13.0,10.0,4.0,0.0,31.4,2.1333333333333333,1.3333333333333333,0.04292929292929293,0.0,1.9
2025,9,00-0034383,Dalton Schultz,TE,HOU,61.0,55.0,16.0,0.0,60.1,11.4,6.333333333333333,0.1632956866218843,0.0,13.7
2025,9,00-0034407,Ray-Ray McCloud,WR,NYG,16.0,5.0,10.0,0.0,53.3,1.4333333333333333,3.0,0.09803746389112243,0.0,1.5
2025,9,00-0034418,Cedrick Wilson Jr.,WR,MIA,5.0,4.0,4.0,0.0,56.8,1.2,1.0,0.038461538461538464,0.0,1.7
2025,9,00-0034419,Braxton Berrios,WR,HOU,22.0,17.0,10.0,0.0,57.0,4.8500000000000005,4.0,0.09839816933638443,0.0,0.0
2025,9,00-0034613,Tanner Hudson,TE,CIN,34.0,31.0,9.0,0.0,54.5,6.45,3.5,0.0928030303030303,0.0,6.2
2025,9,00-0034753,Mark Andrews,TE,BAL,48.0,28.0,18.0,0.0,69.1,5.733333333333333,5.0,0.18498157248157246,0.0,16.6
2025,9,00-0034775,Christian Kirk,WR,HOU,29.0,25.0,16.0,0.0,71.5,6.966666666666666,5.333333333333333,0.16470387438129372,0.0,6.6
2025,9,00-0034791,Nick Chubb,RB,HOU,55.0,24.0,42.0,0.0,66.2,7.7,13.0,0.4165934124607415,0.0,3.4
2025,9,00-0034796,Lamar Jackson,QB,BAL,68.0,80.0,100.0,50.0,78.0,22.666666666666668,30.333333333333332,0.2722001081134208,0.0,25.56
2025,9,00-0034827,DJ Moore,WR,CHI,40.0,33.0,25.0,0.0,86.2,9.333333333333332,7.333333333333333,0.2528147963055509,0.0,22.98
2025,9,00-0034854,KhaDarel Hodge,WR,ATL,15.0,7.0,9.0,0.0,31.2,2.033333333333333,2.6666666666666665,0.08888888888888889,0.0,0.0
2025,9,00-0034857,Josh Allen,QB,BUF,71.0,78.0,86.0,50.0,80.5,22.013333333333332,31.333333333333332,0.2153530377668309,0.0,28.82
2025,9,00-0034869,Sam Darnold,QB,SEA,74.0,74.0,33.0,50.0,70.8,20.753333333333334,33.0,0.08158508158508158,0.0,29.2
2025,9,00-0034960,Jakobi Meyers,WR,LV,31.0,26.0,23.0,0.0,83.7,7.366666666666667,5.666666666666667,0.23282828282828283,0.0,6.3
2025,9,00-0034975,Justice Hill,RB,BAL,23.0,12.0,18.0,0.0,32.2,3.9333333333333322,5.333333333333333,0.17695505656031973,0.0,3.5
2025,9,00-0035021,Ashton Dulin,WR,IND,11.0,9.0,7.0,0.0,31.2,2.566666666666667,2.0,0.06746031746031746,0.0,0.0
2025,9,00-0035208,Olamide Zaccheaus,WR,CHI,33.0,21.0,20.0,0.0,69.6,6.0,6.0,0.19631119625372498,0.0,17.8
2025,9,00-0035229,T.J. Hockenson,TE,MIN,58.0,40.0,17.0,0.0,69.7,8.233333333333334,6.0,0.169079939668175,0.0,9.1
2025,9,00-0035250,Devin Singletary,RB,NYG,11.0,5.0,9.0,0.0,58.6,1.6666666666666667,2.6666666666666665,0.09337190587190587,0.0,7.1
2025,9,00-0035261,Tony Pollard,RB,TEN,52.0,26.0,64.0,0.0,83.6,8.366666666666665,12.333333333333334,0.6356814167108285,0.0,7.8
2025,9,00-0035359,David Sills,WR,ATL,14.0,9.0,7.0,0.0,76.7,2.65,2.5,0.07439024390243903,0.0,0.0
2025,9,00-0035500,Greg Dortch,WR,ARI,13.0,19.0,7.0,0.0,68.7,5.2,2.3333333333333335,0.06747109100050276,0.0,0.9
2025,9,00-0035535,Darius Slayton,WR,NYG,27.0,21.0,19.0,0.0,84.6,6.033333333333334,5.0,0.19370629370629375,0.0,11.2
2025,9,00-0035537,Ty Johnson,RB,BUF,13.0,4.0,10.0,0.0,65.0,1.4000000000000001,3.0,0.10061365837227905,0.0,10.0
2025,9,00-0035594,Travis Homer,RB,CHI,0.0,0.0,0.0,0.0,56.8,0.0,0.0,0.0,0.0,0.0
2025,9,00-0035602,Alex Bachman,WR,LV,2.0,2.0,1.0,0.0,31.2,0.6333333333333333,0.3333333333333333,0.009259259259259259,0.0,0.0
2025,9,00-0035640,DK Metcalf,WR,PIT,38.0,52.0,23.0,0.0,75.0,14.666666666666666,7.0,0.23449500768049156,0.0,2.6
2025,9,00-0035644,Noah Fant,TE,CIN,35.0,45.0,9.0,0.0,81.0,9.4,3.6666666666666665,0.09326599326599327,0.0,10.8
2025,9,00-0035645,Gunner Olszewski,WR,NYG,0.0,0.0,0.0,0.0,56.8,0.0,0.0,0.0,0.0,9.4
2025,9,00-0035662,Marquise Brown,WR,KC,16.0,35.0,10.0,0.0,47.4,9.966666666666667,3.0,0.09725140056022408,0.0,9.3
2025,9,00-0035685,David Montgomery,RB,DET,58.0,34.0,45.0,0.0,63.1,10.74,13.666666666666666,0.4501042603397676,0.0,13.0
2025,9,00-0035689,Dawson Knox,TE,BUF,16.0,24.0,6.0,0.0,66.5,4.966666666666667,1.6666666666666667,0.062356001486436274,0.0,4.0
2025,9,00-0035700,Josh Jacobs,RB,GB,75.0,67.0,64.0,0.0,77.8,21.433333333333334,17.666666666666668,0.6414694001650523,0.0,20.0
2025,9,00-0035710,Daniel Jones,QB,IND,78.0,80.0,61.0,50.0,83.9,22.62666666666667,34.666666666666664,0.15271068169618893,0.0,24.08
2025,9,00-0035719,Deebo Samuel Sr.,WR,WAS,44.0,39.0,32.0,0.0,56.4,11.066666666666668,8.0,0.32295075580489324,0.0,9.4
2025,9,00-0035891,Cody White,WR,SEA,0.0,0.0,0.0,0.0,56.8,0.0,0.0,0.0,0.0,13.0
2025,9,00-0036040,Juwan Johnson,TE,NO,55.0,43.0,15.0,0.0,61.9,8.9,5.666666666666667,0.15424317617866004,0.0,12.1
2025,9,00-0036139,Rico Dowdle,RB,CAR,87.0,52.0,62.0,0.0,46.8,16.633333333333333,20.666666666666668,0.6166738530915102,0.0,28.1
2025,9,00-0036158,J.K. Dobbins,RB,DEN,66.0,28.0,60.0,0.0,81.1,9.033333333333333,15.666666666666666,0.6042866091093041,0.0,6.9
2025,9,00-0036176,Mason Kinsey,WR,TEN,0.0,0.0,0.0,0.0,56.8,0.0,0.0,0.0,0.0,0.0
2025,9,00-0036182,Nick Westbrook-Ikhine,WR,MIA,15.0,9.0,9.0,0.0,49.0,2.4666666666666663,2.6666666666666665,0.09440023577954613,0.0,4.2
2025,9,00-0036187,Reggie Gilliam,RB,BUF,0.0,0.0,0.0,0.0,56.8,0.0,0.0,0.0,0.0,0.0
2025,9,00-0036212,Tua Tagovailoa,QB,MIA,64.0,49.0,25.0,50.0,59.3,13.799999999999999,28.333333333333332,0.06212121212121211,0.0,10.54
2025,9,00-0036223,Jonathan Taylor,RB,IND,82.0,100.0,81.0,0.0,84.2,31.766666666666666,19.333333333333332,0.8128695077064642,0.0,7.7
2025,9,00-0036232,Harrison Bryant,TE,HOU,10.0,2.0,3.0,0.0,31.2,0.5,1.0,0.030277306168647423,0.0,1.2
2025,9,00-0036244,Colby Parkinson,TE,LA,19.0,18.0,5.0,0.0,48.5,3.8000000000000003,2.0,0.054216073781291174,0.0,3.0
2025,9,00-0036252,Michael Pittman,WR,IND,38.0,55.0,23.0,0.0,60.1,15.433333333333332,7.0,0.23422619047619045,0.0,20.5
2025,9,00-0036259,Jauan Jennings,WR,SF,31.0,21.0,21.0,0.0,62.3,5.766666666666667,5.666666666666667,0.21429815395332638,0.0,14.1
2025,9,00-0036264,Jordan Love,QB,GB,78.0,67.0,57.0,50.0,76.4,18.87333333333333,34.666666666666664,0.14149859802033715,0.0,11.02
2025,9,00-0036290,Cole Kmet,TE,CHI,39.0,18.0,12.0,0.0,33.4,3.733333333333333,4.0,0.1196551724137931,0.0,2.0
2025,9,00-0036309,Darnell Mooney,WR,ATL,18.0,17.0,10.0,0.0,49.0,4.8,3.3333333333333335,0.10356125356125356,0.0,2.5
2025,9,00-0036322,Justin Jefferson,WR,MIN,58.0,55.0,32.0,0.0,89.0,15.533333333333333,10.666666666666666,0.31553544494720964,0.0,16.7
2025,9,00-0036331,Devin Duvernay,WR,CHI,5.0,1.0,3.0,0.0,31.2,0.39999999999999997,1.0,0.02857142857142857,0.0,0.0
2025,9,00-0036355,Justin Herbert,QB,LAC,99.0,92.0,77.0,50.0,69.1,25.98,44.0,0.19259689922480625,0.0,29.7
2025,9,00-0036358,CeeDee Lamb,WR,DAL,55.0,67.0,27.0,0.0,85.9,18.933333333333334,10.0,0.2653924928118477,0.0,15.5
2025,9,00-0036410,Tee Higgins,WR,CIN,36.0,52.0,16.0,0.0,63.6,14.733333333333334,6.666666666666667,0.16094276094276094,0.0,31.1
2025,9,00-0036415,Van Jefferson,WR,TEN,33.0,25.0,17.0,0.0,66.4,7.066666666666666,6.0,0.17256226815050346,0.0,3.1
2025,9,00-0036422,Adam Trautman,TE,DEN,13.0,12.0,3.0,0.0,31.2,2.4333333333333336,1.3333333333333333,0.03306878306878307,0.0,4.5
2025,9,00-0036550,Rashod Bateman,WR,BAL,15.0,11.0,12.0,0.0,46.4,2.966666666666667,2.6666666666666665,0.12102272727272727,0.0,9.3
2025,9,00-0036554,Nico Collins,WR,HOU,40.0,41.0,21.0,0.0,78.7,11.533333333333333,7.333333333333333,0.20775679050573861,0.0,14.5
2025,9,00-0036555,Chuba Hubbard,RB,CAR,61.0,28.0,47.0,0.0,90.5,8.933333333333332,14.333333333333334,0.46953520967370893,0.0,1.7
2025,9,00-0036613,Jaylen Waddle,WR,MIA,33.0,47.0,21.0,0.0,64.9,13.073333333333332,6.0,0.21332154435602713,0.0,14.2
2025,9,00-0036620,Dee Eskridge,WR,MIA,5.0,8.0,3.0,0.0,31.2,2.1666666666666665,1.0,0.03371647509578544,0.0,0.0
2025,9,00-0036626,Dyami Brown,WR,JAX,25.0,17.0,17.0,0.0,78.2,4.833333333333333,4.666666666666667,0.16617300827827144,0.0,5.9
2025,9,00-0036628,John Bates,TE,WAS,13.0,11.0,5.0,0.0,71.6,2.1999999999999997,1.3333333333333333,0.04710924107838554,0.0,4.0
2025,9,00-0036630,Tylan Wallace,WR,BAL,5.0,5.0,4.0,0.0,34.2,1.3333333333333333,1.0,0.03737373737373737,0.0,0.0
2025,9,00-0036637,Noah Gray,TE,KC,23.0,20.0,8.0,0.0,70.5,4.2,2.3333333333333335,0.07528011204481792,0.0,0.0
2025,9,00-0036646,Simi Fehoko,WR,ARI,0.0,0.0,0.0,0.0,56.8,0.0,0.0,0.0,0.0,0.0
2025,9,00-0036754,Brock Wright,TE,DET,19.0,23.0,8.0,0.0,36.6,4.733333333333333,2.0,0.07919254658385093,0.0,2.1
2025,9,00-0036755,Jaret Patterson,RB,LAC,46.0,9.0,26.0,0.0,56.8,3.0,11.0,0.2558139534883721,0.0,4.4
2025,9,00-0036825,Feleipe Franks,TE,ATL,3.0,0.0,1.0,0.0,31.2,0.06666666666666667,0.3333333333333333,0.010416666666666666,0.0,0.0
2025,9,00-0036862,Ben Skowronek,WR,PIT,2.0,3.0,1.0,0.0,31.2,0.7666666666666666,0.3333333333333333,0.01075268817204301,0.0,0.0
2025,9,00-0036887,Luke Farrell,TE,SF,3.0,3.0,2.0,0.0,31.2,0.7000000000000001,0.3333333333333333,0.015151515151515152,0.0,1.9
2025,9,00-0036894,Pat Freiermuth,TE,PIT,35.0,55.0,12.0,0.0,43.9,11.5,3.6666666666666665,0.11741551459293394,0.0,11.7
2025,9,00-0036898,Davis Mills,QB,HOU,16.0,4.0,36.0,50.0,56.8,1.22,7.0,0.09090909090909091,0.0,6.18
2025,9,00-0036900,Ja'Marr Chase,WR,CIN,100.0,100.0,48.0,0.0,80.0,28.100000000000005,18.333333333333332,0.4831228956228956,0.0,17.1
2025,9,00-0036919,Kenny Gainwell,RB,PIT,34.0,20.0,33.0,0.0,68.4,6.2,8.0,0.3277884451271548,0.0,7.4
2025,9,00-0036963,Amon-Ra St. Brown,WR,DET,55.0,62.0,39.0,0.0,90.0,17.433333333333334,10.0,0.38743194540295983,0.0,18.7
2025,9,00-0036970,Kyle Pitts,TE,ATL,74.0,53.0,24.0,0.0,68.7,10.966666666666667,7.666666666666667,0.23560334528076463,0.0,7.8
2025,9,00-0036971,Trevor Lawrence,QB,JAX,98.0,79.0,87.0,50.0,75.3,22.366666666666664,43.333333333333336,0.21787374418953367,0.0,23.2
2025,9,00-0036972,Mac Jones,QB,SF,82.0,48.0,75.0,50.0,78.4,13.46,36.333333333333336,0.18628389154704947,0.0,17.8
2025,9,00-0036973,Travis Etienne,RB,JAX,62.0,26.0,65.0,0.0,85.2,8.266666666666667,14.666666666666666,0.6510487563119142,0.0,16.5
2025,9,00-0036980,Elijah Moore,WR,BUF,13.0,3.0,9.0,0.0,42.8,0.7999999999999999,2.3333333333333335,0.09402870680044594,0.0,3.8
2025,9,00-0036984,Trey Sermon,RB,PIT,0.0,0.0,0.0,0.0,56.8,0.0,0.0,0.0,0.0,0.0
2025,9,00-0036997,Javonte Williams,RB,DAL,83.0,47.0,71.0,0.0,78.1,15.033333333333333,19.666666666666668,0.714079632985056,0.0,9.3
2025,9,00-0037004,Hunter Long,TE,JAX,23.0,14.0,7.0,0.0,67.8,2.9333333333333336,2.3333333333333335,0.07402597402597404,0.0,1.6
2025,9,00-0037005,Tommy Tremble,TE,CAR,19.0,17.0,9.0,0.0,34.0,3.4333333333333336,2.0,0.0887375052872949,0.0,0.0
2025,9,00-0037085,Tyler Badie,RB,DEN,7.0,7.0,4.0,0.0,67.3,2.3666666666666667,1.6666666666666667,0.04460767758640099,0.0,2.6
2025,9,00-0037120,Tyler Goodson,RB,IND,7.0,2.0,7.0,0.0,62.8,0.6,1.6666666666666667,0.07126322751322751,0.0,1.8
2025,9,00-0037157,Bam Knight,RB,ARI,51.0,33.0,43.0,0.0,72.0,10.399999999999999,12.0,0.4328422704183353,0.0,6.7
2025,9,00-0037228,Jaylen Warren,RB,PIT,70.0,39.0,75.0,0.0,72.9,12.466666666666669,16.666666666666668,0.7465107100187746,0.0,16.9
2025,9,00-0037238,Drake London,WR,ATL,65.0,77.0,39.0,0.0,71.0,21.666666666666668,12.0,0.392840731550409,0.0,38.8
2025,9,00-0037239,Chris Olave,WR,NO,55.0,67.0,31.0,0.0,77.3,18.866666666666664,10.0,0.30569616763165147,0.0,8.7
2025,9,00-0037240,Jameson Williams,WR,DET,20.0,24.0,13.0,0.0,39.0,6.866666666666667,3.6666666666666665,0.13482304062014208,0.0,16.6
2025,9,00-0037247,George Pickens,WR,DAL,47.0,70.0,26.0,0.0,72.8,19.599999999999998,8.666666666666666,0.26022408963585436,0.0,13.9
2025,9,00-0037248,James Cook,RB,BUF,73.0,50.0,60.0,0.0,66.5,15.733333333333333,17.333333333333332,0.6005883962780515,0.0,13.5
2025,9,00-0037261,Khalil Shakir,WR,BUF,40.0,45.0,28.0,0.0,69.7,12.700000000000001,7.333333333333333,0.2770460923384462,0.0,11.3
2025,9,00-0037263,Tyler Allgeier,RB,ATL,30.0,23.0,28.0,0.0,62.6,7.266666666666666,7.0,0.28223961627661814,0.0,0.6
2025,9,00-0037291,Jalen Nailor,WR,MIN,18.0,15.0,10.0,0.0,48.1,4.3,3.3333333333333335,0.0990075851968435,0.0,2.6
2025,9,00-0037292,Andrew Ogletree,TE,IND,3.0,0.0,1.0,0.0,41.8,0.0,0.3333333333333333,0.011904761904761904,0.0,0.0
2025,9,00-0037348,Tanner Conner,TE,MIA,19.0,13.0,7.0,0.0,68.7,2.733333333333334,2.0,0.07046861184792219,0.0,0.0
2025,9,00-0037525,Jordan Mason,RB,MIN,52.0,29.0,58.0,0.0,61.0,9.299999999999999,12.333333333333334,0.5773360200470176,0.0,4.7
2025,9,00-0037545,Rashid Shaheed,WR,NO,49.0,37.0,25.0,0.0,74.8,10.433333333333334,9.0,0.253697270471464,0.0,11.8
2025,9,00-0037563,Malik Davis,RB,DAL,4.0,0.0,3.0,0.0,31.2,0.15,1.0,0.03225806451612903,0.0,0.3
2025,9,00-0037594,Julius Chestnut,RB,TEN,3.0,1.0,3.0,0.0,31.2,0.16666666666666666,0.6666666666666666,0.02666666666666667,0.0,0.0
2025,9,00-0037654,Tucker Fisk,TE,LAC,10.0,0.0,2.0,0.0,79.8,0.0,1.0,0.024624624624624628,0.0,2.2
2025,9,00-0037664,Alec Pierce,WR,IND,35.0,36.0,21.0,0.0,68.0,10.166666666666668,6.333333333333333,0.20813492063492064,0.0,17.5
2025,9,00-0037744,Trey McBride,TE,ARI,100.0,96.0,30.0,0.0,73.1,19.9,10.333333333333334,0.29924585218702865,0.0,16.5
2025,9,00-0037746,Brian Robinson,RB,SF,17.0,8.0,11.0,0.0,34.4,2.466666666666667,4.0,0.1067251461988304,0.0,11.3
2025,9,00-0037801,KaVontae Turpin,WR,DAL,20.0,12.0,11.0,0.0,49.6,3.3000000000000003,3.6666666666666665,0.10663839084891717,0.0,3.3
2025,9,00-0037809,Chig Okonkwo,TE,TEN,42.0,32.0,12.0,0.0,55.1,6.633333333333333,4.333333333333333,0.12470190779014308,0.0,3.0
2025,9,00-0037816,Romeo Doubs,WR,GB,42.0,37.0,27.0,0.0,81.0,10.366666666666667,7.666666666666667,0.26776556776556776,0.0,16.1
2025,9,00-0037837,Calvin Austin III,WR,PIT,24.0,27.0,17.0,0.0,63.2,7.5,4.333333333333333,0.1705767350928641,0.0,10.6
2025,9,00-0037838,Isaiah Likely,TE,BAL,16.0,12.0,7.0,0.0,82.3,2.5333333333333337,1.6666666666666667,0.06780303030303031,0.0,9.0
2025,9,00-0037840,Kyren Williams,RB,LA,76.0,61.0,75.0,0.0,66.7,19.433333333333334,18.0,0.7464113223108725,0.0,17.4
2025,9,00-0038041,Jake Ferguson,TE,DAL,35.0,55.0,12.0,0.0,36.4,11.4,3.6666666666666665,0.11671335200746967,0.0,10.0
2025,9,00-0038046,Charlie Kolar,TE,BAL,10.0,16.0,4.0,0.0,67.5,3.3333333333333335,1.0,0.042234848484848486,0.0,10.3
2025,9,00-0038090,Skyy Moore,WR,SF,4.0,3.0,3.0,0.0,35.4,0.8333333333333334,0.6666666666666666,0.02664576802507837,0.0,3.1
2025,9,00-0038104,Tyquan Thornton,WR,KC,16.0,30.0,8.0,0.0,65.1,8.333333333333334,3.0,0.08032212885154062,0.0,0.0
2025,9,00-0038117,Wan'Dale Robinson,WR,NYG,42.0,52.0,27.0,0.0,68.3,14.566666666666668,7.666666666666667,0.2715617715617715,0.0,13.6
2025,9,00-0038124,Christian Watson,WR,GB,22.0,44.0,11.0,0.0,56.8,12.5,4.0,0.11428571428571428,0.0,7.8
2025,9,00-0038134,Kenneth Walker III,RB,SEA,55.0,22.0,49.0,0.0,80.7,6.966666666666666,13.0,0.49028177704648296,0.0,8.1
2025,9,00-0038359,Xavier Smith,WR,LA,5.0,4.0,3.0,0.0,31.2,1.1666666666666667,1.0,0.030303030303030304,0.0,3.2
2025,9,00-0038416,Tyson Bagent,QB,CHI,11.0,6.0,30.0,50.0,56.8,1.78,5.0,0.07407407407407407,0.0,0.8
2025,9,00-0038440,Zavier Scott,RB,MIN,20.0,8.0,22.0,0.0,77.3,2.6,4.666666666666667,0.221810073983987,0.0,0.0
2025,9,00-0038454,Keaton Mitchell,RB,BAL,11.0,7.0,11.0,0.0,34.1,2.1999999999999997,2.6666666666666665,0.10739348370927317,0.0,2.8
2025,9,00-0038465,Malik Heath,WR,GB,7.0,9.0,4.0,0.0,31.2,2.6,1.3333333333333333,0.03783068783068783,0.0,2.1
2025,9,00-0038519,Nikko Remigio,WR,KC,0.0,0.0,0.0,0.0,56.8,0.0,0.0,0.0,0.0,0.0
2025,9,00-0038542,Bijan Robinson,RB,ATL,86.0,68.0,80.0,0.0,68.2,21.599999999999998,20.333333333333332,0.8011495010190455,0.0,17.6
2025,9,00-0038543,Jaxon Smith-Njigba,WR,SEA,65.0,99.0,43.0,0.0,86.2,27.900000000000002,12.0,0.42971038990308763,0.0,22.0
2025,9,00-0038544,Quentin Johnston,WR,LAC,44.0,52.0,21.0,0.0,60.3,14.566666666666668,8.0,0.20816649983316649,0.0,15.3
2025,9,00-0038547,Luke Schoonmaker,TE,DAL,23.0,12.0,7.0,0.0,71.0,2.533333333333333,2.3333333333333335,0.07198879551820728,0.0,2.4
2025,9,00-0038558,Darnell Washington,TE,PIT,42.0,38.0,16.0,0.0,81.7,7.8,4.333333333333333,0.15706168831168832,0.0,8.3
2025,9,00-0038559,Michael Wilson,WR,ARI,24.0,23.0,13.0,0.0,83.8,6.333333333333333,4.333333333333333,0.12639517345399698,0.0,9.1
2025,9,00-0038563,Tre Tucker,WR,LV,33.0,37.0,26.0,0.0,84.8,10.466666666666667,6.0,0.26229352346999407,0.0,6.8
2025,9,00-0038573,Derius Davis,WR,LAC,2.0,0.0,1.0,0.0,31.2,0.06666666666666667,0.3333333333333333,0.011904761904761904,0.0,0.0
2025,9,00-0038576,Charlie Jones,WR,CIN,0.0,0.0,0.0,0.0,56.8,0.0,0.0,0.0,0.0,0.0
2025,9,00-0038597,Chase Brown,RB,CIN,58.0,47.0,60.0,0.0,75.7,14.799999999999999,13.666666666666666,0.5974326599326599,0.0,19.2
2025,9,00-0038606,Parker Washington,WR,JAX,36.0,29.0,24.0,0.0,55.4,8.233333333333333,6.666666666666667,0.24011544011544014,0.0,17.0
2025,9,00-0038608,Kayshon Boutte,WR,NE,22.0,67.0,17.0,0.0,71.4,18.766666666666666,4.0,0.16968599033816426,0.0,0.0
2025,9,00-0038611,Chris Rodriguez Jr.,RB,WAS,13.0,8.0,11.0,0.0,45.6,2.6999999999999997,3.0,0.11190476190476191,0.0,12.5
2025,9,00-0038618,Xavier Hutchinson,WR,HOU,24.0,44.0,11.0,0.0,64.7,12.333333333333334,4.333333333333333,0.11387515070987426,0.0,6.0
2025,9,00-0038619,Andrei Iosivas,WR,CIN,20.0,11.0,9.0,0.0,66.3,3.1333333333333333,3.6666666666666665,0.09326599326599327,0.0,18.0
2025,9,00-0038621,DeMario Douglas,WR,NE,18.0,31.0,13.0,0.0,70.5,8.833333333333334,3.3333333333333335,0.13076259489302966,0.0,20.0
2025,9,00-0038679,Tyrell Shavers,WR,BUF,11.0,7.0,8.0,0.0,31.2,1.9000000000000001,2.0,0.07521367521367521,0.0,1.7
2025,9,00-0038685,Chris Brooks,RB,GB,3.0,0.0,2.0,0.0,35.8,0.03333333333333333,0.6666666666666666,0.022005772005772004,0.0,4.4
2025,9,00-0038705,Emari Demercado,RB,ARI,13.0,19.0,11.0,0.0,58.9,6.099999999999999,3.0,0.11280100899776357,0.0,8.8
2025,9,00-0038738,Hunter Luepke,RB,DAL,6.0,11.0,4.0,0.0,54.8,3.4,1.3333333333333333,0.04147164242040902,0.0,0.0
2025,9,00-0038797,Emanuel Wilson,RB,GB,37.0,17.0,32.0,0.0,44.6,5.3,8.666666666666666,0.3211057058883146,0.0,2.7
2025,9,00-0038839,Mitchell Tinsley,WR,CIN,7.0,12.0,5.0,0.0,49.4,3.4000000000000004,1.3333333333333333,0.050875481108039244,0.0,3.7
2025,9,00-0038840,Brycen Tremayne,WR,CAR,2.0,2.0,1.0,0.0,31.2,0.6333333333333333,0.3333333333333333,0.012345679012345678,0.0,1.8
2025,9,00-0038896,Jacob Saylors,RB,DET,3.0,1.0,2.0,0.0,31.2,0.3666666666666667,0.6666666666666666,0.022988505747126436,0.0,0.0
2025,9,00-0038933,Dalton Kincaid,TE,BUF,35.0,48.0,14.0,0.0,59.8,9.966666666666667,3.6666666666666665,0.1404479578392622,0.0,22.1
2025,9,00-0038938,Jalin Hyatt,WR,NYG,16.0,6.0,10.0,0.0,41.4,1.5666666666666667,3.0,0.09984459984459985,0.0,0.0
2025,9,00-0038994,Jordan Addison,WR,MIN,40.0,58.0,21.0,0.0,69.1,16.166666666666668,7.333333333333333,0.20583207642031173,0.0,8.4
2025,9,00-0038996,Tucker Kraft,TE,GB,68.0,100.0,23.0,0.0,58.9,20.799999999999997,7.0,0.2304029304029304,0.0,4.0
2025,9,00-0038997,Josh Downs,WR,IND,33.0,48.0,20.0,0.0,76.4,13.5,6.0,0.2023809523809524,0.0,17.7
2025,9,00-0039032,Tyjae Spears,RB,TEN,42.0,35.0,48.0,0.0,79.2,11.066666666666668,10.0,0.4779093799682035,0.0,9.2
2025,9,00-0039040,De'Von Achane,RB,MIA,92.0,67.0,84.0,0.0,80.3,21.3,21.666666666666668,0.8400631883390505,0.0,16.6
2025,9,00-0039041,Elijah Higgins,TE,ARI,16.0,16.0,5.0,0.0,66.4,3.233333333333333,1.6666666666666667,0.04912016088486676,0.0,6.0
2025,9,00-0039064,Zay Flowers,WR,BAL,45.0,44.0,33.0,0.0,82.0,12.299999999999999,8.333333333333334,0.3333874458874459,0.0,11.4
2025,9,00-0039065,Sam LaPorta,TE,DET,48.0,66.0,20.0,0.0,67.1,13.733333333333334,5.0,0.19674488152749023,0.0,21.7
2025,9,00-0039066,Michael Mayer,TE,LV,32.0,29.0,16.0,0.0,32.5,6.0,3.3333333333333335,0.15762197134746153,0.0,5.6
2025,9,00-0039067,Rashee Rice,WR,KC,57.0,87.0,32.0,0.0,94.4,24.35,10.5,0.3210171568627451,0.0,18.6
2025,9,00-0039074,Davis Allen,TE,LA,16.0,12.0,5.0,0.0,64.2,2.5,1.6666666666666667,0.05023478936522415,0.0,6.7
2025,9,00-0039075,Puka Nacua,WR,LA,55.0,77.0,25.0,0.0,54.9,21.766666666666666,10.0,0.25041806020066887,0.0,22.8
2025,9,00-0039139,Jahmyr Gibbs,RB,DET,75.0,64.0,63.0,0.0,69.2,20.333333333333332,17.666666666666668,0.6340634171250114,0.0,5.8
2025,9,00-0039144,Luke Musgrave,TE,GB,13.0,8.0,4.0,0.0,76.6,1.6000000000000003,1.3333333333333333,0.044424094424094424,0.0,6.4
2025,9,00-0039150,Bryce Young,QB,CAR,66.0,56.0,30.0,50.0,83.2,15.666666666666666,29.333333333333332,0.07608430799220273,0.0,4.98
2025,9,00-0039163,C.J. Stroud,QB,HOU,94.0,80.0,46.0,50.0,71.8,22.713333333333328,41.666666666666664,0.11413151119033471,0.0,4.36
2025,9,00-0039165,Zach Charbonnet,RB,SEA,54.0,38.0,48.0,0.0,77.3,12.0,12.666666666666666,0.4815435128315453,0.0,5.6
2025,9,00-0039299,George Holani,RB,SEA,0.0,0.0,0.0,0.0,56.8,0.0,0.0,0.0,0.0,0.9
2025,9,00-0039338,Brock Bowers,TE,LV,61.0,42.0,22.0,0.0,85.6,8.733333333333333,6.333333333333333,0.2237438989376974,0.0,43.3
2025,9,00-0039342,Xavier Legette,WR,CAR,29.0,37.0,19.0,0.0,36.6,10.333333333333334,5.333333333333333,0.19350386250807008,0.0,3.2
2025,9,00-0039355,Luke McCaffrey,WR,WAS,11.0,19.0,7.0,0.0,52.0,5.233333333333333,2.0,0.06872759856630824,0.0,0.0
2025,9,00-0039356,Ja'Tavion Sanders,TE,CAR,23.0,13.0,9.0,0.0,60.6,2.6666666666666665,2.3333333333333335,0.09276141499142902,0.0,1.5
2025,9,00-0039363,Isaac Guerendo,RB,SF,0.0,0.0,0.0,0.0,56.8,0.0,0.0,0.0,0.0,0.0
2025,9,00-0039364,Sione Vaki,RB,DET,0.0,0.0,0.0,0.0,56.8,0.0,0.0,0.0,0.0,0.0
2025,9,00-0039384,Tyrone Tracy Jr.,RB,NYG,37.0,19.0,33.0,0.0,50.4,6.166666666666667,8.666666666666666,0.33212273837273837,0.0,6.7
2025,9,00-0039391,Kimani Vidal,RB,LAC,86.0,52.0,70.0,0.0,75.8,16.666666666666668,20.333333333333332,0.6995242682502983,0.0,3.0
2025,9,00-0039407,Dylan Laube,RB,LV,4.0,1.0,8.0,0.0,31.2,0.46666666666666673,1.0,0.08021390374331551,0.0,0.0
2025,9,00-0039410,Ryan Flournoy,WR,DAL,16.0,9.0,10.0,0.0,31.2,2.6666666666666665,3.0,0.09541500810850656,0.0,9.2
2025,9,00-0039491,Jalen Coker,WR,CAR,16.0,12.0,12.0,0.0,52.1,3.3,3.0,0.11921458625525946,0.0,1.9
2025,9,00-0039530,Brevyn Spann-Ford,TE,DAL,6.0,5.0,2.0,0.0,37.1,1.0333333333333332,0.6666666666666666,0.019327731092436976,0.0,0.0
2025,9,00-0039603,British Brooks,RB,HOU,4.0,2.0,3.0,0.0,31.2,0.75,1.0,0.030303030303030304,0.0,0.0
2025,9,00-0039648,David Martin-Robinson,TE,TEN,3.0,11.0,1.0,0.0,31.2,2.3666666666666667,0.3333333333333333,0.00980392156862745,0.0,0.0
2025,9,00-0039732,Bo Nix,QB,DEN,90.0,89.0,59.0,50.0,67.4,25.033333333333335,40.0,0.14801587301587302,0.0,18.52
2025,9,00-0039738,Blake Corum,RB,LA,30.0,9.0,26.0,0.0,49.7,2.966666666666667,7.0,0.2558218996562325,0.0,5.8
2025,9,00-0039739,Roman Wilson,WR,PIT,15.0,28.0,9.0,0.0,39.6,7.766666666666666,2.6666666666666665,0.0865015360983103,0.0,1.4
2025,9,00-0039757,Terrell Jennings,RB,NE,15.0,5.0,10.0,0.0,74.8,1.65,3.5,0.09801587301587301,0.0,11.4
2025,9,00-0039793,AJ Barner,TE,SEA,45.0,58.0,15.0,0.0,57.2,12.1,4.666666666666667,0.15487788636875857,0.0,11.5
2025,9,00-0039796,Rasheen Ali,RB,BAL,0.0,0.0,0.0,0.0,56.8,0.0,0.0,0.0,0.0,0.0
2025,9,00-0039847,Theo Johnson,TE,NYG,48.0,41.0,18.0,0.0,67.2,8.433333333333334,5.0,0.1825951825951826,0.0,11.7
2025,9,00-0039849,Marvin Harrison Jr.,WR,ARI,24.0,32.0,13.0,0.0,64.9,8.933333333333334,4.333333333333333,0.13147310206133736,0.0,22.6
2025,9,00-0039851,Drake Maye,QB,NE,73.0,90.0,95.0,50.0,91.4,25.53333333333333,32.333333333333336,0.23751493428912784,0.0,20.36
2025,9,00-0039868,Troy Franklin,WR,DEN,42.0,51.0,23.0,0.0,65.0,14.299999999999999,7.666666666666667,0.23430280252975288,0.0,6.3
2025,9,00-0039875,Ray Davis,RB,BUF,20.0,12.0,15.0,0.0,32.9,3.8666666666666667,4.666666666666667,0.14883657072562617,0.0,0.0
2025,9,00-0039880,Malik Washington,WR,MIA,35.0,33.0,23.0,0.0,78.8,9.3,6.333333333333333,0.22712938402593577,0.0,9.1
2025,9,00-0039890,Adonai Mitchell,WR,IND,5.0,2.0,3.0,0.0,70.2,0.6,1.0,0.03343253968253968,0.0,1.7
2025,9,00-0039893,Brian Thomas Jr.,WR,JAX,42.0,49.0,26.0,0.0,72.4,13.700000000000001,7.666666666666667,0.25685425685425683,0.0,8.5
2025,9,00-0039894,Xavier Worthy,WR,KC,31.0,34.0,18.0,0.0,86.2,9.566666666666668,5.666666666666667,0.17937573473460033,0.0,6.0
2025,9,00-0039901,Keon Coleman,WR,BUF,31.0,27.0,21.0,0.0,73.6,7.466666666666666,5.666666666666667,0.21267186919360834,0.0,3.7
2025,9,00-0039910,Jayden Daniels,QB,WAS,75.0,74.0,100.0,50.0,90.0,20.84,33.333333333333336,0.2980030721966206,0.0,17.22
2025,9,00-0039915,Ladd McConkey,WR,LAC,62.0,71.0,31.0,0.0,82.1,19.833333333333332,11.333333333333334,0.3104288499025341,0.0,9.6
2025,9,00-0039917,Michael Penix Jr.,QB,ATL,78.0,59.0,36.0,50.0,84.9,16.52,34.666666666666664,0.0902027027027027,0.0,22.74
2025,9,00-0039918,Caleb Williams,QB,CHI,78.0,48.0,50.0,50.0,77.8,13.62,34.666666666666664,0.12619431025228126,0.0,38.7
2025,9,00-0039919,Rome Odunze,WR,CHI,38.0,34.0,23.0,0.0,63.2,9.566666666666666,7.0,0.23270935960591133,0.0,0.0
2025,9,00-0039923,J.J. McCarthy,QB,MIN,54.0,55.0,68.0,50.0,70.8,15.52,24.0,0.1700404858299595,0.0,20.92
2025,9,00-0040009,Savion Williams,WR,GB,5.0,10.0,3.0,0.0,31.2,2.733333333333334,1.0,0.032445332445332445,0.0,3.2
2025,9,00-0040075,LaJohntay Wester,WR,BAL,0.0,0.0,0.0,0.0,56.8,0.0,0.0,0.0,0.0,0.0
2025,9,00-0040078,Brashard Smith,RB,KC,37.0,20.0,24.0,0.0,33.0,6.333333333333333,8.666666666666666,0.24379312700690034,0.0,0.7
2025,9,00-0040122,Ashton Jeanty,RB,LV,77.0,39.0,75.0,0.0,66.5,12.299999999999999,18.333333333333332,0.753096900376312,0.0,19.9
2025,9,00-0040124,Tetairoa McMillan,WR,CAR,36.0,49.0,28.0,0.0,67.2,13.699999999999998,6.666666666666667,0.2780560564571785,0.0,8.6
2025,9,00-0040126,Colston Loveland,TE,CHI,39.0,25.0,14.0,0.0,79.3,5.1,4.0,0.1354351395730706,0.0,29.8
2025,9,00-0040128,Tyler Warren,TE,IND,61.0,71.0,21.0,0.0,74.8,14.833333333333334,6.333333333333333,0.21160714285714288,0.0,7.6
2025,9,00-0040130,Jayden Higgins,WR,HOU,27.0,24.0,13.0,0.0,49.5,6.866666666666667,5.0,0.13492532171944588,0.0,1.4
2025,9,00-0040131,Kyle Williams,WR,NE,7.0,-0.0,5.0,0.0,63.0,-0.06666666666666667,1.3333333333333333,0.05316091954022989,0.0,0.0
2025,9,00-0040134,Pat Bryant,WR,DEN,18.0,21.0,10.0,0.0,58.8,5.933333333333334,3.3333333333333335,0.1033925360166495,0.0,4.0
2025,9,00-0040138,Jaylin Noel,WR,HOU,31.0,39.0,15.0,0.0,88.4,10.933333333333332,5.666666666666667,0.14571529124566698,0.0,-0.3
2025,9,00-0040142,Kaleb Johnson,RB,PIT,20.0,4.0,17.0,0.0,47.9,1.2666666666666668,4.666666666666667,0.1738816738816739,0.0,2.3
2025,9,00-0040154,Tai Felton,WR,MIN,0.0,0.0,0.0,0.0,56.8,0.0,0.0,0.0,0.0,0.0
2025,9,00-0040164,Jaylin Lane,WR,WAS,20.0,18.0,13.0,0.0,54.6,5.133333333333334,3.6666666666666665,0.12526881720430108,0.0,5.9
2025,9,00-0040170,Elic Ayomanor,WR,TEN,33.0,23.0,17.0,0.0,78.7,6.6000000000000005,6.0,0.17317501324854268,0.0,7.6
2025,9,00-0040172,Jordan Watkins,WR,SF,11.0,6.0,7.0,0.0,56.8,1.7,2.0,0.06896551724137931,0.0,2.9
2025,9,00-0040184,KeAndre Lambert-Smith,WR,LAC,4.0,1.0,2.0,0.0,31.2,0.3666666666666667,0.6666666666666666,0.017543859649122806,0.0,0.0
2025,9,00-0040189,Oronde Gadsden II,TE,LAC,71.0,99.0,20.0,0.0,79.1,20.63333333333333,7.333333333333333,0.19517543859649122,0.0,11.8
2025,9,00-0040194,Jackson Hawes,TE,BUF,16.0,22.0,7.0,0.0,53.6,4.5,1.6666666666666667,0.07097545503342605,0.0,2.8
2025,9,00-0040198,Ollie Gordon II,RB,MIA,30.0,18.0,25.0,0.0,50.8,5.7,7.0,0.24571798709729742,0.0,1.9
2025,9,00-0040202,Devin Neal,RB,NO,8.0,5.0,7.0,0.0,54.8,1.7,2.0,0.0699108734402852,0.0,2.2
2025,9,00-0040208,Tahj Brooks,RB,CIN,0.0,0.0,0.0,0.0,56.8,0.0,0.0,0.0,0.0,0.1
2025,9,00-0040218,Jimmy Horn Jr.,WR,CAR,16.0,12.0,11.0,0.0,71.5,3.3666666666666667,3.0,0.10958487460665063,0.0,1.8
2025,9,00-0040236,Kyle Monangai,RB,CHI,41.0,26.0,32.0,0.0,52.4,8.4,9.666666666666666,0.3230052566309438,0.0,22.8
2025,9,00-0040238,LeQuint Allen Jr.,RB,JAX,6.0,4.0,5.0,0.0,32.6,1.2,1.3333333333333333,0.04669248879775195,0.0,2.1
2025,9,00-0040242,Jacory Croskey-Merritt,RB,WAS,61.0,15.0,53.0,0.0,74.7,4.833333333333333,14.333333333333334,0.534062980030722,0.0,5.1
2025,9,00-0040277,Jahdae Walker,WR,CHI,0.0,0.0,0.0,0.0,56.8,0.0,0.0,0.0,0.0,0.0
2025,9,00-0040506,Myles Price,WR,MIN,0.0,0.0,0.0,0.0,56.8,0.0,0.0,0.0,0.0,0.0
2025,9,00-0040509,Ben Yurosek,TE,MIN,6.0,2.0,2.0,0.0,31.2,0.5,0.6666666666666666,0.022222222222222223,0.0,0.0
2025,9,00-0040534,Ke'Shawn Williams,WR,PIT,0.0,0.0,0.0,0.0,56.8,0.0,0.0,0.0,0.0,0.0
2025,9,00-0040563,Efton Chism III,WR,NE,0.0,0.0,0.0,0.0,56.8,0.0,0.0,0.0,0.0,0.0
2025,9,00-0040583,Woody Marks,RB,HOU,54.0,31.0,45.0,0.0,64.0,10.0,12.666666666666666,0.45070964545973125,0.0,2.7
2025,9,00-0040584,Gunnar Helm,TE,TEN,35.0,34.0,11.0,0.0,71.6,7.133333333333333,3.6666666666666665,0.10852212506624272,0.0,2.5
2025,9,00-0040644,Trevor Etienne,RB,CAR,10.0,3.0,7.0,0.0,36.7,1.0999999999999999,2.3333333333333335,0.07393483709273183,0.0,0.0
2025,9,00-0040648,Tory Horton,WR,SEA,15.0,15.0,9.0,0.0,49.5,4.3,2.6666666666666665,0.08758733378408834,0.0,20.8
2025,9,00-0040649,Robbie Ouzts,RB,SEA,0.0,0.0,0.0,0.0,56.8,0.0,0.0,0.0,0.0,0.0
2025,9,00-0040667,Matthew Golden,WR,GB,25.0,29.0,16.0,0.0,62.4,8.1,4.666666666666667,0.1604950604950605,0.0,2.9
2025,9,00-0040676,Cam Ward,QB,TEN,84.0,49.0,11.0,50.0,79.0,13.946666666666667,37.333333333333336,0.02666666666666667,0.0,6.4
2025,9,00-0040691,Jaxson Dart,QB,NYG,80.0,87.0,100.0,50.0,83.5,24.48,35.333333333333336,0.2584325396825397,0.0,27.24
2025,9,00-0040705,Chimere Dike,WR,TEN,31.0,43.0,18.0,0.0,59.5,12.033333333333331,5.666666666666667,0.1842616145557322,0.0,1.5
2025,9,00-0040719,Bhayshul Tuten,RB,JAX,21.0,10.0,22.0,0.0,81.3,3.033333333333333,5.0,0.2226853068958332,0.0,9.6
2025,9,00-0040727,Tre Harris,WR,LAC,16.0,23.0,8.0,0.0,66.1,6.6000000000000005,3.0,0.08398310591293047,0.0,3.8
2025,9,00-0040729,Jack Bech,WR,LV,15.0,11.0,10.0,0.0,44.8,3.0,2.6666666666666665,0.10066349772232125,0.0,0.0
2025,9,00-0040730,RJ Harvey,RB,DEN,28.0,40.0,24.0,0.0,69.7,12.6,6.666666666666667,0.2433676830130731,0.0,16.6
2025,9,00-0040734,TreVeyon Henderson,RB,NE,32.0,13.0,24.0,0.0,48.3,4.2,7.666666666666667,0.23830858508277863,0.0,12.7
2025,9,00-0040737,Terrance Ferguson,TE,LA,16.0,21.0,5.0,0.0,43.1,4.3999999999999995,1.6666666666666667,0.052042160737812905,0.0,7.4
2025,9,00-0040739,Elijah Arroyo,TE,SEA,26.0,19.0,10.0,0.0,40.7,3.933333333333333,2.6666666666666665,0.09505296371422133,0.0,10.9
2025,9,00-0040743,Tyler Shough,QB,NO,39.0,11.0,40.0,50.0,31.2,3.16,17.5,0.1,0.0,11.24
2025,10,00-0023459,Aaron Rodgers,QB,PIT,78.0,62.0,19.0,50.0,71.3,18.48,36.0,0.046969696969696974,0.0,10.44
2025,10,00-0026498,Matthew Stafford,QB,LA,73.0,74.0,45.0,50.0,76.9,21.853333333333335,33.666666666666664,0.11196727217786455,0.0,26.9
2025,10,00-0029263,Russell Wilson,QB,NYG,28.0,11.0,25.0,50.0,31.2,3.1400000000000006,13.0,0.06172839506172839,0.0,3.0
2025,10,00-0030035,Adam Thielen,WR,MIN,15.0,6.0,6.0,0.0,70.0,1.7,2.0,0.05518925518925519,0.0,3.6
2025,10,00-0030061,Zach Ertz,TE,WAS,52.0,40.0,21.0,0.0,80.0,8.966666666666667,5.666666666666667,0.20542754736303123,0.0,9.4
2025,10,00-0030279,Keenan Allen,WR,LAC,60.0,55.0,22.0,0.0,55.7,14.466666666666667,8.0,0.21759259259259256,0.0,3.9
2025,10,00-0030564,DeAndre Hopkins,WR,BAL,15.0,8.0,7.0,0.0,40.4,2.1333333333333333,2.0,0.07131093544137022,0.0,3.6
2025,10,00-0030565,Geno Smith,QB,LV,64.0,47.0,76.0,50.0,55.5,13.9,29.666666666666668,0.1899920255183413,0.0,6.42
2025,10,00-0031381,Davante Adams,WR,LA,60.0,73.0,27.0,0.0,77.5,19.133333333333333,8.0,0.27146151339699726,0.0,19.7
2025,10,00-0031588,Stefon Diggs,WR,NE,40.0,47.0,22.0,0.0,82.5,12.366666666666667,5.333333333333333,0.2173050379572119,0.0,15.6
2025,10,00-0031687,Raheem Mostert,RB,LV,9.0,4.0,8.0,0.0,33.5,1.0666666666666667,2.3333333333333335,0.08046310629514963,0.0,2.5
2025,10,00-0032104,Ameer Abdullah,RB,IND,10.0,8.0,11.0,0.0,74.1,2.3333333333333335,2.6666666666666665,0.11380693581780538,0.0,1.8
2025,10,00-0032211,Tyler Lockett,WR,LV,15.0,6.0,6.0,0.0,50.4,1.5999999999999999,2.0,0.059017027863777084,0.0,9.4
2025,10,00-0032268,Marcus Mariota,QB,WAS,57.0,42.0,75.0,50.0,58.0,12.493333333333334,26.333333333333332,0.18744588744588744,0.0,18.72
2025,10,00-0032385,Sterling Shepard,WR,TB,30.0,23.0,12.0,0.0,60.6,6.133333333333333,4.0,0.11792270531400965,0.0,6.1
2025,10,00-0032392,Austin Hooper,TE,NE,15.0,27.0,7.0,0.0,69.3,5.966666666666666,1.6666666666666667,0.0686680469289165,0.0,0.0
2025,10,00-0032398,Chris Moore,WR,WAS,27.0,27.0,14.0,0.0,46.6,7.166666666666667,3.6666666666666665,0.1377006389278479,0.0,0.0
2025,10,00-0032464,Kalif Raymond,WR,DET,10.0,6.0,4.0,0.0,31.2,1.5666666666666667,1.3333333333333333,0.04497354497354497,0.0,9.9
2025,10,00-0032688,Robbie Chosen,WR,WAS,30.0,29.0,13.0,0.0,56.8,7.6,4.0,0.12903225806451613,0.0,2.7
2025,10,00-0032764,Derrick Henry,RB,BAL,85.0,56.0,67.0,0.0,89.2,15.4,22.666666666666668,0.6709948935930704,0.0,11.4
2025,10,00-0032775,Demarcus Robinson,WR,SF,12.0,3.0,7.0,0.0,46.0,0.8333333333333334,1.6666666666666667,0.06550728964522068,0.0,6.4
2025,10,00-0032951,Laquon Treadwell,WR,IND,0.0,0.0,0.0,0.0,56.8,0.0,0.0,0.0,0.0,0.0
2025,10,00-0033090,Hunter Henry,TE,NE,36.0,36.0,16.0,0.0,69.3,8.033333333333333,4.0,0.1553657694962043,0.0,1.9
2025,10,00-0033106,Jared Goff,QB,DET,71.0,57.0,14.0,50.0,77.5,16.84,32.666666666666664,0.035326086956521736,0.0,24.8
2025,10,00-0033110,Tyler Higbee,TE,LA,42.0,44.0,15.0,0.0,77.2,9.733333333333334,4.666666666666667,0.15489886457628393,0.0,6.3
2025,10,00-0033119,Jacoby Brissett,QB,ARI,91.0,78.0,68.0,50.0,89.6,23.099999999999998,41.666666666666664,0.1705665024630542,0.0,21.42
2025,10,00-0033217,Mo Alie-Cox,TE,IND,15.0,6.0,5.0,0.0,56.0,1.4000000000000001,1.6666666666666667,0.049999999999999996,0.0,0.0
2025,10,00-0033246,Johnny Mundt,TE,JAX,18.0,6.0,6.0,0.0,34.0,1.4333333333333333,2.0,0.05945165945165945,0.0,3.1
2025,10,00-0033280,Christian McCaffrey,RB,SF,100.0,100.0,100.0,0.0,73.0,27.73333333333333,26.666666666666668,1.0019249554639753,0.0,17.6
2025,10,00-0033282,Curtis Samuel,WR,BUF,8.0,15.0,4.0,0.0,31.9,4.066666666666666,1.0,0.035555555555555556,0.0,3.1
2025,10,00-0033288,George Kittle,TE,SF,36.0,32.0,16.0,0.0,54.4,7.066666666666667,4.0,0.15981336670991844,0.0,23.4
2025,10,00-0033293,Aaron Jones,RB,MIN,32.0,23.0,43.0,0.0,64.6,6.366666666666667,8.666666666666666,0.4319856931866717,0.0,15.9
2025,10,00-0033307,Kendrick Bourne,WR,SF,20.0,21.0,11.0,0.0,74.2,5.3999999999999995,2.6666666666666665,0.10802607354331491,0.0,2.9
2025,10,00-0033357,Taysom Hill,TE,NO,33.0,12.0,21.0,0.0,85.4,2.6666666666666665,3.6666666666666665,0.20707026896780215,0.0,2.0
2025,10,00-0033555,Mack Hollins,WR,NE,30.0,33.0,16.0,0.0,48.8,8.700000000000001,4.0,0.1622958362088797,0.0,16.6
2025,10,00-0033572,Jamal Agnew,WR,ATL,0.0,0.0,0.0,0.0,56.8,0.0,0.0,0.0,0.0,0.0
2025,10,00-0033858,Jonnu Smith,TE,PIT,42.0,31.0,14.0,0.0,68.5,7.0,4.666666666666667,0.14237711213517665,0.0,1.4
2025,10,00-0033869,Mitchell Trubisky,QB,BUF,10.0,3.0,14.0,50.0,78.2,0.9299999999999999,4.5,0.03488372093023256,0.0,0.4
2025,10,00-0033881,Evan Engram,TE,DEN,45.0,25.0,14.0,0.0,56.0,5.599999999999999,5.0,0.13553206940774734,0.0,3.2
2025,10,00-0033885,David Njoku,TE,CLE,61.0,57.0,18.0,0.0,69.4,12.733333333333334,6.666666666666667,0.1834707367795603,0.0,10.1
2025,10,00-0033891,Zay Jones,WR,ARI,32.0,31.0,12.0,0.0,52.9,8.133333333333335,4.333333333333333,0.12131724484665662,0.0,0.0
2025,10,00-0033906,Alvin Kamara,RB,NO,39.0,18.0,58.0,0.0,75.8,5.033333333333332,10.333333333333334,0.5791348152164092,0.0,14.5
2025,10,00-0033908,Cooper Kupp,WR,SEA,32.0,36.0,14.0,0.0,48.8,9.366666666666667,4.333333333333333,0.14139621365787694,0.0,9.4
2025,10,00-0033955,Jeremy McNichols,RB,WAS,16.0,22.0,15.0,0.0,41.8,6.1000000000000005,4.333333333333333,0.14866018091824543,0.0,3.9
2025,10,00-0034270,Tyler Conklin,TE,LAC,18.0,9.0,6.0,0.0,48.8,2.1,2.0,0.05507382382382383,0.0,2.2
2025,10,00-0034348,Courtland Sutton,WR,DEN,55.0,45.0,20.0,0.0,83.2,11.799999999999999,7.333333333333333,0.20381958930144162,0.0,5.4
2025,10,00-0034351,Dallas Goedert,TE,PHI,52.0,72.0,21.0,0.0,51.0,16.2,5.666666666666667,0.20806159420289858,0.0,8.3
2025,10,00-0034383,Dalton Schultz,TE,HOU,64.0,55.0,17.0,0.0,62.4,12.300000000000002,7.0,0.16715562596569458,0.0,18.3
2025,10,00-0034407,Ray-Ray McCloud,WR,NYG,20.0,7.0,8.0,0.0,42.4,1.9333333333333333,2.6666666666666665,0.07670809881175734,0.0,0.0
2025,10,00-0034419,Braxton Berrios,WR,HOU,20.0,12.0,7.0,0.0,32.1,3.233333333333334,2.6666666666666665,0.06559877955758962,0.0,0.0
2025,10,00-0034577,Kyle Allen,QB,DET,4.0,0.0,28.0,50.0,56.8,-0.2,2.0,0.06896551724137931,0.0,-0.1
2025,10,00-0034753,Mark Andrews,TE,BAL,52.0,44.0,20.0,0.0,63.9,9.866666666666667,5.666666666666667,0.19996520969522372,0.0,10.4
2025,10,00-0034775,Christian Kirk,WR,HOU,40.0,28.0,16.0,0.0,73.7,7.333333333333333,5.333333333333333,0.15900586868328803,0.0,1.3
2025,10,00-0034791,Nick Chubb,RB,HOU,48.0,17.0,43.0,0.0,63.4,4.8,12.666666666666666,0.42568199412996827,0.0,6.2
2025,10,00-0034796,Lamar Jackson,QB,BAL,64.0,76.0,100.0,50.0,80.5,22.419999999999998,29.333333333333332,0.2942175172276041,0.0,14.64
2025,10,00-0034827,DJ Moore,WR,CHI,55.0,54.0,24.0,0.0,75.8,14.26,7.333333333333333,0.23848471233381718,0.0,0.0
2025,10,00-0034844,Saquon Barkley,RB,PHI,66.0,57.0,73.0,0.0,66.2,15.766666666666666,17.666666666666668,0.7313597935880546,0.0,13.1
2025,10,00-0034854,KhaDarel Hodge,WR,ATL,20.0,8.0,9.0,0.0,31.2,2.033333333333333,2.6666666666666665,0.08888888888888889,0.0,0.0
2025,10,00-0034855,Baker Mayfield,QB,TB,72.0,44.0,15.0,50.0,57.7,12.946666666666667,33.333333333333336,0.038461538461538464,0.0,22.92
2025,10,00-0034857,Josh Allen,QB,BUF,62.0,80.0,68.0,50.0,80.8,23.813333333333333,28.666666666666668,0.16904761904761903,0.0,23.34
2025,10,00-0034869,Sam Darnold,QB,SEA,64.0,70.0,33.0,50.0,68.1,20.606666666666666,29.666666666666668,0.08158508158508158,0.0,10.92
2025,10,00-0034960,Jakobi Meyers,WR,JAX,40.0,27.0,17.0,0.0,89.5,7.133333333333333,5.333333333333333,0.16879319510898458,0.0,7.1
2025,10,00-0034975,Justice Hill,RB,BAL,20.0,16.0,17.0,0.0,31.2,4.366666666666666,5.333333333333333,0.1658160589962834,0.0,8.3
2025,10,00-0034981,Foster Moreau,TE,NO,9.0,4.0,3.0,0.0,64.8,0.95,1.0,0.029230769230769234,0.0,3.6
2025,10,00-0035021,Ashton Dulin,WR,IND,2.0,0.0,1.0,0.0,31.2,0.06666666666666665,0.3333333333333333,0.011904761904761904,0.0,2.2
2025,10,00-0035208,Olamide Zaccheaus,WR,CHI,48.0,39.0,19.0,0.0,66.7,10.333333333333334,6.333333333333333,0.19343137254901963,0.0,1.5
2025,10,00-0035229,T.J. Hockenson,TE,MIN,45.0,36.0,15.0,0.0,64.1,8.0,5.0,0.15373467112597547,0.0,2.8
2025,10,00-0035250,Devin Singletary,RB,NYG,19.0,13.0,22.0,0.0,36.1,3.6999999999999993,5.0,0.21554834054834057,0.0,10.3
2025,10,00-0035359,David Sills,WR,ATL,15.0,7.0,6.0,0.0,49.3,1.7666666666666666,2.0,0.05939741750358681,0.0,0.0
2025,10,00-0035500,Greg Dortch,WR,ARI,15.0,17.0,6.0,0.0,52.8,4.433333333333334,2.0,0.05674312165184376,0.0,6.2
2025,10,00-0035535,Darius Slayton,WR,NYG,45.0,28.0,20.0,0.0,78.2,7.3,6.0,0.19995629370629373,0.0,12.9
2025,10,00-0035537,Ty Johnson,RB,BUF,14.0,16.0,12.0,0.0,65.8,4.3999999999999995,3.6666666666666665,0.12333943833943835,0.0,4.6
2025,10,00-0035602,Alex Bachman,WR,LV,0.0,0.0,0.0,0.0,56.8,0.0,0.0,0.0,0.0,0.0
2025,10,00-0035628,D'Ernest Johnson,RB,NE,4.0,0.0,4.0,0.0,56.8,0.0,1.0,0.03571428571428571,0.0,0.1
2025,10,00-0035640,DK Metcalf,WR,PIT,40.0,34.0,17.0,0.0,64.7,9.033333333333333,5.333333333333333,0.1654473886328725,0.0,6.5
2025,10,00-0035645,Gunner Olszewski,WR,NYG,2.0,12.0,1.0,0.0,31.2,3.1333333333333333,0.3333333333333333,0.010416666666666666,0.0,0.0
2025,10,00-0035676,A.J. Brown,WR,PHI,57.0,65.0,25.0,0.0,75.8,17.133333333333336,7.666666666666667,0.25277859381120255,0.0,3.3
2025,10,00-0035685,David Montgomery,RB,DET,46.0,32.0,47.0,0.0,69.7,9.0,12.333333333333334,0.4741636952687677,0.0,8.1
2025,10,00-0035689,Dawson Knox,TE,BUF,12.0,23.0,5.0,0.0,64.0,5.133333333333334,1.3333333333333333,0.053467112597547384,0.0,6.7
2025,10,00-0035700,Josh Jacobs,RB,GB,65.0,63.0,67.0,0.0,84.5,17.433333333333334,17.333333333333332,0.6698343685300209,0.0,21.7
2025,10,00-0035704,Drew Lock,QB,SEA,9.0,2.0,12.0,50.0,56.8,0.5,4.0,0.030303030303030304,0.0,-0.4
2025,10,00-0035710,Daniel Jones,QB,IND,88.0,76.0,59.0,50.0,80.7,22.493333333333336,40.666666666666664,0.1465378421900161,0.0,19.5
2025,10,00-0035719,Deebo Samuel Sr.,WR,WAS,50.0,24.0,27.0,0.0,82.5,6.333333333333333,6.666666666666667,0.26802782044717527,0.0,12.9
2025,10,00-0035891,Cody White,WR,SEA,8.0,25.0,4.0,0.0,31.2,6.5,1.0,0.041666666666666664,0.0,0.0
2025,10,00-0036040,Juwan Johnson,TE,NO,58.0,53.0,18.0,0.0,84.8,11.766666666666666,6.333333333333333,0.18415770609318996,0.0,19.2
2025,10,00-0036139,Rico Dowdle,RB,CAR,69.0,53.0,58.0,0.0,53.6,14.700000000000001,18.333333333333332,0.5793077104622096,0.0,15.3
2025,10,00-0036158,J.K. Dobbins,RB,DEN,60.0,36.0,64.0,0.0,85.7,10.0,16.0,0.6418760784634794,0.0,9.4
2025,10,00-0036182,Nick Westbrook-Ikhine,WR,MIA,27.0,15.0,12.0,0.0,86.5,3.8666666666666667,3.6666666666666665,0.11894201894201895,0.0,1.7
2025,10,00-0036212,Tua Tagovailoa,QB,MIA,67.0,44.0,25.0,50.0,54.3,13.113333333333332,31.0,0.06212121212121211,0.0,14.82
2025,10,00-0036223,Jonathan Taylor,RB,IND,61.0,95.0,78.0,0.0,77.0,26.433333333333337,16.333333333333332,0.7823139521509086,0.0,49.6
2025,10,00-0036244,Colby Parkinson,TE,LA,18.0,16.0,6.0,0.0,49.4,3.5666666666666664,2.0,0.059054783458710534,0.0,14.1
2025,10,00-0036252,Michael Pittman,WR,IND,75.0,80.0,28.0,0.0,89.9,20.933333333333334,10.0,0.28422619047619047,0.0,3.9
2025,10,00-0036259,Jauan Jennings,WR,SF,48.0,38.0,27.0,0.0,81.1,9.9,6.333333333333333,0.265885455540628,0.0,19.1
2025,10,00-0036264,Jordan Love,QB,GB,79.0,57.0,34.0,50.0,68.5,16.89333333333333,36.333333333333336,0.08412486064659978,0.0,9.84
2025,10,00-0036275,D'Andre Swift,RB,CHI,62.0,74.0,56.0,0.0,85.2,20.466666666666665,16.666666666666668,0.5574568403628873,0.0,14.8
2025,10,00-0036290,Cole Kmet,TE,CHI,15.0,8.0,6.0,0.0,74.4,1.8666666666666665,1.6666666666666667,0.05592968221771467,0.0,1.5
2025,10,00-0036309,Darnell Mooney,WR,ATL,27.0,18.0,11.0,0.0,56.5,4.8,3.6666666666666665,0.11034858387799563,0.0,2.7
2025,10,00-0036322,Justin Jefferson,WR,MIN,75.0,56.0,34.0,0.0,89.6,14.666666666666666,10.0,0.33812709030100335,0.0,7.7
2025,10,00-0036331,Devin Duvernay,WR,CHI,8.0,2.0,3.0,0.0,31.2,0.39999999999999997,1.0,0.02857142857142857,0.0,0.0
2025,10,00-0036355,Justin Herbert,QB,LAC,95.0,100.0,100.0,50.0,82.2,29.626666666666665,43.666666666666664,0.2792635658914729,0.0,14.7
2025,10,00-0036389,Jalen Hurts,QB,PHI,66.0,81.0,86.0,50.0,81.6,24.006666666666664,30.333333333333332,0.21504172156346069,0.0,14.02
2025,10,00-0036407,Jerry Jeudy,WR,CLE,48.0,16.0,18.0,0.0,39.0,4.333333333333333,6.333333333333333,0.1792434145375322,0.0,19.8
2025,10,00-0036422,Adam Trautman,TE,DEN,9.0,10.0,3.0,0.0,31.2,2.1999999999999997,1.0,0.02886710239651416,0.0,1.2
2025,10,00-0036427,Tyler Johnson,WR,NYJ,22.0,31.0,11.0,0.0,47.8,8.133333333333333,3.0,0.11195155110616735,0.0,0.0
2025,10,00-0036429,Charlie Woerner,TE,ATL,9.0,1.0,3.0,0.0,70.0,0.25,1.0,0.0260840108401084,0.0,2.4
2025,10,00-0036497,Tim Jones,WR,JAX,8.0,10.0,3.0,0.0,56.8,2.5,1.0,0.030303030303030304,0.0,0.0
2025,10,00-0036550,Rashod Bateman,WR,BAL,22.0,23.0,13.0,0.0,56.1,6.066666666666666,3.0,0.1289937417654809,0.0,2.0
2025,10,00-0036554,Nico Collins,WR,HOU,68.0,47.0,23.0,0.0,77.1,12.4,9.0,0.2303453130942612,0.0,20.6
2025,10,00-0036555,Chuba Hubbard,RB,CAR,45.0,22.0,39.0,0.0,62.7,6.2,12.0,0.3872865007802632,0.0,2.5
2025,10,00-0036613,Jaylen Waddle,WR,MIA,48.0,48.0,20.0,0.0,63.5,12.533333333333331,6.333333333333333,0.20244860244860244,0.0,19.4
2025,10,00-0036626,Dyami Brown,WR,JAX,45.0,21.0,18.0,0.0,78.2,5.633333333333333,6.0,0.18421052631578946,0.0,0.0
2025,10,00-0036628,John Bates,TE,WAS,21.0,13.0,10.0,0.0,56.5,2.9,2.3333333333333335,0.09610855094726062,0.0,1.6
2025,10,00-0036630,Tylan Wallace,WR,BAL,2.0,2.0,2.0,0.0,31.2,0.5333333333333333,0.3333333333333333,0.015151515151515152,0.0,0.0
2025,10,00-0036646,Simi Fehoko,WR,ARI,0.0,0.0,0.0,0.0,56.8,0.0,0.0,0.0,0.0,0.0
2025,10,00-0036754,Brock Wright,TE,DET,21.0,24.0,9.0,0.0,59.4,5.433333333333334,2.3333333333333335,0.08845180584311019,0.0,0.0
2025,10,00-0036755,Jaret Patterson,RB,LAC,38.0,13.0,28.0,0.0,88.0,3.7,10.0,0.2779069767441861,0.0,0.1
2025,10,00-0036825,Feleipe Franks,TE,ATL,3.0,0.0,1.0,0.0,31.2,0.06666666666666667,0.3333333333333333,0.010416666666666666,0.0,0.0
2025,10,00-0036841,Austin Trammell,WR,JAX,8.0,0.0,3.0,0.0,56.8,0.0,1.0,0.030303030303030304,0.0,5.3
2025,10,00-0036842,Kene Nwangwu,RB,NYJ,0.0,0.0,0.0,0.0,56.8,0.0,0.0,0.0,0.0,0.0
2025,10,00-0036862,Ben Skowronek,WR,PIT,2.0,3.0,1.0,0.0,31.2,0.7666666666666666,0.3333333333333333,0.01075268817204301,0.0,0.0
2025,10,00-0036876,Kylen Granson,TE,PHI,0.0,0.0,0.0,0.0,56.8,0.0,0.0,0.0,0.0,0.0
2025,10,00-0036887,Luke Farrell,TE,SF,6.0,6.0,3.0,0.0,38.9,1.3333333333333333,0.6666666666666666,0.031024531024531024,0.0,9.5
2025,10,00-0036894,Pat Freiermuth,TE,PIT,42.0,66.0,14.0,0.0,65.1,14.700000000000001,4.666666666666667,0.14360599078341013,0.0,6.3
2025,10,00-0036898,Davis Mills,QB,HOU,42.0,12.0,32.0,50.0,54.2,3.7,19.5,0.08116883116883117,0.0,27.68
2025,10,00-0036912,DeVonta Smith,WR,PHI,62.0,72.0,36.0,0.0,63.0,18.866666666666664,8.333333333333334,0.36150362318840584,0.0,16.9
2025,10,00-0036919,Kenny Gainwell,RB,PIT,25.0,20.0,28.0,0.0,79.6,5.466666666666666,6.666666666666667,0.278004895343605,0.0,2.4
2025,10,00-0036924,Michael Carter,RB,ARI,57.0,39.0,53.0,0.0,62.6,10.766666666666666,15.333333333333334,0.5331283264853245,0.0,0.4
2025,10,00-0036945,Justin Fields,QB,NYJ,60.0,29.0,96.0,50.0,59.8,8.6,27.666666666666668,0.24103458297006686,0.0,8.96
2025,10,00-0036959,Michael Bandy,WR,DEN,8.0,10.0,3.0,0.0,56.8,2.6,1.0,0.029411764705882353,0.0,0.0
2025,10,00-0036963,Amon-Ra St. Brown,WR,DET,85.0,67.0,38.0,0.0,88.9,17.666666666666668,11.333333333333334,0.3773675331646346,0.0,16.8
2025,10,00-0036970,Kyle Pitts,TE,ATL,79.0,54.0,26.0,0.0,83.3,11.966666666666667,8.666666666666666,0.26122004357298473,0.0,5.8
2025,10,00-0036971,Trevor Lawrence,QB,JAX,100.0,68.0,64.0,50.0,88.0,20.02,46.0,0.16109718741297688,0.0,13.82
2025,10,00-0036972,Mac Jones,QB,SF,67.0,48.0,58.0,50.0,79.0,14.33333333333333,31.0,0.14471434997750787,0.0,25.06
2025,10,00-0036973,Travis Etienne,RB,JAX,69.0,39.0,66.0,0.0,71.8,10.833333333333334,18.333333333333332,0.6617047669679248,0.0,15.7
2025,10,00-0036980,Elijah Moore,WR,BUF,18.0,8.0,10.0,0.0,45.1,2.0666666666666664,2.3333333333333335,0.09694537346711259,0.0,2.8
2025,10,00-0036984,Trey Sermon,RB,PIT,0.0,0.0,0.0,0.0,56.8,0.0,0.0,0.0,0.0,0.0
2025,10,00-0037085,Tyler Badie,RB,DEN,8.0,9.0,6.0,0.0,58.6,2.3666666666666667,2.0,0.05550092377376483,0.0,0.0
2025,10,00-0037086,Grant Calcaterra,TE,PHI,12.0,10.0,5.0,0.0,37.0,2.1333333333333333,1.3333333333333333,0.04579579579579579,0.0,0.0
2025,10,00-0037091,Bo Melton,WR,GB,2.0,0.0,1.0,0.0,31.2,0.09999999999999999,0.3333333333333333,0.010101010101010102,0.0,4.8
2025,10,00-0037120,Tyler Goodson,RB,IND,6.0,4.0,6.0,0.0,56.5,1.0,1.6666666666666667,0.06134259259259259,0.0,0.4
2025,10,00-0037157,Bam Knight,RB,ARI,52.0,34.0,50.0,0.0,80.4,9.5,14.0,0.5021909294221668,0.0,4.3
2025,10,00-0037228,Jaylen Warren,RB,PIT,69.0,55.0,85.0,0.0,84.0,15.333333333333334,18.333333333333332,0.8532206667287312,0.0,11.1
2025,10,00-0037238,Drake London,WR,ATL,100.0,100.0,40.0,0.0,71.2,26.266666666666666,13.333333333333334,0.40189050530606507,0.0,22.4
2025,10,00-0037239,Chris Olave,WR,NO,60.0,63.0,23.0,0.0,64.0,16.5,8.0,0.23304659498207883,0.0,21.4
2025,10,00-0037240,Jameson Williams,WR,DET,38.0,45.0,17.0,0.0,52.3,11.733333333333334,5.0,0.1657848324514991,0.0,23.9
2025,10,00-0037248,James Cook,RB,BUF,80.0,67.0,69.0,0.0,69.1,18.599999999999998,21.333333333333332,0.6875396825396826,0.0,12.7
2025,10,00-0037252,Greg Dulcich,TE,MIA,45.0,44.0,14.0,0.0,56.8,9.9,5.0,0.13513513513513514,0.0,3.2
2025,10,00-0037256,Rachaad White,RB,TB,64.0,41.0,76.0,0.0,77.1,11.366666666666667,17.0,0.7564078217301606,0.0,10.4
2025,10,00-0037258,Dameon Pierce,RB,HOU,14.0,3.0,12.0,0.0,33.0,0.8666666666666667,3.6666666666666665,0.12008978675645343,0.0,0.0
2025,10,00-0037261,Khalil Shakir,WR,BUF,50.0,49.0,27.0,0.0,72.9,12.799999999999999,6.666666666666667,0.27221850613154963,0.0,12.8
2025,10,00-0037263,Tyler Allgeier,RB,ATL,15.0,14.0,21.0,0.0,52.0,3.8666666666666667,4.0,0.20898692810457517,0.0,17.7
2025,10,00-0037267,Jerome Ford,RB,CLE,16.0,14.0,15.0,0.0,44.9,3.966666666666667,4.333333333333333,0.14577143988908695,0.0,0.1
2025,10,00-0037291,Jalen Nailor,WR,MIN,22.0,11.0,10.0,0.0,46.0,2.766666666666667,3.0,0.10327015979189891,0.0,23.4
2025,10,00-0037292,Andrew Ogletree,TE,IND,3.0,0.0,1.0,0.0,41.8,0.0,0.3333333333333333,0.011904761904761904,0.0,0.0
2025,10,00-0037340,Zaire Mitchell-Paden,TE,NO,9.0,3.0,4.0,0.0,67.8,0.65,1.0,0.04285714285714286,0.0,2.4
2025,10,00-0037475,Stone Smartt,TE,NYJ,0.0,0.0,0.0,0.0,56.8,0.0,0.0,0.0,0.0,0.0
2025,10,00-0037525,Jordan Mason,RB,MIN,39.0,22.0,48.0,0.0,57.5,6.0,10.333333333333334,0.479149819029879,0.0,4.1
2025,10,00-0037545,Rashid Shaheed,WR,SEA,75.0,46.0,30.0,0.0,81.3,12.1,10.0,0.3017741935483871,0.0,3.3
2025,10,00-0037614,John Metchie III,WR,NYJ,10.0,7.0,5.0,0.0,66.1,1.9333333333333333,1.3333333333333333,0.05476190476190476,0.0,0.6
2025,10,00-0037654,Tucker Fisk,TE,LAC,9.0,3.0,3.0,0.0,67.0,0.7333333333333334,1.0,0.028762095428762097,0.0,1.7
2025,10,00-0037664,Alec Pierce,WR,IND,70.0,52.0,25.0,0.0,75.2,13.733333333333334,9.333333333333334,0.25396825396825395,0.0,18.4
2025,10,00-0037740,Garrett Wilson,WR,NYJ,65.0,55.0,36.0,0.0,71.2,14.533333333333333,8.666666666666666,0.35590828924162254,0.0,0.0
2025,10,00-0037741,Jahan Dotson,WR,PHI,18.0,22.0,8.0,0.0,66.3,5.699999999999999,2.3333333333333335,0.0811936936936937,0.0,0.0
2025,10,00-0037742,Treylon Burks,WR,WAS,8.0,9.0,5.0,0.0,56.8,2.4,1.0,0.047619047619047616,0.0,8.8
2025,10,00-0037744,Trey McBride,TE,ARI,100.0,100.0,32.0,0.0,83.8,22.366666666666664,11.0,0.3249163502713198,0.0,27.7
2025,10,00-0037746,Brian Robinson,RB,SF,18.0,18.0,12.0,0.0,31.6,4.966666666666667,4.666666666666667,0.12168241115609535,0.0,11.5
2025,10,00-0037805,Jeremy Ruckert,TE,NYJ,6.0,5.0,2.0,0.0,35.8,1.1333333333333333,0.6666666666666666,0.02224694104560623,0.0,1.0
2025,10,00-0037816,Romeo Doubs,WR,GB,60.0,47.0,25.0,0.0,78.3,12.233333333333334,8.0,0.24761904761904763,0.0,1.5
2025,10,00-0037837,Calvin Austin III,WR,PIT,35.0,26.0,15.0,0.0,66.4,6.8999999999999995,4.666666666666667,0.15196201647814553,0.0,3.4
2025,10,00-0037838,Isaiah Likely,TE,BAL,24.0,21.0,11.0,0.0,58.4,4.8,2.6666666666666665,0.10910737812911726,0.0,3.7
2025,10,00-0037840,Kyren Williams,RB,LA,69.0,51.0,58.0,0.0,79.7,14.199999999999998,18.333333333333332,0.576079337140667,0.0,22.4
2025,10,00-0038046,Charlie Kolar,TE,BAL,12.0,27.0,5.0,0.0,54.9,6.1000000000000005,1.3333333333333333,0.05455368906455863,0.0,3.3
2025,10,00-0038090,Skyy Moore,WR,SF,8.0,7.0,4.0,0.0,71.2,1.8666666666666665,1.0,0.04251878389809424,0.0,2.8
2025,10,00-0038102,Kenny Pickett,QB,LV,7.0,1.0,36.0,50.0,56.8,0.32,3.0,0.09090909090909091,0.0,0.0
2025,10,00-0038115,Daniel Bellinger,TE,NYG,27.0,45.0,9.0,0.0,57.0,10.033333333333333,3.0,0.08974358974358976,0.0,1.8
2025,10,00-0038117,Wan'Dale Robinson,WR,NYG,68.0,47.0,30.0,0.0,72.4,12.299999999999999,9.0,0.2964015151515152,0.0,12.2
2025,10,00-0038120,Breece Hall,RB,NYJ,71.0,55.0,65.0,0.0,64.0,15.32,19.0,0.6487954584172605,0.0,19.5
2025,10,00-0038124,Christian Watson,WR,GB,30.0,39.0,11.0,0.0,91.2,10.15,4.0,0.11428571428571428,0.0,6.5
2025,10,00-0038129,Cade Otton,TE,TB,61.0,47.0,22.0,0.0,81.0,10.533333333333333,6.666666666666667,0.21640096618357485,0.0,17.2
2025,10,00-0038134,Kenneth Walker III,RB,SEA,51.0,23.0,49.0,0.0,84.1,6.466666666666666,13.666666666666666,0.4943667443667443,0.0,8.0
2025,10,00-0038359,Xavier Smith,WR,LA,15.0,9.0,6.0,0.0,38.9,2.2333333333333334,2.0,0.06256109481915934,0.0,2.4
2025,10,00-0038393,Dontayvion Wicks,WR,GB,20.0,11.0,9.0,0.0,72.5,2.966666666666667,2.6666666666666665,0.08648758648758648,0.0,7.8
2025,10,00-0038454,Keaton Mitchell,RB,BAL,11.0,9.0,10.0,0.0,36.4,2.3666666666666667,3.0,0.09559874440659855,0.0,3.1
2025,10,00-0038488,Brady Russell,RB,SEA,0.0,0.0,0.0,0.0,56.8,0.0,0.0,0.0,0.0,0.0
2025,10,00-0038496,Xavier Gipson,WR,PHI,2.0,2.0,2.0,0.0,31.2,0.43333333333333335,0.3333333333333333,0.016666666666666666,0.0,0.0
2025,10,00-0038542,Bijan Robinson,RB,ATL,70.0,56.0,87.0,0.0,75.2,15.533333333333333,18.666666666666668,0.8652505446623094,0.0,10.8
2025,10,00-0038543,Jaxon Smith-Njigba,WR,SEA,92.0,100.0,48.0,0.0,88.3,26.166666666666668,12.333333333333334,0.4803639846743295,0.0,20.3
2025,10,00-0038544,Quentin Johnston,WR,LAC,42.0,45.0,17.0,0.0,83.2,11.733333333333334,5.666666666666667,0.16512345679012344,0.0,9.2
2025,10,00-0038555,Tank Bigsby,RB,PHI,14.0,15.0,12.0,0.0,31.2,4.133333333333334,3.6666666666666665,0.11989459815546771,0.0,0.7
2025,10,00-0038558,Darnell Washington,TE,PIT,48.0,40.0,17.0,0.0,93.6,8.9,5.333333333333333,0.16874999999999998,0.0,2.5
2025,10,00-0038559,Michael Wilson,WR,ARI,32.0,31.0,13.0,0.0,90.9,8.166666666666666,4.333333333333333,0.1279277405038054,0.0,7.4
2025,10,00-0038563,Tre Tucker,WR,LV,38.0,34.0,23.0,0.0,77.2,9.033333333333333,5.0,0.22849235387935077,0.0,5.5
2025,10,00-0038573,Derius Davis,WR,LAC,0.0,0.0,0.0,0.0,56.8,0.0,0.0,0.0,0.0,1.3
2025,10,00-0038606,Parker Washington,WR,JAX,65.0,41.0,29.0,0.0,60.3,10.700000000000001,8.666666666666666,0.2855699855699856,0.0,11.9
2025,10,00-0038611,Chris Rodriguez Jr.,RB,WAS,20.0,24.0,16.0,0.0,33.6,6.633333333333333,5.333333333333333,0.1634920634920635,0.0,7.6
2025,10,00-0038621,DeMario Douglas,WR,NE,30.0,39.0,15.0,0.0,58.0,10.133333333333333,4.0,0.14663561076604556,0.0,5.4
2025,10,00-0038679,Tyrell Shavers,WR,BUF,18.0,9.0,9.0,0.0,31.2,2.466666666666667,2.3333333333333335,0.08854700854700855,0.0,3.4
2025,10,00-0038685,Chris Brooks,RB,GB,4.0,5.0,3.0,0.0,32.0,1.4666666666666668,1.0,0.030952380952380953,0.0,0.0
2025,10,00-0038705,Emari Demercado,RB,ARI,25.0,20.0,23.0,0.0,34.8,5.666666666666667,6.666666666666667,0.22933244916003537,0.0,13.4
2025,10,00-0038710,Blake Whiteheart,TE,CLE,9.0,4.0,3.0,0.0,64.6,0.7999999999999999,1.0,0.03485838779956427,0.0,0.0
2025,10,00-0038797,Emanuel Wilson,RB,GB,38.0,20.0,38.0,0.0,55.8,5.633333333333333,10.0,0.3770297818123905,0.0,1.4
2025,10,00-0038824,Ryan Miller,WR,TB,5.0,3.0,2.0,0.0,34.4,0.7999999999999999,0.6666666666666666,0.018160919540229886,0.0,0.0
2025,10,00-0038933,Dalton Kincaid,TE,BUF,45.0,63.0,19.0,0.0,66.5,14.066666666666668,5.0,0.1901449275362319,0.0,5.7
2025,10,00-0038951,Sean Tucker,RB,TB,25.0,24.0,25.0,0.0,51.2,6.766666666666666,6.666666666666667,0.24929855585027996,0.0,6.1
2025,10,00-0038979,Cedric Tillman,WR,CLE,30.0,22.0,11.0,0.0,53.1,5.8,4.0,0.10776841224294598,0.0,3.1
2025,10,00-0038994,Jordan Addison,WR,MIN,52.0,53.0,22.0,0.0,63.0,13.933333333333332,7.0,0.21647381437486388,0.0,6.5
2025,10,00-0038997,Josh Downs,WR,IND,48.0,59.0,18.0,0.0,77.0,15.6,6.333333333333333,0.1759920634920635,0.0,1.3
2025,10,00-0039040,De'Von Achane,RB,MIA,84.0,59.0,83.0,0.0,86.3,16.5,22.333333333333332,0.8278544278544278,0.0,40.5
2025,10,00-0039041,Elijah Higgins,TE,ARI,18.0,19.0,6.0,0.0,59.6,4.233333333333333,2.0,0.061380697283334194,0.0,3.9
2025,10,00-0039050,Payne Durham,TE,TB,3.0,0.0,1.0,0.0,41.8,0.0,0.3333333333333333,0.009259259259259259,0.0,0.0
2025,10,00-0039064,Zay Flowers,WR,BAL,62.0,46.0,32.0,0.0,81.0,12.033333333333333,8.333333333333334,0.3225178806700546,0.0,12.1
2025,10,00-0039065,Sam LaPorta,TE,DET,52.0,64.0,18.0,0.0,64.6,14.233333333333334,5.666666666666667,0.18386243386243387,0.0,10.3
2025,10,00-0039066,Michael Mayer,TE,LV,48.0,35.0,21.0,0.0,51.8,7.866666666666667,5.333333333333333,0.20667980110704567,0.0,5.2
2025,10,00-0039074,Davis Allen,TE,LA,21.0,15.0,8.0,0.0,47.2,3.266666666666666,2.3333333333333335,0.07875278843020779,0.0,8.8
2025,10,00-0039075,Puka Nacua,WR,LA,60.0,66.0,22.0,0.0,60.5,17.366666666666667,8.0,0.21919150356150907,0.0,17.4
2025,10,00-0039139,Jahmyr Gibbs,RB,DET,64.0,60.0,66.0,0.0,61.5,16.7,17.0,0.6616435664442911,0.0,38.2
2025,10,00-0039144,Luke Musgrave,TE,GB,18.0,14.0,6.0,0.0,54.3,3.1999999999999997,2.0,0.06373626373626373,0.0,5.3
2025,10,00-0039150,Bryce Young,QB,CAR,56.0,40.0,26.0,50.0,74.7,11.986666666666666,25.666666666666668,0.06503632819422293,0.0,5.56
2025,10,00-0039165,Zach Charbonnet,RB,SEA,45.0,36.0,44.0,0.0,67.7,9.933333333333334,12.0,0.4369356696942904,0.0,14.3
2025,10,00-0039299,George Holani,RB,SEA,4.0,1.0,4.0,0.0,31.2,0.3,1.0,0.041666666666666664,0.0,9.1
2025,10,00-0039305,Jack Westover,TE,NE,0.0,0.0,0.0,0.0,56.8,0.0,0.0,0.0,0.0,0.0
2025,10,00-0039338,Brock Bowers,TE,LV,76.0,90.0,29.0,0.0,51.1,20.23333333333333,8.333333333333334,0.2933073424301494,0.0,3.7
2025,10,00-0039342,Xavier Legette,WR,CAR,42.0,39.0,21.0,0.0,41.8,10.366666666666667,5.666666666666667,0.21438940970940676,0.0,0.0
2025,10,00-0039356,Ja'Tavion Sanders,TE,CAR,18.0,10.0,8.0,0.0,50.8,2.1333333333333333,2.0,0.08252749686277404,0.0,8.2
2025,10,00-0039364,Sione Vaki,RB,DET,0.0,0.0,0.0,0.0,56.8,0.0,0.0,0.0,0.0,0.4
2025,10,00-0039379,Jamari Thrash,WR,CLE,20.0,15.0,9.0,0.0,81.1,3.9,2.6666666666666665,0.08694791047732224,0.0,0.0
2025,10,00-0039384,Tyrone Tracy Jr.,RB,NYG,39.0,30.0,42.0,0.0,79.7,8.200000000000001,10.333333333333334,0.41896645021645024,0.0,8.1
2025,10,00-0039391,Kimani Vidal,RB,LAC,65.0,36.0,57.0,0.0,62.0,10.066666666666666,17.333333333333332,0.5701155612977319,0.0,17.8
2025,10,00-0039407,Dylan Laube,RB,LV,4.0,2.0,8.0,0.0,31.2,0.46666666666666673,1.0,0.08021390374331551,0.0,0.0
2025,10,00-0039424,Devaughn Vele,WR,NO,20.0,16.0,6.0,0.0,52.1,4.2,2.6666666666666665,0.06464263124604681,0.0,2.5
2025,10,00-0039451,Isaiah Williams,WR,NYJ,12.0,11.0,5.0,0.0,31.2,2.8666666666666667,1.6666666666666667,0.05498602050326188,0.0,1.4
2025,10,00-0039491,Jalen Coker,WR,CAR,18.0,11.0,10.0,0.0,44.2,2.8333333333333335,2.3333333333333335,0.09702025048596245,0.0,5.1
2025,10,00-0039589,Kameron Johnson,WR,TB,12.0,21.0,6.0,0.0,31.2,5.466666666666666,1.6666666666666667,0.06463768115942028,0.0,1.1
2025,10,00-0039732,Bo Nix,QB,DEN,91.0,90.0,51.0,50.0,71.1,26.75333333333333,41.666666666666664,0.1268037518037518,0.0,9.8
2025,10,00-0039738,Blake Corum,RB,LA,39.0,16.0,32.0,0.0,70.4,4.466666666666666,10.333333333333334,0.32127100649816037,0.0,5.6
2025,10,00-0039739,Roman Wilson,WR,PIT,22.0,29.0,9.0,0.0,47.0,7.499999999999999,3.0,0.09364439324116743,0.0,11.5
2025,10,00-0039746,Will Shipley,RB,PHI,5.0,2.0,4.0,0.0,31.2,0.6333333333333333,1.3333333333333333,0.04479578392621871,0.0,5.4
2025,10,00-0039757,Terrell Jennings,RB,NE,24.0,18.0,19.0,0.0,37.5,4.9,6.333333333333333,0.18835978835978837,0.0,0.5
2025,10,00-0039793,AJ Barner,TE,SEA,36.0,35.0,16.0,0.0,69.5,7.833333333333333,4.0,0.15569487983281086,0.0,0.3
2025,10,00-0039798,Isaiah Davis,RB,NYJ,26.0,27.0,24.0,0.0,47.6,7.400000000000001,7.0,0.2406060120186928,0.0,2.1
2025,10,00-0039847,Theo Johnson,TE,NYG,52.0,48.0,19.0,0.0,76.9,10.766666666666666,5.666666666666667,0.1938131313131313,0.0,14.5
2025,10,00-0039849,Marvin Harrison Jr.,WR,ARI,45.0,45.0,19.0,0.0,47.7,11.866666666666667,6.0,0.19086007524141402,0.0,12.3
2025,10,00-0039851,Drake Maye,QB,NE,72.0,81.0,89.0,50.0,90.0,23.906666666666666,33.0,0.22154882154882158,0.0,20.1
2025,10,00-0039868,Troy Franklin,WR,DEN,75.0,56.0,30.0,0.0,68.7,14.700000000000001,10.0,0.2980296639036731,0.0,15.0
2025,10,00-0039874,Jaylen Wright,RB,MIA,38.0,14.0,28.0,0.0,56.8,3.8,10.0,0.28170478170478175,0.0,1.7
2025,10,00-0039875,Ray Davis,RB,BUF,15.0,14.0,13.0,0.0,31.2,3.8333333333333335,4.0,0.12584806497849974,0.0,0.8
2025,10,00-0039880,Malik Washington,WR,MIA,48.0,39.0,23.0,0.0,82.2,10.233333333333333,6.333333333333333,0.23001848001848002,0.0,9.3
2025,10,00-0039901,Keon Coleman,WR,BUF,30.0,18.0,16.0,0.0,71.7,4.6,4.0,0.16156075808249723,0.0,13.6
2025,10,00-0039912,Ben Sinnott,TE,WAS,6.0,7.0,2.0,0.0,35.4,1.6333333333333335,0.6666666666666666,0.019444444444444445,0.0,7.4
2025,10,00-0039915,Ladd McConkey,WR,LAC,78.0,59.0,31.0,0.0,72.6,15.366666666666665,10.333333333333334,0.3055555555555555,0.0,20.7
2025,10,00-0039917,Michael Penix Jr.,QB,ATL,82.0,58.0,38.0,50.0,83.7,17.19333333333333,37.666666666666664,0.09583333333333333,0.0,10.98
2025,10,00-0039918,Caleb Williams,QB,CHI,80.0,67.0,49.0,50.0,68.2,19.726666666666667,36.666666666666664,0.12185663924794359,0.0,25.1
2025,10,00-0039919,Rome Odunze,WR,CHI,48.0,30.0,20.0,0.0,49.5,7.833333333333333,6.333333333333333,0.20464985994397758,0.0,20.6
2025,10,00-0039920,Malachi Corley,WR,CLE,10.0,10.0,7.0,0.0,64.4,2.6333333333333333,1.3333333333333333,0.06828703703703703,0.0,3.2
2025,10,00-0039923,J.J. McCarthy,QB,MIN,59.0,58.0,87.0,50.0,72.4,17.319999999999997,27.333333333333332,0.21680859974870867,0.0,18.72
2025,10,00-0040009,Savion Williams,WR,GB,12.0,14.0,5.0,0.0,34.0,3.7000000000000006,1.6666666666666667,0.05472527472527472,0.0,2.2
2025,10,00-0040075,LaJohntay Wester,WR,BAL,0.0,0.0,0.0,0.0,56.8,0.0,0.0,0.0,0.0,0.0
2025,10,00-0040122,Ashton Jeanty,RB,LV,65.0,49.0,77.0,0.0,64.8,13.633333333333333,17.333333333333332,0.7735452434562342,0.0,15.3
2025,10,00-0040124,Tetairoa McMillan,WR,CAR,52.0,40.0,30.0,0.0,67.5,10.6,7.0,0.30395413498683593,0.0,11.0
2025,10,00-0040126,Colston Loveland,TE,CHI,48.0,63.0,17.0,0.0,61.1,14.0,5.333333333333333,0.16957983193277312,0.0,9.5
2025,10,00-0040128,Tyler Warren,TE,IND,52.0,50.0,16.0,0.0,79.8,11.266666666666666,5.666666666666667,0.16021825396825398,0.0,17.9
2025,10,00-0040129,Emeka Egbuka,WR,TB,62.0,26.0,26.0,0.0,69.7,6.900000000000001,8.333333333333334,0.2629710144927536,0.0,23.5
2025,10,00-0040130,Jayden Higgins,WR,HOU,30.0,19.0,10.0,0.0,33.2,4.933333333333334,4.0,0.10046157757828238,0.0,15.2
2025,10,00-0040131,Kyle Williams,WR,NE,10.0,0.0,5.0,0.0,63.2,0.0,1.3333333333333333,0.05357142857142857,0.0,14.2
2025,10,00-0040134,Pat Bryant,WR,DEN,27.0,22.0,11.0,0.0,63.4,5.866666666666667,3.6666666666666665,0.1071632750815062,0.0,5.3
2025,10,00-0040138,Jaylin Noel,WR,HOU,35.0,29.0,12.0,0.0,46.8,7.566666666666666,4.666666666666667,0.11526097853328975,0.0,7.5
2025,10,00-0040142,Kaleb Johnson,RB,PIT,19.0,7.0,18.0,0.0,71.4,2.0,5.0,0.18268398268398267,0.0,0.3
2025,10,00-0040162,Dylan Sampson,RB,CLE,22.0,18.0,24.0,0.0,65.8,5.000000000000001,6.0,0.24382303426421073,0.0,0.9
2025,10,00-0040164,Jaylin Lane,WR,WAS,32.0,20.0,17.0,0.0,57.1,5.3,4.333333333333333,0.16610343061955965,0.0,5.1
2025,10,00-0040187,Mitchell Evans,TE,CAR,15.0,22.0,6.0,0.0,60.9,4.966666666666667,1.6666666666666667,0.06047675940149058,0.0,0.0
2025,10,00-0040189,Oronde Gadsden II,TE,LAC,58.0,89.0,19.0,0.0,75.8,19.966666666666665,6.333333333333333,0.18672839506172836,0.0,4.3
2025,10,00-0040194,Jackson Hawes,TE,BUF,18.0,13.0,9.0,0.0,73.8,2.9333333333333336,2.0,0.08529644268774704,0.0,9.6
2025,10,00-0040198,Ollie Gordon II,RB,MIA,26.0,21.0,24.0,0.0,50.4,5.933333333333334,7.0,0.24323274323274324,0.0,-0.3
2025,10,00-0040202,Devin Neal,RB,NO,10.0,8.0,12.0,0.0,43.4,2.1333333333333333,2.6666666666666665,0.12492530345471521,0.0,6.1
2025,10,00-0040236,Kyle Monangai,RB,CHI,68.0,51.0,53.0,0.0,52.8,14.200000000000001,18.0,0.5330364507730238,0.0,8.8
2025,10,00-0040237,Tez Johnson,WR,TB,45.0,46.0,19.0,0.0,74.0,12.200000000000001,6.0,0.18681159420289853,0.0,20.2
2025,10,00-0040238,LeQuint Allen Jr.,RB,JAX,8.0,7.0,6.0,0.0,70.1,1.9000000000000001,2.0,0.06473000683526998,0.0,1.6
2025,10,00-0040241,Dominic Lovett,WR,DET,0.0,0.0,0.0,0.0,56.8,0.0,0.0,0.0,0.0,0.0
2025,10,00-0040242,Jacory Croskey-Merritt,RB,WAS,48.0,14.0,46.0,0.0,82.4,3.9333333333333336,12.666666666666666,0.4643625192012289,0.0,3.0
2025,10,00-0040259,Gage Larvadain,WR,CLE,15.0,6.0,7.0,0.0,47.0,1.5,2.0,0.06549564270152505,0.0,0.0
2025,10,00-0040506,Myles Price,WR,MIN,0.0,0.0,0.0,0.0,56.8,0.0,0.0,0.0,0.0,0.0
2025,10,00-0040509,Ben Yurosek,TE,MIN,6.0,2.0,2.0,0.0,31.2,0.5,0.6666666666666666,0.022222222222222223,0.0,0.0
2025,10,00-0040534,Ke'Shawn Williams,WR,PIT,0.0,0.0,0.0,0.0,56.8,0.0,0.0,0.0,0.0,0.0
2025,10,00-0040563,Efton Chism III,WR,NE,0.0,0.0,0.0,0.0,56.8,0.0,0.0,0.0,0.0,0.0
2025,10,00-0040581,Dont'e Thornton Jr.,WR,LV,18.0,0.0,11.0,0.0,66.8,0.0,2.3333333333333335,0.11067538126361658,0.0,1.4
2025,10,00-0040582,Arian Smith,WR,NYJ,12.0,5.0,7.0,0.0,46.4,1.4333333333333333,1.6666666666666667,0.06597453961191446,0.0,1.3
2025,10,00-0040583,Woody Marks,RB,HOU,54.0,36.0,51.0,0.0,73.6,10.1,14.333333333333334,0.5139385312692623,0.0,16.1
2025,10,00-0040590,Konata Mumpfield,WR,LA,11.0,18.0,5.0,0.0,58.7,4.6,1.5,0.053613053613053616,0.0,0.0
2025,10,00-0040644,Trevor Etienne,RB,CAR,5.0,2.0,5.0,0.0,31.2,0.5333333333333333,1.3333333333333333,0.047619047619047616,0.0,0.0
2025,10,00-0040649,Robbie Ouzts,RB,SEA,0.0,0.0,0.0,0.0,56.8,0.0,0.0,0.0,0.0,0.0
2025,10,00-0040663,Harold Fannin Jr.,TE,CLE,73.0,61.0,26.0,0.0,76.0,13.700000000000001,8.0,0.25959348385818976,0.0,8.4
2025,10,00-0040669,Isaac TeSlaa,WR,DET,10.0,10.0,5.0,0.0,54.0,2.733333333333333,1.3333333333333333,0.05203854116897596,0.0,2.1
2025,10,00-0040691,Jaxson Dart,QB,NYG,79.0,87.0,100.0,50.0,82.2,25.69333333333333,36.333333333333336,0.2743055555555555,0.0,28.28
2025,10,00-0040704,Dillon Gabriel,QB,CLE,80.0,34.0,24.0,50.0,59.3,10.073333333333334,36.666666666666664,0.061237373737373736,0.0,20.08
2025,10,00-0040719,Bhayshul Tuten,RB,JAX,25.0,20.0,24.0,0.0,66.5,5.533333333333334,6.666666666666667,0.23778132199184832,0.0,2.0
2025,10,00-0040727,Tre Harris,WR,LAC,15.0,21.0,6.0,0.0,79.0,5.633333333333334,2.0,0.06481481481481481,0.0,2.4
2025,10,00-0040729,Jack Bech,WR,LV,8.0,4.0,5.0,0.0,31.2,1.0999999999999999,1.0,0.05436720142602495,0.0,0.0
2025,10,00-0040730,RJ Harvey,RB,DEN,26.0,58.0,24.0,0.0,78.0,15.966666666666669,7.0,0.2447416032105227,0.0,3.8
2025,10,00-0040734,TreVeyon Henderson,RB,NE,40.0,25.0,33.0,0.0,38.8,6.8999999999999995,10.666666666666666,0.3265993265993266,0.0,28.0
2025,10,00-0040735,Luther Burden III,WR,CHI,20.0,17.0,9.0,0.0,47.3,4.366666666666666,2.6666666666666665,0.09050082101806241,0.0,8.1
2025,10,00-0040736,Mason Taylor,TE,NYJ,42.0,32.0,17.0,0.0,44.5,7.233333333333333,4.666666666666667,0.167939686070943,0.0,1.4
2025,10,00-0040737,Terrance Ferguson,TE,LA,21.0,26.0,8.0,0.0,55.5,5.833333333333333,2.3333333333333335,0.07705384844234774,0.0,4.2
2025,10,00-0040739,Elijah Arroyo,TE,SEA,27.0,31.0,11.0,0.0,57.8,6.900000000000001,3.0,0.11302681992337164,0.0,1.5
2025,10,00-0040743,Tyler Shough,QB,NO,43.0,20.0,36.0,50.0,35.8,5.853333333333333,20.0,0.09047619047619049,0.0,18.98
2025,10,00-0040784,Quinshon Judkins,RB,CLE,62.0,42.0,71.0,0.0,59.5,11.566666666666665,16.666666666666668,0.71215834818776,0.0,10.5
2025,11,00-0023459,Aaron Rodgers,QB,PIT,76.0,46.0,12.0,50.0,73.8,13.106666666666667,34.666666666666664,0.030303030303030304,0.0,9.44
2025,11,00-0026158,Joe Flacco,QB,CIN,100.0,100.0,49.0,50.0,78.3,28.333333333333332,45.333333333333336,0.12367149758454106,0.0,11.86
2025,11,00-0026498,Matthew Stafford,QB,LA,81.0,95.0,35.0,50.0,94.4,27.040000000000003,36.666666666666664,0.08732959101844427,0.0,13.2
2025,11,00-0029604,Kirk Cousins,QB,ATL,44.0,15.0,24.0,50.0,38.5,4.14,20.0,0.058823529411764705,0.0,2.12
2025,11,00-0030035,Adam Thielen,WR,MIN,14.0,7.0,6.0,0.0,62.8,1.8666666666666665,2.3333333333333335,0.06370648321867833,0.0,1.6
2025,11,00-0030061,Zach Ertz,TE,WAS,43.0,32.0,21.0,0.0,85.5,7.866666666666667,5.0,0.20591630591630591,0.0,8.2
2025,11,00-0030279,Keenan Allen,WR,LAC,30.0,24.0,18.0,0.0,86.2,6.133333333333333,5.0,0.18167789001122336,0.0,9.3
2025,11,00-0030506,Travis Kelce,TE,KC,46.0,56.0,17.0,0.0,64.7,13.633333333333333,5.333333333333333,0.17021636240703178,0.0,24.1
2025,11,00-0030564,DeAndre Hopkins,WR,BAL,12.0,8.0,8.0,0.0,39.7,2.0,2.0,0.07726331639375117,0.0,2.1
2025,11,00-0030565,Geno Smith,QB,LV,67.0,44.0,75.0,50.0,54.5,12.486666666666666,30.333333333333332,0.18832535885167465,0.0,14.92
2025,11,00-0031237,Teddy Bridgewater,QB,TB,2.0,-0.0,33.0,50.0,56.8,-0.1,1.0,0.08333333333333333,0.0,-0.1
2025,11,00-0031381,Davante Adams,WR,LA,46.0,91.0,23.0,0.0,92.7,23.066666666666666,7.666666666666667,0.23450827056140147,0.0,7.1
2025,11,00-0031588,Stefon Diggs,WR,NE,34.0,51.0,21.0,0.0,79.5,12.933333333333332,5.666666666666667,0.2120368387234954,0.0,19.5
2025,11,00-0031687,Raheem Mostert,RB,LV,5.0,8.0,6.0,0.0,70.6,2.0333333333333337,1.3333333333333333,0.05504643962848297,0.0,3.3
2025,11,00-0032211,Tyler Lockett,WR,LV,18.0,17.0,11.0,0.0,33.6,4.3999999999999995,3.0,0.10960526315789472,0.0,6.3
2025,11,00-0032268,Marcus Mariota,QB,WAS,57.0,47.0,88.0,50.0,59.9,13.32,25.666666666666668,0.21887125220458556,0.0,17.42
2025,11,00-0032385,Sterling Shepard,WR,TB,28.0,23.0,12.0,0.0,62.8,5.8,4.666666666666667,0.1213252122554448,0.0,10.1
2025,11,00-0032398,Chris Moore,WR,WAS,20.0,28.0,12.0,0.0,36.2,7.166666666666667,3.3333333333333335,0.1232078853046595,0.0,4.8
2025,11,00-0032464,Kalif Raymond,WR,DET,18.0,19.0,10.0,0.0,44.2,4.866666666666667,3.0,0.09674122174122174,0.0,0.0
2025,11,00-0032688,Robbie Chosen,WR,WAS,24.0,20.0,16.0,0.0,79.1,5.15,4.0,0.15542521994134897,0.0,0.0
2025,11,00-0032764,Derrick Henry,RB,BAL,84.0,54.0,65.0,0.0,89.2,14.533333333333333,21.666666666666668,0.6548448149429916,0.0,20.2
2025,11,00-0032775,Demarcus Robinson,WR,SF,16.0,12.0,9.0,0.0,50.8,2.966666666666667,2.6666666666666665,0.08639181052974156,0.0,2.3
2025,11,00-0033077,Dak Prescott,QB,DAL,85.0,60.0,73.0,50.0,84.5,17.093333333333334,38.333333333333336,0.1817716333845366,0.0,26.32
2025,11,00-0033090,Hunter Henry,TE,NE,31.0,25.0,13.0,0.0,54.4,6.233333333333333,3.6666666666666665,0.13189833654601268,0.0,8.5
2025,11,00-0033106,Jared Goff,QB,DET,74.0,69.0,8.0,50.0,73.4,19.5,33.666666666666664,0.020833333333333332,0.0,14.1
2025,11,00-0033110,Tyler Higbee,TE,LA,37.0,29.0,13.0,0.0,73.5,7.166666666666667,4.333333333333333,0.133028578000115,0.0,3.3
2025,11,00-0033119,Jacoby Brissett,QB,ARI,93.0,80.0,75.0,50.0,91.2,22.673333333333332,42.0,0.18687085028914116,0.0,25.88
2025,11,00-0033246,Johnny Mundt,TE,JAX,17.0,7.0,7.0,0.0,33.5,1.6666666666666667,2.0,0.06938954765041722,0.0,4.5
2025,11,00-0033280,Christian McCaffrey,RB,SF,91.0,76.0,95.0,0.0,69.7,20.566666666666666,23.333333333333332,0.9507527990286612,0.0,35.1
2025,11,00-0033282,Curtis Samuel,WR,BUF,4.0,6.0,2.0,0.0,34.8,1.5666666666666667,0.6666666666666666,0.02188034188034188,0.0,3.9
2025,11,00-0033288,George Kittle,TE,SF,54.0,61.0,21.0,0.0,71.7,14.866666666666665,6.333333333333333,0.2105914174879692,0.0,24.7
2025,11,00-0033293,Aaron Jones,RB,MIN,45.0,40.0,54.0,0.0,74.6,10.9,11.666666666666666,0.5438405335395865,0.0,11.1
2025,11,00-0033375,Tim Patrick,WR,JAX,6.0,17.0,3.0,0.0,66.8,4.266666666666667,1.0,0.03477633477633477,0.0,11.0
2025,11,00-0033376,Patrick Ricard,RB,BAL,4.0,1.0,3.0,0.0,56.8,0.3,1.0,0.027777777777777776,0.0,0.0
2025,11,00-0033555,Mack Hollins,WR,NE,38.0,46.0,24.0,0.0,55.1,11.799999999999999,6.333333333333333,0.24020132790747484,0.0,10.4
2025,11,00-0033572,Jamal Agnew,WR,ATL,0.0,0.0,0.0,0.0,56.8,0.0,0.0,0.0,0.0,0.0
2025,11,00-0033757,Robert Tonyan,TE,KC,0.0,0.0,0.0,0.0,56.8,0.0,0.0,0.0,0.0,1.1
2025,11,00-0033854,Dare Ogunbowale,RB,HOU,5.0,5.0,3.0,0.0,52.1,1.3,1.3333333333333333,0.033824574442423413,0.0,1.9
2025,11,00-0033857,JuJu Smith-Schuster,WR,KC,12.0,17.0,6.0,0.0,61.2,4.2,2.0,0.061739350912778906,0.0,0.0
2025,11,00-0033858,Jonnu Smith,TE,PIT,29.0,14.0,10.0,0.0,65.9,3.5333333333333337,3.3333333333333335,0.10368663594470046,0.0,0.0
2025,11,00-0033873,Patrick Mahomes,QB,KC,82.0,75.0,37.0,50.0,78.0,21.233333333333334,37.333333333333336,0.09363143631436315,0.0,15.34
2025,11,00-0033881,Evan Engram,TE,DEN,34.0,15.0,14.0,0.0,59.2,3.6,4.0,0.14289704485782917,0.0,7.3
2025,11,00-0033885,David Njoku,TE,CLE,37.0,40.0,11.0,0.0,69.4,9.866666666666665,4.333333333333333,0.11055407011289364,0.0,1.7
2025,11,00-0033908,Cooper Kupp,WR,SEA,12.0,34.0,11.0,0.0,63.5,8.533333333333333,2.0,0.10871647509578543,0.0,5.3
2025,11,00-0033923,Kareem Hunt,RB,KC,35.0,39.0,35.0,0.0,53.1,10.5,9.0,0.3492588309503785,0.0,13.2
2025,11,00-0033955,Jeremy McNichols,RB,WAS,18.0,19.0,17.0,0.0,42.6,5.233333333333333,4.666666666666667,0.16947250280583614,0.0,4.9
2025,11,00-0034348,Courtland Sutton,WR,DEN,32.0,34.0,18.0,0.0,81.4,8.700000000000001,5.333333333333333,0.18417965476789008,0.0,9.9
2025,11,00-0034351,Dallas Goedert,TE,PHI,34.0,42.0,18.0,0.0,63.8,10.3,4.0,0.18043478260869564,0.0,4.4
2025,11,00-0034365,Ian Thomas,TE,LV,14.0,11.0,5.0,0.0,52.7,2.766666666666667,1.6666666666666667,0.05170122275385433,0.0,3.0
2025,11,00-0034383,Dalton Schultz,TE,HOU,63.0,49.0,18.0,0.0,60.8,12.133333333333333,7.333333333333333,0.1780251911830859,0.0,11.1
2025,11,00-0034613,Tanner Hudson,TE,CIN,26.0,26.0,8.0,0.0,55.8,6.366666666666667,3.0,0.07668350168350169,0.0,5.2
2025,11,00-0034753,Mark Andrews,TE,BAL,37.0,45.0,17.0,0.0,76.3,11.133333333333333,4.333333333333333,0.16996199219200622,0.0,15.7
2025,11,00-0034771,Mason Rudolph,QB,PIT,6.0,1.0,21.0,50.0,49.2,0.24,2.5,0.05357142857142857,0.0,8.98
2025,11,00-0034775,Christian Kirk,WR,HOU,30.0,24.0,13.0,0.0,56.6,6.1000000000000005,5.0,0.13411409379151315,0.0,1.6
2025,11,00-0034791,Nick Chubb,RB,HOU,47.0,23.0,39.0,0.0,67.3,6.166666666666667,12.0,0.3892369813422445,0.0,1.7
2025,11,00-0034796,Lamar Jackson,QB,BAL,68.0,65.0,100.0,50.0,78.1,18.293333333333333,30.666666666666668,0.25474383301707776,0.0,8.72
2025,11,00-0034798,Durham Smythe,TE,CHI,0.0,0.0,0.0,0.0,56.8,0.0,0.0,0.0,0.0,1.8
2025,11,00-0034827,DJ Moore,WR,CHI,40.0,45.0,20.0,0.0,54.8,11.526666666666666,6.666666666666667,0.20052174937085424,0.0,3.1
2025,11,00-0034837,Calvin Ridley,WR,TEN,28.0,34.0,14.0,0.0,34.1,8.633333333333335,4.666666666666667,0.14337227252828277,0.0,2.3
2025,11,00-0034844,Saquon Barkley,RB,PHI,82.0,64.0,76.0,0.0,69.6,17.233333333333334,21.0,0.7592743289674236,0.0,10.0
2025,11,00-0034854,KhaDarel Hodge,WR,ATL,16.0,8.0,9.0,0.0,31.2,2.033333333333333,2.6666666666666665,0.08888888888888889,0.0,0.0
2025,11,00-0034855,Baker Mayfield,QB,TB,86.0,50.0,0.0,50.0,63.7,14.04,39.0,0.0,0.0,20.82
2025,11,00-0034857,Josh Allen,QB,BUF,72.0,89.0,59.0,50.0,81.5,25.126666666666665,32.666666666666664,0.14632034632034632,0.0,46.68
2025,11,00-0034869,Sam Darnold,QB,SEA,54.0,62.0,21.0,50.0,58.4,17.580000000000002,24.333333333333332,0.052042160737812905,0.0,12.26
2025,11,00-0034960,Jakobi Meyers,WR,JAX,26.0,28.0,16.0,0.0,84.8,7.099999999999999,4.333333333333333,0.15671590042299424,0.0,11.4
2025,11,00-0035229,T.J. Hockenson,TE,MIN,23.0,22.0,9.0,0.0,69.8,5.5,2.6666666666666665,0.09307175680452458,0.0,6.9
2025,11,00-0035249,Josh Oliver,TE,MIN,14.0,18.0,5.0,0.0,41.1,4.466666666666667,1.6666666666666667,0.04589528118939884,0.0,0.7
2025,11,00-0035250,Devin Singletary,RB,NYG,31.0,26.0,31.0,0.0,64.5,7.066666666666666,8.0,0.3148538961038961,0.0,17.7
2025,11,00-0035261,Tony Pollard,RB,TEN,48.0,32.0,60.0,0.0,85.7,8.733333333333334,12.333333333333334,0.6010359795886112,0.0,5.6
2025,11,00-0035291,Trayveon Williams,RB,LAC,0.0,0.0,0.0,0.0,56.8,0.0,0.0,0.0,0.0,0.9
2025,11,00-0035359,David Sills,WR,ATL,10.0,4.0,6.0,0.0,43.1,1.1333333333333333,1.6666666666666667,0.05647058823529413,0.0,2.1
2025,11,00-0035500,Greg Dortch,WR,ARI,10.0,13.0,6.0,0.0,59.5,3.2000000000000006,1.6666666666666667,0.06008760325719493,0.0,18.6
2025,11,00-0035537,Ty Johnson,RB,BUF,14.0,19.0,12.0,0.0,66.0,5.066666666666666,3.6666666666666665,0.11605505605505606,0.0,15.0
2025,11,00-0035594,Travis Homer,RB,CHI,0.0,0.0,0.0,0.0,56.8,0.0,0.0,0.0,0.0,-0.2
2025,11,00-0035628,D'Ernest Johnson,RB,NE,4.0,0.0,4.0,0.0,70.8,0.05,1.0,0.036375661375661374,0.0,0.6
2025,11,00-0035640,DK Metcalf,WR,PIT,36.0,34.0,20.0,0.0,61.9,8.533333333333333,6.0,0.19669738863287248,0.0,9.9
2025,11,00-0035644,Noah Fant,TE,CIN,29.0,44.0,8.0,0.0,82.7,10.766666666666666,3.3333333333333335,0.08215488215488216,0.0,8.6
2025,11,00-0035645,Gunner Olszewski,WR,NYG,6.0,12.0,3.0,0.0,31.2,3.1333333333333333,1.0,0.03125,0.0,0.0
2025,11,00-0035662,Marquise Brown,WR,KC,18.0,25.0,10.0,0.0,50.7,6.233333333333334,3.0,0.09560936443542933,0.0,8.0
2025,11,00-0035676,A.J. Brown,WR,PHI,36.0,60.0,22.0,0.0,57.5,15.133333333333335,6.0,0.22418478260869565,0.0,11.9
2025,11,00-0035685,David Montgomery,RB,DET,61.0,33.0,55.0,0.0,84.0,9.0,15.666666666666666,0.5534331409331409,0.0,4.7
2025,11,00-0035689,Dawson Knox,TE,BUF,17.0,18.0,6.0,0.0,55.1,4.3999999999999995,2.0,0.06201412114455593,0.0,3.3
2025,11,00-0035700,Josh Jacobs,RB,GB,84.0,68.0,79.0,0.0,82.3,18.400000000000002,21.666666666666668,0.7893891293891294,0.0,4.0
2025,11,00-0035719,Deebo Samuel Sr.,WR,WAS,38.0,35.0,26.0,0.0,78.0,8.833333333333332,6.333333333333333,0.2635882635882636,0.0,20.7
2025,11,00-0035891,Cody White,WR,SEA,4.0,17.0,3.0,0.0,31.2,4.333333333333333,0.6666666666666666,0.027777777777777776,0.0,0.0
2025,11,00-0036139,Rico Dowdle,RB,CAR,74.0,60.0,70.0,0.0,57.7,16.26666666666667,19.0,0.7047427527976727,0.0,15.0
2025,11,00-0036176,Mason Kinsey,WR,TEN,0.0,0.0,0.0,0.0,56.8,0.0,0.0,0.0,0.0,2.4
2025,11,00-0036187,Reggie Gilliam,RB,BUF,0.0,0.0,0.0,0.0,56.8,0.0,0.0,0.0,0.0,0.0
2025,11,00-0036212,Tua Tagovailoa,QB,MIA,66.0,58.0,15.0,50.0,64.8,16.52,30.0,0.038172043010752686,0.0,6.84
2025,11,00-0036244,Colby Parkinson,TE,LA,29.0,34.0,10.0,0.0,62.1,8.266666666666667,3.3333333333333335,0.10082801449025358,0.0,9.4
2025,11,00-0036259,Jauan Jennings,WR,SF,42.0,55.0,24.0,0.0,81.3,13.9,7.0,0.240905930561103,0.0,9.4
2025,11,00-0036264,Jordan Love,QB,GB,86.0,55.0,35.0,50.0,65.7,15.719999999999999,39.0,0.08788224121557454,0.0,15.66
2025,11,00-0036275,D'Andre Swift,RB,CHI,70.0,63.0,58.0,0.0,85.0,16.9,18.0,0.5789705544053371,0.0,9.0
2025,11,00-0036290,Cole Kmet,TE,CHI,14.0,8.0,5.0,0.0,79.9,2.033333333333333,1.6666666666666667,0.05145969498910675,0.0,9.5
2025,11,00-0036309,Darnell Mooney,WR,ATL,28.0,10.0,17.0,0.0,67.0,2.4333333333333336,4.666666666666667,0.17071895424836603,0.0,6.4
2025,11,00-0036322,Justin Jefferson,WR,MIN,64.0,51.0,35.0,0.0,82.8,12.933333333333332,10.666666666666666,0.350217980440674,0.0,11.1
2025,11,00-0036331,Devin Duvernay,WR,CHI,6.0,2.0,3.0,0.0,31.2,0.39999999999999997,1.0,0.02857142857142857,0.0,0.0
2025,11,00-0036332,Josiah Deguara,TE,ARI,0.0,0.0,0.0,0.0,56.8,0.0,0.0,0.0,0.0,0.0
2025,11,00-0036355,Justin Herbert,QB,LAC,79.0,84.0,83.0,50.0,80.8,23.89333333333333,36.0,0.20802700675168792,0.0,5.34
2025,11,00-0036358,CeeDee Lamb,WR,DAL,62.0,68.0,31.0,0.0,86.0,17.366666666666667,10.333333333333334,0.30599078341013825,0.0,17.6
2025,11,00-0036389,Jalen Hurts,QB,PHI,60.0,75.0,59.0,50.0,84.8,21.139999999999997,27.333333333333332,0.1473946627399313,0.0,14.5
2025,11,00-0036407,Jerry Jeudy,WR,CLE,36.0,31.0,22.0,0.0,37.9,7.833333333333333,6.0,0.2192760942760943,0.0,5.1
2025,11,00-0036410,Tee Higgins,WR,CIN,42.0,84.0,16.0,0.0,61.9,21.366666666666664,7.0,0.16094276094276094,0.0,15.3
2025,11,00-0036415,Van Jefferson,WR,TEN,32.0,17.0,18.0,0.0,61.6,4.266666666666667,5.333333333333333,0.17723080223080223,0.0,11.2
2025,11,00-0036422,Adam Trautman,TE,DEN,9.0,8.0,3.0,0.0,32.2,1.9000000000000001,1.0,0.032428355957767725,0.0,1.8
2025,11,00-0036554,Nico Collins,WR,HOU,72.0,55.0,28.0,0.0,75.9,13.933333333333335,12.0,0.2801172257693997,0.0,24.2
2025,11,00-0036555,Chuba Hubbard,RB,CAR,30.0,17.0,28.0,0.0,48.2,4.533333333333334,7.666666666666667,0.2833698211272582,0.0,3.8
2025,11,00-0036590,Quintin Morris,TE,JAX,0.0,0.0,0.0,0.0,56.8,0.0,0.0,0.0,0.0,2.1
2025,11,00-0036613,Jaylen Waddle,WR,MIA,44.0,71.0,27.0,0.0,85.2,18.166666666666664,7.333333333333333,0.2691152691152691,0.0,8.2
2025,11,00-0036626,Dyami Brown,WR,JAX,26.0,17.0,13.0,0.0,42.8,4.3,4.333333333333333,0.13354037267080746,0.0,0.0
2025,11,00-0036630,Tylan Wallace,WR,BAL,2.0,2.0,2.0,0.0,31.2,0.5333333333333333,0.3333333333333333,0.015151515151515152,0.0,0.0
2025,11,00-0036637,Noah Gray,TE,KC,17.0,11.0,6.0,0.0,39.1,2.6999999999999997,2.0,0.06296484110885735,0.0,2.9
2025,11,00-0036754,Brock Wright,TE,DET,14.0,10.0,6.0,0.0,41.0,2.466666666666667,1.6666666666666667,0.055390211640211635,0.0,2.8
2025,11,00-0036825,Feleipe Franks,TE,ATL,0.0,0.0,0.0,0.0,56.8,0.0,0.0,0.0,0.0,0.0
2025,11,00-0036841,Austin Trammell,WR,JAX,12.0,10.0,8.0,0.0,43.9,2.65,2.0,0.08036890645586298,0.0,2.3
2025,11,00-0036842,Kene Nwangwu,RB,NYJ,0.0,0.0,0.0,0.0,56.8,0.0,0.0,0.0,0.0,0.0
2025,11,00-0036862,Ben Skowronek,WR,PIT,2.0,3.0,1.0,0.0,31.2,0.7666666666666666,0.3333333333333333,0.01075268817204301,0.0,0.0
2025,11,00-0036876,Kylen Granson,TE,PHI,0.0,0.0,0.0,0.0,56.8,0.0,0.0,0.0,0.0,1.4
2025,11,00-0036887,Luke Farrell,TE,SF,9.0,15.0,3.0,0.0,33.0,3.8000000000000003,1.0,0.03389103389103389,0.0,0.0
2025,11,00-0036894,Pat Freiermuth,TE,PIT,31.0,30.0,12.0,0.0,79.0,7.433333333333334,3.6666666666666665,0.11682027649769584,0.0,2.9
2025,11,00-0036898,Davis Mills,QB,HOU,64.0,41.0,40.0,50.0,48.5,11.693333333333333,29.0,0.09956709956709957,0.0,16.36
2025,11,00-0036900,Ja'Marr Chase,WR,CIN,100.0,100.0,42.0,0.0,67.0,25.433333333333337,16.666666666666668,0.4215488215488216,0.0,6.0
2025,11,00-0036912,DeVonta Smith,WR,PHI,54.0,85.0,41.0,0.0,76.4,21.53333333333333,9.0,0.4108695652173913,0.0,1.8
2025,11,00-0036919,Kenny Gainwell,RB,PIT,23.0,19.0,24.0,0.0,66.2,5.1000000000000005,6.0,0.24288584772455737,0.0,29.5
2025,11,00-0036924,Michael Carter,RB,ARI,34.0,18.0,31.0,0.0,49.9,4.8,8.666666666666666,0.3141544800751962,0.0,7.8
2025,11,00-0036945,Justin Fields,QB,NYJ,57.0,35.0,95.0,50.0,62.7,9.953333333333333,25.666666666666668,0.23647283647283648,0.0,21.34
2025,11,00-0036963,Amon-Ra St. Brown,WR,DET,62.0,74.0,32.0,0.0,87.2,18.7,10.333333333333334,0.3227513227513228,0.0,6.2
2025,11,00-0036970,Kyle Pitts,TE,ATL,60.0,39.0,24.0,0.0,74.2,9.5,7.0,0.2352941176470588,0.0,3.4
2025,11,00-0036971,Trevor Lawrence,QB,JAX,89.0,64.0,68.0,50.0,79.8,18.220000000000002,40.333333333333336,0.17019400352733682,0.0,17.02
2025,11,00-0036972,Mac Jones,QB,SF,75.0,72.0,47.0,50.0,78.3,20.293333333333333,34.0,0.11672771672771672,0.0,-0.3
2025,11,00-0036973,Travis Etienne,RB,JAX,75.0,48.0,66.0,0.0,74.0,12.9,19.333333333333332,0.6590612822496881,0.0,19.3
2025,11,00-0036988,Josh Palmer,WR,BUF,14.0,24.0,9.0,0.0,78.2,6.033333333333334,2.3333333333333335,0.09331779331779332,0.0,3.7
2025,11,00-0036997,Javonte Williams,RB,DAL,70.0,57.0,65.0,0.0,79.7,15.333333333333334,18.0,0.6549325823519373,0.0,10.3
2025,11,00-0037005,Tommy Tremble,TE,CAR,9.0,3.0,4.0,0.0,69.5,0.7999999999999999,1.0,0.04278930144435422,0.0,6.4
2025,11,00-0037012,Trey Lance,QB,LAC,11.0,10.0,15.0,50.0,56.8,2.8600000000000003,5.0,0.037037037037037035,0.0,1.58
2025,11,00-0037085,Tyler Badie,RB,DEN,6.0,4.0,5.0,0.0,45.1,1.0666666666666667,1.6666666666666667,0.05413703943115707,0.0,1.0
2025,11,00-0037091,Bo Melton,WR,GB,10.0,6.0,5.0,0.0,31.2,1.5999999999999999,1.6666666666666667,0.050505050505050504,0.0,1.7
2025,11,00-0037112,Jake Tonges,TE,SF,54.0,49.0,16.0,0.0,56.4,12.033333333333333,6.333333333333333,0.15964240102171137,0.0,0.0
2025,11,00-0037157,Bam Knight,RB,ARI,56.0,25.0,51.0,0.0,78.6,6.8,14.333333333333334,0.5075497010852862,0.0,14.5
2025,11,00-0037228,Jaylen Warren,RB,PIT,65.0,46.0,85.0,0.0,86.8,12.433333333333332,16.666666666666668,0.8499468572049217,0.0,8.7
2025,11,00-0037238,Drake London,WR,ATL,64.0,91.0,34.0,0.0,70.0,23.13333333333333,10.666666666666666,0.3365141612200436,0.0,18.9
2025,11,00-0037240,Jameson Williams,WR,DET,30.0,53.0,15.0,0.0,52.4,13.5,5.0,0.15228174603174602,0.0,19.7
2025,11,00-0037247,George Pickens,WR,DAL,48.0,54.0,24.0,0.0,88.8,13.633333333333335,8.0,0.23571428571428568,0.0,29.4
2025,11,00-0037248,James Cook,RB,BUF,84.0,74.0,69.0,0.0,72.6,19.933333333333334,21.666666666666668,0.6911333111333112,0.0,20.4
2025,11,00-0037252,Greg Dulcich,TE,MIA,39.0,27.0,16.0,0.0,74.7,6.550000000000001,4.5,0.1628056628056628,0.0,3.8
2025,11,00-0037256,Rachaad White,RB,TB,60.0,33.0,69.0,0.0,89.1,8.966666666666667,15.333333333333334,0.6924706915645168,0.0,8.2
2025,11,00-0037261,Khalil Shakir,WR,BUF,48.0,59.0,29.0,0.0,83.7,14.966666666666669,8.0,0.28503901895206246,0.0,0.7
2025,11,00-0037263,Tyler Allgeier,RB,ATL,25.0,34.0,27.0,0.0,47.2,9.233333333333334,6.333333333333333,0.26875704304710385,0.0,9.6
2025,11,00-0037267,Jerome Ford,RB,CLE,9.0,5.0,9.0,0.0,56.6,1.3333333333333333,2.3333333333333335,0.08817340067340067,0.0,0.2
2025,11,00-0037291,Jalen Nailor,WR,MIN,22.0,34.0,12.0,0.0,44.0,8.666666666666666,3.6666666666666665,0.11786261340874278,0.0,2.6
2025,11,00-0037306,John FitzPatrick,TE,GB,11.0,17.0,5.0,0.0,51.4,4.066666666666666,1.3333333333333333,0.0480952380952381,0.0,1.5
2025,11,00-0037525,Jordan Mason,RB,MIN,27.0,13.0,34.0,0.0,69.6,3.4666666666666663,7.0,0.34396267005694003,0.0,10.5
2025,11,00-0037545,Rashid Shaheed,WR,SEA,48.0,41.0,25.0,0.0,58.8,10.533333333333333,8.0,0.2472705314009662,0.0,4.9
2025,11,00-0037563,Malik Davis,RB,DAL,4.0,1.0,4.0,0.0,35.8,0.19999999999999998,1.0,0.037378392217101895,0.0,2.0
2025,11,00-0037594,Julius Chestnut,RB,TEN,3.0,1.0,3.0,0.0,31.2,0.16666666666666666,0.6666666666666666,0.02666666666666667,0.0,0.0
2025,11,00-0037614,John Metchie III,WR,NYJ,10.0,7.0,8.0,0.0,62.9,1.8,1.6666666666666667,0.07929292929292929,0.0,13.5
2025,11,00-0037666,Jalen Tolbert,WR,DAL,10.0,22.0,5.0,0.0,56.6,5.699999999999999,1.6666666666666667,0.05107376283846873,0.0,0.0
2025,11,00-0037741,Jahan Dotson,WR,PHI,10.0,18.0,7.0,0.0,56.0,4.566666666666666,1.6666666666666667,0.06865942028985507,0.0,6.3
2025,11,00-0037744,Trey McBride,TE,ARI,100.0,100.0,33.0,0.0,84.0,24.53333333333333,11.666666666666666,0.3293841047390743,0.0,27.5
2025,11,00-0037746,Brian Robinson,RB,SF,18.0,28.0,18.0,0.0,34.7,7.6000000000000005,4.666666666666667,0.1787281787281787,0.0,2.4
2025,11,00-0037801,KaVontae Turpin,WR,DAL,20.0,9.0,10.0,0.0,57.9,2.2666666666666666,3.3333333333333335,0.10238095238095236,0.0,1.0
2025,11,00-0037805,Jeremy Ruckert,TE,NYJ,9.0,6.0,5.0,0.0,60.9,1.4666666666666668,1.0,0.05254997134863653,0.0,6.3
2025,11,00-0037809,Chig Okonkwo,TE,TEN,26.0,17.0,10.0,0.0,51.1,4.1000000000000005,3.0,0.09762441012441013,0.0,8.6
2025,11,00-0037816,Romeo Doubs,WR,GB,40.0,33.0,19.0,0.0,55.8,8.333333333333334,6.666666666666667,0.1927849927849928,0.0,9.3
2025,11,00-0037834,Brock Purdy,QB,SF,88.0,75.0,44.0,50.0,93.5,21.22,40.0,0.1111111111111111,0.0,19.3
2025,11,00-0037837,Calvin Austin III,WR,PIT,38.0,27.0,20.0,0.0,79.2,6.933333333333334,6.333333333333333,0.20499231950844854,0.0,1.5
2025,11,00-0037838,Isaiah Likely,TE,BAL,29.0,21.0,14.0,0.0,67.3,5.166666666666667,3.3333333333333335,0.13589309241483152,0.0,3.5
2025,11,00-0037840,Kyren Williams,RB,LA,74.0,60.0,55.0,0.0,78.5,16.099999999999998,19.0,0.5469998346596299,0.0,16.6
2025,11,00-0038041,Jake Ferguson,TE,DAL,43.0,43.0,15.0,0.0,42.5,10.633333333333333,5.0,0.15211640211640212,0.0,11.6
2025,11,00-0038046,Charlie Kolar,TE,BAL,14.0,29.0,7.0,0.0,71.8,7.2,1.6666666666666667,0.06794654620741576,0.0,0.0
2025,11,00-0038090,Skyy Moore,WR,SF,6.0,8.0,4.0,0.0,69.8,1.9666666666666668,1.0,0.0363762777555881,0.0,0.0
2025,11,00-0038104,Tyquan Thornton,WR,KC,16.0,22.0,7.0,0.0,41.4,5.633333333333333,2.6666666666666665,0.07276876267748479,0.0,7.1
2025,11,00-0038115,Daniel Bellinger,TE,NYG,20.0,31.0,8.0,0.0,47.0,7.566666666666667,2.3333333333333335,0.0763888888888889,0.0,0.0
2025,11,00-0038117,Wan'Dale Robinson,WR,NYG,52.0,44.0,29.0,0.0,74.9,11.199999999999998,8.666666666666666,0.2897727272727273,0.0,7.6
2025,11,00-0038120,Breece Hall,RB,NYJ,74.0,74.0,65.0,0.0,73.2,19.853333333333335,19.0,0.6546605610565567,0.0,8.4
2025,11,00-0038124,Christian Watson,WR,GB,24.0,35.0,12.0,0.0,88.5,8.933333333333334,4.0,0.11659451659451658,0.0,20.6
2025,11,00-0038129,Cade Otton,TE,TB,74.0,53.0,22.0,0.0,75.4,12.9,8.666666666666666,0.2224677002583979,0.0,4.8
2025,11,00-0038134,Kenneth Walker III,RB,SEA,58.0,28.0,48.0,0.0,90.0,7.566666666666667,15.0,0.4814997804128239,0.0,20.1
2025,11,00-0038359,Xavier Smith,WR,LA,14.0,12.0,7.0,0.0,73.6,3.033333333333333,2.3333333333333335,0.07236501638778679,0.0,1.8
2025,11,00-0038393,Dontayvion Wicks,WR,GB,24.0,17.0,13.0,0.0,44.0,4.266666666666667,4.0,0.13025863025863024,0.0,1.9
2025,11,00-0038454,Keaton Mitchell,RB,BAL,17.0,13.0,13.0,0.0,85.1,3.4,4.333333333333333,0.13263578144363558,0.0,7.4
2025,11,00-0038488,Brady Russell,RB,SEA,0.0,0.0,0.0,0.0,56.8,0.0,0.0,0.0,0.0,0.0
2025,11,00-0038496,Xavier Gipson,WR,PHI,2.0,2.0,2.0,0.0,31.2,0.43333333333333335,0.3333333333333333,0.016666666666666666,0.0,0.0
2025,11,00-0038519,Nikko Remigio,WR,KC,0.0,0.0,0.0,0.0,56.8,0.0,0.0,0.0,0.0,0.0
2025,11,00-0038542,Bijan Robinson,RB,ATL,69.0,45.0,78.0,0.0,75.3,12.066666666666668,17.666666666666668,0.7799121027721433,0.0,30.3
2025,11,00-0038543,Jaxon Smith-Njigba,WR,SEA,60.0,90.0,47.0,0.0,83.9,22.866666666666664,10.0,0.46647509578544066,0.0,20.6
2025,11,00-0038544,Quentin Johnston,WR,LAC,44.0,47.0,21.0,0.0,76.3,11.833333333333334,7.333333333333333,0.21212121212121215,0.0,0.0
2025,11,00-0038555,Tank Bigsby,RB,PHI,18.0,16.0,15.0,0.0,39.9,4.366666666666666,4.666666666666667,0.14930636286135007,0.0,3.4
2025,11,00-0038558,Darnell Washington,TE,PIT,34.0,27.0,12.0,0.0,57.3,6.666666666666667,4.0,0.12113095238095238,0.0,10.7
2025,11,00-0038559,Michael Wilson,WR,ARI,30.0,31.0,14.0,0.0,84.2,7.833333333333333,5.0,0.13822300079906572,0.0,33.5
2025,11,00-0038563,Tre Tucker,WR,LV,28.0,27.0,21.0,0.0,76.9,6.866666666666667,4.666666666666667,0.2060681114551084,0.0,14.7
2025,11,00-0038564,Cameron Latu,TE,PHI,0.0,0.0,0.0,0.0,56.8,0.0,0.0,0.0,0.0,0.0
2025,11,00-0038573,Derius Davis,WR,LAC,2.0,2.0,1.0,0.0,31.2,0.43333333333333335,0.3333333333333333,0.010101010101010102,0.0,0.0
2025,11,00-0038576,Charlie Jones,WR,CIN,0.0,0.0,0.0,0.0,56.8,0.0,0.0,0.0,0.0,0.0
2025,11,00-0038597,Chase Brown,RB,CIN,71.0,70.0,74.0,0.0,75.5,18.900000000000002,18.333333333333332,0.7414141414141414,0.0,18.7
2025,11,00-0038606,Parker Washington,WR,JAX,62.0,51.0,37.0,0.0,81.8,13.033333333333331,10.333333333333334,0.3736153808617577,0.0,4.0
2025,11,00-0038611,Chris Rodriguez Jr.,RB,WAS,25.0,25.0,20.0,0.0,40.1,6.766666666666667,6.333333333333333,0.20185185185185187,0.0,9.5
2025,11,00-0038618,Xavier Hutchinson,WR,HOU,30.0,34.0,12.0,0.0,63.2,8.733333333333333,5.0,0.12435212892878796,0.0,7.2
2025,11,00-0038619,Andrei Iosivas,WR,CIN,30.0,34.0,13.0,0.0,49.0,8.633333333333333,5.0,0.13400673400673402,0.0,5.0
2025,11,00-0038621,DeMario Douglas,WR,NE,24.0,41.0,14.0,0.0,58.2,10.366666666666665,4.0,0.140303128858851,0.0,6.1
2025,11,00-0038679,Tyrell Shavers,WR,BUF,14.0,14.0,9.0,0.0,43.1,3.6,2.3333333333333335,0.08598290598290599,0.0,19.0
2025,11,00-0038685,Chris Brooks,RB,GB,3.0,5.0,2.0,0.0,31.2,1.4666666666666668,0.6666666666666666,0.019047619047619046,0.0,0.8
2025,11,00-0038705,Emari Demercado,RB,ARI,32.0,28.0,28.0,0.0,41.1,7.4333333333333345,8.333333333333334,0.28312373533512963,0.0,4.0
2025,11,00-0038720,Julian Hill,TE,MIA,29.0,18.0,11.0,0.0,63.2,4.466666666666666,3.3333333333333335,0.10721003134796238,0.0,2.4
2025,11,00-0038738,Hunter Luepke,RB,DAL,3.0,2.0,2.0,0.0,35.8,0.5,0.6666666666666666,0.021863799283154118,0.0,7.1
2025,11,00-0038794,Jaleel McLaughlin,RB,DEN,8.0,0.0,8.0,0.0,56.8,0.0,2.0,0.07846153846153847,0.0,8.4
2025,11,00-0038797,Emanuel Wilson,RB,GB,32.0,20.0,30.0,0.0,39.2,5.266666666666667,8.333333333333334,0.30061518728185394,0.0,11.9
2025,11,00-0038824,Ryan Miller,WR,TB,2.0,3.0,1.0,0.0,31.2,0.7999999999999999,0.3333333333333333,0.006666666666666667,0.0,0.0
2025,11,00-0038840,Brycen Tremayne,WR,CAR,2.0,2.0,2.0,0.0,31.2,0.6,0.3333333333333333,0.017543859649122806,0.0,3.7
2025,11,00-0038896,Jacob Saylors,RB,DET,0.0,0.0,0.0,0.0,56.8,0.0,0.0,0.0,0.0,0.0
2025,11,00-0038938,Jalin Hyatt,WR,NYG,12.0,6.0,7.0,0.0,31.2,1.5666666666666667,2.0,0.07420357420357421,0.0,3.8
2025,11,00-0038951,Sean Tucker,RB,TB,32.0,22.0,33.0,0.0,52.6,5.966666666666666,8.333333333333334,0.3307364977533382,0.0,34.0
2025,11,00-0038976,Marvin Mims Jr.,WR,DEN,32.0,29.0,16.0,0.0,58.4,7.466666666666668,5.333333333333333,0.16338911548131405,0.0,0.2
2025,11,00-0038979,Cedric Tillman,WR,CLE,18.0,13.0,9.0,0.0,68.5,3.4333333333333336,3.0,0.09252450980392157,0.0,8.2
2025,11,00-0038994,Jordan Addison,WR,MIN,40.0,35.0,20.0,0.0,71.7,8.833333333333334,6.666666666666667,0.2033406061197044,0.0,10.0
2025,11,00-0039021,Roschon Johnson,RB,CHI,3.0,2.0,2.0,0.0,35.3,0.5666666666666668,0.6666666666666666,0.020679012345679013,0.0,0.0
2025,11,00-0039032,Tyjae Spears,RB,TEN,40.0,41.0,50.0,0.0,80.4,11.133333333333333,10.333333333333334,0.49800864774548986,0.0,8.4
2025,11,00-0039040,De'Von Achane,RB,MIA,100.0,96.0,91.0,0.0,80.4,25.73333333333333,25.666666666666668,0.9071264103522169,0.0,21.5
2025,11,00-0039041,Elijah Higgins,TE,ARI,20.0,15.0,7.0,0.0,60.4,3.733333333333334,2.3333333333333335,0.06701395291658983,0.0,3.1
2025,11,00-0039064,Zay Flowers,WR,BAL,44.0,49.0,30.0,0.0,81.1,12.533333333333333,7.333333333333333,0.2990390446912186,0.0,11.3
2025,11,00-0039066,Michael Mayer,TE,LV,37.0,17.0,15.0,0.0,68.2,4.266666666666667,4.333333333333333,0.15395252837977294,0.0,4.3
2025,11,00-0039067,Rashee Rice,WR,KC,60.0,88.0,33.0,0.0,90.9,22.433333333333334,10.0,0.32780454135677256,0.0,9.8
2025,11,00-0039075,Puka Nacua,WR,LA,36.0,59.0,19.0,0.0,62.2,15.0,6.0,0.19105851123414339,0.0,16.3
2025,11,00-0039139,Jahmyr Gibbs,RB,DET,66.0,100.0,58.0,0.0,71.9,26.933333333333334,17.0,0.583757215007215,0.0,19.6
2025,11,00-0039144,Luke Musgrave,TE,GB,20.0,18.0,7.0,0.0,62.2,4.3999999999999995,2.3333333333333335,0.0683982683982684,0.0,0.9
2025,11,00-0039150,Bryce Young,QB,CAR,56.0,25.0,27.0,50.0,80.3,7.02,25.333333333333332,0.06770604596691553,0.0,29.82
2025,11,00-0039165,Zach Charbonnet,RB,SEA,48.0,49.0,37.0,0.0,75.3,13.133333333333333,12.333333333333334,0.3706499023215665,0.0,6.7
2025,11,00-0039299,George Holani,RB,SEA,13.0,12.0,9.0,0.0,32.9,3.3333333333333335,3.3333333333333335,0.0923913043478261,0.0,0.6
2025,11,00-0039305,Jack Westover,TE,NE,4.0,0.0,2.0,0.0,41.8,0.0,0.5,0.017241379310344827,0.0,0.0
2025,11,00-0039338,Brock Bowers,TE,LV,69.0,77.0,28.0,0.0,48.2,18.866666666666667,8.0,0.2849122807017544,0.0,14.2
2025,11,00-0039342,Xavier Legette,WR,CAR,14.0,9.0,11.0,0.0,53.6,2.3000000000000003,2.3333333333333335,0.11060259344012204,0.0,18.3
2025,11,00-0039356,Ja'Tavion Sanders,TE,CAR,26.0,20.0,13.0,0.0,53.4,4.866666666666666,3.0,0.13348588863463007,0.0,6.2
2025,11,00-0039384,Tyrone Tracy Jr.,RB,NYG,49.0,27.0,50.0,0.0,85.3,7.366666666666667,12.666666666666666,0.5016053391053391,0.0,17.9
2025,11,00-0039391,Kimani Vidal,RB,LAC,83.0,50.0,63.0,0.0,66.4,13.5,21.333333333333332,0.630669578168953,0.0,3.2
2025,11,00-0039407,Dylan Laube,RB,LV,4.0,2.0,8.0,0.0,31.2,0.46666666666666673,1.0,0.08021390374331551,0.0,0.0
2025,11,00-0039410,Ryan Flournoy,WR,DAL,8.0,14.0,4.0,0.0,35.8,3.633333333333333,1.3333333333333333,0.03756613756613756,0.0,7.2
2025,11,00-0039451,Isaiah Williams,WR,NYJ,12.0,13.0,9.0,0.0,31.4,3.3333333333333335,2.0,0.08528905080629219,0.0,1.6
2025,11,00-0039491,Jalen Coker,WR,CAR,18.0,18.0,13.0,0.0,61.5,4.533333333333333,3.0,0.13348588863463004,0.0,9.2
2025,11,00-0039521,Xavier Weaver,WR,ARI,3.0,0.0,1.0,0.0,41.8,0.0,0.5,0.0125,0.0,3.5
2025,11,00-0039530,Brevyn Spann-Ford,TE,DAL,3.0,3.0,1.0,0.0,31.2,0.6333333333333333,0.3333333333333333,0.009523809523809523,0.0,1.4
2025,11,00-0039589,Kameron Johnson,WR,TB,6.0,1.0,3.0,0.0,31.2,0.3666666666666667,1.0,0.030291620524178664,0.0,0.0
2025,11,00-0039648,David Martin-Robinson,TE,TEN,3.0,10.0,1.0,0.0,31.2,2.3666666666666667,0.3333333333333333,0.00980392156862745,0.0,0.0
2025,11,00-0039686,Colson Yankoff,TE,WAS,0.0,0.0,0.0,0.0,56.8,0.0,0.0,0.0,0.0,1.4
2025,11,00-0039732,Bo Nix,QB,DEN,76.0,64.0,48.0,50.0,72.7,18.033333333333335,34.333333333333336,0.11908770242103574,0.0,12.6
2025,11,00-0039738,Blake Corum,RB,LA,51.0,21.0,39.0,0.0,94.6,5.566666666666666,13.0,0.3932516828266628,0.0,1.5
2025,11,00-0039739,Roman Wilson,WR,PIT,20.0,40.0,11.0,0.0,57.6,10.1,3.3333333333333335,0.10852534562211981,0.0,2.7
2025,11,00-0039751,Jordan Whittington,WR,LA,22.0,18.0,11.0,0.0,80.2,4.5,3.6666666666666665,0.1134252221208743,0.0,1.9
2025,11,00-0039793,AJ Barner,TE,SEA,31.0,19.0,13.0,0.0,50.7,4.566666666666667,3.6666666666666665,0.1285209667893326,0.0,17.1
2025,11,00-0039796,Rasheen Ali,RB,BAL,0.0,0.0,0.0,0.0,56.8,0.0,0.0,0.0,0.0,2.5
2025,11,00-0039798,Isaiah Davis,RB,NYJ,29.0,29.0,26.0,0.0,52.8,7.733333333333333,7.333333333333333,0.25748447405844516,0.0,1.1
2025,11,00-0039847,Theo Johnson,TE,NYG,51.0,42.0,21.0,0.0,74.8,10.4,6.0,0.20643939393939395,0.0,6.6
2025,11,00-0039851,Drake Maye,QB,NE,78.0,81.0,94.0,50.0,88.4,22.913333333333338,35.333333333333336,0.23389450056116723,0.0,15.44
2025,11,00-0039868,Troy Franklin,WR,DEN,58.0,63.0,34.0,0.0,73.1,16.066666666666666,9.666666666666666,0.34249229347268556,0.0,12.4
2025,11,00-0039874,Jaylen Wright,RB,MIA,29.0,10.0,22.0,0.0,70.7,2.75,7.5,0.22149755214271344,0.0,0.4
2025,11,00-0039875,Ray Davis,RB,BUF,18.0,3.0,15.0,0.0,31.2,0.8000000000000002,4.666666666666667,0.1476040867345215,0.0,0.0
2025,11,00-0039880,Malik Washington,WR,MIA,30.0,42.0,20.0,0.0,85.4,10.666666666666666,5.0,0.19950132692068176,0.0,7.2
2025,11,00-0039890,Adonai Mitchell,WR,NYJ,6.0,5.0,3.0,0.0,70.2,1.1666666666666667,1.0,0.029265873015873013,0.0,2.0
2025,11,00-0039894,Xavier Worthy,WR,KC,40.0,32.0,22.0,0.0,80.2,8.033333333333333,6.666666666666667,0.21738887102359872,0.0,5.5
2025,11,00-0039915,Ladd McConkey,WR,LAC,44.0,67.0,27.0,0.0,73.2,17.03333333333333,7.333333333333333,0.2735690235690236,0.0,4.3
2025,11,00-0039916,Ricky Pearsall,WR,SF,46.0,49.0,21.0,0.0,69.2,12.5,7.666666666666667,0.21499327381680322,0.0,1.0
2025,11,00-0039917,Michael Penix Jr.,QB,ATL,79.0,56.0,35.0,50.0,75.4,15.986666666666666,36.0,0.08649425287356323,0.0,7.9
2025,11,00-0039918,Caleb Williams,QB,CHI,91.0,91.0,74.0,50.0,76.3,25.86666666666667,41.333333333333336,0.18376140115270548,0.0,10.32
2025,11,00-0039919,Rome Odunze,WR,CHI,46.0,51.0,22.0,0.0,53.1,13.0,7.666666666666667,0.21724245253657018,0.0,6.1
2025,11,00-0039920,Malachi Corley,WR,CLE,12.0,13.0,9.0,0.0,79.5,3.3333333333333335,2.0,0.08912037037037036,0.0,2.9
2025,11,00-0039923,J.J. McCarthy,QB,MIN,79.0,57.0,100.0,50.0,79.1,16.153333333333332,35.666666666666664,0.2837601667002756,0.0,10.0
2025,11,00-0040009,Savion Williams,WR,GB,14.0,17.0,7.0,0.0,69.5,4.433333333333334,2.3333333333333335,0.07492729492729493,0.0,4.3
2025,11,00-0040058,Nick Kallerup,TE,SEA,9.0,0.0,8.0,0.0,56.8,0.0,1.0,0.08333333333333333,0.0,0.0
2025,11,00-0040075,LaJohntay Wester,WR,BAL,0.0,0.0,0.0,0.0,56.8,0.0,0.0,0.0,0.0,0.0
2025,11,00-0040078,Brashard Smith,RB,KC,34.0,18.0,26.0,0.0,34.2,4.866666666666667,8.666666666666666,0.2576683322614159,0.0,2.8
2025,11,00-0040122,Ashton Jeanty,RB,LV,64.0,49.0,79.0,0.0,65.6,13.200000000000001,16.333333333333332,0.7933558495168404,0.0,9.4
2025,11,00-0040124,Tetairoa McMillan,WR,CAR,48.0,48.0,37.0,0.0,80.3,12.166666666666666,8.0,0.36613272311212813,0.0,33.0
2025,11,00-0040126,Colston Loveland,TE,CHI,46.0,63.0,15.0,0.0,63.7,15.366666666666665,5.333333333333333,0.15328353563647681,0.0,7.0
2025,11,00-0040129,Emeka Egbuka,WR,TB,68.0,52.0,31.0,0.0,71.9,13.266666666666666,11.333333333333334,0.3057751937984496,0.0,9.0
2025,11,00-0040130,Jayden Higgins,WR,HOU,32.0,39.0,13.0,0.0,48.7,10.0,5.333333333333333,0.1317527501738028,0.0,9.5
2025,11,00-0040131,Kyle Williams,WR,NE,8.0,19.0,5.0,0.0,54.8,4.733333333333333,1.3333333333333333,0.04878215654077723,0.0,0.0
2025,11,00-0040134,Pat Bryant,WR,DEN,18.0,28.0,10.0,0.0,68.0,7.1000000000000005,3.0,0.10443550639629072,0.0,13.2
2025,11,00-0040138,Jaylin Noel,WR,HOU,22.0,24.0,9.0,0.0,44.5,6.166666666666667,3.6666666666666665,0.09483937115516063,0.0,2.2
2025,11,00-0040142,Kaleb Johnson,RB,PIT,13.0,5.0,14.0,0.0,52.8,1.3666666666666665,3.3333333333333335,0.13777056277056277,0.0,1.5
2025,11,00-0040154,Tai Felton,WR,MIN,0.0,0.0,0.0,0.0,56.8,0.0,0.0,0.0,0.0,0.0
2025,11,00-0040162,Dylan Sampson,RB,CLE,21.0,14.0,20.0,0.0,45.8,3.8333333333333335,5.333333333333333,0.20317760942760943,0.0,1.9
2025,11,00-0040164,Jaylin Lane,WR,WAS,16.0,16.0,12.0,0.0,46.4,4.0,2.6666666666666665,0.11673881673881674,0.0,2.3
2025,11,00-0040170,Elic Ayomanor,WR,TEN,38.0,28.0,22.0,0.0,79.7,7.233333333333332,6.333333333333333,0.21939350064350063,0.0,3.1
2025,11,00-0040187,Mitchell Evans,TE,CAR,14.0,10.0,6.0,0.0,48.5,2.5,1.6666666666666667,0.0626238340123333,0.0,4.8
2025,11,00-0040189,Oronde Gadsden II,TE,LAC,46.0,47.0,19.0,0.0,77.5,11.6,5.333333333333333,0.19177890011223345,0.0,6.1
2025,11,00-0040198,Ollie Gordon II,RB,MIA,19.0,19.0,16.0,0.0,32.5,5.066666666666666,5.0,0.15600563342498827,0.0,10.5
2025,11,00-0040208,Tahj Brooks,RB,CIN,1.0,0.0,2.0,0.0,31.2,0.03333333333333333,0.3333333333333333,0.022222222222222223,0.0,0.5
2025,11,00-0040236,Kyle Monangai,RB,CHI,60.0,42.0,48.0,0.0,40.4,11.333333333333334,15.333333333333334,0.477295710032283,0.0,10.7
2025,11,00-0040237,Tez Johnson,WR,TB,40.0,59.0,18.0,0.0,75.2,15.1,6.666666666666667,0.18209302325581392,0.0,1.6
2025,11,00-0040238,LeQuint Allen Jr.,RB,JAX,5.0,6.0,4.0,0.0,78.2,1.7,1.3333333333333333,0.042631281761716544,0.0,3.6
2025,11,00-0040242,Jacory Croskey-Merritt,RB,WAS,44.0,13.0,42.0,0.0,82.8,3.533333333333333,11.333333333333334,0.4238977072310406,0.0,4.3
2025,11,00-0040259,Gage Larvadain,WR,CLE,4.0,0.0,4.0,0.0,35.8,0.09999999999999999,0.6666666666666666,0.03935185185185185,0.0,0.0
2025,11,00-0040488,Carter Runyon,TE,LV,9.0,5.0,6.0,0.0,56.8,1.3,1.0,0.058823529411764705,0.0,0.0
2025,11,00-0040506,Myles Price,WR,MIN,0.0,0.0,0.0,0.0,56.8,0.0,0.0,0.0,0.0,0.0
2025,11,00-0040534,Ke'Shawn Williams,WR,PIT,0.0,0.0,0.0,0.0,56.8,0.0,0.0,0.0,0.0,0.0
2025,11,00-0040563,Efton Chism III,WR,NE,0.0,0.0,0.0,0.0,56.8,0.0,0.0,0.0,0.0,0.0
2025,11,00-0040583,Woody Marks,RB,HOU,58.0,42.0,52.0,0.0,71.8,11.299999999999999,15.0,0.516476700687227,0.0,6.1
2025,11,00-0040584,Gunnar Helm,TE,TEN,26.0,28.0,9.0,0.0,56.6,6.8,3.0,0.09498337623337623,0.0,6.9
2025,11,00-0040644,Trevor Etienne,RB,CAR,5.0,2.0,5.0,0.0,31.2,0.5333333333333333,1.3333333333333333,0.047619047619047616,0.0,0.2
2025,11,00-0040663,Harold Fannin Jr.,TE,CLE,60.0,47.0,27.0,0.0,74.7,11.466666666666667,7.0,0.2671506734006734,0.0,4.6
2025,11,00-0040667,Matthew Golden,WR,GB,20.0,18.0,10.0,0.0,73.8,4.666666666666667,3.3333333333333335,0.10476190476190476,0.0,3.4
2025,11,00-0040669,Isaac TeSlaa,WR,DET,6.0,13.0,4.0,0.0,68.5,3.433333333333333,1.0,0.036814182194616976,0.0,0.0
2025,11,00-0040676,Cam Ward,QB,TEN,71.0,42.0,25.0,50.0,66.8,11.786666666666667,32.333333333333336,0.061754385964912284,0.0,15.06
2025,11,00-0040704,Dillon Gabriel,QB,CLE,70.0,49.0,45.0,50.0,70.8,13.819999999999999,31.666666666666668,0.11332070707070707,0.0,2.92
2025,11,00-0040705,Chimere Dike,WR,TEN,34.0,46.0,20.0,0.0,59.8,11.6,5.666666666666667,0.20246889746889743,0.0,3.4
2025,11,00-0040719,Bhayshul Tuten,RB,JAX,27.0,17.0,25.0,0.0,61.6,4.6000000000000005,7.0,0.2524903974179336,0.0,13.4
2025,11,00-0040727,Tre Harris,WR,LAC,12.0,20.0,7.0,0.0,77.4,5.0,2.0,0.07267115600448933,0.0,2.2
2025,11,00-0040729,Jack Bech,WR,LV,6.0,4.0,5.0,0.0,31.2,1.0999999999999999,1.0,0.05254901960784314,0.0,2.9
2025,11,00-0040730,RJ Harvey,RB,DEN,29.0,55.0,26.0,0.0,75.9,14.833333333333334,7.333333333333333,0.2628459050027678,0.0,8.0
2025,11,00-0040734,TreVeyon Henderson,RB,NE,58.0,60.0,49.0,0.0,66.0,16.066666666666666,15.0,0.4924145671272108,0.0,32.3
2025,11,00-0040735,Luther Burden III,WR,CHI,14.0,16.0,7.0,0.0,52.2,4.033333333333333,2.3333333333333335,0.0723015873015873,0.0,5.7
2025,11,00-0040736,Mason Taylor,TE,NYJ,43.0,30.0,21.0,0.0,53.9,7.3,5.0,0.20632352445478142,0.0,7.0
2025,11,00-0040739,Elijah Arroyo,TE,SEA,23.0,28.0,11.0,0.0,52.4,6.866666666666667,2.6666666666666665,0.11302681992337164,0.0,0.0
2025,11,00-0040782,Isaiah Bond,WR,CLE,32.0,10.0,15.0,0.0,58.2,2.6,5.333333333333333,0.14600044563279857,0.0,0.8
2025,11,00-0040784,Quinshon Judkins,RB,CLE,81.0,51.0,73.0,0.0,65.5,13.866666666666665,20.666666666666668,0.7307449494949495,0.0,5.9
2025,12,00-0026158,Joe Flacco,QB,CIN,87.0,72.0,27.0,50.0,76.5,23.626666666666665,41.666666666666664,0.06635924462011418,0.0,11.62
2025,12,00-0026498,Matthew Stafford,QB,LA,72.0,68.0,26.0,50.0,70.7,22.313333333333333,34.333333333333336,0.06434108527131784,0.0,22.92
2025,12,00-0028118,Tyrod Taylor,QB,NYJ,58.0,36.0,85.0,50.0,57.7,11.719999999999999,27.666666666666668,0.2135610766045549,0.0,14.78
2025,12,00-0029604,Kirk Cousins,QB,ATL,38.0,11.0,20.0,50.0,39.3,3.466666666666667,18.333333333333332,0.051120448179271714,0.0,16.46
2025,12,00-0030035,Adam Thielen,WR,MIN,19.0,8.0,7.0,0.0,63.9,1.7333333333333334,2.3333333333333335,0.06744579945799457,0.0,0.0
2025,12,00-0030506,Travis Kelce,TE,KC,79.0,79.0,24.0,0.0,72.6,18.866666666666667,8.666666666666666,0.24157979149959904,0.0,8.4
2025,12,00-0030564,DeAndre Hopkins,WR,BAL,25.0,9.0,12.0,0.0,49.0,1.9000000000000001,3.0,0.11544513457556933,0.0,3.3
2025,12,00-0030565,Geno Smith,QB,LV,83.0,50.0,96.0,50.0,67.2,16.53333333333333,39.666666666666664,0.23883040935672514,0.0,16.2
2025,12,00-0031237,Teddy Bridgewater,QB,TB,2.0,-0.0,22.0,50.0,71.2,-0.1,1.0,0.05448717948717949,0.0,3.08
2025,12,00-0031381,Davante Adams,WR,LA,64.0,79.0,25.0,0.0,80.7,16.599999999999998,7.666666666666667,0.25246562185208615,0.0,23.2
2025,12,00-0031503,Jameis Winston,QB,NYG,67.0,46.0,32.0,50.0,56.8,15.04,32.0,0.07894736842105263,0.0,34.24
2025,12,00-0031588,Stefon Diggs,WR,NE,64.0,76.0,25.0,0.0,75.8,15.966666666666669,7.666666666666667,0.25068418171866447,0.0,4.0
2025,12,00-0031687,Raheem Mostert,RB,LV,9.0,9.0,11.0,0.0,63.1,2.733333333333333,2.3333333333333335,0.10808816914080073,0.0,5.0
2025,12,00-0032104,Ameer Abdullah,RB,IND,8.0,5.0,9.0,0.0,73.9,1.7,2.0,0.0872252747252747,0.0,0.0
2025,12,00-0032211,Tyler Lockett,WR,LV,28.0,25.0,11.0,0.0,38.4,5.233333333333333,3.3333333333333335,0.11441295546558705,0.0,10.2
2025,12,00-0032385,Sterling Shepard,WR,TB,36.0,29.0,14.0,0.0,60.8,6.000000000000001,4.333333333333333,0.14493394919751507,0.0,4.2
2025,12,00-0032392,Austin Hooper,TE,NE,12.0,12.0,5.0,0.0,51.4,2.9333333333333336,1.3333333333333333,0.05238452202470193,0.0,6.9
2025,12,00-0032464,Kalif Raymond,WR,DET,17.0,16.0,6.0,0.0,31.2,3.3000000000000003,2.0,0.06102693602693602,0.0,5.7
2025,12,00-0032764,Derrick Henry,RB,BAL,84.0,47.0,67.0,0.0,87.8,14.9,21.0,0.6663599664581432,0.0,22.8
2025,12,00-0032775,Demarcus Robinson,WR,SF,19.0,14.0,8.0,0.0,49.2,2.9,2.3333333333333335,0.08089455915542872,0.0,1.8
2025,12,00-0032951,Laquon Treadwell,WR,IND,0.0,0.0,0.0,0.0,56.8,0.0,0.0,0.0,0.0,0.0
2025,12,00-0033077,Dak Prescott,QB,DAL,82.0,55.0,68.0,50.0,81.5,18.113333333333333,39.0,0.17101894521249358,0.0,29.06
2025,12,00-0033090,Hunter Henry,TE,NE,48.0,27.0,18.0,0.0,72.8,6.5,5.333333333333333,0.1780116435288849,0.0,24.5
2025,12,00-0033106,Jared Goff,QB,DET,76.0,59.0,7.0,50.0,73.8,19.419999999999998,36.0,0.016666666666666666,0.0,19.16
2025,12,00-0033119,Jacoby Brissett,QB,ARI,100.0,73.0,65.0,50.0,88.6,24.046666666666663,47.666666666666664,0.16306132647961732,0.0,18.68
2025,12,00-0033217,Mo Alie-Cox,TE,IND,12.0,2.0,4.0,0.0,52.4,0.5333333333333333,1.3333333333333333,0.0405982905982906,0.0,1.9
2025,12,00-0033246,Johnny Mundt,TE,JAX,15.0,11.0,7.0,0.0,35.7,2.533333333333333,1.6666666666666667,0.07444005270092226,0.0,2.2
2025,12,00-0033280,Christian McCaffrey,RB,SF,100.0,92.0,88.0,0.0,79.5,29.0,25.0,0.8754104701930788,0.0,27.2
2025,12,00-0033288,George Kittle,TE,SF,61.0,77.0,24.0,0.0,74.8,18.333333333333332,6.666666666666667,0.24007667485928355,0.0,13.8
2025,12,00-0033293,Aaron Jones,RB,MIN,64.0,41.0,65.0,0.0,78.8,12.933333333333332,16.0,0.6528051800042328,0.0,8.7
2025,12,00-0033357,Taysom Hill,TE,NO,45.0,10.0,22.0,0.0,75.2,2.4,5.0,0.22223278223278223,0.0,1.7
2025,12,00-0033375,Tim Patrick,WR,JAX,17.0,38.0,8.0,0.0,46.9,7.933333333333333,2.0,0.08023088023088024,0.0,0.0
2025,12,00-0033439,Pharaoh Brown,TE,ARI,0.0,0.0,0.0,0.0,56.8,0.0,0.0,0.0,0.0,0.0
2025,12,00-0033555,Mack Hollins,WR,NE,47.0,48.0,19.0,0.0,50.0,9.966666666666667,5.666666666666667,0.1892571030502065,0.0,5.0
2025,12,00-0033572,Jamal Agnew,WR,ATL,0.0,0.0,0.0,0.0,56.8,0.0,0.0,0.0,0.0,0.0
2025,12,00-0033854,Dare Ogunbowale,RB,HOU,5.0,6.0,3.0,0.0,69.8,1.9333333333333333,1.3333333333333333,0.034911530964162545,0.0,0.0
2025,12,00-0033857,JuJu Smith-Schuster,WR,KC,8.0,10.0,3.0,0.0,31.4,2.0333333333333337,1.0,0.032327586206896554,0.0,1.8
2025,12,00-0033858,Jonnu Smith,TE,PIT,27.0,10.0,9.0,0.0,50.0,2.3000000000000003,3.0,0.09441707717569786,0.0,5.8
2025,12,00-0033873,Patrick Mahomes,QB,KC,83.0,53.0,34.0,50.0,73.6,17.599999999999998,39.666666666666664,0.08492063492063491,0.0,17.08
2025,12,00-0033906,Alvin Kamara,RB,NO,56.0,25.0,57.0,0.0,57.0,7.8999999999999995,14.0,0.5678502128502129,0.0,3.5
2025,12,00-0033908,Cooper Kupp,WR,SEA,28.0,30.0,12.0,0.0,52.8,6.3,3.3333333333333335,0.12260536398467432,0.0,4.4
2025,12,00-0033921,Chris Godwin Jr.,WR,TB,58.0,27.0,19.0,0.0,79.5,5.6,7.0,0.1907051282051282,0.0,2.9
2025,12,00-0033923,Kareem Hunt,RB,KC,51.0,45.0,64.0,0.0,81.3,14.300000000000002,12.666666666666666,0.6417661912399283,0.0,22.0
2025,12,00-0034073,Ross Dwelley,TE,DET,9.0,0.0,3.0,0.0,56.8,0.0,1.0,0.03125,0.0,0.0
2025,12,00-0034351,Dallas Goedert,TE,PHI,42.0,43.0,20.0,0.0,67.3,10.166666666666666,4.666666666666667,0.19868491680085884,0.0,4.0
2025,12,00-0034365,Ian Thomas,TE,LV,9.0,9.0,3.0,0.0,82.5,2.1,1.0,0.032470453523085106,0.0,7.6
2025,12,00-0034383,Dalton Schultz,TE,HOU,85.0,60.0,23.0,0.0,86.4,14.366666666666665,9.333333333333334,0.2267094017094017,0.0,1.8
2025,12,00-0034521,Allen Lazard,WR,NYJ,19.0,10.0,7.0,0.0,70.5,2.1333333333333333,2.3333333333333335,0.07111958613627134,0.0,1.9
2025,12,00-0034613,Tanner Hudson,TE,CIN,21.0,19.0,6.0,0.0,74.5,4.433333333333334,2.3333333333333335,0.06065786065786066,0.0,1.9
2025,12,00-0034753,Mark Andrews,TE,BAL,48.0,60.0,20.0,0.0,87.7,14.233333333333334,5.333333333333333,0.20228522451523853,0.0,2.1
2025,12,00-0034771,Mason Rudolph,QB,PIT,15.0,10.0,19.0,50.0,31.2,3.1533333333333338,7.333333333333333,0.04853479853479853,0.0,11.54
2025,12,00-0034775,Christian Kirk,WR,HOU,42.0,15.0,12.0,0.0,50.0,3.1666666666666665,5.0,0.12443667443667443,0.0,16.4
2025,12,00-0034791,Nick Chubb,RB,HOU,29.0,12.0,27.0,0.0,64.9,3.766666666666667,7.333333333333333,0.27443064182194615,0.0,2.5
2025,12,00-0034796,Lamar Jackson,QB,BAL,66.0,49.0,73.0,50.0,74.6,16.30666666666667,31.666666666666668,0.1815412186379928,0.0,7.22
2025,12,00-0034798,Durham Smythe,TE,CHI,14.0,4.0,5.0,0.0,31.2,0.9,1.5,0.05357142857142857,0.0,1.4
2025,12,00-0034827,DJ Moore,WR,CHI,42.0,41.0,15.0,0.0,57.6,8.693333333333333,5.0,0.14913086971910502,0.0,23.4
2025,12,00-0034829,Mike Gesicki,TE,CIN,27.0,10.0,10.0,0.0,62.7,2.3000000000000003,3.0,0.09527972027972027,0.0,7.5
2025,12,00-0034844,Saquon Barkley,RB,PHI,96.0,60.0,73.0,0.0,74.0,18.833333333333332,24.0,0.7252700348182021,0.0,14.4
2025,12,00-0034855,Baker Mayfield,QB,TB,70.0,50.0,17.0,50.0,60.6,16.606666666666666,33.333333333333336,0.04273504273504273,0.0,7.54
2025,12,00-0034857,Josh Allen,QB,BUF,78.0,100.0,82.0,50.0,80.8,32.946666666666665,37.333333333333336,0.20470543948804817,0.0,12.12
2025,12,00-0034860,Dante Pettis,WR,NO,0.0,0.0,0.0,0.0,56.8,0.0,0.0,0.0,0.0,2.4
2025,12,00-0034869,Sam Darnold,QB,SEA,59.0,53.0,16.0,50.0,54.5,17.459999999999997,28.333333333333332,0.04078674948240166,0.0,17.66
2025,12,00-0034960,Jakobi Meyers,WR,JAX,42.0,39.0,19.0,0.0,74.8,8.266666666666667,5.0,0.18701893072602452,0.0,15.0
2025,12,00-0034975,Justice Hill,RB,BAL,9.0,13.0,8.0,0.0,49.9,3.9999999999999996,2.3333333333333335,0.08233078801101242,0.0,0.0
2025,12,00-0034981,Foster Moreau,TE,NO,15.0,8.0,6.0,0.0,40.0,1.8333333333333333,1.6666666666666667,0.05794871794871795,0.0,0.0
2025,12,00-0035021,Ashton Dulin,WR,IND,6.0,4.0,2.0,0.0,35.1,0.8000000000000002,0.6666666666666666,0.02003484320557491,0.0,5.8
2025,12,00-0035100,Jake Browning,QB,CIN,70.0,41.0,66.0,50.0,59.9,13.479999999999999,33.333333333333336,0.16587301587301587,0.0,0.56
2025,12,00-0035208,Olamide Zaccheaus,WR,CHI,53.0,47.0,18.0,0.0,61.5,9.866666666666667,6.333333333333333,0.18213507625272332,0.0,1.6
2025,12,00-0035229,T.J. Hockenson,TE,MIN,33.0,26.0,12.0,0.0,61.4,6.266666666666666,3.6666666666666665,0.12223842347119122,0.0,5.9
2025,12,00-0035249,Josh Oliver,TE,MIN,15.0,20.0,5.0,0.0,42.5,4.7,1.6666666666666667,0.04837543991955757,0.0,1.4
2025,12,00-0035250,Devin Singletary,RB,NYG,51.0,37.0,42.0,0.0,76.8,11.700000000000001,12.666666666666666,0.41980147927289485,0.0,4.7
2025,12,00-0035261,Tony Pollard,RB,TEN,51.0,21.0,60.0,0.0,90.5,6.566666666666667,12.666666666666666,0.5957255220722714,0.0,8.1
2025,12,00-0035359,David Sills,WR,ATL,11.0,3.0,5.0,0.0,53.5,0.7000000000000001,1.3333333333333333,0.04612576064908722,0.0,9.6
2025,12,00-0035500,Greg Dortch,WR,ARI,25.0,41.0,8.0,0.0,41.6,8.566666666666666,3.0,0.07619404583422575,0.0,16.8
2025,12,00-0035535,Darius Slayton,WR,NYG,44.0,46.0,19.0,0.0,74.6,9.566666666666668,5.333333333333333,0.1903409090909091,0.0,3.3
2025,12,00-0035537,Ty Johnson,RB,BUF,13.0,31.0,11.0,0.0,77.0,9.866666666666667,3.3333333333333335,0.1146747938052286,0.0,8.2
2025,12,00-0035602,Alex Bachman,WR,LV,0.0,0.0,0.0,0.0,56.8,0.0,0.0,0.0,0.0,0.0
2025,12,00-0035631,Drew Sample,TE,CIN,9.0,2.0,3.0,0.0,34.4,0.5666666666666668,1.0,0.025000000000000005,0.0,1.0
2025,12,00-0035640,DK Metcalf,WR,PIT,53.0,30.0,21.0,0.0,68.1,6.333333333333333,6.333333333333333,0.2133825944170772,0.0,14.4
2025,12,00-0035644,Noah Fant,TE,CIN,36.0,37.0,10.0,0.0,75.8,8.833333333333334,4.0,0.10380730380730381,0.0,1.9
2025,12,00-0035645,Gunner Olszewski,WR,NYG,8.0,15.0,3.0,0.0,31.2,3.1333333333333333,1.0,0.03125,0.0,5.32
2025,12,00-0035662,Marquise Brown,WR,KC,25.0,28.0,9.0,0.0,50.3,5.766666666666667,3.0,0.08740143009890404,0.0,2.0
2025,12,00-0035676,A.J. Brown,WR,PHI,56.0,69.0,27.0,0.0,51.3,14.433333333333332,6.666666666666667,0.26623725174449814,0.0,25.0
2025,12,00-0035685,David Montgomery,RB,DET,51.0,27.0,49.0,0.0,70.0,8.6,12.666666666666666,0.49156144781144784,0.0,6.7
2025,12,00-0035689,Dawson Knox,TE,BUF,24.0,20.0,8.0,0.0,67.1,4.666666666666667,2.6666666666666665,0.08085470085470085,0.0,4.7
2025,12,00-0035710,Daniel Jones,QB,IND,81.0,68.0,52.0,50.0,80.1,22.253333333333334,38.666666666666664,0.13098464317976513,0.0,16.84
2025,12,00-0035891,Cody White,WR,SEA,6.0,21.0,3.0,0.0,31.2,4.333333333333333,0.6666666666666666,0.027777777777777776,0.0,0.0
2025,12,00-0036040,Juwan Johnson,TE,NO,48.0,58.0,16.0,0.0,78.4,13.866666666666665,5.333333333333333,0.16017094017094016,0.0,10.6
2025,12,00-0036139,Rico Dowdle,RB,CAR,100.0,62.0,92.0,0.0,84.8,19.46666666666667,25.0,0.9158682939232138,0.0,11.4
2025,12,00-0036165,Isaiah Hodgins,WR,NYG,50.0,51.0,21.0,0.0,56.8,10.7,6.0,0.20689655172413793,0.0,12.2
2025,12,00-0036176,Mason Kinsey,WR,TEN,8.0,4.0,3.0,0.0,31.2,0.7999999999999999,1.0,0.027777777777777776,0.0,0.0
2025,12,00-0036187,Reggie Gilliam,RB,BUF,0.0,0.0,0.0,0.0,56.8,0.0,0.0,0.0,0.0,1.2
2025,12,00-0036196,Gabe Davis,WR,BUF,33.0,33.0,13.0,0.0,56.8,7.0,4.0,0.13333333333333333,0.0,3.2
2025,12,00-0036223,Jonathan Taylor,RB,IND,87.0,100.0,82.0,0.0,64.9,31.566666666666674,21.666666666666668,0.817804034267449,0.0,8.6
2025,12,00-0036244,Colby Parkinson,TE,LA,27.0,37.0,10.0,0.0,59.1,8.833333333333334,3.0,0.09521634221191462,0.0,14.1
2025,12,00-0036252,Michael Pittman,WR,IND,64.0,76.0,22.0,0.0,54.5,15.966666666666667,7.666666666666667,0.21611721611721613,0.0,13.7
2025,12,00-0036259,Jauan Jennings,WR,SF,56.0,68.0,25.0,0.0,81.2,14.200000000000001,6.666666666666667,0.2474026821852909,0.0,15.1
2025,12,00-0036264,Jordan Love,QB,GB,73.0,37.0,42.0,50.0,74.6,12.173333333333332,35.0,0.10404723564143853,0.0,7.06
2025,12,00-0036275,D'Andre Swift,RB,CHI,75.0,41.0,60.0,0.0,82.8,12.966666666666667,18.666666666666668,0.5986958291306118,0.0,3.9
2025,12,00-0036290,Cole Kmet,TE,CHI,27.0,18.0,10.0,0.0,45.4,4.333333333333333,3.0,0.09765017117958295,0.0,1.3
2025,12,00-0036309,Darnell Mooney,WR,ATL,47.0,18.0,21.0,0.0,58.7,3.866666666666667,5.666666666666667,0.2067342799188641,0.0,16.4
2025,12,00-0036322,Justin Jefferson,WR,MIN,83.0,56.0,32.0,0.0,81.2,11.833333333333334,10.0,0.32174575821845175,0.0,8.8
2025,12,00-0036331,Devin Duvernay,WR,CHI,0.0,0.0,0.0,0.0,56.8,0.0,0.0,0.0,0.0,0.0
2025,12,00-0036332,Josiah Deguara,TE,ARI,0.0,0.0,0.0,0.0,56.8,0.0,0.0,0.0,0.0,1.6
2025,12,00-0036358,CeeDee Lamb,WR,DAL,83.0,76.0,29.0,0.0,86.2,15.9,10.0,0.29001856118791597,0.0,11.5
2025,12,00-0036360,Clyde Edwards-Helaire,RB,KC,8.0,2.0,10.0,0.0,56.8,0.5,2.0,0.1,0.0,3.7
2025,12,00-0036389,Jalen Hurts,QB,PHI,65.0,55.0,69.0,50.0,77.3,17.959999999999997,31.0,0.172756981580511,0.0,30.86
2025,12,00-0036407,Jerry Jeudy,WR,CLE,58.0,40.0,24.0,0.0,42.9,8.299999999999999,7.0,0.23853535353535352,0.0,4.9
2025,12,00-0036410,Tee Higgins,WR,CIN,53.0,92.0,16.0,0.0,60.5,19.26666666666667,6.333333333333333,0.15524475524475526,0.0,8.1
2025,12,00-0036415,Van Jefferson,WR,TEN,53.0,25.0,20.0,0.0,62.0,5.3,6.333333333333333,0.20037895037895037,0.0,2.1
2025,12,00-0036429,Charlie Woerner,TE,ATL,9.0,4.0,3.0,0.0,66.8,0.9666666666666667,1.0,0.030722673893405595,0.0,5.4
2025,12,00-0036554,Nico Collins,WR,HOU,100.0,94.0,29.0,0.0,84.2,19.766666666666666,12.0,0.290986790986791,0.0,8.5
2025,12,00-0036555,Chuba Hubbard,RB,CAR,23.0,8.0,20.0,0.0,79.2,2.6666666666666665,5.666666666666667,0.20208053070753298,0.0,8.3
2025,12,00-0036590,Quintin Morris,TE,JAX,9.0,3.0,5.0,0.0,31.2,0.7000000000000001,1.0,0.04545454545454545,0.0,0.0
2025,12,00-0036630,Tylan Wallace,WR,BAL,3.0,0.0,1.0,0.0,41.8,0.0,0.3333333333333333,0.013333333333333334,0.0,0.0
2025,12,00-0036637,Noah Gray,TE,KC,24.0,10.0,8.0,0.0,49.1,2.4,2.6666666666666665,0.07641673349371826,0.0,5.5
2025,12,00-0036741,Jack Stoll,TE,NO,9.0,2.0,3.0,0.0,65.8,0.5666666666666667,1.0,0.03075268817204301,0.0,1.7
2025,12,00-0036754,Brock Wright,TE,DET,27.0,7.0,8.0,0.0,33.7,1.6333333333333335,3.0,0.08449074074074074,0.0,5.9
2025,12,00-0036825,Feleipe Franks,TE,ATL,0.0,0.0,0.0,0.0,56.8,0.0,0.0,0.0,0.0,0.2
2025,12,00-0036841,Austin Trammell,WR,JAX,14.0,12.0,7.0,0.0,41.3,2.533333333333333,1.6666666666666667,0.06873078612209046,0.0,0.0
2025,12,00-0036842,Kene Nwangwu,RB,NYJ,0.0,0.0,0.0,0.0,56.8,0.0,0.0,0.0,0.0,0.0
2025,12,00-0036862,Ben Skowronek,WR,PIT,0.0,0.0,0.0,0.0,56.8,0.0,0.0,0.0,0.0,3.1
2025,12,00-0036875,Rhamondre Stevenson,RB,NE,67.0,26.0,51.0,0.0,65.5,8.166666666666668,16.666666666666668,0.5104371201496026,0.0,2.0
2025,12,00-0036887,Luke Farrell,TE,SF,9.0,16.0,3.0,0.0,33.0,3.8000000000000003,1.0,0.03389103389103389,0.0,1.3
2025,12,00-0036894,Pat Freiermuth,TE,PIT,24.0,29.0,9.0,0.0,58.5,6.966666666666666,2.6666666666666665,0.08530377668308703,0.0,10.9
2025,12,00-0036898,Davis Mills,QB,HOU,86.0,51.0,39.0,50.0,70.7,16.74,41.0,0.09824957651044608,0.0,14.52
2025,12,00-0036912,DeVonta Smith,WR,PHI,58.0,53.0,31.0,0.0,64.3,11.033333333333333,7.0,0.31317767042404726,0.0,14.9
2025,12,00-0036919,Kenny Gainwell,RB,PIT,37.0,41.0,34.0,0.0,39.8,13.1,9.333333333333334,0.3361265171609999,0.0,18.2
2025,12,00-0036924,Michael Carter,RB,ARI,28.0,15.0,24.0,0.0,57.4,4.6,7.0,0.23570515162586772,0.0,8.8
2025,12,00-0036963,Amon-Ra St. Brown,WR,DET,92.0,66.0,31.0,0.0,76.2,13.9,11.0,0.3148148148148148,0.0,29.9
2025,12,00-0036970,Kyle Pitts,TE,ATL,45.0,24.0,17.0,0.0,72.5,5.666666666666667,5.0,0.16977687626774848,0.0,4.5
2025,12,00-0036971,Trevor Lawrence,QB,JAX,69.0,55.0,67.0,50.0,79.5,18.013333333333335,32.666666666666664,0.16861795939810123,0.0,25.14
2025,12,00-0036973,Travis Etienne,RB,JAX,91.0,54.0,65.0,0.0,88.5,17.166666666666668,22.666666666666668,0.6456649071511852,0.0,20.6
2025,12,00-0036980,Elijah Moore,WR,BUF,22.0,14.0,10.0,0.0,67.5,3.0,2.6666666666666665,0.10354988007161921,0.0,0.7
2025,12,00-0036988,Josh Palmer,WR,BUF,25.0,28.0,10.0,0.0,65.7,5.766666666666666,3.0,0.10341880341880343,0.0,4.1
2025,12,00-0036997,Javonte Williams,RB,DAL,72.0,40.0,65.0,0.0,78.6,12.5,18.0,0.6531628690902885,0.0,12.1
2025,12,00-0037086,Grant Calcaterra,TE,PHI,15.0,9.0,6.0,0.0,59.3,2.1333333333333333,1.6666666666666667,0.060288549418984205,0.0,1.8
2025,12,00-0037120,Tyler Goodson,RB,IND,7.0,3.0,6.0,0.0,50.2,0.8000000000000002,1.6666666666666667,0.05905600722673893,0.0,0.0
2025,12,00-0037157,Bam Knight,RB,ARI,45.0,27.0,44.0,0.0,73.2,8.5,11.333333333333334,0.44452449100125263,0.0,13.2
2025,12,00-0037228,Jaylen Warren,RB,PIT,61.0,39.0,73.0,0.0,79.0,12.233333333333334,15.333333333333334,0.7281416859003066,0.0,12.8
2025,12,00-0037239,Chris Olave,WR,NO,69.0,70.0,26.0,0.0,68.8,14.699999999999998,8.333333333333334,0.2603418803418803,0.0,16.0
2025,12,00-0037240,Jameson Williams,WR,DET,58.0,96.0,21.0,0.0,87.4,20.066666666666666,7.0,0.2099537037037037,0.0,0.0
2025,12,00-0037247,George Pickens,WR,DAL,81.0,92.0,28.0,0.0,80.3,19.366666666666664,9.666666666666666,0.2836309523809524,0.0,29.6
2025,12,00-0037248,James Cook,RB,BUF,87.0,49.0,78.0,0.0,84.2,15.533333333333333,21.666666666666668,0.775398321485278,0.0,21.9
2025,12,00-0037256,Rachaad White,RB,TB,57.0,28.0,50.0,0.0,89.1,8.9,14.333333333333334,0.4972000362938614,0.0,5.2
2025,12,00-0037261,Khalil Shakir,WR,BUF,56.0,39.0,22.0,0.0,56.4,8.266666666666667,6.666666666666667,0.2169230769230769,0.0,19.0
2025,12,00-0037263,Tyler Allgeier,RB,ATL,24.0,29.0,23.0,0.0,44.8,9.299999999999999,6.0,0.2268062397372742,0.0,5.9
2025,12,00-0037267,Jerome Ford,RB,CLE,7.0,1.0,5.0,0.0,59.0,0.4000000000000001,1.6666666666666667,0.05436868686868687,0.0,-0.3
2025,12,00-0037291,Jalen Nailor,WR,MIN,31.0,45.0,12.0,0.0,43.9,9.533333333333333,3.6666666666666665,0.11716816896429834,0.0,0.0
2025,12,00-0037292,Andrew Ogletree,TE,IND,3.0,0.0,1.0,0.0,41.8,0.0,0.3333333333333333,0.011904761904761904,0.0,8.8
2025,12,00-0037306,John FitzPatrick,TE,GB,9.0,6.0,3.0,0.0,94.7,1.5,1.0,0.034761904761904765,0.0,2.1
2025,12,00-0037525,Jordan Mason,RB,MIN,29.0,20.0,30.0,0.0,68.7,6.433333333333333,7.333333333333333,0.3025485286427986,0.0,4.2
2025,12,00-0037545,Rashid Shaheed,WR,SEA,50.0,32.0,22.0,0.0,57.3,6.666666666666667,6.0,0.2164768806073154,0.0,0.5
2025,12,00-0037563,Malik Davis,RB,DAL,9.0,3.0,8.0,0.0,46.6,0.8666666666666666,2.3333333333333335,0.08038914490527393,0.0,2.4
2025,12,00-0037594,Julius Chestnut,RB,TEN,3.0,1.0,3.0,0.0,31.2,0.16666666666666666,0.6666666666666666,0.02666666666666667,0.0,0.3
2025,12,00-0037614,John Metchie III,WR,NYJ,19.0,27.0,11.0,0.0,62.0,5.7,2.3333333333333335,0.10664335664335665,0.0,18.5
2025,12,00-0037664,Alec Pierce,WR,IND,69.0,71.0,24.0,0.0,73.2,14.933333333333332,8.333333333333334,0.23954517704517705,0.0,3.6
2025,12,00-0037741,Jahan Dotson,WR,PHI,14.0,28.0,7.0,0.0,57.1,5.766666666666667,1.6666666666666667,0.0725174449812131,0.0,0.0
2025,12,00-0037744,Trey McBride,TE,ARI,100.0,100.0,27.0,0.0,83.2,23.900000000000002,11.0,0.267409314823108,0.0,16.9
2025,12,00-0037746,Brian Robinson,RB,SF,31.0,27.0,30.0,0.0,65.7,8.4,7.666666666666667,0.2998875990180338,0.0,5.4
2025,12,00-0037801,KaVontae Turpin,WR,DAL,31.0,8.0,11.0,0.0,59.2,1.7,3.6666666666666665,0.1121031746031746,0.0,6.2
2025,12,00-0037809,Chig Okonkwo,TE,TEN,30.0,29.0,10.0,0.0,70.0,6.966666666666666,3.3333333333333335,0.10456885456885456,0.0,7.0
2025,12,00-0037816,Romeo Doubs,WR,GB,61.0,43.0,24.0,0.0,58.4,8.966666666666667,7.333333333333333,0.24230880230880233,0.0,4.3
2025,12,00-0037834,Brock Purdy,QB,SF,75.0,62.0,35.0,50.0,83.2,20.58,35.666666666666664,0.08740740740740742,0.0,13.32
2025,12,00-0037837,Calvin Austin III,WR,PIT,39.0,25.0,15.0,0.0,44.0,5.166666666666667,4.666666666666667,0.1519704433497537,0.0,7.6
2025,12,00-0037838,Isaiah Likely,TE,BAL,33.0,23.0,15.0,0.0,75.9,5.3999999999999995,3.6666666666666665,0.14559006211180123,0.0,2.0
2025,12,00-0037840,Kyren Williams,RB,LA,75.0,60.0,59.0,0.0,85.8,18.8,18.666666666666668,0.5852753097167143,0.0,5.8
2025,12,00-0038041,Jake Ferguson,TE,DAL,39.0,30.0,13.0,0.0,45.8,7.2,4.333333333333333,0.12642195767195766,0.0,11.1
2025,12,00-0038046,Charlie Kolar,TE,BAL,15.0,19.0,7.0,0.0,56.8,4.533333333333334,1.6666666666666667,0.06612836438923396,0.0,0.0
2025,12,00-0038090,Skyy Moore,WR,SF,6.0,9.0,2.0,0.0,37.5,1.9666666666666668,0.6666666666666666,0.024882024882024883,0.0,0.0
2025,12,00-0038104,Tyquan Thornton,WR,KC,14.0,19.0,5.0,0.0,60.8,4.0,1.6666666666666667,0.04660597197981037,0.0,0.0
2025,12,00-0038115,Daniel Bellinger,TE,NYG,12.0,7.0,5.0,0.0,56.6,1.6333333333333335,1.3333333333333333,0.047479101358411706,0.0,0.0
2025,12,00-0038117,Wan'Dale Robinson,WR,NYG,86.0,53.0,33.0,0.0,87.5,11.133333333333333,10.333333333333334,0.33261494252873564,0.0,30.6
2025,12,00-0038120,Breece Hall,RB,NYJ,79.0,64.0,63.0,0.0,76.0,20.253333333333334,19.666666666666668,0.6313768555147865,0.0,15.9
2025,12,00-0038124,Christian Watson,WR,GB,36.0,55.0,15.0,0.0,71.3,11.633333333333333,4.333333333333333,0.14516594516594516,0.0,9.9
2025,12,00-0038128,Malik Willis,QB,GB,6.0,18.0,17.0,50.0,56.8,5.84,3.0,0.043478260869565216,0.0,0.58
2025,12,00-0038129,Cade Otton,TE,TB,67.0,42.0,22.0,0.0,63.6,10.0,7.333333333333333,0.22419609532012633,0.0,6.1
2025,12,00-0038134,Kenneth Walker III,RB,SEA,63.0,38.0,49.0,0.0,75.2,12.066666666666668,15.666666666666666,0.48597308488612834,0.0,13.1
2025,12,00-0038393,Dontayvion Wicks,WR,GB,33.0,18.0,13.0,0.0,39.0,3.733333333333333,4.0,0.1312842712842713,0.0,5.2
2025,12,00-0038454,Keaton Mitchell,RB,BAL,24.0,14.0,20.0,0.0,63.2,4.433333333333334,6.0,0.20120721001506414,0.0,2.9
2025,12,00-0038458,Owen Wright,RB,TB,0.0,0.0,0.0,0.0,56.8,0.0,0.0,0.0,0.0,0.6
2025,12,00-0038488,Brady Russell,RB,SEA,0.0,0.0,0.0,0.0,56.8,0.0,0.0,0.0,0.0,0.0
2025,12,00-0038496,Xavier Gipson,WR,PHI,3.0,2.0,2.0,0.0,31.2,0.43333333333333335,0.3333333333333333,0.016666666666666666,0.0,1.3
2025,12,00-0038519,Nikko Remigio,WR,KC,0.0,0.0,0.0,0.0,56.8,0.0,0.0,0.0,0.0,0.0
2025,12,00-0038542,Bijan Robinson,RB,ATL,92.0,62.0,90.0,0.0,76.3,19.566666666666666,23.0,0.9013889693808558,0.0,12.7
2025,12,00-0038543,Jaxon Smith-Njigba,WR,SEA,81.0,100.0,41.0,0.0,85.0,20.96666666666667,9.666666666666666,0.41031746031746036,0.0,37.1
2025,12,00-0038547,Luke Schoonmaker,TE,DAL,21.0,12.0,7.0,0.0,75.2,2.9000000000000004,2.3333333333333335,0.066697790227202,0.0,0.0
2025,12,00-0038555,Tank Bigsby,RB,PHI,21.0,15.0,15.0,0.0,45.5,4.833333333333333,5.333333333333333,0.1536541889483066,0.0,0.8
2025,12,00-0038558,Darnell Washington,TE,PIT,36.0,30.0,13.0,0.0,56.0,7.166666666666667,4.0,0.12651888341543513,0.0,4.2
2025,12,00-0038559,Michael Wilson,WR,ARI,81.0,79.0,21.0,0.0,47.5,16.666666666666668,9.666666666666666,0.2061501716674131,0.0,21.8
2025,12,00-0038563,Tre Tucker,WR,LV,44.0,43.0,16.0,0.0,67.8,9.0,5.333333333333333,0.1567971210076473,0.0,5.8
2025,12,00-0038564,Cameron Latu,TE,PHI,0.0,0.0,0.0,0.0,56.8,0.0,0.0,0.0,0.0,0.0
2025,12,00-0038576,Charlie Jones,WR,CIN,0.0,0.0,0.0,0.0,56.8,0.0,0.0,0.0,0.0,0.0
2025,12,00-0038589,Josh Whyle,TE,GB,9.0,30.0,4.0,0.0,56.8,7.2,1.0,0.04,0.0,1.1
2025,12,00-0038597,Chase Brown,RB,CIN,88.0,67.0,89.0,0.0,82.7,21.133333333333333,22.0,0.8934675630327805,0.0,15.0
2025,12,00-0038606,Parker Washington,WR,JAX,56.0,52.0,25.0,0.0,57.8,10.966666666666667,6.666666666666667,0.24735275459913142,0.0,18.1
2025,12,00-0038608,Kayshon Boutte,WR,NE,22.0,48.0,11.0,0.0,41.0,10.0,2.6666666666666665,0.11214630779848171,0.0,3.5
2025,12,00-0038618,Xavier Hutchinson,WR,HOU,44.0,49.0,14.0,0.0,76.1,10.366666666666665,5.333333333333333,0.13703328834907783,0.0,0.9
2025,12,00-0038619,Andrei Iosivas,WR,CIN,42.0,37.0,14.0,0.0,49.8,7.666666666666667,5.0,0.13856513856513855,0.0,10.6
2025,12,00-0038621,DeMario Douglas,WR,NE,36.0,50.0,15.0,0.0,62.0,10.5,4.333333333333333,0.14941146550341952,0.0,6.1
2025,12,00-0038685,Chris Brooks,RB,GB,4.0,5.0,3.0,0.0,32.6,1.7333333333333334,1.0,0.03354037267080745,0.0,3.6
2025,12,00-0038738,Hunter Luepke,RB,DAL,7.0,8.0,5.0,0.0,31.2,2.433333333333333,1.6666666666666667,0.05275537634408602,0.0,1.7
2025,12,00-0038752,Jake Bobo,WR,SEA,6.0,6.0,3.0,0.0,35.5,1.3333333333333333,0.6666666666666666,0.02538314176245211,0.0,0.0
2025,12,00-0038797,Emanuel Wilson,RB,GB,29.0,17.0,29.0,0.0,41.9,5.333333333333333,7.333333333333333,0.29424793134938065,0.0,26.5
2025,12,00-0038839,Mitchell Tinsley,WR,CIN,14.0,9.0,6.0,0.0,54.8,1.8666666666666665,1.6666666666666667,0.05793835793835794,0.0,10.9
2025,12,00-0038840,Brycen Tremayne,WR,CAR,8.0,9.0,3.0,0.0,33.0,1.8333333333333333,1.0,0.03269537480063796,0.0,0.0
2025,12,00-0038896,Jacob Saylors,RB,DET,0.0,0.0,0.0,0.0,56.8,0.0,0.0,0.0,0.0,0.0
2025,12,00-0038935,Brenton Strange,TE,JAX,45.0,36.0,17.0,0.0,55.2,8.6,5.0,0.17329966329966331,0.0,14.3
2025,12,00-0038951,Sean Tucker,RB,TB,59.0,53.0,48.0,0.0,61.8,16.766666666666666,14.666666666666666,0.4833765737267474,0.0,5.6
2025,12,00-0038979,Cedric Tillman,WR,CLE,28.0,21.0,11.0,0.0,60.4,4.3,3.3333333333333335,0.11460784313725492,0.0,1.5
2025,12,00-0038994,Jordan Addison,WR,MIN,64.0,40.0,23.0,0.0,81.2,8.299999999999999,7.666666666666667,0.2318128283419266,0.0,0.0
2025,12,00-0038997,Josh Downs,WR,IND,39.0,51.0,12.0,0.0,49.1,10.633333333333333,4.666666666666667,0.12385531135531136,0.0,3.0
2025,12,00-0039032,Tyjae Spears,RB,TEN,41.0,37.0,44.0,0.0,81.2,11.6,10.333333333333334,0.44218076103525017,0.0,6.5
2025,12,00-0039041,Elijah Higgins,TE,ARI,27.0,18.0,8.0,0.0,83.9,4.333333333333333,3.0,0.07506717420510524,0.0,0.0
2025,12,00-0039064,Zay Flowers,WR,BAL,50.0,55.0,23.0,0.0,93.2,11.6,6.0,0.23092937658155047,0.0,11.9
2025,12,00-0039066,Michael Mayer,TE,LV,45.0,21.0,15.0,0.0,82.4,5.033333333333333,5.0,0.14892487629329734,0.0,2.4
2025,12,00-0039067,Rashee Rice,WR,KC,81.0,86.0,30.0,0.0,79.5,17.96666666666667,9.666666666666666,0.2995327675309632,0.0,22.1
2025,12,00-0039074,Davis Allen,TE,LA,21.0,24.0,7.0,0.0,52.7,5.633333333333333,2.3333333333333335,0.07271960592643704,0.0,5.9
2025,12,00-0039075,Puka Nacua,WR,LA,69.0,90.0,28.0,0.0,81.8,18.833333333333332,8.333333333333334,0.2816654351744006,0.0,16.7
2025,12,00-0039139,Jahmyr Gibbs,RB,DET,68.0,67.0,65.0,0.0,66.9,21.2,17.0,0.6450336700336701,0.0,55.4
2025,12,00-0039144,Luke Musgrave,TE,GB,24.0,18.0,9.0,0.0,72.9,4.2,2.6666666666666665,0.08554112554112554,0.0,1.7
2025,12,00-0039150,Bryce Young,QB,CAR,66.0,41.0,25.0,50.0,55.1,13.453333333333333,31.666666666666668,0.06252086078173034,0.0,12.26
2025,12,00-0039165,Zach Charbonnet,RB,SEA,48.0,28.0,35.0,0.0,76.6,8.866666666666667,12.0,0.3470841959972395,0.0,9.5
2025,12,00-0039338,Brock Bowers,TE,LV,91.0,85.0,29.0,0.0,51.5,20.4,10.0,0.28747638326585695,0.0,11.5
2025,12,00-0039342,Xavier Legette,WR,CAR,33.0,34.0,13.0,0.0,39.7,7.166666666666667,4.0,0.1277303931766174,0.0,5.2
2025,12,00-0039356,Ja'Tavion Sanders,TE,CAR,30.0,22.0,12.0,0.0,53.6,5.3,3.3333333333333335,0.12031065806809514,0.0,1.6
2025,12,00-0039359,Cade Stover,TE,HOU,36.0,26.0,15.0,0.0,56.8,6.2,4.0,0.14814814814814814,0.0,0.0
2025,12,00-0039384,Tyrone Tracy Jr.,RB,NYG,64.0,35.0,51.0,0.0,67.9,10.9,16.0,0.5100643130815544,0.0,16.0
2025,12,00-0039407,Dylan Laube,RB,LV,0.0,0.0,0.0,0.0,56.8,0.0,0.0,0.0,0.0,0.0
2025,12,00-0039410,Ryan Flournoy,WR,DAL,14.0,29.0,5.0,0.0,67.3,6.033333333333332,1.6666666666666667,0.04798280423280423,0.0,0.0
2025,12,00-0039424,Devaughn Vele,WR,NO,28.0,12.0,9.0,0.0,76.2,2.6,3.3333333333333335,0.09330024813895782,0.0,6.7
2025,12,00-0039451,Isaiah Williams,WR,NYJ,31.0,18.0,15.0,0.0,50.4,3.8666666666666667,3.6666666666666665,0.1484758639931054,0.0,0.0
2025,12,00-0039491,Jalen Coker,WR,CAR,25.0,26.0,11.0,0.0,56.3,5.3999999999999995,3.0,0.10581790444490674,0.0,6.2
2025,12,00-0039521,Xavier Weaver,WR,ARI,11.0,6.0,3.0,0.0,31.2,1.1666666666666667,1.3333333333333333,0.02619047619047619,0.0,1.9
2025,12,00-0039530,Brevyn Spann-Ford,TE,DAL,6.0,5.0,2.0,0.0,38.2,1.0999999999999999,0.6666666666666666,0.01994047619047619,0.0,7.4
2025,12,00-0039577,Kedon Slovis,QB,ARI,2.0,0.0,0.0,50.0,56.8,0.0,1.0,0.0,0.0,-0.08
2025,12,00-0039589,Kameron Johnson,WR,TB,6.0,2.0,2.0,0.0,31.2,0.3666666666666667,0.6666666666666666,0.023624953857511996,0.0,0.0
2025,12,00-0039603,British Brooks,RB,HOU,5.0,2.0,4.0,0.0,35.8,0.5,1.3333333333333333,0.04401154401154401,0.0,0.0
2025,12,00-0039623,Mason Tipton,WR,NO,6.0,0.0,2.0,0.0,45.2,0.0,0.6666666666666666,0.01741935483870968,0.0,6.3
2025,12,00-0039738,Blake Corum,RB,LA,48.0,14.0,39.0,0.0,76.3,4.3,12.0,0.3911231174797066,0.0,2.4
2025,12,00-0039739,Roman Wilson,WR,PIT,19.0,25.0,8.0,0.0,59.9,5.2,2.3333333333333335,0.07775041050903118,0.0,0.0
2025,12,00-0039746,Will Shipley,RB,PHI,13.0,8.0,11.0,0.0,40.6,2.4333333333333336,3.3333333333333335,0.11299697744710531,0.0,0.0
2025,12,00-0039751,Jordan Whittington,WR,LA,25.0,16.0,10.0,0.0,61.0,3.3666666666666667,3.0,0.10403177069843737,0.0,4.7
2025,12,00-0039757,Terrell Jennings,RB,NE,24.0,14.0,19.0,0.0,36.0,4.466666666666667,6.0,0.1914462081128748,0.0,0.0
2025,12,00-0039792,Devontez Walker,WR,BAL,3.0,7.0,1.0,0.0,31.2,1.4666666666666668,0.3333333333333333,0.011904761904761904,0.0,4.0
2025,12,00-0039793,AJ Barner,TE,SEA,61.0,40.0,19.0,0.0,40.7,9.633333333333335,6.666666666666667,0.19028640441683922,0.0,3.8
2025,12,00-0039798,Isaiah Davis,RB,NYJ,25.0,20.0,22.0,0.0,42.2,6.366666666666667,6.333333333333333,0.2177704246669764,0.0,0.7
2025,12,00-0039816,Anthony Gould,WR,IND,3.0,2.0,1.0,0.0,31.2,0.43333333333333335,0.3333333333333333,0.010416666666666666,0.0,0.0
2025,12,00-0039847,Theo Johnson,TE,NYG,55.0,46.0,19.0,0.0,75.8,10.933333333333332,6.0,0.19181034482758622,0.0,10.7
2025,12,00-0039851,Drake Maye,QB,NE,79.0,57.0,87.0,50.0,90.2,18.633333333333333,37.666666666666664,0.2166105499438833,0.0,17.96
2025,12,00-0039875,Ray Davis,RB,BUF,5.0,1.0,5.0,0.0,31.2,0.26666666666666666,1.3333333333333333,0.0473970473970474,0.0,0.0
2025,12,00-0039890,Adonai Mitchell,WR,NYJ,22.0,6.0,10.0,0.0,34.4,1.2333333333333334,2.6666666666666665,0.09577228327228327,0.0,6.2
2025,12,00-0039894,Xavier Worthy,WR,KC,56.0,35.0,21.0,0.0,76.2,7.266666666666667,6.666666666666667,0.2088027933707565,0.0,9.9
2025,12,00-0039916,Ricky Pearsall,WR,SF,50.0,47.0,18.0,0.0,43.0,9.766666666666666,6.0,0.1771042141886132,0.0,2.8
2025,12,00-0039918,Caleb Williams,QB,CHI,83.0,75.0,70.0,50.0,71.2,24.706666666666667,39.666666666666664,0.17447117447117444,0.0,23.66
2025,12,00-0039919,Rome Odunze,WR,CHI,53.0,42.0,19.0,0.0,49.5,8.9,6.333333333333333,0.1934329287270464,0.0,8.3
2025,12,00-0039920,Malachi Corley,WR,CLE,17.0,15.0,8.0,0.0,82.3,3.0666666666666664,2.0,0.07875,0.0,1.2
2025,12,00-0039923,J.J. McCarthy,QB,MIN,79.0,50.0,78.0,50.0,69.8,16.546666666666667,37.666666666666664,0.1960408684546616,0.0,4.48
2025,12,00-0040009,Savion Williams,WR,GB,17.0,15.0,7.0,0.0,70.3,3.233333333333333,2.0,0.06591630591630591,0.0,0.0
2025,12,00-0040024,Darius Cooper,WR,PHI,0.0,0.0,0.0,0.0,56.8,0.0,0.0,0.0,0.0,2.7
2025,12,00-0040075,LaJohntay Wester,WR,BAL,0.0,0.0,0.0,0.0,56.8,0.0,0.0,0.0,0.0,0.0
2025,12,00-0040078,Brashard Smith,RB,KC,13.0,5.0,12.0,0.0,63.4,1.4333333333333333,3.3333333333333335,0.11808340016038492,0.0,6.6
2025,12,00-0040122,Ashton Jeanty,RB,LV,75.0,47.0,83.0,0.0,79.9,14.866666666666667,18.666666666666668,0.8269725596041385,0.0,24.8
2025,12,00-0040124,Tetairoa McMillan,WR,CAR,72.0,84.0,31.0,0.0,66.5,17.533333333333335,8.666666666666666,0.312114277789335,0.0,11.5
2025,12,00-0040126,Colston Loveland,TE,CHI,45.0,65.0,15.0,0.0,62.5,15.433333333333332,5.0,0.15328353563647681,0.0,14.9
2025,12,00-0040128,Tyler Warren,TE,IND,67.0,49.0,24.0,0.0,68.2,11.6,7.333333333333333,0.23634004884004886,0.0,9.5
2025,12,00-0040129,Emeka Egbuka,WR,TB,86.0,62.0,34.0,0.0,71.8,13.0,10.333333333333334,0.33688630490956073,0.0,6.2
2025,12,00-0040130,Jayden Higgins,WR,HOU,42.0,41.0,12.0,0.0,48.2,8.7,5.0,0.11991064491064492,0.0,13.8
2025,12,00-0040131,Kyle Williams,WR,NE,17.0,23.0,7.0,0.0,52.0,4.733333333333333,2.0,0.06519629795491864,0.0,2.8
2025,12,00-0040138,Jaylin Noel,WR,HOU,17.0,15.0,5.0,0.0,38.5,3.133333333333333,2.0,0.05054112554112553,0.0,1.9
2025,12,00-0040154,Tai Felton,WR,MIN,0.0,0.0,0.0,0.0,56.8,0.0,0.0,0.0,0.0,0.0
2025,12,00-0040162,Dylan Sampson,RB,CLE,19.0,11.0,18.0,0.0,36.6,3.5666666666666664,4.666666666666667,0.18102272727272728,0.0,16.2
2025,12,00-0040187,Mitchell Evans,TE,CAR,18.0,13.0,6.0,0.0,54.1,3.0666666666666664,2.0,0.06190233329083259,0.0,0.0
2025,12,00-0040194,Jackson Hawes,TE,BUF,21.0,22.0,9.0,0.0,65.3,5.3,2.3333333333333335,0.08723894463024899,0.0,4.6
2025,12,00-0040202,Devin Neal,RB,NO,19.0,13.0,18.0,0.0,65.2,4.133333333333334,4.666666666666667,0.17981503481503483,0.0,11.1
2025,12,00-0040208,Tahj Brooks,RB,CIN,3.0,1.0,4.0,0.0,35.1,0.19999999999999998,0.6666666666666666,0.03737373737373737,0.0,0.5
2025,12,00-0040218,Jimmy Horn Jr.,WR,CAR,25.0,8.0,11.0,0.0,83.0,1.7333333333333334,3.0,0.11425564243531322,0.0,2.1
2025,12,00-0040236,Kyle Monangai,RB,CHI,69.0,45.0,49.0,0.0,56.4,14.1,17.333333333333332,0.4903152991388286,0.0,10.8
2025,12,00-0040237,Tez Johnson,WR,TB,47.0,49.0,18.0,0.0,64.9,10.366666666666667,5.666666666666667,0.18477108593387662,0.0,12.3
2025,12,00-0040238,LeQuint Allen Jr.,RB,JAX,15.0,8.0,9.0,0.0,50.2,2.4333333333333336,3.6666666666666665,0.08926786031318872,0.0,0.2
2025,12,00-0040259,Gage Larvadain,WR,CLE,6.0,0.0,3.0,0.0,34.8,0.09999999999999999,0.6666666666666666,0.03416666666666667,0.0,0.0
2025,12,00-0040506,Myles Price,WR,MIN,0.0,0.0,0.0,0.0,56.8,0.0,0.0,0.0,0.0,0.0
2025,12,00-0040534,Ke'Shawn Williams,WR,PIT,0.0,0.0,0.0,0.0,56.8,0.0,0.0,0.0,0.0,0.0
2025,12,00-0040581,Dont'e Thornton Jr.,WR,LV,19.0,2.0,10.0,0.0,55.2,0.4666666666666666,2.3333333333333335,0.1040087145969499,0.0,2.4
2025,12,00-0040582,Arian Smith,WR,NYJ,14.0,9.0,5.0,0.0,51.7,1.8666666666666665,1.6666666666666667,0.05385332749070235,0.0,0.8
2025,12,00-0040583,Woody Marks,RB,HOU,65.0,26.0,65.0,0.0,65.8,8.3,16.333333333333332,0.6487400280878542,0.0,7.9
2025,12,00-0040584,Gunnar Helm,TE,TEN,27.0,27.0,9.0,0.0,57.5,6.566666666666667,3.0,0.0891963391963392,0.0,11.1
2025,12,00-0040590,Konata Mumpfield,WR,LA,14.0,15.0,6.0,0.0,55.8,3.0666666666666664,1.6666666666666667,0.05534987887929064,0.0,4.5
2025,12,00-0040644,Trevor Etienne,RB,CAR,1.0,0.0,1.0,0.0,31.2,0.06666666666666667,0.3333333333333333,0.013333333333333334,0.0,0.0
2025,12,00-0040663,Harold Fannin Jr.,TE,CLE,64.0,44.0,24.0,0.0,69.0,10.466666666666667,7.0,0.24122474747474745,0.0,8.4
2025,12,00-0040668,Shedeur Sanders,QB,CLE,40.0,11.0,48.0,50.0,56.8,3.48,19.0,0.12,0.0,12.26
2025,12,00-0040669,Isaac TeSlaa,WR,DET,8.0,3.0,3.0,0.0,69.2,0.7000000000000001,1.0,0.03158068783068783,0.0,0.0
2025,12,00-0040676,Cam Ward,QB,TEN,72.0,37.0,48.0,50.0,74.0,12.073333333333332,34.333333333333336,0.120577915376677,0.0,23.94
2025,12,00-0040705,Chimere Dike,WR,TEN,42.0,34.0,16.0,0.0,45.1,7.099999999999999,5.0,0.1608022308022308,0.0,15.4
2025,12,00-0040719,Bhayshul Tuten,RB,JAX,41.0,26.0,27.0,0.0,65.7,8.333333333333334,10.333333333333334,0.26628078354874535,0.0,1.7
2025,12,00-0040734,TreVeyon Henderson,RB,NE,79.0,77.0,68.0,0.0,77.5,24.333333333333332,19.666666666666668,0.6822494236287339,0.0,11.1
2025,12,00-0040735,Luther Burden III,WR,CHI,25.0,23.0,10.0,0.0,48.9,4.9,3.0,0.09682539682539683,0.0,9.1
2025,12,00-0040736,Mason Taylor,TE,NYJ,42.0,32.0,20.0,0.0,53.7,7.6000000000000005,4.666666666666667,0.20384213487661765,0.0,5.1
2025,12,00-0040737,Terrance Ferguson,TE,LA,30.0,30.0,10.0,0.0,81.3,7.233333333333334,3.3333333333333335,0.10177678109366912,0.0,0.0
2025,12,00-0040739,Elijah Arroyo,TE,SEA,15.0,17.0,7.0,0.0,58.0,4.133333333333334,1.6666666666666667,0.07142857142857141,0.0,1.5
2025,12,00-0040743,Tyler Shough,QB,NO,62.0,37.0,51.0,50.0,72.3,12.18,29.666666666666668,0.12651222651222652,0.0,11.92
2025,12,00-0040782,Isaiah Bond,WR,CLE,31.0,6.0,10.0,0.0,57.7,1.2333333333333334,3.6666666666666665,0.09975044563279857,0.0,7.8
2025,12,00-0040784,Quinshon Judkins,RB,CLE,75.0,22.0,73.0,0.0,76.7,7.033333333333332,18.666666666666668,0.7315530303030303,0.0,16.7
2025,13,00-0023459,Aaron Rodgers,QB,PIT,53.0,39.0,17.0,50.0,70.1,10.666666666666666,28.0,0.04312354312354313,0.0,4.68
2025,13,00-0026498,Matthew Stafford,QB,LA,64.0,77.0,13.0,50.0,69.9,21.006666666666668,34.0,0.03333333333333333,0.0,17.62
2025,13,00-0028118,Tyrod Taylor,QB,NYJ,64.0,51.0,92.0,50.0,69.9,13.866666666666667,34.0,0.23004459308807135,0.0,21.28
2025,13,00-0029604,Kirk Cousins,QB,ATL,46.0,31.0,30.0,50.0,57.1,8.566666666666668,24.333333333333332,0.07410895392639814,0.0,13.36
2025,13,00-0030061,Zach Ertz,TE,WAS,50.0,36.0,23.0,0.0,85.2,8.733333333333334,5.666666666666667,0.231203662238145,0.0,20.6
2025,13,00-0030279,Keenan Allen,WR,LAC,40.0,25.0,20.0,0.0,80.5,6.433333333333334,5.333333333333333,0.19556677890011223,0.0,7.0
2025,13,00-0030506,Travis Kelce,TE,KC,74.0,60.0,21.0,0.0,64.2,14.366666666666667,8.333333333333334,0.21288816737405547,0.0,15.5
2025,13,00-0030564,DeAndre Hopkins,WR,BAL,27.0,12.0,15.0,0.0,86.6,3.0,3.6666666666666665,0.15095238095238095,0.0,4.5
2025,13,00-0030565,Geno Smith,QB,LV,77.0,46.0,79.0,50.0,71.4,12.513333333333334,40.666666666666664,0.19873015873015873,0.0,14.0
2025,13,00-0031236,Brandin Cooks,WR,BUF,20.0,13.0,8.0,0.0,58.7,3.366666666666667,2.6666666666666665,0.07908602150537634,0.0,2.3
2025,13,00-0031381,Davante Adams,WR,LA,60.0,64.0,26.0,0.0,82.7,16.666666666666668,8.0,0.2556281771968047,0.0,21.8
2025,13,00-0031588,Stefon Diggs,WR,NE,55.0,50.0,23.0,0.0,59.1,13.033333333333333,7.333333333333333,0.23336816440264715,0.0,5.6
2025,13,00-0031610,Darren Waller,TE,MIA,24.0,39.0,8.0,0.0,33.3,9.333333333333334,2.6666666666666665,0.08498780912574017,0.0,6.7
2025,13,00-0031687,Raheem Mostert,RB,LV,13.0,10.0,14.0,0.0,72.3,3.6,3.3333333333333335,0.13899877899877902,0.0,0.6
2025,13,00-0032104,Ameer Abdullah,RB,IND,5.0,3.0,5.0,0.0,55.5,1.0999999999999999,1.3333333333333333,0.0490361639555188,0.0,0.0
2025,13,00-0032211,Tyler Lockett,WR,LV,35.0,33.0,15.0,0.0,74.9,8.633333333333333,4.666666666666667,0.1453235653235653,0.0,2.1
2025,13,00-0032268,Marcus Mariota,QB,WAS,62.0,63.0,94.0,50.0,82.0,17.153333333333332,33.0,0.2354657687991021,0.0,25.26
2025,13,00-0032385,Sterling Shepard,WR,TB,40.0,26.0,17.0,0.0,80.6,6.8,5.333333333333333,0.17091961227995234,0.0,1.5
2025,13,00-0032764,Derrick Henry,RB,BAL,85.0,48.0,69.0,0.0,87.4,18.133333333333333,22.0,0.6867818238406472,0.0,17.4
2025,13,00-0032775,Demarcus Robinson,WR,SF,18.0,13.0,8.0,0.0,54.1,3.5,2.3333333333333335,0.07543820994907952,0.0,0.6
2025,13,00-0032951,Laquon Treadwell,WR,IND,0.0,0.0,0.0,0.0,56.8,0.0,0.0,0.0,0.0,0.0
2025,13,00-0033077,Dak Prescott,QB,DAL,76.0,89.0,64.0,50.0,86.9,24.26,40.333333333333336,0.16026625704045058,0.0,20.6
2025,13,00-0033090,Hunter Henry,TE,NE,59.0,48.0,21.0,0.0,53.4,11.633333333333333,6.666666666666667,0.2075931731104145,0.0,11.3
2025,13,00-0033106,Jared Goff,QB,DET,71.0,71.0,7.0,50.0,72.2,19.353333333333335,37.666666666666664,0.016666666666666666,0.0,20.64
2025,13,00-0033119,Jacoby Brissett,QB,ARI,100.0,80.0,62.0,50.0,90.2,21.993333333333336,53.0,0.15559006211180124,0.0,21.64
2025,13,00-0033280,Christian McCaffrey,RB,SF,92.0,71.0,82.0,0.0,82.7,26.633333333333336,24.0,0.8242991180948848,0.0,17.4
2025,13,00-0033288,George Kittle,TE,SF,74.0,86.0,27.0,0.0,82.6,20.633333333333333,8.333333333333334,0.2722042694868782,0.0,10.7
2025,13,00-0033293,Aaron Jones,RB,MIN,64.0,32.0,74.0,0.0,80.4,11.899999999999999,16.666666666666668,0.7444454709698612,0.0,6.5
2025,13,00-0033307,Kendrick Bourne,WR,SF,18.0,20.0,9.0,0.0,60.5,5.233333333333333,2.3333333333333335,0.08673205224929363,0.0,0.0
2025,13,00-0033357,Taysom Hill,TE,NO,65.0,9.0,29.0,0.0,76.7,2.2333333333333334,7.333333333333333,0.29016929016929016,0.0,1.7
2025,13,00-0033375,Tim Patrick,WR,JAX,22.0,18.0,12.0,0.0,46.1,4.733333333333333,3.0,0.11515151515151516,0.0,2.1
2025,13,00-0033526,Samaje Perine,RB,CIN,23.0,18.0,26.0,0.0,41.5,6.866666666666667,6.0,0.26420729029424683,0.0,7.4
2025,13,00-0033555,Mack Hollins,WR,NE,52.0,41.0,23.0,0.0,66.9,10.666666666666666,7.0,0.22605363984674332,0.0,5.3
2025,13,00-0033572,Jamal Agnew,WR,ATL,0.0,0.0,0.0,0.0,56.8,0.0,0.0,0.0,0.0,0.0
2025,13,00-0033854,Dare Ogunbowale,RB,HOU,3.0,3.0,2.0,0.0,37.1,1.0333333333333332,0.6666666666666666,0.01688034188034188,0.0,0.0
2025,13,00-0033857,JuJu Smith-Schuster,WR,KC,8.0,4.0,3.0,0.0,34.4,1.0,1.0,0.026998128842555466,0.0,0.0
2025,13,00-0033858,Jonnu Smith,TE,PIT,26.0,10.0,10.0,0.0,49.1,2.4000000000000004,3.0,0.09810371312039833,0.0,1.6
2025,13,00-0033873,Patrick Mahomes,QB,KC,82.0,52.0,29.0,50.0,82.7,14.306666666666667,43.666666666666664,0.0729965156794425,0.0,29.44
2025,13,00-0033881,Evan Engram,TE,DEN,38.0,15.0,14.0,0.0,58.6,3.5,4.333333333333333,0.14253393665158373,0.0,13.9
2025,13,00-0033885,David Njoku,TE,CLE,26.0,35.0,10.0,0.0,56.7,8.5,3.0,0.09800505050505053,0.0,2.4
2025,13,00-0033908,Cooper Kupp,WR,SEA,32.0,24.0,16.0,0.0,72.8,6.366666666666667,4.333333333333333,0.16444444444444442,0.0,5.4
2025,13,00-0033921,Chris Godwin Jr.,WR,TB,45.0,18.0,17.0,0.0,68.5,4.7,6.0,0.17014750482492416,0.0,10.8
2025,13,00-0033923,Kareem Hunt,RB,KC,78.0,42.0,80.0,0.0,73.0,15.9,20.333333333333332,0.7985077775511402,0.0,9.0
2025,13,00-0033955,Jeremy McNichols,RB,WAS,17.0,8.0,15.0,0.0,46.0,2.9333333333333336,4.333333333333333,0.14953171562366965,0.0,5.0
2025,13,00-0034073,Ross Dwelley,TE,DET,4.0,0.0,2.0,0.0,41.8,0.0,0.5,0.015625,0.0,1.3
2025,13,00-0034348,Courtland Sutton,WR,DEN,45.0,32.0,19.0,0.0,78.8,8.433333333333334,6.0,0.1885369532428356,0.0,17.2
2025,13,00-0034351,Dallas Goedert,TE,PHI,38.0,23.0,17.0,0.0,65.1,5.566666666666667,4.333333333333333,0.16720343531937734,0.0,4.7
2025,13,00-0034365,Ian Thomas,TE,LV,18.0,17.0,5.0,0.0,43.9,4.166666666666667,2.0,0.04906497011760169,0.0,1.8
2025,13,00-0034383,Dalton Schultz,TE,HOU,71.0,43.0,21.0,0.0,61.0,10.4,8.0,0.20595238095238097,0.0,12.5
2025,13,00-0034418,Cedrick Wilson Jr.,WR,MIA,8.0,6.0,3.0,0.0,89.9,1.45,1.0,0.032744282744282746,0.0,2.6
2025,13,00-0034521,Allen Lazard,WR,NYJ,20.0,9.0,9.0,0.0,76.2,2.3333333333333335,2.6666666666666665,0.09370810872479392,0.0,2.0
2025,13,00-0034613,Tanner Hudson,TE,CIN,18.0,18.0,5.0,0.0,64.8,4.433333333333334,2.0,0.05025976202446791,0.0,8.4
2025,13,00-0034753,Mark Andrews,TE,BAL,47.0,39.0,21.0,0.0,73.3,9.4,5.333333333333333,0.20690943043884222,0.0,8.7
2025,13,00-0034771,Mason Rudolph,QB,PIT,34.0,25.0,31.0,50.0,45.6,6.84,18.0,0.07710622710622711,0.0,0.0
2025,13,00-0034791,Nick Chubb,RB,HOU,23.0,9.0,23.0,0.0,71.9,3.466666666666667,6.0,0.23230609969740404,0.0,9.4
2025,13,00-0034796,Lamar Jackson,QB,BAL,61.0,37.0,79.0,50.0,80.0,10.193333333333333,32.333333333333336,0.19640522875816993,0.0,12.54
2025,13,00-0034827,DJ Moore,WR,CHI,38.0,34.0,16.0,0.0,56.2,8.833333333333334,5.0,0.15907610907610908,0.0,4.7
2025,13,00-0034829,Mike Gesicki,TE,CIN,35.0,18.0,12.0,0.0,54.0,4.266666666666667,4.0,0.11564171122994654,0.0,3.9
2025,13,00-0034844,Saquon Barkley,RB,PHI,91.0,33.0,76.0,0.0,88.0,12.5,23.666666666666668,0.7597818193299865,0.0,5.6
2025,13,00-0034855,Baker Mayfield,QB,TB,62.0,62.0,35.0,50.0,63.5,17.093333333333334,33.0,0.08871205422929561,0.0,14.46
2025,13,00-0034857,Josh Allen,QB,BUF,75.0,100.0,87.0,50.0,75.3,27.38,39.666666666666664,0.2170070267896355,0.0,18.72
2025,13,00-0034860,Dante Pettis,WR,NO,4.0,5.0,1.0,0.0,31.2,1.2,0.5,0.011627906976744186,0.0,0.0
2025,13,00-0034869,Sam Darnold,QB,SEA,55.0,50.0,23.0,50.0,76.5,13.613333333333332,29.333333333333332,0.05745341614906833,0.0,5.12
2025,13,00-0034960,Jakobi Meyers,WR,JAX,38.0,43.0,20.0,0.0,74.9,11.166666666666666,5.0,0.20105401844532278,0.0,21.3
2025,13,00-0034981,Foster Moreau,TE,NO,15.0,5.0,5.0,0.0,38.1,1.2,1.6666666666666667,0.052880143112701256,0.0,3.3
2025,13,00-0035208,Olamide Zaccheaus,WR,CHI,32.0,27.0,13.0,0.0,38.2,6.966666666666668,4.333333333333333,0.12657952069716774,0.0,3.9
2025,13,00-0035229,T.J. Hockenson,TE,MIN,38.0,22.0,17.0,0.0,64.8,5.2,4.333333333333333,0.16950090334236675,0.0,11.9
2025,13,00-0035250,Devin Singletary,RB,NYG,54.0,29.0,39.0,0.0,74.6,10.9,14.0,0.39164213861355424,0.0,19.2
2025,13,00-0035261,Tony Pollard,RB,TEN,53.0,19.0,64.0,0.0,89.5,7.166666666666667,13.666666666666666,0.6415671531770603,0.0,7.3
2025,13,00-0035359,David Sills,WR,ATL,15.0,15.0,9.0,0.0,48.1,3.9,2.0,0.08632183908045976,0.0,9.5
2025,13,00-0035406,Lil'Jordan Humphrey,WR,DEN,38.0,18.0,18.0,0.0,39.9,4.75,5.0,0.18414918414918416,0.0,0.0
2025,13,00-0035500,Greg Dortch,WR,ARI,48.0,53.0,16.0,0.0,56.6,13.866666666666669,6.333333333333333,0.1632505175983437,0.0,3.4
2025,13,00-0035535,Darius Slayton,WR,NYG,32.0,35.0,13.0,0.0,59.2,9.133333333333333,4.333333333333333,0.13419117647058823,0.0,12.1
2025,13,00-0035537,Ty Johnson,RB,BUF,14.0,25.0,13.0,0.0,69.6,9.266666666666666,3.6666666666666665,0.12798828586872066,0.0,5.5
2025,13,00-0035594,Travis Homer,RB,CHI,1.0,-0.0,1.0,0.0,41.8,-0.06666666666666667,0.3333333333333333,0.008547008547008546,0.0,0.0
2025,13,00-0035602,Alex Bachman,WR,LV,0.0,0.0,0.0,0.0,56.8,0.0,0.0,0.0,0.0,0.0
2025,13,00-0035631,Drew Sample,TE,CIN,9.0,2.0,3.0,0.0,34.5,0.6,1.0,0.026470588235294117,0.0,2.7
2025,13,00-0035640,DK Metcalf,WR,PIT,62.0,39.0,28.0,0.0,81.5,10.266666666666666,8.333333333333334,0.2803564807458022,0.0,6.2
2025,13,00-0035644,Noah Fant,TE,CIN,29.0,30.0,8.0,0.0,49.5,7.1000000000000005,3.3333333333333335,0.08330819507290095,0.0,1.3
2025,13,00-0035645,Gunner Olszewski,WR,NYG,5.0,7.0,2.0,0.0,31.2,1.7733333333333334,0.6666666666666666,0.020833333333333332,0.0,0.0
2025,13,00-0035659,Terry McLaurin,WR,WAS,42.0,44.0,19.0,0.0,75.9,11.533333333333333,5.666666666666667,0.1935185185185185,0.0,22.6
2025,13,00-0035662,Marquise Brown,WR,KC,22.0,25.0,8.0,0.0,56.8,6.433333333333334,3.0,0.08473670141673349,0.0,10.0
2025,13,00-0035676,A.J. Brown,WR,PHI,60.0,52.0,27.0,0.0,54.2,13.399999999999999,8.0,0.27187332259796027,0.0,35.2
2025,13,00-0035685,David Montgomery,RB,DET,40.0,17.0,38.0,0.0,76.4,6.5,10.333333333333334,0.380840200248095,0.0,12.8
2025,13,00-0035689,Dawson Knox,TE,BUF,32.0,20.0,11.0,0.0,83.5,4.8999999999999995,3.6666666666666665,0.10918803418803419,0.0,5.8
2025,13,00-0035700,Josh Jacobs,RB,GB,73.0,40.0,71.0,0.0,61.0,15.233333333333334,19.0,0.7089336428466865,0.0,10.1
2025,13,00-0035710,Daniel Jones,QB,IND,75.0,74.0,66.0,50.0,86.5,20.14,40.0,0.165097703608615,0.0,16.14
2025,13,00-0035719,Deebo Samuel Sr.,WR,WAS,52.0,55.0,28.0,0.0,78.0,14.333333333333334,7.0,0.2823099633444461,0.0,11.1
2025,13,00-0035876,Andre Baccellia,WR,ARI,8.0,6.0,2.0,0.0,56.8,1.5,1.0,0.017857142857142856,0.0,0.0
2025,13,00-0035891,Cody White,WR,SEA,0.0,0.0,0.0,0.0,56.8,0.0,0.0,0.0,0.0,3.1
2025,13,00-0036040,Juwan Johnson,TE,NO,44.0,58.0,16.0,0.0,80.8,13.966666666666667,5.0,0.16110117272907973,0.0,8.9
2025,13,00-0036133,James Proche,WR,TEN,22.0,28.0,8.0,0.0,56.8,7.2,3.0,0.07894736842105263,0.0,2.3
2025,13,00-0036139,Rico Dowdle,RB,CAR,73.0,37.0,81.0,0.0,80.6,13.9,19.0,0.8139403323461295,0.0,9.9
2025,13,00-0036165,Isaiah Hodgins,WR,NYG,45.0,44.0,19.0,0.0,95.2,11.45,6.0,0.19168356997971603,0.0,1.4
2025,13,00-0036182,Nick Westbrook-Ikhine,WR,MIA,20.0,11.0,9.0,0.0,66.1,2.9,2.6666666666666665,0.09037059037059036,0.0,0.0
2025,13,00-0036187,Reggie Gilliam,RB,BUF,1.0,1.0,1.0,0.0,31.2,0.39999999999999997,0.3333333333333333,0.010416666666666666,0.0,0.0
2025,13,00-0036196,Gabe Davis,WR,BUF,22.0,20.0,10.0,0.0,69.2,5.1,3.0,0.09791666666666667,0.0,1.5
2025,13,00-0036212,Tua Tagovailoa,QB,MIA,53.0,39.0,15.0,50.0,64.4,10.733333333333334,28.0,0.038172043010752686,0.0,6.68
2025,13,00-0036223,Jonathan Taylor,RB,IND,90.0,58.0,88.0,0.0,59.2,21.96666666666667,23.333333333333332,0.8847321071377969,0.0,15.1
2025,13,00-0036244,Colby Parkinson,TE,LA,32.0,52.0,11.0,0.0,77.3,12.533333333333333,3.6666666666666665,0.11292665214233842,0.0,6.7
2025,13,00-0036252,Michael Pittman,WR,IND,55.0,49.0,19.0,0.0,54.9,12.699999999999998,7.333333333333333,0.19499586435070304,0.0,2.3
2025,13,00-0036259,Jauan Jennings,WR,SF,55.0,56.0,24.0,0.0,83.3,14.533333333333333,7.333333333333333,0.24095426948687818,0.0,13.9
2025,13,00-0036264,Jordan Love,QB,GB,57.0,40.0,46.0,50.0,71.4,10.853333333333333,30.333333333333332,0.114523426117629,0.0,25.76
2025,13,00-0036275,D'Andre Swift,RB,CHI,67.0,24.0,54.0,0.0,67.0,9.233333333333334,17.333333333333332,0.538005698005698,0.0,20.8
2025,13,00-0036290,Cole Kmet,TE,CHI,24.0,17.0,9.0,0.0,37.6,4.1000000000000005,2.6666666666666665,0.08915343915343915,0.0,12.6
2025,13,00-0036309,Darnell Mooney,WR,ATL,45.0,33.0,24.0,0.0,58.9,8.499999999999998,6.0,0.2371264367816092,0.0,4.5
2025,13,00-0036322,Justin Jefferson,WR,MIN,68.0,35.0,30.0,0.0,84.5,9.2,9.0,0.3024220867208672,0.0,2.4
2025,13,00-0036331,Devin Duvernay,WR,CHI,0.0,0.0,0.0,0.0,56.8,0.0,0.0,0.0,0.0,0.0
2025,13,00-0036355,Justin Herbert,QB,LAC,61.0,61.0,87.0,50.0,64.8,16.58,32.333333333333336,0.216263440860215,0.0,14.84
2025,13,00-0036358,CeeDee Lamb,WR,DAL,75.0,57.0,29.0,0.0,83.3,14.866666666666667,10.0,0.2887896825396825,0.0,24.2
2025,13,00-0036389,Jalen Hurts,QB,PHI,72.0,72.0,100.0,50.0,72.8,19.793333333333333,38.333333333333336,0.2619825708061002,0.0,20.3
2025,13,00-0036407,Jerry Jeudy,WR,CLE,55.0,38.0,27.0,0.0,53.5,9.933333333333334,7.333333333333333,0.2738888888888889,0.0,5.6
2025,13,00-0036415,Van Jefferson,WR,TEN,30.0,21.0,14.0,0.0,43.3,5.466666666666666,4.0,0.13707880813143972,0.0,5.0
2025,13,00-0036422,Adam Trautman,TE,DEN,12.0,10.0,4.0,0.0,63.0,2.5,1.3333333333333333,0.04223227752639517,0.0,7.7
2025,13,00-0036442,Joe Burrow,QB,CIN,36.0,29.0,17.0,50.0,69.8,7.93,19.0,0.043478260869565216,0.0,19.24
2025,13,00-0036550,Rashod Bateman,WR,BAL,25.0,24.0,14.0,0.0,66.3,6.133333333333333,3.3333333333333335,0.14238659890833805,0.0,0.0
2025,13,00-0036554,Nico Collins,WR,HOU,70.0,68.0,23.0,0.0,61.8,17.76666666666667,9.333333333333334,0.2326839826839827,0.0,21.5
2025,13,00-0036555,Chuba Hubbard,RB,CAR,23.0,13.0,26.0,0.0,67.6,4.866666666666667,6.0,0.26033741352581935,0.0,20.4
2025,13,00-0036569,Gary Brightwell,RB,CIN,0.0,0.0,0.0,0.0,56.8,0.0,0.0,0.0,0.0,0.0
2025,13,00-0036590,Quintin Morris,TE,JAX,9.0,3.0,5.0,0.0,31.2,0.7000000000000001,1.0,0.04545454545454545,0.0,2.4
2025,13,00-0036613,Jaylen Waddle,WR,MIA,57.0,54.0,31.0,0.0,81.1,13.933333333333332,7.666666666666667,0.30885885885885883,0.0,7.0
2025,13,00-0036628,John Bates,TE,WAS,21.0,12.0,10.0,0.0,59.0,2.9333333333333336,2.3333333333333335,0.1049062049062049,0.0,2.9
2025,13,00-0036755,Jaret Patterson,RB,LAC,27.0,7.0,20.0,0.0,43.5,2.5,7.0,0.19602400600150038,0.0,11.4
2025,13,00-0036841,Austin Trammell,WR,JAX,12.0,10.0,7.0,0.0,41.8,2.533333333333333,1.6666666666666667,0.06974088713219148,0.0,0.0
2025,13,00-0036862,Ben Skowronek,WR,PIT,2.0,4.0,1.0,0.0,31.2,1.0333333333333334,0.3333333333333333,0.01075268817204301,0.0,0.0
2025,13,00-0036875,Rhamondre Stevenson,RB,NE,56.0,22.0,44.0,0.0,56.2,8.233333333333334,14.666666666666666,0.44148143425843295,0.0,11.0
2025,13,00-0036887,Luke Farrell,TE,SF,9.0,15.0,3.0,0.0,31.6,3.6,1.0,0.028434684684684686,0.0,0.0
2025,13,00-0036900,Ja'Marr Chase,WR,CIN,92.0,57.0,34.0,0.0,62.3,14.733333333333334,12.333333333333334,0.3366485366485367,0.0,18.0
2025,13,00-0036912,DeVonta Smith,WR,PHI,57.0,43.0,27.0,0.0,64.1,11.199999999999998,7.666666666666667,0.2650295222758991,0.0,9.8
2025,13,00-0036919,Kenny Gainwell,RB,PIT,46.0,44.0,40.0,0.0,49.1,16.7,12.0,0.40280714835776016,0.0,6.5
2025,13,00-0036924,Michael Carter,RB,ARI,26.0,15.0,24.0,0.0,57.9,5.666666666666667,6.666666666666667,0.23783643892339545,0.0,11.4
2025,13,00-0036963,Amon-Ra St. Brown,WR,DET,82.0,68.0,31.0,0.0,71.4,17.633333333333336,11.0,0.3084795321637427,0.0,0.0
2025,13,00-0036970,Kyle Pitts,TE,ATL,38.0,19.0,18.0,0.0,78.7,4.566666666666666,4.333333333333333,0.18448275862068964,0.0,15.2
2025,13,00-0036971,Trevor Lawrence,QB,JAX,57.0,68.0,63.0,50.0,82.0,18.66,30.0,0.15671319749333934,0.0,19.66
2025,13,00-0036972,Mac Jones,QB,SF,45.0,52.0,36.0,50.0,46.7,14.186666666666666,23.666666666666668,0.09006105006105007,0.0,0.2
2025,13,00-0036973,Travis Etienne,RB,JAX,77.0,49.0,64.0,0.0,90.8,18.533333333333335,20.0,0.643572555058833,0.0,5.1
2025,13,00-0036997,Javonte Williams,RB,DAL,79.0,28.0,74.0,0.0,90.4,10.566666666666666,20.666666666666668,0.7379554958183991,0.0,17.0
2025,13,00-0037005,Tommy Tremble,TE,CAR,12.0,11.0,5.0,0.0,59.2,2.6,1.3333333333333333,0.04718812842382636,0.0,1.2
2025,13,00-0037012,Trey Lance,QB,LAC,15.0,8.0,45.0,50.0,64.3,2.22,8.0,0.11226851851851852,0.0,0.76
2025,13,00-0037085,Tyler Badie,RB,DEN,6.0,3.0,5.0,0.0,44.1,1.2,1.6666666666666667,0.05203619909502263,0.0,4.8
2025,13,00-0037091,Bo Melton,WR,GB,15.0,8.0,6.0,0.0,31.2,2.1666666666666665,2.0,0.06499780412823891,0.0,1.5
2025,13,00-0037120,Tyler Goodson,RB,IND,4.0,2.0,2.0,0.0,31.6,0.7333333333333334,1.0,0.022018970189701895,0.0,0.0
2025,13,00-0037157,Bam Knight,RB,ARI,49.0,28.0,52.0,0.0,75.5,10.666666666666666,12.666666666666666,0.5209862601166949,0.0,18.8
2025,13,00-0037197,Isiah Pacheco,RB,KC,56.0,21.0,45.0,0.0,79.3,8.1,14.666666666666666,0.4485377161798277,0.0,5.3
2025,13,00-0037228,Jaylen Warren,RB,PIT,59.0,29.0,64.0,0.0,82.4,10.866666666666667,15.333333333333334,0.6380983958570164,0.0,12.4
2025,13,00-0037239,Chris Olave,WR,NO,62.0,59.0,26.0,0.0,69.2,15.366666666666665,8.333333333333334,0.25889485191810774,0.0,14.7
2025,13,00-0037240,Jameson Williams,WR,DET,45.0,56.0,18.0,0.0,55.2,14.533333333333333,6.0,0.18071393762183238,0.0,26.9
2025,13,00-0037247,George Pickens,WR,DAL,72.0,93.0,28.0,0.0,82.8,24.3,9.666666666666666,0.2836309523809524,0.0,14.8
2025,13,00-0037248,James Cook,RB,BUF,73.0,49.0,77.0,0.0,89.3,18.333333333333332,19.0,0.7722832421201987,0.0,20.7
2025,13,00-0037252,Greg Dulcich,TE,MIA,38.0,23.0,18.0,0.0,73.8,5.633333333333333,4.333333333333333,0.1752037752037752,0.0,4.4
2025,13,00-0037256,Rachaad White,RB,TB,46.0,21.0,41.0,0.0,75.7,7.933333333333333,12.0,0.41120942944674743,0.0,5.9
2025,13,00-0037261,Khalil Shakir,WR,BUF,55.0,42.0,21.0,0.0,54.0,10.833333333333334,7.333333333333333,0.2144230769230769,0.0,1.5
2025,13,00-0037263,Tyler Allgeier,RB,ATL,37.0,29.0,34.0,0.0,65.8,11.066666666666668,9.666666666666666,0.33973727422003286,0.0,13.5
2025,13,00-0037267,Jerome Ford,RB,CLE,5.0,0.0,5.0,0.0,56.0,9.25185853854297e-18,1.3333333333333333,0.04651234567901235,0.0,4.7
2025,13,00-0037291,Jalen Nailor,WR,MIN,20.0,33.0,8.0,0.0,34.5,8.666666666666666,2.6666666666666665,0.07771567299006323,0.0,0.0
2025,13,00-0037292,Andrew Ogletree,TE,IND,6.0,12.0,2.0,0.0,31.2,2.9333333333333336,0.6666666666666666,0.02150537634408602,0.0,1.8
2025,13,00-0037306,John FitzPatrick,TE,GB,9.0,7.0,4.0,0.0,88.6,1.6666666666666667,1.0,0.03873015873015873,0.0,0.0
2025,13,00-0037487,Deven Thompkins,WR,ATL,0.0,0.0,0.0,0.0,56.8,0.0,0.0,0.0,0.0,4.8
2025,13,00-0037525,Jordan Mason,RB,MIN,24.0,17.0,31.0,0.0,72.1,6.266666666666666,6.333333333333333,0.3064465796173113,0.0,5.8
2025,13,00-0037545,Rashid Shaheed,WR,SEA,30.0,11.0,13.0,0.0,65.3,2.9,4.0,0.13481021394064874,0.0,2.6
2025,13,00-0037563,Malik Davis,RB,DAL,10.0,4.0,9.0,0.0,57.5,1.5666666666666667,2.6666666666666665,0.09114183307731694,0.0,10.7
2025,13,00-0037594,Julius Chestnut,RB,TEN,3.0,0.0,3.0,0.0,31.2,0.09999999999999999,0.6666666666666666,0.030303030303030304,0.0,0.0
2025,13,00-0037614,John Metchie III,WR,NYJ,30.0,42.0,17.0,0.0,50.5,10.866666666666667,4.0,0.1686091686091686,0.0,5.7
2025,13,00-0037664,Alec Pierce,WR,IND,55.0,51.0,20.0,0.0,53.5,13.166666666666666,7.333333333333333,0.20152674386545355,0.0,17.8
2025,13,00-0037666,Jalen Tolbert,WR,DAL,12.0,20.0,5.0,0.0,57.0,5.1,1.6666666666666667,0.05168650793650794,0.0,0.0
2025,13,00-0037741,Jahan Dotson,WR,PHI,10.0,8.0,5.0,0.0,52.8,2.1,1.3333333333333333,0.048443370907139016,0.0,2.2
2025,13,00-0037742,Treylon Burks,WR,WAS,15.0,22.0,9.0,0.0,54.7,5.6000000000000005,2.0,0.09199134199134198,0.0,7.5
2025,13,00-0037744,Trey McBride,TE,ARI,100.0,100.0,24.0,0.0,85.0,24.03333333333333,11.333333333333334,0.236424807076981,0.0,22.2
2025,13,00-0037746,Brian Robinson,RB,SF,35.0,17.0,34.0,0.0,74.6,6.433333333333334,9.0,0.33938939838825427,0.0,2.6
2025,13,00-0037801,KaVontae Turpin,WR,DAL,25.0,13.0,11.0,0.0,63.7,3.5,3.3333333333333335,0.10503712237583203,0.0,8.1
2025,13,00-0037805,Jeremy Ruckert,TE,NYJ,21.0,15.0,11.0,0.0,41.5,3.5666666666666664,2.3333333333333335,0.10589984727915763,0.0,3.2
2025,13,00-0037809,Chig Okonkwo,TE,TEN,26.0,26.0,9.0,0.0,76.0,6.2,3.0,0.09461152882205513,0.0,6.9
2025,13,00-0037816,Romeo Doubs,WR,GB,38.0,19.0,19.0,0.0,54.8,5.033333333333334,5.0,0.1946897546897547,0.0,12.0
2025,13,00-0037834,Brock Purdy,QB,SF,66.0,66.0,37.0,50.0,77.4,18.093333333333334,35.0,0.09374269005847953,0.0,17.12
2025,13,00-0037837,Calvin Austin III,WR,PIT,32.0,16.0,15.0,0.0,48.5,4.166666666666667,4.333333333333333,0.1485910270671116,0.0,0.0
2025,13,00-0037838,Isaiah Likely,TE,BAL,29.0,13.0,14.0,0.0,84.5,3.0666666666666664,3.3333333333333335,0.1376190476190476,0.0,14.5
2025,13,00-0037840,Kyren Williams,RB,LA,56.0,40.0,61.0,0.0,78.2,14.933333333333335,14.666666666666666,0.6118070974624122,0.0,13.2
2025,13,00-0038041,Jake Ferguson,TE,DAL,56.0,45.0,18.0,0.0,90.5,10.9,6.333333333333333,0.1847936934630483,0.0,8.6
2025,13,00-0038046,Charlie Kolar,TE,BAL,9.0,5.0,4.0,0.0,31.4,1.0999999999999999,1.0,0.037142857142857144,0.0,2.7
2025,13,00-0038090,Skyy Moore,WR,SF,2.0,4.0,1.0,0.0,31.2,0.9333333333333332,0.3333333333333333,0.009009009009009009,0.0,0.0
2025,13,00-0038104,Tyquan Thornton,WR,KC,10.0,9.0,3.0,0.0,55.4,2.3666666666666667,1.3333333333333333,0.03475006682705159,0.0,0.0
2025,13,00-0038117,Wan'Dale Robinson,WR,NYG,87.0,65.0,36.0,0.0,69.3,16.8,11.666666666666666,0.36383351970319516,0.0,10.4
2025,13,00-0038120,Breece Hall,RB,NYJ,74.0,39.0,69.0,0.0,81.8,14.6,19.333333333333332,0.6911421911421911,0.0,15.6
2025,13,00-0038124,Christian Watson,WR,GB,40.0,47.0,22.0,0.0,67.2,12.333333333333334,5.333333333333333,0.21818181818181817,0.0,18.3
2025,13,00-0038129,Cade Otton,TE,TB,71.0,39.0,23.0,0.0,64.1,9.366666666666665,8.0,0.23002046807998297,0.0,2.9
2025,13,00-0038134,Kenneth Walker III,RB,SEA,63.0,36.0,54.0,0.0,78.2,13.733333333333334,16.333333333333332,0.5420841959972394,0.0,10.4
2025,13,00-0038359,Xavier Smith,WR,LA,15.0,9.0,7.0,0.0,70.5,2.466666666666667,2.0,0.06675334410944785,0.0,11.2
2025,13,00-0038393,Dontayvion Wicks,WR,GB,35.0,19.0,17.0,0.0,58.2,4.966666666666666,4.666666666666667,0.170966810966811,0.0,28.0
2025,13,00-0038440,Zavier Scott,RB,MIN,12.0,5.0,15.0,0.0,35.2,2.0,3.0,0.14934630586804498,0.0,3.1
2025,13,00-0038454,Keaton Mitchell,RB,BAL,21.0,12.0,18.0,0.0,57.4,4.466666666666666,5.333333333333333,0.17997821350762525,0.0,11.1
2025,13,00-0038465,Malik Heath,WR,GB,10.0,10.0,4.0,0.0,31.2,2.6666666666666665,1.3333333333333333,0.03809523809523809,0.0,0.0
2025,13,00-0038519,Nikko Remigio,WR,KC,0.0,0.0,0.0,0.0,56.8,0.0,0.0,0.0,0.0,0.0
2025,13,00-0038542,Bijan Robinson,RB,ATL,81.0,48.0,75.0,0.0,70.1,17.933333333333334,21.0,0.7476026272577997,0.0,30.3
2025,13,00-0038543,Jaxon Smith-Njigba,WR,SEA,75.0,100.0,42.0,0.0,76.2,26.0,10.0,0.42142857142857143,0.0,4.3
2025,13,00-0038544,Quentin Johnston,WR,LAC,48.0,31.0,22.0,0.0,52.0,8.166666666666666,6.333333333333333,0.21675084175084178,0.0,11.3
2025,13,00-0038547,Luke Schoonmaker,TE,DAL,18.0,10.0,6.0,0.0,50.8,2.3000000000000003,2.0,0.056613756613756616,0.0,1.1
2025,13,00-0038558,Darnell Washington,TE,PIT,24.0,24.0,9.0,0.0,45.7,5.8,2.6666666666666665,0.09088140261666401,0.0,6.5
2025,13,00-0038559,Michael Wilson,WR,ARI,100.0,80.0,27.0,0.0,65.1,20.9,13.333333333333334,0.2688688123470732,0.0,6.6
2025,13,00-0038563,Tre Tucker,WR,LV,55.0,33.0,20.0,0.0,68.7,8.666666666666666,7.333333333333333,0.2010744810744811,0.0,5.0
2025,13,00-0038564,Cameron Latu,TE,PHI,0.0,0.0,0.0,0.0,56.8,0.0,0.0,0.0,0.0,0.0
2025,13,00-0038573,Derius Davis,WR,LAC,5.0,2.0,2.0,0.0,35.4,0.43333333333333335,0.6666666666666666,0.023989898989898988,0.0,0.0
2025,13,00-0038576,Charlie Jones,WR,CIN,2.0,0.0,1.0,0.0,41.8,0.0,0.3333333333333333,0.00980392156862745,0.0,0.0
2025,13,00-0038589,Josh Whyle,TE,GB,9.0,17.0,4.0,0.0,71.9,4.15,1.0,0.04380952380952381,0.0,0.0
2025,13,00-0038597,Chase Brown,RB,CIN,95.0,47.0,100.0,0.0,93.1,17.633333333333336,24.666666666666668,1.0038294943665786,0.0,18.3
2025,13,00-0038606,Parker Washington,WR,JAX,45.0,44.0,23.0,0.0,56.7,11.333333333333334,6.0,0.2342214414678183,0.0,3.6
2025,13,00-0038608,Kayshon Boutte,WR,NE,20.0,26.0,10.0,0.0,36.6,6.666666666666667,2.6666666666666665,0.10457055022272414,0.0,13.5
2025,13,00-0038611,Chris Rodriguez Jr.,RB,WAS,44.0,26.0,35.0,0.0,75.2,9.866666666666667,11.333333333333334,0.34819458957389987,0.0,10.1
2025,13,00-0038618,Xavier Hutchinson,WR,HOU,27.0,18.0,10.0,0.0,55.0,4.7,3.6666666666666665,0.09722222222222221,0.0,5.9
2025,13,00-0038619,Andrei Iosivas,WR,CIN,50.0,43.0,19.0,0.0,67.4,11.200000000000001,6.666666666666667,0.19138231286568883,0.0,9.9
2025,13,00-0038621,DeMario Douglas,WR,NE,22.0,23.0,10.0,0.0,83.7,5.866666666666667,3.0,0.09883659234790121,0.0,6.3
2025,13,00-0038685,Chris Brooks,RB,GB,13.0,4.0,9.0,0.0,31.2,1.4666666666666668,3.3333333333333335,0.09385783298826778,0.0,2.9
2025,13,00-0038710,Blake Whiteheart,TE,CLE,6.0,3.0,3.0,0.0,36.0,0.7999999999999999,0.6666666666666666,0.02505446623093682,0.0,0.0
2025,13,00-0038720,Julian Hill,TE,MIA,18.0,13.0,7.0,0.0,57.8,3.1999999999999997,2.0,0.07337164750957854,0.0,0.0
2025,13,00-0038794,Jaleel McLaughlin,RB,DEN,17.0,11.0,20.0,0.0,42.5,4.2,4.5,0.19679379444085326,0.0,4.0
2025,13,00-0038797,Emanuel Wilson,RB,GB,56.0,35.0,45.0,0.0,35.5,13.266666666666666,14.666666666666666,0.4491685662700155,0.0,1.4
2025,13,00-0038824,Ryan Miller,WR,TB,2.0,3.0,1.0,0.0,31.2,0.7999999999999999,0.3333333333333333,0.006666666666666667,0.0,0.0
2025,13,00-0038839,Mitchell Tinsley,WR,CIN,25.0,21.0,10.0,0.0,46.7,5.5,3.3333333333333335,0.10394137452960983,0.0,4.2
2025,13,00-0038840,Brycen Tremayne,WR,CAR,8.0,7.0,3.0,0.0,33.0,1.8333333333333333,1.0,0.03269537480063796,0.0,0.0
2025,13,00-0038935,Brenton Strange,TE,JAX,38.0,39.0,16.0,0.0,53.1,9.333333333333334,4.333333333333333,0.16404040404040404,0.0,13.5
2025,13,00-0038951,Sean Tucker,RB,TB,59.0,40.0,50.0,0.0,61.5,15.233333333333334,15.333333333333334,0.5048819500708334,0.0,0.0
2025,13,00-0038953,Dylan Drummond,WR,ATL,22.0,18.0,15.0,0.0,56.8,4.8,3.0,0.15,0.0,1.3
2025,13,00-0038976,Marvin Mims Jr.,WR,DEN,32.0,23.0,13.0,0.0,42.0,5.933333333333334,4.333333333333333,0.12746725955945815,0.0,3.7
2025,13,00-0038979,Cedric Tillman,WR,CLE,27.0,16.0,15.0,0.0,69.5,4.266666666666667,3.6666666666666665,0.15055555555555555,0.0,0.0
2025,13,00-0038994,Jordan Addison,WR,MIN,48.0,21.0,18.0,0.0,43.5,5.5,6.333333333333333,0.18086607949412828,0.0,8.6
2025,13,00-0038997,Josh Downs,WR,IND,42.0,28.0,15.0,0.0,49.0,7.333333333333333,5.666666666666667,0.1526571546732837,0.0,6.4
2025,13,00-0039032,Tyjae Spears,RB,TEN,35.0,21.0,38.0,0.0,86.5,8.033333333333333,9.0,0.3844679285855756,0.0,8.4
2025,13,00-0039040,De'Von Achane,RB,MIA,100.0,69.0,96.0,0.0,83.2,26.2,26.0,0.9643604433927014,0.0,19.4
2025,13,00-0039041,Elijah Higgins,TE,ARI,18.0,10.0,4.0,0.0,38.4,2.3333333333333335,2.0,0.040584415584415584,0.0,3.7
2025,13,00-0039050,Payne Durham,TE,TB,3.0,0.0,1.0,0.0,41.8,0.0,0.3333333333333333,0.007751937984496124,0.0,2.1
2025,13,00-0039064,Zay Flowers,WR,BAL,52.0,45.0,28.0,0.0,90.4,11.766666666666666,7.0,0.27807345160286334,0.0,2.6
2025,13,00-0039067,Rashee Rice,WR,KC,75.0,65.0,28.0,0.0,80.2,16.833333333333332,10.0,0.2765838011226945,0.0,29.4
2025,13,00-0039074,Davis Allen,TE,LA,29.0,30.0,10.0,0.0,78.9,7.133333333333334,3.3333333333333335,0.10183428209993674,0.0,1.4
2025,13,00-0039075,Puka Nacua,WR,LA,68.0,65.0,30.0,0.0,85.0,16.8,9.0,0.29573512906846244,0.0,13.2
2025,13,00-0039139,Jahmyr Gibbs,RB,DET,85.0,100.0,82.0,0.0,76.0,37.733333333333334,22.0,0.8225190501506292,0.0,11.6
2025,13,00-0039144,Luke Musgrave,TE,GB,21.0,11.0,9.0,0.0,66.3,2.6333333333333333,2.3333333333333335,0.0887157287157287,0.0,3.3
2025,13,00-0039150,Bryce Young,QB,CAR,67.0,58.0,58.0,50.0,54.2,15.88,35.333333333333336,0.1448829431438127,0.0,22.54
2025,13,00-0039163,C.J. Stroud,QB,HOU,69.0,53.0,51.0,50.0,57.9,14.579999999999998,36.333333333333336,0.1278400248988484,0.0,11.04
2025,13,00-0039165,Zach Charbonnet,RB,SEA,42.0,27.0,32.0,0.0,77.0,10.166666666666666,11.0,0.3220841959972395,0.0,11.2
2025,13,00-0039338,Brock Bowers,TE,LV,74.0,41.0,23.0,0.0,66.1,9.799999999999999,8.333333333333334,0.22732600732600736,0.0,22.3
2025,13,00-0039342,Xavier Legette,WR,CAR,35.0,30.0,14.0,0.0,43.4,7.833333333333333,4.666666666666667,0.1368272092909774,0.0,1.1
2025,13,00-0039356,Ja'Tavion Sanders,TE,CAR,29.0,22.0,12.0,0.0,52.5,5.333333333333333,3.3333333333333335,0.11511247743131801,0.0,0.0
2025,13,00-0039359,Cade Stover,TE,HOU,26.0,13.0,11.0,0.0,54.3,3.1,3.0,0.10978835978835978,0.0,3.9
2025,13,00-0039361,Bucky Irving,RB,TB,92.0,53.0,77.0,0.0,82.3,19.833333333333332,24.0,0.7705622301971187,0.0,16.1
2025,13,00-0039363,Isaac Guerendo,RB,SF,0.0,0.0,0.0,0.0,56.8,0.0,0.0,0.0,0.0,0.0
2025,13,00-0039364,Sione Vaki,RB,DET,1.0,0.0,1.0,0.0,31.2,0.13333333333333333,0.3333333333333333,0.010101010101010102,0.0,0.0
2025,13,00-0039384,Tyrone Tracy Jr.,RB,NYG,81.0,37.0,60.0,0.0,82.0,14.0,21.0,0.5991884242644892,0.0,4.3
2025,13,00-0039391,Kimani Vidal,RB,LAC,59.0,21.0,56.0,0.0,48.5,8.0,15.333333333333334,0.5565416711922088,0.0,20.7
2025,13,00-0039407,Dylan Laube,RB,LV,0.0,0.0,0.0,0.0,56.8,0.0,0.0,0.0,0.0,0.0
2025,13,00-0039410,Ryan Flournoy,WR,DAL,10.0,21.0,4.0,0.0,57.1,5.466666666666666,1.3333333333333333,0.038458994708994707,0.0,6.4
2025,13,00-0039424,Devaughn Vele,WR,NO,38.0,14.0,13.0,0.0,65.5,3.733333333333333,5.0,0.12605843768634464,0.0,23.3
2025,13,00-0039451,Isaiah Williams,WR,NYJ,15.0,4.0,9.0,0.0,34.4,1.0,2.0,0.0934898434898435,0.0,0.0
2025,13,00-0039491,Jalen Coker,WR,CAR,30.0,26.0,14.0,0.0,85.5,6.833333333333333,4.0,0.13765676084516665,0.0,17.4
2025,13,00-0039521,Xavier Weaver,WR,ARI,15.0,7.0,4.0,0.0,35.9,1.8,2.0,0.039596273291925464,0.0,0.0
2025,13,00-0039530,Brevyn Spann-Ford,TE,DAL,6.0,12.0,2.0,0.0,35.8,2.9333333333333336,0.6666666666666666,0.01994047619047619,0.0,0.0
2025,13,00-0039589,Kameron Johnson,WR,TB,5.0,1.0,2.0,0.0,31.2,0.3666666666666667,0.6666666666666666,0.023624953857511996,0.0,0.0
2025,13,00-0039623,Mason Tipton,WR,NO,18.0,8.0,6.0,0.0,31.2,2.1,2.3333333333333335,0.06033186868145607,0.0,4.9
2025,13,00-0039648,David Martin-Robinson,TE,TEN,0.0,0.0,0.0,0.0,56.8,0.0,0.0,0.0,0.0,0.0
2025,13,00-0039686,Colson Yankoff,TE,WAS,3.0,2.0,1.0,0.0,31.2,0.4666666666666666,0.3333333333333333,0.011494252873563218,0.0,2.4
2025,13,00-0039732,Bo Nix,QB,DEN,71.0,50.0,62.0,50.0,84.3,13.64,37.666666666666664,0.15480198813532145,0.0,18.44
2025,13,00-0039738,Blake Corum,RB,LA,38.0,8.0,41.0,0.0,70.9,3.1666666666666665,10.0,0.4131549412251167,0.0,14.1
2025,13,00-0039739,Roman Wilson,WR,PIT,20.0,18.0,9.0,0.0,62.2,4.733333333333333,2.6666666666666665,0.09096085597754118,0.0,0.0
2025,13,00-0039746,Will Shipley,RB,PHI,12.0,5.0,10.0,0.0,31.2,1.866666666666667,3.0,0.09850422382391692,0.0,2.1
2025,13,00-0039751,Jordan Whittington,WR,LA,20.0,12.0,8.0,0.0,63.8,3.1666666666666665,2.6666666666666665,0.08216148412226844,0.0,0.0
2025,13,00-0039754,Devin Culp,TE,TB,0.0,0.0,0.0,0.0,56.8,0.0,0.0,0.0,0.0,0.0
2025,13,00-0039757,Terrell Jennings,RB,NE,22.0,11.0,18.0,0.0,32.0,3.966666666666667,5.666666666666667,0.18315127723729874,0.0,0.0
2025,13,00-0039792,Devontez Walker,WR,BAL,2.0,5.0,2.0,0.0,31.2,1.3333333333333333,0.3333333333333333,0.016666666666666666,0.0,0.0
2025,13,00-0039793,AJ Barner,TE,SEA,56.0,29.0,17.0,0.0,35.5,7.066666666666667,6.333333333333333,0.1741752933057281,0.0,7.7
2025,13,00-0039796,Rasheen Ali,RB,BAL,1.0,2.0,1.0,0.0,31.2,0.8333333333333334,0.3333333333333333,0.013333333333333334,0.0,1.7
2025,13,00-0039798,Isaiah Davis,RB,NYJ,14.0,3.0,15.0,0.0,75.6,1.3,3.6666666666666665,0.1485181485181485,0.0,0.0
2025,13,00-0039816,Anthony Gould,WR,IND,2.0,2.0,1.0,0.0,31.2,0.43333333333333335,0.3333333333333333,0.010416666666666666,0.0,0.0
2025,13,00-0039847,Theo Johnson,TE,NYG,50.0,44.0,18.0,0.0,74.2,10.6,5.666666666666667,0.17832995267072346,0.0,5.9
2025,13,00-0039849,Marvin Harrison Jr.,WR,ARI,70.0,55.0,26.0,0.0,70.5,14.233333333333334,9.333333333333334,0.2646751490564878,0.0,12.9
2025,13,00-0039851,Drake Maye,QB,NE,73.0,65.0,76.0,50.0,89.6,17.833333333333332,38.666666666666664,0.1895659099960175,0.0,20.48
2025,13,00-0039868,Troy Franklin,WR,DEN,72.0,43.0,32.0,0.0,78.6,11.233333333333334,9.666666666666666,0.3221582339229398,0.0,4.1
2025,13,00-0039874,Jaylen Wright,RB,MIA,21.0,5.0,16.0,0.0,40.9,1.9666666666666668,5.333333333333333,0.15841772293385198,0.0,1.6
2025,13,00-0039875,Ray Davis,RB,BUF,5.0,1.0,5.0,0.0,31.2,0.26666666666666666,1.3333333333333333,0.0473970473970474,0.0,6.2
2025,13,00-0039880,Malik Washington,WR,MIA,32.0,33.0,19.0,0.0,83.1,8.533333333333333,4.333333333333333,0.18539876281811765,0.0,7.0
2025,13,00-0039890,Adonai Mitchell,WR,NYJ,35.0,13.0,17.0,0.0,48.1,3.2999999999999994,4.666666666666667,0.17361111111111113,0.0,24.2
2025,13,00-0039893,Brian Thomas Jr.,WR,JAX,55.0,48.0,22.0,0.0,64.8,12.533333333333333,7.333333333333333,0.21645021645021645,0.0,4.8
2025,13,00-0039894,Xavier Worthy,WR,KC,52.0,27.0,20.0,0.0,76.2,7.133333333333333,7.0,0.1979016305800588,0.0,11.4
2025,13,00-0039901,Keon Coleman,WR,BUF,35.0,30.0,15.0,0.0,57.4,7.766666666666667,4.666666666666667,0.15301374953548866,0.0,8.9
2025,13,00-0039915,Ladd McConkey,WR,LAC,40.0,44.0,19.0,0.0,70.8,11.533333333333333,5.333333333333333,0.19023569023569023,0.0,13.9
2025,13,00-0039916,Ricky Pearsall,WR,SF,30.0,16.0,13.0,0.0,56.9,4.133333333333334,4.0,0.12844371158074214,0.0,3.4
2025,13,00-0039918,Caleb Williams,QB,CHI,75.0,72.0,73.0,50.0,76.5,19.693333333333335,39.666666666666664,0.18275946275946275,0.0,11.46
2025,13,00-0039919,Rome Odunze,WR,CHI,62.0,45.0,26.0,0.0,71.2,11.666666666666666,8.333333333333334,0.264021164021164,0.0,2.8
2025,13,00-0039920,Malachi Corley,WR,CLE,18.0,9.0,9.0,0.0,79.2,2.433333333333333,2.3333333333333335,0.08878086419753085,0.0,0.9
2025,13,00-0040058,Nick Kallerup,TE,SEA,4.0,0.0,4.0,0.0,41.8,0.0,0.5,0.041666666666666664,0.0,0.0
2025,13,00-0040078,Brashard Smith,RB,KC,15.0,9.0,12.0,0.0,60.1,3.366666666666666,4.0,0.12388790006584909,0.0,0.0
2025,13,00-0040122,Ashton Jeanty,RB,LV,81.0,44.0,89.0,0.0,75.8,16.5,21.0,0.8883760683760684,0.0,12.1
2025,13,00-0040124,Tetairoa McMillan,WR,CAR,68.0,71.0,29.0,0.0,70.2,18.5,9.0,0.2932708729810179,0.0,11.3
2025,13,00-0040126,Colston Loveland,TE,CHI,38.0,44.0,14.0,0.0,81.9,10.466666666666667,4.333333333333333,0.1402116402116402,0.0,5.8
2025,13,00-0040128,Tyler Warren,TE,IND,71.0,49.0,25.0,0.0,72.8,11.666666666666666,8.0,0.2520850565205404,0.0,11.2
2025,13,00-0040129,Emeka Egbuka,WR,TB,75.0,50.0,30.0,0.0,70.0,12.9,10.0,0.2979078102859048,0.0,8.2
2025,13,00-0040130,Jayden Higgins,WR,HOU,57.0,49.0,22.0,0.0,82.4,12.833333333333334,7.666666666666667,0.2185064935064935,0.0,11.5
2025,13,00-0040131,Kyle Williams,WR,NE,15.0,22.0,6.0,0.0,51.0,5.666666666666667,2.0,0.06339254615116684,0.0,10.3
2025,13,00-0040134,Pat Bryant,WR,DEN,27.0,29.0,11.0,0.0,58.8,7.5,3.6666666666666665,0.1138763197586727,0.0,7.2
2025,13,00-0040138,Jaylin Noel,WR,HOU,20.0,15.0,8.0,0.0,52.1,3.8666666666666667,2.6666666666666665,0.07526640026640026,0.0,0.0
2025,13,00-0040142,Kaleb Johnson,RB,PIT,12.0,4.0,13.0,0.0,56.8,1.3666666666666665,3.0,0.13044455544455544,0.0,0.3
2025,13,00-0040154,Tai Felton,WR,MIN,0.0,0.0,0.0,0.0,56.8,0.0,0.0,0.0,0.0,0.0
2025,13,00-0040162,Dylan Sampson,RB,CLE,19.0,17.0,20.0,0.0,34.0,6.333333333333332,5.0,0.19989197530864197,0.0,2.3
2025,13,00-0040164,Jaylin Lane,WR,WAS,18.0,17.0,11.0,0.0,47.0,4.433333333333334,2.3333333333333335,0.10601084739015772,0.0,0.0
2025,13,00-0040170,Elic Ayomanor,WR,TEN,50.0,26.0,22.0,0.0,77.0,6.633333333333333,6.666666666666667,0.22286572286572284,0.0,1.5
2025,13,00-0040187,Mitchell Evans,TE,CAR,12.0,7.0,4.0,0.0,59.0,1.5999999999999999,1.3333333333333333,0.04198994778704923,0.0,5.0
2025,13,00-0040189,Oronde Gadsden II,TE,LAC,47.0,31.0,19.0,0.0,80.3,7.3999999999999995,5.333333333333333,0.19177890011223342,0.0,3.7
2025,13,00-0040194,Jackson Hawes,TE,BUF,18.0,24.0,6.0,0.0,77.8,5.666666666666667,2.0,0.06459401709401709,0.0,2.0
2025,13,00-0040198,Ollie Gordon II,RB,MIA,17.0,11.0,15.0,0.0,33.6,4.033333333333333,4.333333333333333,0.14986922406277248,0.0,1.0
2025,13,00-0040202,Devin Neal,RB,NO,32.0,17.0,30.0,0.0,59.0,6.466666666666666,8.333333333333334,0.297411934039841,0.0,9.9
2025,13,00-0040236,Kyle Monangai,RB,CHI,42.0,27.0,37.0,0.0,85.5,10.1,11.0,0.36706145706145704,0.0,19.0
2025,13,00-0040237,Tez Johnson,WR,TB,42.0,44.0,17.0,0.0,69.0,11.366666666666667,5.666666666666667,0.16743701103584177,0.0,1.5
2025,13,00-0040238,LeQuint Allen Jr.,RB,JAX,13.0,5.0,8.0,0.0,33.1,1.8,3.3333333333333335,0.08313510418043259,0.0,0.0
2025,13,00-0040242,Jacory Croskey-Merritt,RB,WAS,44.0,11.0,37.0,0.0,86.2,4.133333333333333,11.333333333333334,0.3651899399025836,0.0,2.0
2025,13,00-0040259,Gage Larvadain,WR,CLE,2.0,0.0,1.0,0.0,41.8,0.0,0.3333333333333333,0.013333333333333334,0.0,4.3
2025,13,00-0040494,Max Brosmer,QB,MIN,6.0,2.0,6.0,50.0,41.1,0.5266666666666667,3.0,0.014492753623188406,0.0,4.94
2025,13,00-0040506,Myles Price,WR,MIN,0.0,0.0,0.0,0.0,56.8,0.0,0.0,0.0,0.0,0.0
2025,13,00-0040522,Xavier Restrepo,WR,TEN,45.0,18.0,16.0,0.0,56.8,4.6,6.0,0.15789473684210525,0.0,2.5
2025,13,00-0040534,Ke'Shawn Williams,WR,PIT,0.0,0.0,0.0,0.0,56.8,0.0,0.0,0.0,0.0,0.0
2025,13,00-0040563,Efton Chism III,WR,NE,0.0,0.0,0.0,0.0,56.8,0.0,0.0,0.0,0.0,0.0
2025,13,00-0040581,Dont'e Thornton Jr.,WR,LV,18.0,5.0,10.0,0.0,55.1,1.2666666666666666,2.3333333333333335,0.10136321195144726,0.0,2.1
2025,13,00-0040583,Woody Marks,RB,HOU,68.0,27.0,72.0,0.0,80.9,10.033333333333333,17.666666666666668,0.7210843504321766,0.0,7.7
2025,13,00-0040584,Gunnar Helm,TE,TEN,38.0,28.0,12.0,0.0,54.8,6.833333333333333,4.333333333333333,0.12357282094124199,0.0,8.3
2025,13,00-0040590,Konata Mumpfield,WR,LA,12.0,15.0,5.0,0.0,58.5,4.0,1.6666666666666667,0.04931669637551991,0.0,0.0
2025,13,00-0040644,Trevor Etienne,RB,CAR,1.0,0.0,1.0,0.0,31.2,0.06666666666666667,0.3333333333333333,0.013333333333333334,0.0,1.4
2025,13,00-0040663,Harold Fannin Jr.,TE,CLE,56.0,30.0,26.0,0.0,80.2,7.133333333333333,6.333333333333333,0.2630401234567901,0.0,13.3
2025,13,00-0040668,Shedeur Sanders,QB,CLE,38.0,29.0,31.0,50.0,67.5,7.87,20.0,0.07851851851851852,0.0,10.56
2025,13,00-0040669,Isaac TeSlaa,WR,DET,8.0,3.0,3.0,0.0,69.8,0.7000000000000001,1.0,0.02844785575048733,0.0,11.5
2025,13,00-0040676,Cam Ward,QB,TEN,70.0,55.0,74.0,50.0,67.0,15.133333333333333,37.0,0.18482033961910124,0.0,6.34
2025,13,00-0040691,Jaxson Dart,QB,NYG,67.0,91.0,100.0,50.0,84.5,24.98,35.333333333333336,0.28888888888888886,0.0,11.56
2025,13,00-0040704,Dillon Gabriel,QB,CLE,53.0,47.0,40.0,50.0,58.8,12.846666666666666,28.333333333333332,0.09958333333333334,0.0,0.0
2025,13,00-0040705,Chimere Dike,WR,TEN,32.0,26.0,14.0,0.0,52.0,6.766666666666667,4.333333333333333,0.13680033416875523,0.0,1.9
2025,13,00-0040719,Bhayshul Tuten,RB,JAX,37.0,15.0,28.0,0.0,56.9,5.7,9.666666666666666,0.2791956464636082,0.0,8.9
2025,13,00-0040727,Tre Harris,WR,LAC,12.0,11.0,6.0,0.0,77.5,2.7999999999999994,1.6666666666666667,0.058782267115600445,0.0,6.0
2025,13,00-0040729,Jack Bech,WR,LV,5.0,4.0,2.0,0.0,34.8,0.9666666666666667,0.6666666666666666,0.02188034188034188,0.0,4.2
2025,13,00-0040730,RJ Harvey,RB,DEN,36.0,25.0,37.0,0.0,60.0,9.466666666666667,9.333333333333334,0.37118183196614574,0.0,21.2
2025,13,00-0040734,TreVeyon Henderson,RB,NE,78.0,63.0,70.0,0.0,76.7,23.8,20.333333333333332,0.7033591382868357,0.0,11.6
2025,13,00-0040735,Luther Burden III,WR,CHI,35.0,29.0,16.0,0.0,77.7,7.633333333333333,4.666666666666667,0.15619047619047619,0.0,7.6
2025,13,00-0040736,Mason Taylor,TE,NYJ,32.0,19.0,18.0,0.0,69.0,4.5,3.6666666666666665,0.17599067599067597,0.0,4.1
2025,13,00-0040737,Terrance Ferguson,TE,LA,24.0,16.0,8.0,0.0,48.6,3.866666666666667,2.6666666666666665,0.08127767235926629,0.0,0.0
2025,13,00-0040739,Elijah Arroyo,TE,SEA,12.0,4.0,6.0,0.0,57.3,1.0,1.3333333333333333,0.05698412698412699,0.0,0.0
2025,13,00-0040743,Tyler Shough,QB,NO,67.0,51.0,57.0,50.0,70.7,14.046666666666667,35.333333333333336,0.14317889317889318,0.0,19.36
2025,13,00-0040782,Isaiah Bond,WR,CLE,20.0,11.0,10.0,0.0,57.4,2.8666666666666667,2.6666666666666665,0.10410774410774411,0.0,3.7
2025,13,00-0040784,Quinshon Judkins,RB,CLE,77.0,29.0,71.0,0.0,77.2,11.033333333333333,20.0,0.7112808641975308,0.0,13.9
2025,14,00-0023459,Aaron Rodgers,QB,PIT,45.0,32.0,13.0,50.0,65.5,8.186666666666667,23.0,0.03133903133903134,0.0,21.46
2025,14,00-0026498,Matthew Stafford,QB,LA,60.0,69.0,6.0,50.0,72.5,17.91333333333333,30.666666666666668,0.015873015873015872,0.0,23.24
2025,14,00-0028118,Tyrod Taylor,QB,NYJ,64.0,54.0,84.0,50.0,72.4,14.066666666666668,33.0,0.20934065934065935,0.0,0.24
2025,14,00-0029604,Kirk Cousins,QB,ATL,47.0,41.0,14.0,50.0,54.0,10.646666666666667,24.333333333333332,0.03489326765188834,0.0,6.48
2025,14,00-0030035,Adam Thielen,WR,PIT,15.0,7.0,6.0,0.0,56.8,1.7333333333333334,2.0,0.06374209575429086,0.0,1.4
2025,14,00-0030061,Zach Ertz,TE,WAS,87.0,57.0,26.0,0.0,70.4,12.733333333333334,8.666666666666666,0.2640078950423778,0.0,2.1
2025,14,00-0030279,Keenan Allen,WR,LAC,40.0,27.0,21.0,0.0,80.8,6.733333333333333,5.333333333333333,0.2132034632034632,0.0,5.2
2025,14,00-0030506,Travis Kelce,TE,KC,87.0,72.0,22.0,0.0,68.8,16.0,8.666666666666666,0.21791690300623934,0.0,1.8
2025,14,00-0030564,DeAndre Hopkins,WR,BAL,25.0,13.0,14.0,0.0,80.8,3.3000000000000003,3.3333333333333335,0.1366666666666667,0.0,0.0
2025,14,00-0030565,Geno Smith,QB,LV,77.0,58.0,78.0,50.0,79.3,15.04,39.333333333333336,0.19576719576719573,0.0,9.04
2025,14,00-0031345,Jimmy Garoppolo,QB,LA,6.0,0.0,41.0,50.0,56.8,-0.3,3.0,0.10344827586206896,0.0,-0.4
2025,14,00-0031381,Davante Adams,WR,LA,52.0,71.0,24.0,0.0,74.8,17.366666666666667,7.0,0.23892519970951343,0.0,6.9
2025,14,00-0031610,Darren Waller,TE,MIA,20.0,24.0,8.0,0.0,37.6,5.3,2.0,0.08448275862068966,0.0,2.7
2025,14,00-0031687,Raheem Mostert,RB,LV,11.0,10.0,13.0,0.0,53.6,2.9666666666666663,3.0,0.13085063085063084,0.0,1.2
2025,14,00-0032104,Ameer Abdullah,RB,IND,2.0,2.0,2.0,0.0,35.5,0.6,0.6666666666666666,0.02357320099255583,0.0,2.9
2025,14,00-0032211,Tyler Lockett,WR,LV,22.0,25.0,8.0,0.0,57.1,6.199999999999999,3.0,0.08047508047508047,0.0,7.1
2025,14,00-0032268,Marcus Mariota,QB,WAS,79.0,79.0,81.0,50.0,75.4,20.466666666666665,40.333333333333336,0.2031425364758698,0.0,1.9
2025,14,00-0032385,Sterling Shepard,WR,TB,32.0,21.0,15.0,0.0,56.5,5.266666666666667,4.333333333333333,0.15070551113561867,0.0,1.5
2025,14,00-0032764,Derrick Henry,RB,BAL,68.0,70.0,63.0,0.0,83.8,20.13333333333333,18.0,0.6285086155674391,0.0,11.2
2025,14,00-0032951,Laquon Treadwell,WR,IND,0.0,0.0,0.0,0.0,56.8,0.0,0.0,0.0,0.0,0.0
2025,14,00-0033077,Dak Prescott,QB,DAL,78.0,98.0,54.0,50.0,90.0,25.326666666666664,40.0,0.13523573200992556,0.0,20.44
2025,14,00-0033106,Jared Goff,QB,DET,69.0,70.0,11.0,50.0,73.2,17.966666666666665,35.666666666666664,0.02777777777777778,0.0,16.16
2025,14,00-0033119,Jacoby Brissett,QB,ARI,100.0,85.0,60.0,50.0,90.0,22.066666666666666,51.333333333333336,0.15025062656641602,0.0,21.04
2025,14,00-0033217,Mo Alie-Cox,TE,IND,10.0,3.0,3.0,0.0,66.5,0.6333333333333333,1.0,0.030517645437000276,0.0,0.0
2025,14,00-0033293,Aaron Jones,RB,MIN,56.0,30.0,70.0,0.0,76.9,8.766666666666666,15.0,0.6999753279925693,0.0,7.6
2025,14,00-0033319,Nick Mullens,QB,JAX,6.0,0.0,44.0,50.0,56.8,-0.3,3.0,0.1111111111111111,0.0,0.02
2025,14,00-0033357,Taysom Hill,TE,NO,67.0,8.0,22.0,0.0,70.1,1.8,6.666666666666667,0.21708079551216808,0.0,-0.1
2025,14,00-0033375,Tim Patrick,WR,JAX,22.0,18.0,12.0,0.0,47.1,4.366666666666666,3.0,0.11838383838383838,0.0,18.8
2025,14,00-0033376,Patrick Ricard,RB,BAL,2.0,1.0,1.0,0.0,31.2,0.15,0.5,0.013888888888888888,0.0,0.0
2025,14,00-0033439,Pharaoh Brown,TE,ARI,0.0,0.0,0.0,0.0,56.8,0.0,0.0,0.0,0.0,0.0
2025,14,00-0033455,Anthony Firkser,TE,DET,10.0,6.0,4.0,0.0,56.8,1.4,1.0,0.037037037037037035,0.0,1.7
2025,14,00-0033526,Samaje Perine,RB,CIN,34.0,29.0,32.0,0.0,39.7,8.299999999999999,9.0,0.31932367149758456,0.0,4.8
2025,14,00-0033572,Jamal Agnew,WR,ATL,0.0,0.0,0.0,0.0,56.8,0.0,0.0,0.0,0.0,0.0
2025,14,00-0033591,Noah Brown,WR,WAS,26.0,13.0,10.0,0.0,79.9,3.3,3.5,0.10172413793103449,0.0,2.9
2025,14,00-0033854,Dare Ogunbowale,RB,HOU,1.0,2.0,1.0,0.0,31.2,0.6333333333333333,0.3333333333333333,0.008333333333333333,0.0,6.5
2025,14,00-0033857,JuJu Smith-Schuster,WR,KC,8.0,2.0,3.0,0.0,32.2,0.6,1.0,0.025920542635658916,0.0,1.5
2025,14,00-0033858,Jonnu Smith,TE,PIT,30.0,11.0,10.0,0.0,50.4,2.466666666666667,3.0,0.10459721961390482,0.0,0.0
2025,14,00-0033873,Patrick Mahomes,QB,KC,86.0,80.0,40.0,50.0,80.3,20.62,44.333333333333336,0.09980810988234105,0.0,12.3
2025,14,00-0033881,Evan Engram,TE,DEN,63.0,37.0,18.0,0.0,68.3,8.133333333333333,6.333333333333333,0.1845507433742728,0.0,2.8
2025,14,00-0033885,David Njoku,TE,CLE,20.0,21.0,8.0,0.0,68.7,4.733333333333333,2.0,0.07648550724637682,0.0,7.1
2025,14,00-0033908,Cooper Kupp,WR,SEA,38.0,20.0,17.0,0.0,87.1,5.033333333333334,5.0,0.1668599033816425,0.0,11.5
2025,14,00-0033921,Chris Godwin Jr.,WR,TB,32.0,26.0,15.0,0.0,73.5,6.433333333333334,4.333333333333333,0.15134408602150537,0.0,10.5
2025,14,00-0033923,Kareem Hunt,RB,KC,80.0,51.0,82.0,0.0,71.6,14.733333333333334,21.333333333333332,0.8159178225286513,0.0,9.0
2025,14,00-0033955,Jeremy McNichols,RB,WAS,25.0,16.0,22.0,0.0,89.6,4.6000000000000005,6.666666666666667,0.21569333178528582,0.0,1.2
2025,14,00-0034073,Ross Dwelley,TE,DET,13.0,2.0,5.0,0.0,31.2,0.43333333333333335,1.3333333333333333,0.0474537037037037,0.0,1.4
2025,14,00-0034159,Will Dissly,TE,LAC,13.0,8.0,4.0,0.0,53.0,1.8333333333333333,1.3333333333333333,0.036062378167641324,0.0,1.1
2025,14,00-0034272,Marquez Valdes-Scantling,WR,PIT,18.0,11.0,6.0,0.0,64.9,2.6666666666666665,2.3333333333333335,0.059514059514059504,0.0,0.0
2025,14,00-0034348,Courtland Sutton,WR,DEN,45.0,44.0,18.0,0.0,70.8,10.833333333333334,6.0,0.17733247145011852,0.0,12.2
2025,14,00-0034351,Dallas Goedert,TE,PHI,37.0,20.0,12.0,0.0,78.0,4.366666666666666,3.6666666666666665,0.12469135802469135,0.0,15.8
2025,14,00-0034365,Ian Thomas,TE,LV,20.0,19.0,6.0,0.0,46.4,4.133333333333334,2.0,0.05544455544455545,0.0,3.7
2025,14,00-0034383,Dalton Schultz,TE,HOU,70.0,38.0,21.0,0.0,65.9,8.466666666666667,7.0,0.20595238095238097,0.0,5.2
2025,14,00-0034487,Trent Sherfield,WR,ARI,10.0,7.0,4.0,0.0,71.0,1.7,1.3333333333333333,0.03888888888888888,0.0,0.0
2025,14,00-0034521,Allen Lazard,WR,NYJ,15.0,7.0,7.0,0.0,73.3,1.8,2.0,0.07220273238070792,0.0,0.0
2025,14,00-0034613,Tanner Hudson,TE,CIN,20.0,23.0,5.0,0.0,61.3,5.166666666666667,2.0,0.05059646236116824,0.0,2.1
2025,14,00-0034753,Mark Andrews,TE,BAL,57.0,40.0,21.0,0.0,73.4,8.833333333333334,5.666666666666667,0.21405228758169934,0.0,1.9
2025,14,00-0034775,Christian Kirk,WR,HOU,32.0,26.0,13.0,0.0,52.8,6.433333333333334,4.333333333333333,0.12748917748917749,0.0,1.6
2025,14,00-0034791,Nick Chubb,RB,HOU,26.0,16.0,24.0,0.0,62.3,4.533333333333333,7.0,0.2372080604817178,0.0,0.3
2025,14,00-0034796,Lamar Jackson,QB,BAL,63.0,37.0,82.0,50.0,81.7,9.493333333333332,32.333333333333336,0.2039809863339275,0.0,23.06
2025,14,00-0034798,Durham Smythe,TE,CHI,13.0,5.0,5.0,0.0,34.0,1.0666666666666667,1.3333333333333333,0.046825396825396826,0.0,1.2
2025,14,00-0034827,DJ Moore,WR,CHI,42.0,42.0,18.0,0.0,60.0,10.4,5.666666666666667,0.18121460395396563,0.0,0.6
2025,14,00-0034829,Mike Gesicki,TE,CIN,50.0,22.0,13.0,0.0,76.4,4.966666666666667,5.0,0.13079322638146168,0.0,20.6
2025,14,00-0034844,Saquon Barkley,RB,PHI,76.0,35.0,78.0,0.0,77.3,10.0,20.333333333333332,0.7777414669571533,0.0,18.2
2025,14,00-0034855,Baker Mayfield,QB,TB,58.0,55.0,65.0,50.0,75.6,14.273333333333333,30.0,0.16278612830336966,0.0,13.08
2025,14,00-0034857,Josh Allen,QB,BUF,69.0,100.0,83.0,50.0,72.2,25.84,35.333333333333336,0.20868854788292132,0.0,35.84
2025,14,00-0034860,Dante Pettis,WR,NO,2.0,3.0,1.0,0.0,31.2,0.7999999999999999,0.3333333333333333,0.007751937984496124,0.0,0.0
2025,14,00-0034869,Sam Darnold,QB,SEA,64.0,45.0,14.0,50.0,61.2,11.68,33.0,0.03571428571428572,0.0,24.26
2025,14,00-0034960,Jakobi Meyers,WR,JAX,48.0,65.0,25.0,0.0,85.2,15.899999999999999,6.333333333333333,0.24992143658810326,0.0,14.8
2025,14,00-0034981,Foster Moreau,TE,NO,20.0,10.0,7.0,0.0,50.5,2.3000000000000003,2.0,0.06582131958328949,0.0,2.6
2025,14,00-0035208,Olamide Zaccheaus,WR,CHI,20.0,9.0,8.0,0.0,59.9,2.3333333333333335,2.6666666666666665,0.07939814814814815,0.0,8.7
2025,14,00-0035229,T.J. Hockenson,TE,MIN,57.0,37.0,22.0,0.0,82.4,8.233333333333334,5.666666666666667,0.22220625798212004,0.0,9.2
2025,14,00-0035249,Josh Oliver,TE,MIN,10.0,6.0,4.0,0.0,79.3,1.3333333333333333,1.0,0.037482193732193726,0.0,16.4
2025,14,00-0035261,Tony Pollard,RB,TEN,51.0,24.0,69.0,0.0,88.6,7.0,13.666666666666666,0.6915253820826578,0.0,28.1
2025,14,00-0035359,David Sills,WR,ATL,22.0,29.0,12.0,0.0,67.7,7.066666666666667,3.0,0.1159992584352985,0.0,0.0
2025,14,00-0035406,Lil'Jordan Humphrey,WR,DEN,27.0,13.0,13.0,0.0,31.2,3.1666666666666665,3.6666666666666665,0.1307026307026307,0.0,5.7
2025,14,00-0035537,Ty Johnson,RB,BUF,19.0,33.0,18.0,0.0,68.0,9.566666666666666,5.0,0.181278417163967,0.0,5.9
2025,14,00-0035544,Tom Kennedy,WR,DET,30.0,31.0,15.0,0.0,56.8,7.6,4.0,0.14814814814814814,0.0,0.0
2025,14,00-0035594,Travis Homer,RB,CHI,1.0,-0.0,1.0,0.0,41.8,-0.06666666666666667,0.3333333333333333,0.008547008547008546,0.0,0.0
2025,14,00-0035640,DK Metcalf,WR,PIT,57.0,41.0,27.0,0.0,77.0,10.166666666666666,7.666666666666667,0.27278072317004465,0.0,21.8
2025,14,00-0035644,Noah Fant,TE,CIN,30.0,18.0,8.0,0.0,35.2,3.9333333333333336,3.0,0.07623748800219389,0.0,2.5
2025,14,00-0035659,Terry McLaurin,WR,WAS,55.0,64.0,22.0,0.0,62.2,15.799999999999999,7.333333333333333,0.2222222222222222,0.0,7.1
2025,14,00-0035662,Marquise Brown,WR,KC,18.0,27.0,6.0,0.0,55.9,6.666666666666667,2.3333333333333335,0.05959302325581395,0.0,4.5
2025,14,00-0035676,A.J. Brown,WR,PHI,82.0,98.0,36.0,0.0,80.0,24.033333333333335,11.0,0.36172839506172844,0.0,16.0
2025,14,00-0035685,David Montgomery,RB,DET,31.0,28.0,33.0,0.0,79.3,8.066666666666666,8.333333333333334,0.33248862897985704,0.0,14.3
2025,14,00-0035689,Dawson Knox,TE,BUF,37.0,21.0,13.0,0.0,83.0,4.6000000000000005,3.6666666666666665,0.13297101449275361,0.0,15.3
2025,14,00-0035700,Josh Jacobs,RB,GB,66.0,41.0,64.0,0.0,56.4,11.933333333333332,17.666666666666668,0.6350310703234241,0.0,17.2
2025,14,00-0035704,Drew Lock,QB,SEA,8.0,0.0,23.0,50.0,61.6,0.04999999999999999,4.0,0.05862977602108037,0.0,0.0
2025,14,00-0035710,Daniel Jones,QB,IND,62.0,68.0,50.0,50.0,84.8,17.493333333333336,31.666666666666668,0.12403490167624788,0.0,2.8
2025,14,00-0035719,Deebo Samuel Sr.,WR,WAS,57.0,61.0,25.0,0.0,78.8,14.9,7.666666666666667,0.24986648090096364,0.0,6.7
2025,14,00-0035876,Andre Baccellia,WR,ARI,4.0,3.0,1.0,0.0,31.2,0.75,0.5,0.008928571428571428,0.0,1.3
2025,14,00-0035891,Cody White,WR,SEA,2.0,4.0,1.0,0.0,31.2,1.0333333333333334,0.3333333333333333,0.014492753623188406,0.0,1.9
2025,14,00-0036040,Juwan Johnson,TE,NO,67.0,58.0,19.0,0.0,72.5,12.9,6.666666666666667,0.19378091129117123,0.0,7.8
2025,14,00-0036133,James Proche,WR,TEN,15.0,19.0,5.0,0.0,56.6,4.75,2.0,0.0537593984962406,0.0,0.0
2025,14,00-0036182,Nick Westbrook-Ikhine,WR,MIA,12.0,8.0,5.0,0.0,31.2,1.9666666666666668,1.6666666666666667,0.05190905190905191,0.0,0.0
2025,14,00-0036187,Reggie Gilliam,RB,BUF,1.0,1.0,1.0,0.0,31.2,0.39999999999999997,0.3333333333333333,0.010416666666666666,0.0,0.0
2025,14,00-0036196,Gabe Davis,WR,BUF,20.0,16.0,9.0,0.0,61.9,3.9,2.6666666666666665,0.0942632850241546,0.0,4.1
2025,14,00-0036212,Tua Tagovailoa,QB,MIA,45.0,37.0,25.0,50.0,65.7,9.446666666666667,23.333333333333332,0.06317204301075269,0.0,9.08
2025,14,00-0036223,Jonathan Taylor,RB,IND,100.0,85.0,98.0,0.0,63.9,24.433333333333334,26.666666666666668,0.9825984517432719,0.0,13.4
2025,14,00-0036244,Colby Parkinson,TE,LA,37.0,45.0,13.0,0.0,71.3,10.066666666666668,3.6666666666666665,0.12563543936092955,0.0,12.2
2025,14,00-0036252,Michael Pittman,WR,IND,35.0,27.0,16.0,0.0,47.8,6.633333333333333,4.666666666666667,0.16499586435070307,0.0,16.9
2025,14,00-0036264,Jordan Love,QB,GB,55.0,63.0,43.0,50.0,69.9,16.16,28.333333333333332,0.10835058661145618,0.0,21.26
2025,14,00-0036275,D'Andre Swift,RB,CHI,64.0,39.0,46.0,0.0,63.0,11.233333333333334,17.0,0.45766262697113763,0.0,11.2
2025,14,00-0036290,Cole Kmet,TE,CHI,30.0,35.0,10.0,0.0,50.1,7.8,3.0,0.10188492063492065,0.0,6.2
2025,14,00-0036309,Darnell Mooney,WR,ATL,38.0,37.0,18.0,0.0,65.0,9.1,5.0,0.1842232109751576,0.0,1.6
2025,14,00-0036322,Justin Jefferson,WR,MIN,52.0,30.0,27.0,0.0,72.0,7.433333333333334,7.0,0.27382662835249044,0.0,3.1
2025,14,00-0036331,Devin Duvernay,WR,CHI,0.0,0.0,0.0,0.0,56.8,0.0,0.0,0.0,0.0,3.4
2025,14,00-0036332,Josiah Deguara,TE,ARI,3.0,2.0,1.0,0.0,31.2,0.5333333333333333,0.3333333333333333,0.007246376811594203,0.0,0.0
2025,14,00-0036355,Justin Herbert,QB,LAC,53.0,45.0,56.0,50.0,70.3,11.626666666666667,27.333333333333332,0.13951925481370342,0.0,16.16
2025,14,00-0036358,CeeDee Lamb,WR,DAL,68.0,72.0,26.0,0.0,80.5,17.76666666666667,9.0,0.2587596525096525,0.0,18.1
2025,14,00-0036389,Jalen Hurts,QB,PHI,79.0,85.0,100.0,50.0,80.9,21.886666666666667,40.666666666666664,0.29139433551198257,0.0,10.4
2025,14,00-0036407,Jerry Jeudy,WR,CLE,35.0,21.0,21.0,0.0,81.3,5.2,4.666666666666667,0.2068599033816425,0.0,16.6
2025,14,00-0036410,Tee Higgins,WR,CIN,57.0,74.0,19.0,0.0,74.7,18.166666666666668,7.666666666666667,0.19386626445449973,0.0,27.2
2025,14,00-0036415,Van Jefferson,WR,TEN,30.0,25.0,11.0,0.0,47.0,6.099999999999999,4.0,0.11168198273461431,0.0,3.7
2025,14,00-0036422,Adam Trautman,TE,DEN,20.0,16.0,5.0,0.0,39.1,3.5666666666666664,2.0,0.05437046613517202,0.0,3.7
2025,14,00-0036442,Joe Burrow,QB,CIN,56.0,45.0,24.0,50.0,53.3,11.699999999999998,29.0,0.05928853754940711,0.0,27.36
2025,14,00-0036550,Rashod Bateman,WR,BAL,18.0,15.0,9.0,0.0,42.5,3.766666666666667,2.3333333333333335,0.09289164941338852,0.0,4.3
2025,14,00-0036554,Nico Collins,WR,HOU,60.0,73.0,23.0,0.0,64.5,18.066666666666666,8.0,0.23301820728291314,0.0,16.1
2025,14,00-0036590,Quintin Morris,TE,JAX,17.0,7.0,7.0,0.0,36.3,1.5,1.6666666666666667,0.07212121212121213,0.0,0.0
2025,14,00-0036613,Jaylen Waddle,WR,MIA,50.0,47.0,33.0,0.0,79.1,11.533333333333331,6.666666666666667,0.3277777777777777,0.0,18.1
2025,14,00-0036620,Dee Eskridge,WR,MIA,8.0,9.0,3.0,0.0,31.2,2.1666666666666665,1.0,0.03123123123123123,0.0,0.0
2025,14,00-0036628,John Bates,TE,WAS,27.0,13.0,11.0,0.0,65.3,2.8333333333333335,2.6666666666666665,0.1086099086099086,0.0,0.0
2025,14,00-0036637,Noah Gray,TE,KC,27.0,13.0,7.0,0.0,49.8,2.8000000000000003,2.6666666666666665,0.0657578187650361,0.0,2.4
2025,14,00-0036741,Jack Stoll,TE,NO,10.0,3.0,3.0,0.0,67.0,0.5666666666666667,1.0,0.025171292823205803,0.0,0.0
2025,14,00-0036825,Feleipe Franks,TE,ATL,3.0,0.0,1.0,0.0,31.2,0.06666666666666667,0.3333333333333333,0.011494252873563218,0.0,0.0
2025,14,00-0036841,Austin Trammell,WR,JAX,15.0,3.0,8.0,0.0,35.5,0.7666666666666666,2.0,0.0795959595959596,0.0,0.0
2025,14,00-0036842,Kene Nwangwu,RB,NYJ,0.0,0.0,0.0,0.0,56.8,0.0,0.0,0.0,0.0,0.0
2025,14,00-0036862,Ben Skowronek,WR,PIT,5.0,4.0,3.0,0.0,35.1,1.0333333333333334,0.6666666666666666,0.025904203323558164,0.0,2.3
2025,14,00-0036876,Kylen Granson,TE,PHI,7.0,2.0,2.0,0.0,31.2,0.4666666666666666,0.6666666666666666,0.024691358024691357,0.0,0.0
2025,14,00-0036894,Pat Freiermuth,TE,PIT,23.0,30.0,8.0,0.0,62.1,6.7,2.3333333333333335,0.07946660310397796,0.0,2.9
2025,14,00-0036900,Ja'Marr Chase,WR,CIN,80.0,56.0,25.0,0.0,73.8,13.700000000000001,10.666666666666666,0.25078995078995076,0.0,10.2
2025,14,00-0036906,Khalil Herbert,RB,NYJ,0.0,0.0,0.0,0.0,56.8,0.0,0.0,0.0,0.0,0.0
2025,14,00-0036912,DeVonta Smith,WR,PHI,60.0,36.0,25.0,0.0,64.6,8.833333333333334,8.0,0.2524691358024691,0.0,7.7
2025,14,00-0036919,Kenny Gainwell,RB,PIT,51.0,63.0,51.0,0.0,68.9,18.066666666666666,13.666666666666666,0.5051400006906125,0.0,16.2
2025,14,00-0036924,Michael Carter,RB,ARI,35.0,32.0,34.0,0.0,85.8,9.333333333333334,9.333333333333334,0.33613153035349835,0.0,5.1
2025,14,00-0036963,Amon-Ra St. Brown,WR,DET,65.0,49.0,24.0,0.0,40.4,12.033333333333333,8.666666666666666,0.23749187784275505,0.0,15.2
2025,14,00-0036970,Kyle Pitts,TE,ATL,53.0,35.0,20.0,0.0,56.4,7.699999999999999,5.333333333333333,0.20383759733036708,0.0,15.0
2025,14,00-0036971,Trevor Lawrence,QB,JAX,60.0,80.0,53.0,50.0,85.3,20.606666666666666,30.666666666666668,0.13202183946864796,0.0,19.36
2025,14,00-0036973,Travis Etienne,RB,JAX,66.0,52.0,55.0,0.0,74.1,15.0,17.666666666666668,0.5495521578500301,0.0,21.2
2025,14,00-0036997,Javonte Williams,RB,DAL,82.0,45.0,74.0,0.0,89.5,13.133333333333335,22.0,0.7355767434396467,0.0,14.7
2025,14,00-0037013,Zach Wilson,QB,MIA,10.0,3.0,17.0,50.0,31.2,0.79,5.0,0.041666666666666664,0.0,-0.2
2025,14,00-0037085,Tyler Badie,RB,DEN,9.0,7.0,6.0,0.0,34.2,1.9333333333333333,2.3333333333333335,0.062306974071679955,0.0,3.1
2025,14,00-0037091,Bo Melton,WR,GB,22.0,11.0,10.0,0.0,54.1,2.6666666666666665,3.0,0.09871427922402436,0.0,11.5
2025,14,00-0037132,Britain Covey,WR,PHI,0.0,0.0,0.0,0.0,56.8,0.0,0.0,0.0,0.0,0.0
2025,14,00-0037157,Bam Knight,RB,ARI,48.0,54.0,57.0,0.0,84.1,15.5,12.666666666666666,0.5657651767491585,0.0,6.4
2025,14,00-0037197,Isiah Pacheco,RB,KC,42.0,27.0,34.0,0.0,65.8,7.833333333333333,11.333333333333334,0.339203990185682,0.0,3.0
2025,14,00-0037228,Jaylen Warren,RB,PIT,55.0,39.0,57.0,0.0,84.3,11.300000000000002,14.666666666666666,0.5684134511720719,0.0,15.2
2025,14,00-0037239,Chris Olave,WR,NO,70.0,71.0,27.0,0.0,81.5,17.366666666666664,9.333333333333334,0.27196674734294435,0.0,6.0
2025,14,00-0037240,Jameson Williams,WR,DET,55.0,63.0,24.0,0.0,49.2,15.533333333333333,7.333333333333333,0.2423651721897336,0.0,17.3
2025,14,00-0037247,George Pickens,WR,DAL,82.0,100.0,32.0,0.0,82.4,24.600000000000005,11.0,0.31741473616473614,0.0,8.7
2025,14,00-0037248,James Cook,RB,BUF,92.0,73.0,79.0,0.0,88.8,21.0,24.666666666666668,0.7852070900824097,0.0,13.1
2025,14,00-0037252,Greg Dulcich,TE,MIA,33.0,17.0,16.0,0.0,80.7,3.7999999999999994,3.3333333333333335,0.1634920634920635,0.0,7.1
2025,14,00-0037256,Rachaad White,RB,TB,32.0,22.0,28.0,0.0,75.8,6.433333333333334,8.666666666666666,0.2784109388187994,0.0,6.5
2025,14,00-0037261,Khalil Shakir,WR,BUF,42.0,29.0,20.0,0.0,45.8,7.066666666666666,5.666666666666667,0.19547101449275361,0.0,9.6
2025,14,00-0037263,Tyler Allgeier,RB,ATL,35.0,33.0,32.0,0.0,70.2,9.666666666666666,9.333333333333334,0.31813920228825676,0.0,8.7
2025,14,00-0037267,Jerome Ford,RB,CLE,6.0,5.0,7.0,0.0,41.5,1.5333333333333334,1.6666666666666667,0.06915727321524423,0.0,3.0
2025,14,00-0037291,Jalen Nailor,WR,MIN,8.0,4.0,4.0,0.0,65.8,0.8666666666666667,1.0,0.0404294380587484,0.0,6.0
2025,14,00-0037292,Andrew Ogletree,TE,IND,10.0,16.0,3.0,0.0,32.0,3.5333333333333337,1.0,0.03483870967741936,0.0,0.0
2025,14,00-0037306,John FitzPatrick,TE,GB,10.0,5.0,4.0,0.0,70.8,1.2,1.0,0.04070060207991242,0.0,3.4
2025,14,00-0037475,Stone Smartt,TE,NYJ,0.0,0.0,0.0,0.0,56.8,0.0,0.0,0.0,0.0,0.0
2025,14,00-0037487,Deven Thompkins,WR,ATL,11.0,10.0,5.0,0.0,31.2,2.4,1.5,0.04788306451612903,0.0,1.4
2025,14,00-0037525,Jordan Mason,RB,MIN,26.0,24.0,36.0,0.0,78.6,6.833333333333333,7.0,0.36073667711598745,0.0,11.2
2025,14,00-0037545,Rashid Shaheed,WR,SEA,32.0,11.0,15.0,0.0,65.3,2.6666666666666665,4.333333333333333,0.14643461007591443,0.0,10.7
2025,14,00-0037557,Ronnie Rivers,RB,LA,0.0,0.0,0.0,0.0,56.8,0.0,0.0,0.0,0.0,4.1
2025,14,00-0037563,Malik Davis,RB,DAL,12.0,17.0,11.0,0.0,64.7,5.033333333333333,3.3333333333333335,0.11373035566583954,0.0,0.6
2025,14,00-0037594,Julius Chestnut,RB,TEN,2.0,0.0,3.0,0.0,31.2,0.09999999999999999,0.6666666666666666,0.030303030303030304,0.0,0.0
2025,14,00-0037614,John Metchie III,WR,NYJ,48.0,51.0,23.0,0.0,65.8,12.566666666666668,6.333333333333333,0.2261313954862342,0.0,7.4
2025,14,00-0037617,Hassan Haskins,RB,LAC,20.0,10.0,19.0,0.0,77.5,2.766666666666667,5.333333333333333,0.19409600389863546,0.0,0.0
2025,14,00-0037664,Alec Pierce,WR,IND,35.0,54.0,18.0,0.0,58.2,13.266666666666666,4.666666666666667,0.17791563275434244,0.0,13.0
2025,14,00-0037741,Jahan Dotson,WR,PHI,15.0,12.0,7.0,0.0,50.1,2.8333333333333335,2.0,0.06728395061728394,0.0,1.3
2025,14,00-0037742,Treylon Burks,WR,WAS,20.0,25.0,9.0,0.0,61.8,6.233333333333333,2.6666666666666665,0.09095719095719096,0.0,0.0
2025,14,00-0037744,Trey McBride,TE,ARI,100.0,100.0,22.0,0.0,88.4,22.2,10.0,0.2190210396732136,0.0,10.8
2025,14,00-0037745,Velus Jones Jr.,WR,SEA,0.0,0.0,0.0,0.0,56.8,0.0,0.0,0.0,0.0,3.2
2025,14,00-0037801,KaVontae Turpin,WR,DAL,27.0,21.0,12.0,0.0,61.0,5.1,3.6666666666666665,0.11786588520459489,0.0,5.0
2025,14,00-0037805,Jeremy Ruckert,TE,NYJ,27.0,16.0,12.0,0.0,48.8,3.5,2.6666666666666665,0.11591097074968044,0.0,3.9
2025,14,00-0037809,Chig Okonkwo,TE,TEN,40.0,34.0,11.0,0.0,85.3,7.5,4.0,0.110484544695071,0.0,4.0
2025,14,00-0037816,Romeo Doubs,WR,GB,38.0,35.0,20.0,0.0,65.0,8.533333333333333,5.0,0.20026272577996718,0.0,0.0
2025,14,00-0037837,Calvin Austin III,WR,PIT,20.0,12.0,10.0,0.0,41.2,3.033333333333333,2.6666666666666665,0.09556072403680858,0.0,4.1
2025,14,00-0037838,Isaiah Likely,TE,BAL,40.0,30.0,16.0,0.0,56.5,6.666666666666667,4.0,0.15666666666666665,0.0,12.5
2025,14,00-0037840,Kyren Williams,RB,LA,51.0,41.0,65.0,0.0,84.5,11.866666666666667,13.666666666666666,0.6455346625625262,0.0,17.7
2025,14,00-0038041,Jake Ferguson,TE,DAL,60.0,47.0,17.0,0.0,88.1,10.433333333333332,6.0,0.17403293270228756,0.0,10.8
2025,14,00-0038046,Charlie Kolar,TE,BAL,7.0,4.0,2.0,0.0,35.5,0.9,0.6666666666666666,0.024444444444444446,0.0,2.9
2025,14,00-0038102,Kenny Pickett,QB,LV,4.0,1.0,18.0,50.0,40.2,0.16,2.0,0.045454545454545456,0.0,8.48
2025,14,00-0038104,Tyquan Thornton,WR,KC,8.0,10.0,2.0,0.0,31.2,2.3666666666666667,1.0,0.023255813953488372,0.0,3.9
2025,14,00-0038120,Breece Hall,RB,NYJ,71.0,46.0,70.0,0.0,84.4,13.299999999999999,19.0,0.6964138012525108,0.0,4.3
2025,14,00-0038124,Christian Watson,WR,GB,57.0,66.0,30.0,0.0,74.5,16.26666666666667,7.666666666666667,0.3038314176245211,0.0,24.9
2025,14,00-0038129,Cade Otton,TE,TB,47.0,21.0,16.0,0.0,68.3,4.6000000000000005,4.666666666666667,0.16366387893269613,0.0,4.9
2025,14,00-0038134,Kenneth Walker III,RB,SEA,64.0,50.0,61.0,0.0,83.9,14.533333333333333,17.0,0.6062448240165632,0.0,3.8
2025,14,00-0038359,Xavier Smith,WR,LA,15.0,21.0,7.0,0.0,49.5,5.133333333333334,2.0,0.07153231663035585,0.0,1.6
2025,14,00-0038397,Evan Hull,RB,NO,19.0,5.0,19.0,0.0,56.8,1.5,5.0,0.18518518518518517,0.0,2.0
2025,14,00-0038440,Zavier Scott,RB,MIN,10.0,9.0,16.0,0.0,37.8,2.5,2.6666666666666665,0.15682253570184604,0.0,3.0
2025,14,00-0038454,Keaton Mitchell,RB,BAL,21.0,25.0,21.0,0.0,61.2,7.133333333333333,5.666666666666667,0.20657754010695187,0.0,7.6
2025,14,00-0038542,Bijan Robinson,RB,ATL,92.0,85.0,84.0,0.0,75.4,24.433333333333334,24.666666666666668,0.8403858122781926,0.0,11.4
2025,14,00-0038543,Jaxon Smith-Njigba,WR,SEA,70.0,84.0,31.0,0.0,57.0,20.666666666666668,9.333333333333334,0.3127329192546584,0.0,28.1
2025,14,00-0038544,Quentin Johnston,WR,LAC,40.0,28.0,19.0,0.0,47.0,6.833333333333333,5.333333333333333,0.1902958152958153,0.0,2.8
2025,14,00-0038547,Luke Schoonmaker,TE,DAL,13.0,5.0,4.0,0.0,53.8,1.1666666666666667,1.3333333333333333,0.03705133705133705,0.0,2.2
2025,14,00-0038555,Tank Bigsby,RB,PHI,10.0,6.0,8.0,0.0,53.6,1.6333333333333335,2.6666666666666665,0.08126361655773422,0.0,0.4
2025,14,00-0038558,Darnell Washington,TE,PIT,37.0,32.0,14.0,0.0,68.2,7.133333333333333,3.6666666666666665,0.13958270131796272,0.0,2.2
2025,14,00-0038559,Michael Wilson,WR,ARI,100.0,84.0,28.0,0.0,65.6,20.633333333333333,13.333333333333334,0.2789015723798332,0.0,37.2
2025,14,00-0038563,Tre Tucker,WR,LV,52.0,35.0,19.0,0.0,64.0,8.5,7.0,0.19319569319569319,0.0,4.4
2025,14,00-0038564,Cameron Latu,TE,PHI,0.0,0.0,0.0,0.0,56.8,0.0,0.0,0.0,0.0,0.0
2025,14,00-0038573,Derius Davis,WR,LAC,5.0,2.0,2.0,0.0,35.4,0.43333333333333335,0.6666666666666666,0.023989898989898988,0.0,0.0
2025,14,00-0038576,Charlie Jones,WR,CIN,2.0,0.0,1.0,0.0,41.8,0.0,0.3333333333333333,0.00980392156862745,0.0,0.0
2025,14,00-0038589,Josh Whyle,TE,GB,10.0,12.0,4.0,0.0,68.7,2.766666666666667,1.0,0.04070060207991242,0.0,3.1
2025,14,00-0038597,Chase Brown,RB,CIN,89.0,60.0,86.0,0.0,89.4,17.333333333333332,23.666666666666668,0.8602268007638852,0.0,18.5
2025,14,00-0038611,Chris Rodriguez Jr.,RB,WAS,42.0,31.0,36.0,0.0,78.0,9.066666666666668,11.333333333333334,0.35560199698130734,0.0,5.2
2025,14,00-0038618,Xavier Hutchinson,WR,HOU,27.0,19.0,11.0,0.0,54.2,4.666666666666667,3.6666666666666665,0.10657051282051282,0.0,0.0
2025,14,00-0038619,Andrei Iosivas,WR,CIN,35.0,35.0,13.0,0.0,60.2,8.5,4.666666666666667,0.1324597539431299,0.0,3.7
2025,14,00-0038640,Jalen Brooks,WR,ARI,0.0,0.0,0.0,0.0,56.8,0.0,0.0,0.0,0.0,5.2
2025,14,00-0038679,Tyrell Shavers,WR,BUF,18.0,33.0,8.0,0.0,31.2,8.033333333333333,2.3333333333333335,0.07743589743589743,0.0,2.6
2025,14,00-0038685,Chris Brooks,RB,GB,15.0,8.0,12.0,0.0,43.3,2.433333333333333,4.0,0.11684633873539418,0.0,1.6
2025,14,00-0038710,Blake Whiteheart,TE,CLE,3.0,2.0,2.0,0.0,31.2,0.4666666666666666,0.3333333333333333,0.018518518518518517,0.0,0.0
2025,14,00-0038738,Hunter Luepke,RB,DAL,6.0,10.0,5.0,0.0,31.2,2.933333333333333,1.6666666666666667,0.05152649769585254,0.0,0.0
2025,14,00-0038794,Jaleel McLaughlin,RB,DEN,20.0,14.0,23.0,0.0,48.7,4.133333333333334,5.333333333333333,0.2300414618061677,0.0,4.1
2025,14,00-0038797,Emanuel Wilson,RB,GB,57.0,46.0,47.0,0.0,39.6,13.266666666666666,15.333333333333334,0.47116632160110417,0.0,1.0
2025,14,00-0038824,Ryan Miller,WR,TB,0.0,0.0,0.0,0.0,56.8,0.0,0.0,0.0,0.0,0.0
2025,14,00-0038896,Jacob Saylors,RB,DET,0.0,0.0,0.0,0.0,56.8,0.0,0.0,0.0,0.0,0.0
2025,14,00-0038933,Dalton Kincaid,TE,BUF,40.0,47.0,15.0,0.0,51.5,10.366666666666667,4.0,0.14911928651059084,0.0,14.1
2025,14,00-0038935,Brenton Strange,TE,JAX,33.0,47.0,12.0,0.0,57.8,10.333333333333334,3.3333333333333335,0.12404040404040405,0.0,5.7
2025,14,00-0038951,Sean Tucker,RB,TB,46.0,46.0,37.0,0.0,40.6,13.200000000000001,12.333333333333334,0.3712122892693897,0.0,8.9
2025,14,00-0038953,Dylan Drummond,WR,ATL,22.0,12.0,12.0,0.0,74.9,3.05,3.0,0.12338709677419354,0.0,5.1
2025,14,00-0038976,Marvin Mims Jr.,WR,DEN,20.0,8.0,9.0,0.0,50.5,1.9000000000000001,2.6666666666666665,0.0949575116241783,0.0,1.7
2025,14,00-0038979,Cedric Tillman,WR,CLE,20.0,13.0,12.0,0.0,48.0,3.233333333333333,2.6666666666666665,0.12338164251207728,0.0,3.3
2025,14,00-0038994,Jordan Addison,WR,MIN,45.0,25.0,21.0,0.0,44.4,6.2,6.0,0.20637771392081738,0.0,10.2
2025,14,00-0038997,Josh Downs,WR,IND,35.0,14.0,17.0,0.0,58.6,3.566666666666667,4.666666666666667,0.1701571546732837,0.0,6.3
2025,14,00-0039032,Tyjae Spears,RB,TEN,31.0,27.0,32.0,0.0,90.5,7.766666666666667,8.333333333333334,0.3188037681845731,0.0,6.7
2025,14,00-0039040,De'Von Achane,RB,MIA,96.0,94.0,89.0,0.0,82.2,27.133333333333336,25.666666666666668,0.8867703533026114,0.0,17.5
2025,14,00-0039041,Elijah Higgins,TE,ARI,17.0,10.0,4.0,0.0,37.3,2.266666666666667,1.6666666666666667,0.03587516087516088,0.0,1.0
2025,14,00-0039050,Payne Durham,TE,TB,7.0,3.0,2.0,0.0,34.4,0.7000000000000001,0.6666666666666666,0.021085271317829456,0.0,0.0
2025,14,00-0039064,Zay Flowers,WR,BAL,52.0,35.0,28.0,0.0,74.3,8.6,7.0,0.2751633986928104,0.0,20.6
2025,14,00-0039067,Rashee Rice,WR,KC,85.0,83.0,30.0,0.0,75.0,20.433333333333334,11.333333333333334,0.30228345129760703,0.0,7.4
2025,14,00-0039074,Davis Allen,TE,LA,23.0,24.0,7.0,0.0,53.8,5.366666666666667,2.3333333333333335,0.07116920842411038,0.0,4.1
2025,14,00-0039075,Puka Nacua,WR,LA,75.0,63.0,35.0,0.0,91.8,15.4,10.0,0.34802271076780883,0.0,35.7
2025,14,00-0039139,Jahmyr Gibbs,RB,DET,89.0,100.0,90.0,0.0,70.0,28.866666666666664,23.666666666666668,0.9009421702404158,0.0,37.0
2025,14,00-0039144,Luke Musgrave,TE,GB,17.0,9.0,7.0,0.0,65.6,1.9666666666666668,1.6666666666666667,0.06990695128626163,0.0,4.2
2025,14,00-0039146,Jayden Reed,WR,GB,38.0,55.0,23.0,0.0,56.8,13.5,5.0,0.22727272727272727,0.0,9.3
2025,14,00-0039163,C.J. Stroud,QB,HOU,61.0,50.0,39.0,50.0,49.5,13.04,31.333333333333332,0.09842826019296608,0.0,12.62
2025,14,00-0039165,Zach Charbonnet,RB,SEA,41.0,32.0,37.0,0.0,79.7,9.133333333333333,11.0,0.366468253968254,0.0,8.6
2025,14,00-0039338,Brock Bowers,TE,LV,83.0,72.0,23.0,0.0,72.5,16.0,8.333333333333334,0.2345987345987346,0.0,14.6
2025,14,00-0039361,Bucky Irving,RB,TB,85.0,66.0,76.0,0.0,80.4,19.166666666666668,22.666666666666668,0.7626609956292173,0.0,16.1
2025,14,00-0039364,Sione Vaki,RB,DET,1.0,0.0,1.0,0.0,31.2,0.13333333333333333,0.3333333333333333,0.010101010101010102,0.0,0.0
2025,14,00-0039391,Kimani Vidal,RB,LAC,74.0,48.0,62.0,0.0,60.4,13.9,19.666666666666668,0.6205341243319488,0.0,11.4
2025,14,00-0039407,Dylan Laube,RB,LV,0.0,0.0,0.0,0.0,56.8,0.0,0.0,0.0,0.0,0.0
2025,14,00-0039410,Ryan Flournoy,WR,DAL,12.0,18.0,5.0,0.0,47.1,4.533333333333334,1.6666666666666667,0.046967503217503224,0.0,26.5
2025,14,00-0039424,Devaughn Vele,WR,NO,45.0,44.0,17.0,0.0,54.6,10.833333333333334,6.0,0.17115647690203095,0.0,7.0
2025,14,00-0039451,Isaiah Williams,WR,NYJ,15.0,2.0,7.0,0.0,31.2,0.5333333333333333,2.0,0.0739395013588562,0.0,4.4
2025,14,00-0039530,Brevyn Spann-Ford,TE,DAL,7.0,13.0,2.0,0.0,35.8,2.9333333333333336,0.6666666666666666,0.01994047619047619,0.0,1.7
2025,14,00-0039589,Kameron Johnson,WR,TB,0.0,0.0,0.0,0.0,56.8,0.0,0.0,0.0,0.0,0.0
2025,14,00-0039603,British Brooks,RB,HOU,2.0,0.0,2.0,0.0,41.8,0.0,0.6666666666666666,0.023809523809523808,0.0,0.0
2025,14,00-0039623,Mason Tipton,WR,NO,27.0,15.0,10.0,0.0,47.1,3.733333333333333,3.6666666666666665,0.10114054579626856,0.0,0.0
2025,14,00-0039648,David Martin-Robinson,TE,TEN,0.0,0.0,0.0,0.0,56.8,0.0,0.0,0.0,0.0,1.6
2025,14,00-0039686,Colson Yankoff,TE,WAS,7.0,6.0,2.0,0.0,35.5,1.2666666666666666,0.6666666666666666,0.018901660280970626,0.0,0.0
2025,14,00-0039732,Bo Nix,QB,DEN,78.0,53.0,56.0,50.0,80.4,13.613333333333335,40.0,0.1396504729838063,0.0,15.98
2025,14,00-0039738,Blake Corum,RB,LA,30.0,21.0,38.0,0.0,63.6,6.0,8.0,0.3798216078917833,0.0,26.1
2025,14,00-0039746,Will Shipley,RB,PHI,9.0,9.0,8.0,0.0,31.2,2.5,2.3333333333333335,0.07931230463199772,0.0,1.3
2025,14,00-0039751,Jordan Whittington,WR,LA,12.0,9.0,5.0,0.0,45.1,2.1999999999999997,1.6666666666666667,0.054103122730573716,0.0,1.5
2025,14,00-0039793,AJ Barner,TE,SEA,77.0,43.0,24.0,0.0,58.2,9.533333333333333,7.666666666666667,0.24256297446514838,0.0,5.7
2025,14,00-0039796,Rasheen Ali,RB,BAL,6.0,5.0,7.0,0.0,33.4,1.4000000000000001,1.6666666666666667,0.07393939393939394,0.0,3.3
2025,14,00-0039798,Isaiah Davis,RB,NYJ,10.0,2.0,10.0,0.0,48.3,0.6,2.6666666666666665,0.09866477608413093,0.0,2.2
2025,14,00-0039816,Anthony Gould,WR,IND,0.0,0.0,0.0,0.0,56.8,0.0,0.0,0.0,0.0,1.3
2025,14,00-0039868,Troy Franklin,WR,DEN,50.0,43.0,22.0,0.0,61.8,10.5,6.666666666666667,0.2176255117431588,0.0,4.1
2025,14,00-0039874,Jaylen Wright,RB,MIA,11.0,4.0,10.0,0.0,55.2,1.2333333333333334,3.0,0.09576612903225806,0.0,16.7
2025,14,00-0039875,Ray Davis,RB,BUF,11.0,7.0,6.0,0.0,31.2,2.066666666666667,3.0,0.05882352941176471,0.0,0.0
2025,14,00-0039880,Malik Washington,WR,MIA,30.0,32.0,19.0,0.0,84.3,7.833333333333333,4.0,0.19170506912442398,0.0,4.0
2025,14,00-0039890,Adonai Mitchell,WR,NYJ,62.0,44.0,30.0,0.0,57.5,10.799999999999999,8.333333333333334,0.2956989247311828,0.0,3.4
2025,14,00-0039893,Brian Thomas Jr.,WR,JAX,38.0,26.0,16.0,0.0,76.2,6.466666666666666,5.0,0.16121212121212122,0.0,11.7
2025,14,00-0039894,Xavier Worthy,WR,KC,52.0,36.0,19.0,0.0,76.7,8.933333333333332,7.0,0.19226070104482643,0.0,8.5
2025,14,00-0039901,Keon Coleman,WR,BUF,32.0,36.0,14.0,0.0,57.5,8.733333333333333,4.333333333333333,0.13852099591230024,0.0,3.6
2025,14,00-0039910,Jayden Daniels,QB,WAS,64.0,81.0,100.0,50.0,89.5,20.866666666666664,32.666666666666664,0.2953575695511179,0.0,4.72
2025,14,00-0039912,Ben Sinnott,TE,WAS,7.0,16.0,3.0,0.0,35.4,3.5333333333333337,0.6666666666666666,0.026262626262626265,0.0,1.8
2025,14,00-0039915,Ladd McConkey,WR,LAC,40.0,53.0,21.0,0.0,70.6,12.966666666666667,5.333333333333333,0.2113997113997114,0.0,2.2
2025,14,00-0039918,Caleb Williams,QB,CHI,75.0,59.0,49.0,50.0,79.5,15.146666666666668,38.666666666666664,0.12298236042916895,0.0,16.94
2025,14,00-0039920,Malachi Corley,WR,CLE,12.0,7.0,7.0,0.0,64.7,1.6666666666666667,1.6666666666666667,0.06828355236957388,0.0,0.2
2025,14,00-0039923,J.J. McCarthy,QB,MIN,65.0,43.0,50.0,50.0,55.1,11.066666666666668,33.333333333333336,0.1259259259259259,0.0,20.42
2025,14,00-0040024,Darius Cooper,WR,PHI,8.0,5.0,3.0,0.0,31.2,1.35,1.0,0.027777777777777776,0.0,2.9
2025,14,00-0040075,LaJohntay Wester,WR,BAL,0.0,0.0,0.0,0.0,56.8,0.0,0.0,0.0,0.0,0.0
2025,14,00-0040078,Brashard Smith,RB,KC,10.0,11.0,6.0,0.0,32.8,3.133333333333333,2.6666666666666665,0.06239364719228587,0.0,0.7
2025,14,00-0040122,Ashton Jeanty,RB,LV,78.0,53.0,97.0,0.0,72.8,15.433333333333332,20.666666666666668,0.9673659673659675,0.0,5.8
2025,14,00-0040126,Colston Loveland,TE,CHI,50.0,42.0,17.0,0.0,76.8,9.233333333333333,5.0,0.16567460317460317,0.0,12.9
2025,14,00-0040128,Tyler Warren,TE,IND,73.0,58.0,27.0,0.0,75.0,12.866666666666665,7.333333333333333,0.27130003236595107,0.0,3.7
2025,14,00-0040129,Emeka Egbuka,WR,TB,62.0,32.0,30.0,0.0,90.0,7.8,8.333333333333334,0.30379928315412186,0.0,3.5
2025,14,00-0040130,Jayden Higgins,WR,HOU,52.0,47.0,22.0,0.0,80.3,11.6,7.0,0.2175595238095238,0.0,6.4
2025,14,00-0040134,Pat Bryant,WR,DEN,38.0,35.0,14.0,0.0,66.3,8.566666666666666,5.0,0.1400201106083459,0.0,7.2
2025,14,00-0040138,Jaylin Noel,WR,HOU,12.0,6.0,6.0,0.0,43.3,1.3666666666666665,1.6666666666666667,0.05538003663003663,0.0,3.3
2025,14,00-0040142,Kaleb Johnson,RB,PIT,11.0,2.0,14.0,0.0,52.1,0.7000000000000001,3.0,0.14280626780626782,0.0,0.4
2025,14,00-0040154,Tai Felton,WR,MIN,0.0,0.0,0.0,0.0,56.8,0.0,0.0,0.0,0.0,2.0
2025,14,00-0040162,Dylan Sampson,RB,CLE,20.0,24.0,21.0,0.0,37.6,6.8,5.333333333333333,0.211652727996814,0.0,11.8
2025,14,00-0040164,Jaylin Lane,WR,WAS,8.0,10.0,3.0,0.0,65.7,2.4666666666666663,1.0,0.03405317543248578,0.0,0.0
2025,14,00-0040170,Elic Ayomanor,WR,TEN,42.0,17.0,20.0,0.0,68.2,4.066666666666666,5.666666666666667,0.1984126984126984,0.0,8.4
2025,14,00-0040189,Oronde Gadsden II,TE,LAC,43.0,21.0,16.0,0.0,73.8,4.7,4.333333333333333,0.1617965367965368,0.0,1.7
2025,14,00-0040194,Jackson Hawes,TE,BUF,17.0,24.0,5.0,0.0,67.5,5.3999999999999995,1.6666666666666667,0.05242010405053884,0.0,7.3
2025,14,00-0040198,Ollie Gordon II,RB,MIA,16.0,13.0,14.0,0.0,32.0,3.733333333333333,4.333333333333333,0.13877688172043012,0.0,7.7
2025,14,00-0040202,Devin Neal,RB,NO,48.0,31.0,41.0,0.0,73.3,9.033333333333333,12.666666666666666,0.4143457446011026,0.0,15.4
2025,14,00-0040206,Riley Leonard,QB,IND,6.0,0.0,22.0,50.0,56.8,0.1,3.0,0.05555555555555555,0.0,12.3
2025,14,00-0040236,Kyle Monangai,RB,CHI,60.0,47.0,44.0,0.0,76.6,13.5,16.0,0.4409138999298574,0.0,6.7
2025,14,00-0040238,LeQuint Allen Jr.,RB,JAX,11.0,4.0,7.0,0.0,31.2,1.2666666666666668,3.0,0.06864235055724417,0.0,2.8
2025,14,00-0040242,Jacory Croskey-Merritt,RB,WAS,31.0,11.0,28.0,0.0,69.0,3.1,8.333333333333334,0.278609853322497,0.0,3.2
2025,14,00-0040259,Gage Larvadain,WR,CLE,10.0,6.0,6.0,0.0,31.2,1.4333333333333333,1.3333333333333333,0.05681159420289855,0.0,3.8
2025,14,00-0040506,Myles Price,WR,MIN,0.0,0.0,0.0,0.0,56.8,0.0,0.0,0.0,0.0,0.0
2025,14,00-0040583,Woody Marks,RB,HOU,70.0,25.0,68.0,0.0,90.7,7.233333333333334,18.666666666666668,0.68292704205428,0.0,15.6
2025,14,00-0040584,Gunnar Helm,TE,TEN,63.0,39.0,17.0,0.0,84.8,8.766666666666666,6.333333333333333,0.1743664717348928,0.0,1.8
2025,14,00-0040590,Konata Mumpfield,WR,LA,10.0,6.0,4.0,0.0,35.8,1.5,1.3333333333333333,0.0392156862745098,0.0,1.5
2025,14,00-0040649,Robbie Ouzts,RB,SEA,0.0,0.0,0.0,0.0,56.8,0.0,0.0,0.0,0.0,0.0
2025,14,00-0040663,Harold Fannin Jr.,TE,CLE,60.0,39.0,27.0,0.0,75.5,8.766666666666667,6.0,0.27333991307810845,0.0,25.4
2025,14,00-0040666,Omarion Hampton,RB,LAC,76.0,76.0,84.0,0.0,78.9,21.8,20.333333333333332,0.841427828927829,0.0,14.7
2025,14,00-0040667,Matthew Golden,WR,GB,22.0,13.0,10.0,0.0,93.4,3.233333333333333,3.0,0.09714285714285714,0.0,0.0
2025,14,00-0040668,Shedeur Sanders,QB,CLE,43.0,34.0,25.0,50.0,67.5,8.766666666666667,22.0,0.06309836718438869,0.0,35.46
2025,14,00-0040669,Isaac TeSlaa,WR,DET,10.0,16.0,4.0,0.0,50.4,3.8333333333333335,1.3333333333333333,0.04272254710851201,0.0,10.0
2025,14,00-0040676,Cam Ward,QB,TEN,82.0,58.0,69.0,50.0,70.1,15.113333333333335,42.333333333333336,0.1735421441303794,0.0,13.08
2025,14,00-0040705,Chimere Dike,WR,TEN,38.0,28.0,15.0,0.0,55.0,6.8999999999999995,5.0,0.15108604845446952,0.0,13.4
2025,14,00-0040719,Bhayshul Tuten,RB,JAX,40.0,28.0,31.0,0.0,68.2,8.0,10.666666666666666,0.3129261885999474,0.0,0.5
2025,14,00-0040727,Tre Harris,WR,LAC,18.0,14.0,10.0,0.0,52.6,3.533333333333333,2.3333333333333335,0.09758297258297259,0.0,3.1
2025,14,00-0040729,Jack Bech,WR,LV,12.0,10.0,7.0,0.0,41.6,2.3666666666666667,1.6666666666666667,0.06733488733488734,0.0,11.0
2025,14,00-0040730,RJ Harvey,RB,DEN,48.0,38.0,52.0,0.0,58.9,11.0,12.666666666666666,0.5205749225357069,0.0,22.0
2025,14,00-0040735,Luther Burden III,WR,CHI,45.0,30.0,20.0,0.0,87.0,7.466666666666666,6.0,0.19800489699425872,0.0,11.0
2025,14,00-0040736,Mason Taylor,TE,NYJ,43.0,24.0,16.0,0.0,85.0,5.3999999999999995,4.333333333333333,0.15839536807278742,0.0,10.1
2025,14,00-0040737,Terrance Ferguson,TE,LA,23.0,6.0,7.0,0.0,45.6,1.4000000000000001,2.3333333333333335,0.07371096586782862,0.0,0.0
2025,14,00-0040739,Elijah Arroyo,TE,SEA,17.0,2.0,6.0,0.0,55.8,0.5,1.6666666666666667,0.05819185645272602,0.0,0.0
2025,14,00-0040743,Tyler Shough,QB,NO,81.0,65.0,77.0,50.0,80.2,16.753333333333334,41.666666666666664,0.19344344344344344,0.0,23.26
2025,14,00-0040782,Isaiah Bond,WR,CLE,18.0,17.0,10.0,0.0,65.5,4.1000000000000005,2.3333333333333335,0.10344189912212352,0.0,0.0
2025,14,00-0040784,Quinshon Judkins,RB,CLE,76.0,42.0,74.0,0.0,76.7,12.166666666666666,20.333333333333332,0.7416542863574186,0.0,9.4
2025,15,00-0023459,Aaron Rodgers,QB,PIT,52.0,48.0,29.0,50.0,57.8,11.86,24.666666666666668,0.073005698005698,0.0,16.96
2025,15,00-0026498,Matthew Stafford,QB,LA,66.0,86.0,6.0,50.0,76.6,21.26,31.666666666666668,0.015873015873015872,0.0,22.92
2025,15,00-0029604,Kirk Cousins,QB,ATL,62.0,49.0,9.0,50.0,68.0,12.1,29.333333333333332,0.022988505747126436,0.0,26.92
2025,15,00-0030035,Adam Thielen,WR,PIT,11.0,4.0,5.0,0.0,58.3,1.0,1.3333333333333333,0.04945286195286195,0.0,1.7
2025,15,00-0030279,Keenan Allen,WR,LAC,37.0,28.0,21.0,0.0,77.9,7.166666666666667,4.666666666666667,0.2061766735679779,0.0,8.6
2025,15,00-0030506,Travis Kelce,TE,KC,64.0,52.0,17.0,0.0,71.1,8.566666666666666,6.0,0.17461297357560582,0.0,14.0
2025,15,00-0030564,DeAndre Hopkins,WR,BAL,18.0,10.0,9.0,0.0,51.1,2.6,2.3333333333333335,0.09343434343434343,0.0,4.2
2025,15,00-0031236,Brandin Cooks,WR,BUF,21.0,15.0,8.0,0.0,65.9,3.7000000000000006,2.6666666666666665,0.08282608695652173,0.0,0.0
2025,15,00-0031381,Davante Adams,WR,LA,50.0,68.0,20.0,0.0,76.0,17.3,6.333333333333333,0.2046758966430061,0.0,11.1
2025,15,00-0031408,Mike Evans,WR,TB,63.0,31.0,23.0,0.0,53.8,7.966666666666666,8.0,0.2319667943805875,0.0,19.2
2025,15,00-0031503,Jameis Winston,QB,NYG,76.0,100.0,36.0,50.0,79.7,24.64,36.0,0.0907557354925776,0.0,0.0
2025,15,00-0031588,Stefon Diggs,WR,NE,47.0,38.0,19.0,0.0,44.9,9.700000000000001,6.0,0.18585858585858586,0.0,5.6
2025,15,00-0031610,Darren Waller,TE,MIA,25.0,19.0,11.0,0.0,35.1,3.1333333333333333,2.3333333333333335,0.10574912891986062,0.0,25.6
2025,15,00-0031687,Raheem Mostert,RB,LV,8.0,7.0,7.0,0.0,39.8,2.2666666666666666,2.0,0.0701058201058201,0.0,1.2
2025,15,00-0032104,Ameer Abdullah,RB,IND,5.0,3.0,4.0,0.0,31.2,0.9666666666666667,1.3333333333333333,0.04209171951107435,0.0,9.7
2025,15,00-0032211,Tyler Lockett,WR,LV,26.0,25.0,10.0,0.0,57.8,6.466666666666666,3.3333333333333335,0.10245310245310246,0.0,3.0
2025,15,00-0032268,Marcus Mariota,QB,WAS,70.0,60.0,68.0,50.0,45.5,14.86,33.333333333333336,0.17039964866051824,0.0,16.74
2025,15,00-0032464,Kalif Raymond,WR,DET,18.0,20.0,7.0,0.0,31.9,5.2,2.3333333333333335,0.06931153641679957,0.0,3.0
2025,15,00-0032764,Derrick Henry,RB,BAL,81.0,49.0,63.0,0.0,76.3,17.133333333333333,20.333333333333332,0.630377302436126,0.0,10.0
2025,15,00-0032775,Demarcus Robinson,WR,SF,13.0,6.0,7.0,0.0,67.3,1.5666666666666664,1.6666666666666667,0.06537619988706946,0.0,5.6
2025,15,00-0033077,Dak Prescott,QB,DAL,93.0,95.0,54.0,50.0,87.6,23.366666666666664,44.333333333333336,0.13389164598842018,0.0,11.96
2025,15,00-0033090,Hunter Henry,TE,NE,79.0,89.0,23.0,0.0,70.4,14.766666666666666,7.333333333333333,0.22828282828282828,0.0,2.8
2025,15,00-0033106,Jared Goff,QB,DET,73.0,76.0,17.0,50.0,74.3,18.653333333333332,35.0,0.04141414141414141,0.0,25.52
2025,15,00-0033119,Jacoby Brissett,QB,ARI,100.0,83.0,79.0,50.0,88.5,20.453333333333333,47.666666666666664,0.19786967418546364,0.0,22.56
2025,15,00-0033280,Christian McCaffrey,RB,SF,99.0,77.0,81.0,0.0,83.0,26.566666666666666,24.666666666666668,0.8092451030408695,0.0,15.7
2025,15,00-0033288,George Kittle,TE,SF,75.0,99.0,27.0,0.0,74.6,16.400000000000002,7.0,0.2704882677708765,0.0,22.8
2025,15,00-0033293,Aaron Jones,RB,MIN,51.0,22.0,55.0,0.0,86.8,7.599999999999999,12.666666666666666,0.5467987411522998,0.0,9.5
2025,15,00-0033307,Kendrick Bourne,WR,SF,11.0,11.0,6.0,0.0,50.8,2.766666666666667,1.3333333333333333,0.056628056628056624,0.0,3.7
2025,15,00-0033319,Nick Mullens,QB,JAX,7.0,0.0,41.0,50.0,76.0,-0.14,3.5,0.10243055555555555,0.0,-0.2
2025,15,00-0033357,Taysom Hill,TE,NO,57.0,7.0,20.0,0.0,40.7,1.0999999999999999,5.333333333333333,0.19536388629525883,0.0,0.2
2025,15,00-0033439,Pharaoh Brown,TE,ARI,0.0,0.0,0.0,0.0,56.8,0.0,0.0,0.0,0.0,2.1
2025,15,00-0033526,Samaje Perine,RB,CIN,32.0,12.0,29.0,0.0,41.3,4.233333333333333,8.0,0.2933102959418749,0.0,5.3
2025,15,00-0033555,Mack Hollins,WR,NE,39.0,27.0,16.0,0.0,79.2,6.900000000000001,5.0,0.15555555555555556,0.0,8.1
2025,15,00-0033576,Eric Saubert,TE,SEA,4.0,4.0,2.0,0.0,31.2,0.7333333333333334,0.3333333333333333,0.016666666666666666,0.0,1.9
2025,15,00-0033591,Noah Brown,WR,WAS,24.0,12.0,10.0,0.0,77.8,3.1666666666666665,3.0,0.10114942528735632,0.0,3.8
2025,15,00-0033854,Dare Ogunbowale,RB,HOU,1.0,6.0,1.0,0.0,31.2,2.1666666666666665,0.3333333333333333,0.01075268817204301,0.0,6.4
2025,15,00-0033857,JuJu Smith-Schuster,WR,KC,13.0,4.0,5.0,0.0,59.2,1.0999999999999999,1.6666666666666667,0.04890904838278535,0.0,0.0
2025,15,00-0033858,Jonnu Smith,TE,PIT,29.0,15.0,9.0,0.0,41.0,2.466666666666667,2.6666666666666665,0.09170972396778848,0.0,10.6
2025,15,00-0033873,Patrick Mahomes,QB,KC,89.0,80.0,63.0,50.0,74.6,19.606666666666666,42.333333333333336,0.1564583561877598,0.0,15.06
2025,15,00-0033881,Evan Engram,TE,DEN,57.0,48.0,14.0,0.0,54.1,8.0,5.333333333333333,0.14005602240896356,0.0,2.2
2025,15,00-0033908,Cooper Kupp,WR,SEA,29.0,28.0,14.0,0.0,75.5,7.099999999999999,3.6666666666666665,0.1446376811594203,0.0,9.6
2025,15,00-0033921,Chris Godwin Jr.,WR,TB,45.0,32.0,20.0,0.0,68.3,8.066666666666666,5.666666666666667,0.20491551459293392,0.0,12.0
2025,15,00-0033923,Kareem Hunt,RB,KC,83.0,38.0,64.0,0.0,65.7,13.333333333333334,20.666666666666668,0.6403154243921715,0.0,3.0
2025,15,00-0033955,Jeremy McNichols,RB,WAS,20.0,11.0,16.0,0.0,55.0,3.7000000000000006,5.0,0.15548008823870893,0.0,3.2
2025,15,00-0034272,Marquez Valdes-Scantling,WR,PIT,18.0,8.0,6.0,0.0,51.9,2.033333333333333,2.3333333333333335,0.06060606060606061,0.0,8.9
2025,15,00-0034348,Courtland Sutton,WR,DEN,63.0,52.0,22.0,0.0,79.6,13.1,8.0,0.22408963585434175,0.0,24.3
2025,15,00-0034351,Dallas Goedert,TE,PHI,57.0,49.0,15.0,0.0,45.5,8.166666666666666,5.333333333333333,0.150682261208577,0.0,25.0
2025,15,00-0034383,Dalton Schultz,TE,HOU,57.0,39.0,18.0,0.0,59.2,6.5,5.333333333333333,0.18033509700176364,0.0,21.6
2025,15,00-0034521,Allen Lazard,WR,NYJ,13.0,5.0,6.0,0.0,44.3,1.3,1.6666666666666667,0.05996691480562449,0.0,1.6
2025,15,00-0034613,Tanner Hudson,TE,CIN,14.0,25.0,3.0,0.0,58.6,4.133333333333334,1.3333333333333333,0.03421469597940186,0.0,4.6
2025,15,00-0034681,Chase Edmonds,RB,WAS,0.0,0.0,0.0,0.0,56.8,0.0,0.0,0.0,0.0,0.0
2025,15,00-0034753,Mark Andrews,TE,BAL,57.0,25.0,19.0,0.0,67.7,4.233333333333333,5.333333333333333,0.18677956030897205,0.0,3.8
2025,15,00-0034796,Lamar Jackson,QB,BAL,77.0,58.0,87.0,50.0,75.2,14.273333333333332,36.666666666666664,0.2178698752228164,0.0,16.6
2025,15,00-0034798,Durham Smythe,TE,CHI,18.0,9.0,6.0,0.0,64.6,1.4666666666666666,1.6666666666666667,0.05873015873015872,0.0,0.0
2025,15,00-0034827,DJ Moore,WR,CHI,42.0,38.0,17.0,0.0,55.6,9.566666666666666,5.333333333333333,0.17266759540695711,0.0,22.9
2025,15,00-0034829,Mike Gesicki,TE,CIN,57.0,64.0,14.0,0.0,65.2,10.666666666666666,5.333333333333333,0.14468211527035058,0.0,2.1
2025,15,00-0034844,Saquon Barkley,RB,PHI,73.0,37.0,82.0,0.0,79.3,12.733333333333333,18.333333333333332,0.8205939685815847,0.0,17.2
2025,15,00-0034854,KhaDarel Hodge,WR,ATL,3.0,0.0,1.0,0.0,41.8,0.0,0.3333333333333333,0.011494252873563218,0.0,0.0
2025,15,00-0034855,Baker Mayfield,QB,TB,65.0,47.0,69.0,50.0,80.5,11.693333333333333,31.0,0.17133313685037824,0.0,19.18
2025,15,00-0034857,Josh Allen,QB,BUF,75.0,90.0,90.0,50.0,74.9,22.22666666666667,35.666666666666664,0.2251803020058598,0.0,24.52
2025,15,00-0034860,Dante Pettis,WR,NO,3.0,3.0,1.0,0.0,31.2,0.7999999999999999,0.3333333333333333,0.007751937984496124,0.0,0.0
2025,15,00-0034869,Sam Darnold,QB,SEA,60.0,64.0,22.0,50.0,62.1,15.68,28.666666666666668,0.055128205128205134,0.0,11.34
2025,15,00-0034960,Jakobi Meyers,WR,JAX,68.0,67.0,30.0,0.0,76.2,17.033333333333335,8.666666666666666,0.29778922739944247,0.0,12.1
2025,15,00-0035208,Olamide Zaccheaus,WR,CHI,18.0,19.0,8.0,0.0,57.3,4.733333333333333,2.3333333333333335,0.07807539682539683,0.0,0.0
2025,15,00-0035229,T.J. Hockenson,TE,MIN,50.0,54.0,20.0,0.0,75.9,9.0,4.666666666666667,0.2031845188516853,0.0,10.6
2025,15,00-0035249,Josh Oliver,TE,MIN,14.0,37.0,6.0,0.0,53.0,6.166666666666665,1.3333333333333333,0.057920692431562,0.0,2.8
2025,15,00-0035250,Devin Singletary,RB,NYG,61.0,40.0,47.0,0.0,76.4,13.866666666666665,15.333333333333334,0.46701607023748587,0.0,2.4
2025,15,00-0035261,Tony Pollard,RB,TEN,71.0,42.0,71.0,0.0,65.2,14.5,17.666666666666668,0.705764411027569,0.0,18.2
2025,15,00-0035289,Gardner Minshew,QB,KC,5.0,0.0,27.0,50.0,74.2,-0.3,2.5,0.06783536585365854,0.0,0.88
2025,15,00-0035291,Trayveon Williams,RB,CLE,8.0,1.0,11.0,0.0,31.2,0.45,2.0,0.11458333333333333,0.0,2.7
2025,15,00-0035359,David Sills,WR,ATL,29.0,25.0,14.0,0.0,69.3,6.366666666666667,3.6666666666666665,0.14062980030721964,0.0,13.8
2025,15,00-0035406,Lil'Jordan Humphrey,WR,DEN,16.0,7.0,6.0,0.0,49.8,1.9000000000000001,2.0,0.05755029284441049,0.0,13.2
2025,15,00-0035535,Darius Slayton,WR,NYG,24.0,37.0,10.0,0.0,69.0,9.433333333333332,3.0,0.10294117647058824,0.0,9.3
2025,15,00-0035537,Ty Johnson,RB,BUF,23.0,19.0,20.0,0.0,84.2,6.533333333333334,5.666666666666667,0.2045889841027199,0.0,5.8
2025,15,00-0035544,Tom Kennedy,WR,DET,16.0,15.0,7.0,0.0,31.2,3.8,2.0,0.07407407407407407,0.0,0.0
2025,15,00-0035631,Drew Sample,TE,CIN,14.0,7.0,4.0,0.0,31.2,1.2333333333333334,1.3333333333333333,0.0350564468211527,0.0,3.2
2025,15,00-0035640,DK Metcalf,WR,PIT,71.0,56.0,30.0,0.0,69.8,14.133333333333333,9.0,0.3020388213936601,0.0,14.5
2025,15,00-0035659,Terry McLaurin,WR,WAS,63.0,58.0,25.0,0.0,61.4,14.700000000000001,8.0,0.24814814814814815,0.0,15.9
2025,15,00-0035676,A.J. Brown,WR,PHI,92.0,100.0,34.0,0.0,82.1,25.400000000000002,11.666666666666666,0.33996101364522424,0.0,12.1
2025,15,00-0035685,David Montgomery,RB,DET,33.0,32.0,32.0,0.0,83.6,11.266666666666666,8.333333333333334,0.3248911488017317,0.0,9.2
2025,15,00-0035689,Dawson Knox,TE,BUF,54.0,52.0,19.0,0.0,65.6,8.6,5.0,0.18605743424584,0.0,18.7
2025,15,00-0035700,Josh Jacobs,RB,GB,64.0,30.0,60.0,0.0,62.9,10.433333333333335,16.0,0.6005615141147375,0.0,23.2
2025,15,00-0035719,Deebo Samuel Sr.,WR,WAS,63.0,51.0,27.0,0.0,74.8,12.833333333333334,8.0,0.27410890514338787,0.0,7.3
2025,15,00-0035876,Andre Baccellia,WR,ARI,11.0,4.0,3.0,0.0,34.4,0.9333333333333332,1.3333333333333333,0.028679653679653676,0.0,0.0
2025,15,00-0035993,Tyler Huntley,QB,BAL,50.0,47.0,62.0,50.0,67.1,11.680000000000001,24.0,0.15482625482625484,0.0,-0.3
2025,15,00-0036040,Juwan Johnson,TE,NO,71.0,55.0,21.0,0.0,81.4,9.1,6.666666666666667,0.20916552667578658,0.0,7.0
2025,15,00-0036133,James Proche,WR,TEN,13.0,12.0,5.0,0.0,45.4,3.1666666666666665,1.6666666666666667,0.04917293233082707,0.0,0.0
2025,15,00-0036139,Rico Dowdle,RB,CAR,75.0,35.0,69.0,0.0,77.8,12.1,18.666666666666668,0.6929258395925063,0.0,12.4
2025,15,00-0036165,Isaiah Hodgins,WR,NYG,34.0,32.0,14.0,0.0,52.2,8.1,4.333333333333333,0.1416779355420329,0.0,1.4
2025,15,00-0036182,Nick Westbrook-Ikhine,WR,MIA,3.0,2.0,2.0,0.0,31.2,0.5666666666666667,0.3333333333333333,0.015873015873015872,0.0,0.0
2025,15,00-0036187,Reggie Gilliam,RB,BUF,1.0,1.0,1.0,0.0,31.2,0.39999999999999997,0.3333333333333333,0.010416666666666666,0.0,0.0
2025,15,00-0036212,Tua Tagovailoa,QB,MIA,48.0,31.0,20.0,50.0,74.1,7.533333333333334,23.0,0.049796747967479675,0.0,18.22
2025,15,00-0036223,Jonathan Taylor,RB,IND,88.0,36.0,95.0,0.0,85.0,12.366666666666667,22.0,0.9532050808864864,0.0,13.1
2025,15,00-0036244,Colby Parkinson,TE,LA,50.0,66.0,15.0,0.0,82.5,11.0,4.666666666666667,0.15470752219645326,0.0,24.5
2025,15,00-0036252,Michael Pittman,WR,IND,63.0,43.0,25.0,0.0,61.4,10.966666666666667,8.0,0.2504659498207885,0.0,5.6
2025,15,00-0036259,Jauan Jennings,WR,SF,50.0,50.0,26.0,0.0,88.3,12.799999999999999,6.333333333333333,0.2551112836438923,0.0,18.7
2025,15,00-0036264,Jordan Love,QB,GB,59.0,73.0,37.0,50.0,67.0,18.026666666666667,28.333333333333332,0.09218559218559219,0.0,17.94
2025,15,00-0036275,D'Andre Swift,RB,CHI,61.0,35.0,45.0,0.0,66.4,11.966666666666667,15.333333333333334,0.4493063998649105,0.0,22.6
2025,15,00-0036290,Cole Kmet,TE,CHI,25.0,40.0,8.0,0.0,54.9,6.7,2.3333333333333335,0.07807539682539683,0.0,4.8
2025,15,00-0036309,Darnell Mooney,WR,ATL,32.0,30.0,15.0,0.0,64.2,7.5,4.0,0.1513824884792627,0.0,6.5
2025,15,00-0036322,Justin Jefferson,WR,MIN,42.0,19.0,24.0,0.0,67.0,4.766666666666667,5.333333333333333,0.23804764284524405,0.0,4.2
2025,15,00-0036331,Devin Duvernay,WR,CHI,3.0,4.0,1.0,0.0,31.2,1.1333333333333333,0.3333333333333333,0.011904761904761904,0.0,0.0
2025,15,00-0036355,Justin Herbert,QB,LAC,56.0,49.0,69.0,50.0,68.5,12.113333333333332,26.666666666666668,0.17347511219910242,0.0,12.4
2025,15,00-0036358,CeeDee Lamb,WR,DAL,74.0,71.0,24.0,0.0,80.4,17.933333333333334,9.333333333333334,0.2425805744954681,0.0,17.1
2025,15,00-0036389,Jalen Hurts,QB,PHI,90.0,83.0,100.0,50.0,75.3,20.52,42.666666666666664,0.26139433551198255,0.0,22.9
2025,15,00-0036407,Jerry Jeudy,WR,CLE,32.0,36.0,16.0,0.0,70.2,9.033333333333333,4.0,0.15738621917111617,0.0,4.2
2025,15,00-0036415,Van Jefferson,WR,TEN,24.0,14.0,10.0,0.0,62.6,3.5999999999999996,3.0,0.10020050125313285,0.0,5.3
2025,15,00-0036429,Charlie Woerner,TE,ATL,18.0,16.0,7.0,0.0,39.0,2.6,1.6666666666666667,0.0725925925925926,0.0,3.2
2025,15,00-0036442,Joe Burrow,QB,CIN,69.0,73.0,12.0,50.0,53.0,17.88,32.666666666666664,0.030303030303030304,0.0,9.5
2025,15,00-0036554,Nico Collins,WR,HOU,58.0,60.0,25.0,0.0,65.3,15.366666666666667,7.333333333333333,0.24845030604834525,0.0,23.5
2025,15,00-0036555,Chuba Hubbard,RB,CAR,44.0,31.0,38.0,0.0,54.8,10.833333333333334,11.0,0.37736639903306574,0.0,4.8
2025,15,00-0036590,Quintin Morris,TE,JAX,7.0,5.0,3.0,0.0,31.2,0.7999999999999999,0.6666666666666666,0.02666666666666667,0.0,4.0
2025,15,00-0036613,Jaylen Waddle,WR,MIA,55.0,44.0,34.0,0.0,78.3,11.1,7.0,0.33590785907859083,0.0,4.6
2025,15,00-0036620,Dee Eskridge,WR,MIA,3.0,0.0,1.0,0.0,41.8,0.0,0.3333333333333333,0.009009009009009009,0.0,0.0
2025,15,00-0036626,Dyami Brown,WR,JAX,26.0,8.0,11.0,0.0,31.2,1.9666666666666668,3.3333333333333335,0.1082878474182822,0.0,0.4
2025,15,00-0036628,John Bates,TE,WAS,14.0,9.0,5.0,0.0,34.3,1.5,1.3333333333333333,0.04511784511784512,0.0,2.9
2025,15,00-0036630,Tylan Wallace,WR,BAL,5.0,0.0,3.0,0.0,46.0,0.0,0.6666666666666666,0.03,0.0,0.0
2025,15,00-0036741,Jack Stoll,TE,NO,11.0,3.0,3.0,0.0,62.6,0.5666666666666667,1.0,0.03108527131782946,0.0,1.7
2025,15,00-0036849,Tutu Atwell,WR,LA,18.0,33.0,6.0,0.0,47.6,8.333333333333334,2.3333333333333335,0.055753184014053575,0.0,1.9
2025,15,00-0036862,Ben Skowronek,WR,PIT,8.0,7.0,4.0,0.0,69.9,1.8,1.0,0.036005213424568264,0.0,0.0
2025,15,00-0036875,Rhamondre Stevenson,RB,NE,52.0,18.0,42.0,0.0,65.2,6.3,13.0,0.4183013576300804,0.0,10.7
2025,15,00-0036876,Kylen Granson,TE,PHI,7.0,3.0,2.0,0.0,31.2,0.4666666666666666,0.6666666666666666,0.024691358024691357,0.0,0.0
2025,15,00-0036894,Pat Freiermuth,TE,PIT,25.0,33.0,7.0,0.0,55.9,5.566666666666666,2.3333333333333335,0.07405534769272255,0.0,7.5
2025,15,00-0036900,Ja'Marr Chase,WR,CIN,87.0,45.0,28.0,0.0,76.0,11.4,11.0,0.2831486252538884,0.0,23.2
2025,15,00-0036906,Khalil Herbert,RB,NYJ,0.0,0.0,0.0,0.0,56.8,0.0,0.0,0.0,0.0,0.5
2025,15,00-0036912,DeVonta Smith,WR,PHI,71.0,43.0,26.0,0.0,81.7,10.799999999999999,9.0,0.26091617933723193,0.0,7.0
2025,15,00-0036919,Kenny Gainwell,RB,PIT,47.0,39.0,45.0,0.0,76.7,13.633333333333333,11.666666666666666,0.45184176635789536,0.0,19.6
2025,15,00-0036924,Michael Carter,RB,ARI,35.0,24.0,35.0,0.0,79.2,8.433333333333334,8.666666666666666,0.3485774177993857,0.0,13.4
2025,15,00-0036959,Michael Bandy,WR,DEN,4.0,5.0,1.0,0.0,31.2,1.3,0.5,0.014705882352941176,0.0,9.0
2025,15,00-0036963,Amon-Ra St. Brown,WR,DET,61.0,59.0,22.0,0.0,39.8,15.033333333333331,7.666666666666667,0.22315496028003104,0.0,41.4
2025,15,00-0036970,Kyle Pitts,TE,ATL,82.0,70.0,29.0,0.0,72.7,11.566666666666668,7.666666666666667,0.2884024577572965,0.0,45.6
2025,15,00-0036971,Trevor Lawrence,QB,JAX,69.0,87.0,55.0,50.0,88.8,21.386666666666667,33.0,0.13822751322751323,0.0,44.3
2025,15,00-0036973,Travis Etienne,RB,JAX,71.0,45.0,60.0,0.0,74.0,15.633333333333333,17.666666666666668,0.6035833760027308,0.0,31.5
2025,15,00-0036988,Josh Palmer,WR,BUF,29.0,21.0,12.0,0.0,70.1,5.266666666666667,3.6666666666666665,0.12286324786324786,0.0,2.6
2025,15,00-0036997,Javonte Williams,RB,DAL,85.0,42.0,75.0,0.0,91.8,14.6,21.333333333333332,0.7530808424253861,0.0,15.1
2025,15,00-0037005,Tommy Tremble,TE,CAR,18.0,15.0,7.0,0.0,55.5,2.5333333333333337,1.6666666666666667,0.06602870813397128,0.0,3.3
2025,15,00-0037085,Tyler Badie,RB,DEN,15.0,9.0,11.0,0.0,54.9,2.966666666666667,3.6666666666666665,0.10526739431404745,0.0,1.1
2025,15,00-0037086,Grant Calcaterra,TE,PHI,14.0,11.0,4.0,0.0,55.5,1.8666666666666665,1.3333333333333333,0.04177003090046568,0.0,1.4
2025,15,00-0037091,Bo Melton,WR,GB,16.0,19.0,8.0,0.0,52.5,4.8999999999999995,2.0,0.07719473596535066,0.0,0.0
2025,15,00-0037120,Tyler Goodson,RB,IND,1.0,0.0,1.0,0.0,31.2,0.13333333333333333,0.3333333333333333,0.008130081300813009,0.0,0.0
2025,15,00-0037132,Britain Covey,WR,PHI,0.0,0.0,0.0,0.0,56.8,0.0,0.0,0.0,0.0,0.0
2025,15,00-0037157,Bam Knight,RB,ARI,56.0,37.0,64.0,0.0,82.9,12.799999999999997,14.0,0.6350292460132277,0.0,-0.2
2025,15,00-0037197,Isiah Pacheco,RB,KC,35.0,14.0,30.0,0.0,74.7,4.7,8.666666666666666,0.30109320339830087,0.0,2.1
2025,15,00-0037228,Jaylen Warren,RB,PIT,57.0,39.0,61.0,0.0,87.1,13.466666666666669,14.333333333333334,0.6141895141895142,0.0,7.8
2025,15,00-0037231,Kevin Austin Jr.,WR,NO,8.0,0.0,2.0,0.0,56.8,0.0,1.0,0.024390243902439025,0.0,6.3
2025,15,00-0037239,Chris Olave,WR,NO,66.0,48.0,25.0,0.0,71.1,12.233333333333334,8.333333333333334,0.25273597811217513,0.0,20.5
2025,15,00-0037240,Jameson Williams,WR,DET,63.0,58.0,27.0,0.0,49.2,14.733333333333334,8.0,0.27280939940815435,0.0,26.4
2025,15,00-0037247,George Pickens,WR,DAL,82.0,70.0,27.0,0.0,71.3,17.7,10.333333333333334,0.26666119006544536,0.0,6.3
2025,15,00-0037248,James Cook,RB,BUF,100.0,54.0,75.0,0.0,82.3,18.566666666666666,25.0,0.7515776085268913,0.0,31.1
2025,15,00-0037252,Greg Dulcich,TE,MIA,32.0,31.0,15.0,0.0,75.8,5.1000000000000005,3.0,0.14761904761904762,0.0,6.6
2025,15,00-0037256,Rachaad White,RB,TB,35.0,17.0,27.0,0.0,79.9,5.866666666666667,8.666666666666666,0.27373043413829473,0.0,3.6
2025,15,00-0037261,Khalil Shakir,WR,BUF,45.0,40.0,20.0,0.0,49.5,10.033333333333333,5.666666666666667,0.1991747181964573,0.0,11.5
2025,15,00-0037263,Tyler Allgeier,RB,ATL,48.0,27.0,40.0,0.0,80.5,9.366666666666667,12.0,0.40152550452884156,0.0,1.8
2025,15,00-0037291,Jalen Nailor,WR,MIN,13.0,8.0,7.0,0.0,43.0,2.0,1.6666666666666667,0.07349103226164695,0.0,19.5
2025,15,00-0037306,John FitzPatrick,TE,GB,14.0,11.0,6.0,0.0,54.1,1.8333333333333333,1.3333333333333333,0.056352775992955906,0.0,4.8
2025,15,00-0037329,Brittain Brown,RB,CHI,24.0,28.0,16.0,0.0,56.8,9.7,6.0,0.1645468998410175,0.0,0.0
2025,15,00-0037475,Stone Smartt,TE,NYJ,4.0,0.0,1.0,0.0,41.8,0.0,0.3333333333333333,0.01075268817204301,0.0,0.0
2025,15,00-0037487,Deven Thompkins,WR,ATL,11.0,8.0,4.0,0.0,31.2,2.0666666666666664,1.3333333333333333,0.043826804915514585,0.0,0.0
2025,15,00-0037525,Jordan Mason,RB,MIN,35.0,20.0,38.0,0.0,76.5,7.066666666666666,8.666666666666666,0.3776707234617985,0.0,2.9
2025,15,00-0037545,Rashid Shaheed,WR,SEA,32.0,18.0,15.0,0.0,63.0,4.6,4.0,0.15278381642512076,0.0,12.1
2025,15,00-0037557,Ronnie Rivers,RB,LA,16.0,6.0,11.0,0.0,31.2,2.05,4.0,0.1111111111111111,0.0,0.0
2025,15,00-0037563,Malik Davis,RB,DAL,12.0,13.0,11.0,0.0,69.2,4.566666666666666,3.0,0.11238626964433417,0.0,11.7
2025,15,00-0037594,Julius Chestnut,RB,TEN,3.0,0.0,3.0,0.0,31.2,0.09999999999999999,0.6666666666666666,0.030303030303030304,0.0,0.0
2025,15,00-0037614,John Metchie III,WR,NYJ,63.0,41.0,27.0,0.0,76.3,10.533333333333333,8.0,0.2736913624010398,0.0,6.9
2025,15,00-0037664,Alec Pierce,WR,IND,39.0,45.0,16.0,0.0,58.1,11.466666666666667,5.0,0.16224611708482675,0.0,2.6
2025,15,00-0037742,Treylon Burks,WR,WAS,21.0,21.0,9.0,0.0,52.7,5.433333333333334,2.6666666666666665,0.09175084175084175,0.0,0.0
2025,15,00-0037744,Trey McBride,TE,ARI,100.0,100.0,22.0,0.0,86.6,16.633333333333333,9.333333333333334,0.22172666737884128,0.0,37.4
2025,15,00-0037746,Brian Robinson,RB,SF,35.0,10.0,28.0,0.0,79.8,3.466666666666667,8.666666666666666,0.28420434320319904,0.0,2.1
2025,15,00-0037801,KaVontae Turpin,WR,DAL,32.0,25.0,13.0,0.0,80.7,6.433333333333333,4.0,0.125105837923271,0.0,3.2
2025,15,00-0037805,Jeremy Ruckert,TE,NYJ,36.0,27.0,12.0,0.0,68.5,4.466666666666666,3.3333333333333335,0.11786600496277916,0.0,3.3
2025,15,00-0037809,Chig Okonkwo,TE,TEN,39.0,36.0,11.0,0.0,76.2,5.966666666666666,3.6666666666666665,0.1093734335839599,0.0,7.3
2025,15,00-0037816,Romeo Doubs,WR,GB,24.0,21.0,12.0,0.0,59.0,5.433333333333334,3.0,0.1225815663596773,0.0,5.6
2025,15,00-0037834,Brock Purdy,QB,SF,67.0,67.0,34.0,50.0,77.8,16.58,32.0,0.08616693248272195,0.0,28.2
2025,15,00-0037837,Calvin Austin III,WR,PIT,24.0,15.0,10.0,0.0,49.1,3.9,3.0,0.10426849136526556,0.0,0.0
2025,15,00-0037840,Kyren Williams,RB,LA,56.0,35.0,58.0,0.0,79.7,12.233333333333333,14.0,0.5809008694341095,0.0,21.8
2025,15,00-0038041,Jake Ferguson,TE,DAL,71.0,61.0,17.0,0.0,90.5,10.166666666666666,6.666666666666667,0.1715949894398762,0.0,3.6
2025,15,00-0038046,Charlie Kolar,TE,BAL,7.0,11.0,2.0,0.0,38.9,1.8666666666666665,0.6666666666666666,0.02121212121212121,0.0,0.0
2025,15,00-0038090,Skyy Moore,WR,SF,0.0,0.0,0.0,0.0,56.8,0.0,0.0,0.0,0.0,0.0
2025,15,00-0038102,Kenny Pickett,QB,LV,11.0,12.0,23.0,50.0,33.0,2.9333333333333336,5.333333333333333,0.05808080808080809,0.0,3.26
2025,15,00-0038104,Tyquan Thornton,WR,KC,11.0,5.0,4.0,0.0,31.2,1.3,1.3333333333333333,0.04223469660518578,0.0,6.7
2025,15,00-0038115,Daniel Bellinger,TE,NYG,18.0,4.0,5.0,0.0,58.0,0.6,1.6666666666666667,0.051935429344151456,0.0,6.5
2025,15,00-0038117,Wan'Dale Robinson,WR,NYG,84.0,64.0,36.0,0.0,65.5,16.2,10.666666666666666,0.3603612974809729,0.0,16.4
2025,15,00-0038120,Breece Hall,RB,NYJ,75.0,34.0,79.0,0.0,78.1,11.933333333333335,18.666666666666668,0.7893686010384302,0.0,5.7
2025,15,00-0038124,Christian Watson,WR,GB,58.0,70.0,30.0,0.0,69.3,17.7,7.333333333333333,0.295135765450608,0.0,5.9
2025,15,00-0038134,Kenneth Walker III,RB,SEA,60.0,26.0,59.0,0.0,77.7,9.1,15.0,0.5915928093645485,0.0,2.9
2025,15,00-0038359,Xavier Smith,WR,LA,16.0,19.0,7.0,0.0,50.1,4.866666666666666,2.0,0.0724810832337714,0.0,0.0
2025,15,00-0038393,Dontayvion Wicks,WR,GB,37.0,46.0,18.0,0.0,46.6,11.700000000000001,4.666666666666667,0.1817296113847838,0.0,1.6
2025,15,00-0038397,Evan Hull,RB,NO,14.0,5.0,13.0,0.0,73.7,1.75,3.5,0.13321759259259258,0.0,1.2
2025,15,00-0038400,Tanner McKee,QB,PHI,6.0,0.0,36.0,50.0,56.8,-0.2,3.0,0.09090909090909091,0.0,2.22
2025,15,00-0038454,Keaton Mitchell,RB,BAL,19.0,21.0,15.0,0.0,70.3,7.199999999999999,4.666666666666667,0.14991087344028522,0.0,6.6
2025,15,00-0038488,Brady Russell,RB,SEA,0.0,0.0,0.0,0.0,56.8,0.0,0.0,0.0,0.0,0.0
2025,15,00-0038519,Nikko Remigio,WR,KC,0.0,0.0,0.0,0.0,56.8,0.0,0.0,0.0,0.0,0.0
2025,15,00-0038542,Bijan Robinson,RB,ATL,91.0,52.0,75.0,0.0,71.0,18.13333333333333,22.666666666666668,0.7479683113512369,0.0,31.5
2025,15,00-0038543,Jaxon Smith-Njigba,WR,SEA,68.0,91.0,33.0,0.0,59.8,23.166666666666668,8.666666666666666,0.33190263842437756,0.0,18.3
2025,15,00-0038547,Luke Schoonmaker,TE,DAL,14.0,7.0,3.0,0.0,56.5,1.1,1.3333333333333333,0.0327172156959391,0.0,3.9
2025,15,00-0038555,Tank Bigsby,RB,PHI,8.0,4.0,7.0,0.0,42.1,1.5333333333333332,2.0,0.0651851851851852,0.0,5.7
2025,15,00-0038558,Darnell Washington,TE,PIT,25.0,26.0,9.0,0.0,55.0,4.3,2.3333333333333335,0.09221244705115672,0.0,5.5
2025,15,00-0038559,Michael Wilson,WR,ARI,100.0,86.0,29.0,0.0,64.5,21.86666666666667,12.666666666666666,0.2929708364490973,0.0,16.4
2025,15,00-0038563,Tre Tucker,WR,LV,47.0,20.0,18.0,0.0,76.1,5.066666666666666,6.0,0.18434343434343434,0.0,0.0
2025,15,00-0038576,Charlie Jones,WR,CIN,3.0,0.0,1.0,0.0,41.8,0.0,0.3333333333333333,0.00980392156862745,0.0,0.0
2025,15,00-0038597,Chase Brown,RB,CIN,81.0,50.0,77.0,0.0,88.0,17.266666666666666,20.333333333333332,0.7666868124870548,0.0,16.0
2025,15,00-0038606,Parker Washington,WR,JAX,32.0,34.0,15.0,0.0,47.2,8.566666666666668,4.0,0.14808080808080806,0.0,8.3
2025,15,00-0038608,Kayshon Boutte,WR,NE,21.0,22.0,9.0,0.0,39.0,5.666666666666667,2.6666666666666665,0.08766233766233766,0.0,4.0
2025,15,00-0038618,Xavier Hutchinson,WR,HOU,21.0,9.0,9.0,0.0,41.0,2.266666666666667,2.6666666666666665,0.0895952041785375,0.0,2.6
2025,15,00-0038619,Andrei Iosivas,WR,CIN,34.0,32.0,13.0,0.0,53.6,8.066666666666668,4.333333333333333,0.1260494975328735,0.0,0.0
2025,15,00-0038621,DeMario Douglas,WR,NE,24.0,24.0,10.0,0.0,84.8,6.166666666666667,3.0,0.09683574092176243,0.0,0.5
2025,15,00-0038640,Jalen Brooks,WR,ARI,12.0,10.0,3.0,0.0,31.2,2.6,1.5,0.03409090909090909,0.0,2.9
2025,15,00-0038685,Chris Brooks,RB,GB,16.0,8.0,12.0,0.0,49.6,2.6999999999999997,4.0,0.1168463387353942,0.0,2.6
2025,15,00-0038705,Emari Demercado,RB,ARI,41.0,25.0,40.0,0.0,69.0,8.733333333333333,10.333333333333334,0.39759259980399414,0.0,2.1
2025,15,00-0038720,Julian Hill,TE,MIA,14.0,7.0,6.0,0.0,58.0,1.1666666666666667,1.3333333333333333,0.05555555555555556,0.0,4.5
2025,15,00-0038738,Hunter Luepke,RB,DAL,7.0,8.0,5.0,0.0,31.2,2.933333333333333,1.6666666666666667,0.05152649769585254,0.0,5.0
2025,15,00-0038794,Jaleel McLaughlin,RB,DEN,25.0,16.0,26.0,0.0,76.8,5.5,6.333333333333333,0.2596685487152019,0.0,0.4
2025,15,00-0038797,Emanuel Wilson,RB,GB,49.0,28.0,34.0,0.0,31.2,9.633333333333333,12.333333333333334,0.33687423687423684,0.0,0.3
2025,15,00-0038839,Mitchell Tinsley,WR,CIN,45.0,25.0,14.0,0.0,55.9,6.266666666666667,5.666666666666667,0.1418201624083977,0.0,2.6
2025,15,00-0038840,Brycen Tremayne,WR,CAR,5.0,5.0,2.0,0.0,31.2,1.2333333333333334,0.6666666666666666,0.015151515151515152,0.0,0.0
2025,15,00-0038933,Dalton Kincaid,TE,BUF,50.0,84.0,17.0,0.0,66.3,13.966666666666669,4.666666666666667,0.16736942070275404,0.0,6.4
2025,15,00-0038935,Brenton Strange,TE,JAX,54.0,67.0,17.0,0.0,80.6,11.166666666666666,5.0,0.17340501792114693,0.0,3.6
2025,15,00-0038938,Jalin Hyatt,WR,NYG,13.0,5.0,6.0,0.0,31.2,1.2666666666666666,1.6666666666666667,0.056078021595262977,0.0,0.0
2025,15,00-0038951,Sean Tucker,RB,TB,31.0,14.0,24.0,0.0,39.4,4.833333333333333,7.666666666666667,0.24395682868059584,0.0,6.7
2025,15,00-0038953,Dylan Drummond,WR,ATL,29.0,15.0,14.0,0.0,70.5,3.733333333333333,3.6666666666666665,0.14178187403993855,0.0,0.0
2025,15,00-0038976,Marvin Mims Jr.,WR,DEN,16.0,7.0,7.0,0.0,54.4,1.866666666666667,2.0,0.06819572133973756,0.0,7.7
2025,15,00-0038994,Jordan Addison,WR,MIN,47.0,25.0,23.0,0.0,45.0,6.266666666666666,6.0,0.23491032261646957,0.0,8.6
2025,15,00-0038997,Josh Downs,WR,IND,45.0,21.0,19.0,0.0,81.9,5.233333333333333,5.666666666666667,0.19081242532855436,0.0,10.3
2025,15,00-0039032,Tyjae Spears,RB,TEN,37.0,21.0,32.0,0.0,86.0,7.2,9.333333333333334,0.3235999088630667,0.0,5.6
2025,15,00-0039040,De'Von Achane,RB,MIA,76.0,56.0,63.0,0.0,74.5,19.466666666666665,19.0,0.6277567032582768,0.0,18.7
2025,15,00-0039041,Elijah Higgins,TE,ARI,11.0,9.0,3.0,0.0,31.2,1.5666666666666667,1.0,0.025593775593775597,0.0,1.3
2025,15,00-0039062,Jonathan Mingo,WR,DAL,8.0,0.0,2.0,0.0,56.8,0.0,1.0,0.02127659574468085,0.0,3.5
2025,15,00-0039064,Zay Flowers,WR,BAL,71.0,46.0,32.0,0.0,66.2,11.700000000000001,9.0,0.3168300653594771,0.0,15.8
2025,15,00-0039066,Michael Mayer,TE,LV,32.0,24.0,10.0,0.0,63.4,3.9666666666666663,3.0,0.09545787545787547,0.0,0.0
2025,15,00-0039067,Rashee Rice,WR,KC,87.0,77.0,32.0,0.0,72.8,19.633333333333333,11.0,0.3244700324256476,0.0,12.1
2025,15,00-0039074,Davis Allen,TE,LA,25.0,23.0,7.0,0.0,57.0,3.8000000000000003,2.3333333333333335,0.0730667416309415,0.0,4.6
2025,15,00-0039075,Puka Nacua,WR,LA,82.0,86.0,34.0,0.0,80.0,21.86666666666667,10.333333333333334,0.3372338182584862,0.0,27.9
2025,15,00-0039139,Jahmyr Gibbs,RB,DET,93.0,100.0,88.0,0.0,73.8,34.666666666666664,23.333333333333332,0.8839550951888246,0.0,9.8
2025,15,00-0039144,Luke Musgrave,TE,GB,25.0,18.0,10.0,0.0,60.2,3.0666666666666664,2.3333333333333335,0.1012112991123486,0.0,9.2
2025,15,00-0039146,Jayden Reed,WR,GB,43.0,45.0,24.0,0.0,89.2,11.4,5.5,0.23905442383703251,0.0,10.5
2025,15,00-0039150,Bryce Young,QB,CAR,73.0,87.0,63.0,50.0,66.0,21.540000000000003,34.666666666666664,0.15756410256410255,0.0,15.42
2025,15,00-0039163,C.J. Stroud,QB,HOU,57.0,38.0,22.0,50.0,67.3,9.339999999999998,27.0,0.05511882172223728,0.0,23.4
2025,15,00-0039165,Zach Charbonnet,RB,SEA,40.0,28.0,37.0,0.0,82.5,9.766666666666666,10.0,0.36891025641025643,0.0,3.1
2025,15,00-0039338,Brock Bowers,TE,LV,64.0,97.0,19.0,0.0,77.0,16.133333333333333,6.0,0.19155844155844157,0.0,8.8
2025,15,00-0039342,Xavier Legette,WR,CAR,39.0,32.0,16.0,0.0,51.5,8.200000000000001,5.0,0.15566778900112235,0.0,5.9
2025,15,00-0039356,Ja'Tavion Sanders,TE,CAR,18.0,16.0,4.0,0.0,31.2,2.6,1.6666666666666667,0.04264870931537598,0.0,2.5
2025,15,00-0039359,Cade Stover,TE,HOU,43.0,20.0,13.0,0.0,53.5,3.3666666666666667,4.0,0.13324125946674967,0.0,5.2
2025,15,00-0039361,Bucky Irving,RB,TB,76.0,57.0,64.0,0.0,85.4,19.900000000000002,19.0,0.6355053588386922,0.0,8.1
2025,15,00-0039364,Sione Vaki,RB,DET,1.0,0.0,1.0,0.0,31.2,0.13333333333333333,0.3333333333333333,0.010101010101010102,0.0,0.0
2025,15,00-0039373,Audric Estimé,RB,NO,12.0,3.0,9.0,0.0,56.8,1.1,3.0,0.09375,0.0,8.0
2025,15,00-0039376,Spencer Rattler,QB,NO,62.0,49.0,66.0,50.0,76.5,12.08,29.333333333333332,0.16385336743393009,0.0,0.0
2025,15,00-0039384,Tyrone Tracy Jr.,RB,NYG,77.0,37.0,56.0,0.0,70.1,12.733333333333334,19.333333333333332,0.5648935524696174,0.0,24.7
2025,15,00-0039391,Kimani Vidal,RB,LAC,67.0,34.0,51.0,0.0,60.0,11.766666666666667,16.666666666666668,0.5079011883432882,0.0,5.8
2025,15,00-0039407,Dylan Laube,RB,LV,0.0,0.0,0.0,0.0,56.8,0.0,0.0,0.0,0.0,0.4
2025,15,00-0039410,Ryan Flournoy,WR,DAL,45.0,43.0,13.0,0.0,31.2,10.966666666666667,5.666666666666667,0.12874941811112026,0.0,8.0
2025,15,00-0039424,Devaughn Vele,WR,NO,53.0,49.0,22.0,0.0,67.9,12.333333333333334,6.666666666666667,0.2160282717738258,0.0,11.9
2025,15,00-0039451,Isaiah Williams,WR,NYJ,11.0,6.0,4.0,0.0,31.2,1.4666666666666668,1.3333333333333333,0.04301075268817204,0.0,11.3
2025,15,00-0039458,Brenden Bates,TE,CLE,21.0,26.0,6.0,0.0,56.8,4.3,2.0,0.06451612903225806,0.0,0.0
2025,15,00-0039491,Jalen Coker,WR,CAR,37.0,43.0,18.0,0.0,68.4,10.933333333333332,4.666666666666667,0.179685746352413,0.0,16.0
2025,15,00-0039530,Brevyn Spann-Ford,TE,DAL,7.0,18.0,2.0,0.0,35.4,3.033333333333333,0.6666666666666666,0.016616008105369808,0.0,0.0
2025,15,00-0039589,Kameron Johnson,WR,TB,3.0,0.0,1.0,0.0,41.8,0.0,0.3333333333333333,0.011904761904761904,0.0,0.0
2025,15,00-0039603,British Brooks,RB,HOU,3.0,0.0,2.0,0.0,41.8,0.0,0.6666666666666666,0.023809523809523808,0.0,0.0
2025,15,00-0039623,Mason Tipton,WR,NO,26.0,15.0,9.0,0.0,38.4,3.733333333333333,3.3333333333333335,0.09447387912960188,0.0,1.1
2025,15,00-0039648,David Martin-Robinson,TE,TEN,4.0,3.0,1.0,0.0,31.2,0.5333333333333333,0.3333333333333333,0.013333333333333334,0.0,0.0
2025,15,00-0039686,Colson Yankoff,TE,WAS,11.0,8.0,4.0,0.0,65.6,1.2666666666666666,1.0,0.03556832694763729,0.0,0.0
2025,15,00-0039732,Bo Nix,QB,DEN,90.0,64.0,45.0,50.0,87.9,15.673333333333334,42.666666666666664,0.11240483654276757,0.0,29.08
2025,15,00-0039738,Blake Corum,RB,LA,36.0,41.0,36.0,0.0,65.3,14.200000000000001,9.0,0.3557819279381249,0.0,13.1
2025,15,00-0039746,Will Shipley,RB,PHI,3.0,3.0,2.0,0.0,37.0,1.1333333333333335,0.6666666666666666,0.019883040935672513,0.0,0.0
2025,15,00-0039751,Jordan Whittington,WR,LA,13.0,8.0,5.0,0.0,44.5,2.066666666666667,1.6666666666666667,0.05251013189027104,0.0,0.0
2025,15,00-0039754,Devin Culp,TE,TB,0.0,0.0,0.0,0.0,56.8,0.0,0.0,0.0,0.0,7.6
2025,15,00-0039793,AJ Barner,TE,SEA,50.0,34.0,18.0,0.0,78.1,5.733333333333333,4.666666666666667,0.18065821256038647,0.0,5.7
2025,15,00-0039796,Rasheen Ali,RB,BAL,12.0,7.0,11.0,0.0,65.8,2.5,3.0,0.11257575757575757,0.0,11.2
2025,15,00-0039798,Isaiah Davis,RB,NYJ,9.0,3.0,10.0,0.0,45.4,0.9666666666666668,2.3333333333333335,0.1012504257286041,0.0,13.5
2025,15,00-0039847,Theo Johnson,TE,NYG,61.0,46.0,21.0,0.0,72.0,7.733333333333334,5.666666666666667,0.2061077304485012,0.0,10.2
2025,15,00-0039851,Drake Maye,QB,NE,80.0,73.0,69.0,50.0,91.5,17.959999999999997,38.333333333333336,0.17211167415097708,0.0,22.5
2025,15,00-0039868,Troy Franklin,WR,DEN,39.0,27.0,14.0,0.0,56.6,6.866666666666667,5.0,0.14145658263305322,0.0,20.8
2025,15,00-0039874,Jaylen Wright,RB,MIA,41.0,18.0,28.0,0.0,31.2,6.233333333333333,10.333333333333334,0.2847436870106028,0.0,2.1
2025,15,00-0039875,Ray Davis,RB,BUF,12.0,6.0,6.0,0.0,31.2,2.066666666666667,3.0,0.05882352941176471,0.0,2.3
2025,15,00-0039880,Malik Washington,WR,MIA,32.0,24.0,20.0,0.0,80.6,6.066666666666666,4.0,0.19682539682539682,0.0,2.0
2025,15,00-0039890,Adonai Mitchell,WR,NYJ,66.0,44.0,28.0,0.0,56.4,11.266666666666666,8.333333333333334,0.2832919768403639,0.0,17.4
2025,15,00-0039893,Brian Thomas Jr.,WR,JAX,37.0,33.0,16.0,0.0,75.5,8.333333333333334,4.666666666666667,0.15502117953730857,0.0,17.1
2025,15,00-0039894,Xavier Worthy,WR,KC,53.0,39.0,20.0,0.0,81.0,9.933333333333332,6.666666666666667,0.19947802261659867,0.0,5.5
2025,15,00-0039912,Ben Sinnott,TE,WAS,11.0,25.0,4.0,0.0,75.8,4.133333333333334,1.0,0.04292929292929293,0.0,4.6
2025,15,00-0039915,Ladd McConkey,WR,LAC,39.0,27.0,22.0,0.0,63.8,6.800000000000001,5.0,0.2232574189095928,0.0,4.0
2025,15,00-0039916,Ricky Pearsall,WR,SF,26.0,9.0,13.0,0.0,69.0,2.4,3.3333333333333335,0.1270431513566525,0.0,15.6
2025,15,00-0039918,Caleb Williams,QB,CHI,83.0,70.0,52.0,50.0,85.1,17.353333333333335,39.666666666666664,0.13046099290780142,0.0,18.98
2025,15,00-0039920,Malachi Corley,WR,CLE,11.0,3.0,6.0,0.0,60.9,0.7666666666666667,1.3333333333333333,0.05828355236957387,0.0,2.0
2025,15,00-0039923,J.J. McCarthy,QB,MIN,57.0,47.0,37.0,50.0,58.6,11.633333333333333,27.333333333333332,0.09215686274509804,0.0,25.5
2025,15,00-0040024,Darius Cooper,WR,PHI,8.0,7.0,3.0,0.0,34.4,1.8666666666666665,1.0,0.02729044834307992,0.0,4.9
2025,15,00-0040058,Nick Kallerup,TE,SEA,4.0,0.0,3.0,0.0,41.8,0.0,0.3333333333333333,0.027777777777777776,0.0,0.0
2025,15,00-0040075,LaJohntay Wester,WR,BAL,0.0,0.0,0.0,0.0,56.8,0.0,0.0,0.0,0.0,0.0
2025,15,00-0040078,Brashard Smith,RB,KC,8.0,7.0,5.0,0.0,31.2,2.433333333333333,2.0,0.05063208611236072,0.0,0.1
2025,15,00-0040122,Ashton Jeanty,RB,LV,83.0,41.0,100.0,0.0,71.0,14.233333333333334,20.666666666666668,1.0577200577200578,0.0,8.2
2025,15,00-0040124,Tetairoa McMillan,WR,CAR,55.0,73.0,21.0,0.0,55.2,18.599999999999998,7.0,0.21066217732884399,0.0,4.5
2025,15,00-0040126,Colston Loveland,TE,CHI,57.0,67.0,18.0,0.0,83.3,11.200000000000001,5.333333333333333,0.1775793650793651,0.0,10.1
2025,15,00-0040128,Tyler Warren,TE,IND,68.0,49.0,21.0,0.0,80.1,8.133333333333333,6.333333333333333,0.21147097253689118,0.0,4.9
2025,15,00-0040129,Emeka Egbuka,WR,TB,66.0,23.0,30.0,0.0,84.2,5.966666666666666,8.333333333333334,0.2998310291858679,0.0,10.4
2025,15,00-0040130,Jayden Higgins,WR,HOU,50.0,42.0,22.0,0.0,73.5,10.566666666666666,6.333333333333333,0.22095458553791889,0.0,1.4
2025,15,00-0040131,Kyle Williams,WR,NE,13.0,17.0,5.0,0.0,43.4,4.366666666666667,1.6666666666666667,0.051515151515151514,0.0,0.0
2025,15,00-0040138,Jaylin Noel,WR,HOU,18.0,7.0,8.0,0.0,51.1,1.7333333333333332,2.3333333333333335,0.08249074949343767,0.0,0.0
2025,15,00-0040142,Kaleb Johnson,RB,PIT,12.0,2.0,14.0,0.0,54.2,0.7333333333333334,3.0,0.14280626780626782,0.0,0.4
2025,15,00-0040164,Jaylin Lane,WR,WAS,5.0,3.0,2.0,0.0,34.8,0.7666666666666666,0.6666666666666666,0.018901660280970626,0.0,0.0
2025,15,00-0040170,Elic Ayomanor,WR,TEN,37.0,17.0,14.0,0.0,64.8,4.333333333333333,4.666666666666667,0.14317460317460318,0.0,2.7
2025,15,00-0040184,KeAndre Lambert-Smith,WR,LAC,8.0,1.0,3.0,0.0,32.5,0.3666666666666667,1.0,0.029889538661468484,0.0,8.6
2025,15,00-0040187,Mitchell Evans,TE,CAR,21.0,20.0,8.0,0.0,48.9,3.266666666666667,2.0,0.07749719416386082,0.0,0.0
2025,15,00-0040189,Oronde Gadsden II,TE,LAC,39.0,23.0,16.0,0.0,66.6,3.8333333333333335,3.6666666666666665,0.15916149068322982,0.0,10.1
2025,15,00-0040194,Jackson Hawes,TE,BUF,14.0,28.0,5.0,0.0,67.7,4.633333333333334,1.3333333333333333,0.047671765968867415,0.0,1.9
2025,15,00-0040198,Ollie Gordon II,RB,MIA,23.0,18.0,17.0,0.0,54.2,6.3999999999999995,5.666666666666667,0.16867460005245216,0.0,0.0
2025,15,00-0040202,Devin Neal,RB,NO,68.0,35.0,55.0,0.0,84.8,12.133333333333333,17.0,0.5544315034368614,0.0,10.2
2025,15,00-0040205,Kalel Mullings,RB,TEN,0.0,0.0,0.0,0.0,56.8,0.0,0.0,0.0,0.0,0.3
2025,15,00-0040208,Tahj Brooks,RB,CIN,7.0,1.0,8.0,0.0,56.5,0.3666666666666667,1.6666666666666667,0.07616316618874164,0.0,0.0
2025,15,00-0040218,Jimmy Horn Jr.,WR,CAR,18.0,6.0,10.0,0.0,67.2,1.6000000000000003,2.3333333333333335,0.0958366858443136,0.0,1.7
2025,15,00-0040236,Kyle Monangai,RB,CHI,68.0,35.0,50.0,0.0,76.0,12.166666666666666,17.0,0.49608789260385006,0.0,3.3
2025,15,00-0040237,Tez Johnson,WR,TB,37.0,20.0,16.0,0.0,52.5,5.133333333333334,4.666666666666667,0.1553439877800278,0.0,0.0
2025,15,00-0040238,LeQuint Allen Jr.,RB,JAX,4.0,3.0,3.0,0.0,31.4,1.0,1.0,0.03341013824884793,0.0,2.6
2025,15,00-0040242,Jacory Croskey-Merritt,RB,WAS,28.0,9.0,24.0,0.0,71.0,3.1666666666666665,7.0,0.24425665954901335,0.0,15.6
2025,15,00-0040259,Gage Larvadain,WR,CLE,16.0,11.0,7.0,0.0,37.7,2.6999999999999997,2.0,0.06979405034324943,0.0,1.8
2025,15,00-0040398,Brady Cook,QB,NYJ,65.0,26.0,24.0,50.0,56.8,6.52,31.0,0.058823529411764705,0.0,14.94
2025,15,00-0040431,Dalen Cambre,WR,NYG,0.0,0.0,0.0,0.0,56.8,0.0,0.0,0.0,0.0,0.0
2025,15,00-0040506,Myles Price,WR,MIN,0.0,0.0,0.0,0.0,56.8,0.0,0.0,0.0,0.0,0.0
2025,15,00-0040582,Arian Smith,WR,NYJ,8.0,7.0,3.0,0.0,76.2,1.8,1.0,0.03441577579508614,0.0,0.0
2025,15,00-0040583,Woody Marks,RB,HOU,88.0,30.0,73.0,0.0,75.7,10.4,22.0,0.7303310730137106,0.0,4.8
2025,15,00-0040584,Gunnar Helm,TE,TEN,57.0,42.0,15.0,0.0,60.0,7.066666666666667,5.333333333333333,0.15473684210526317,0.0,14.9
2025,15,00-0040590,Konata Mumpfield,WR,LA,8.0,8.0,3.0,0.0,31.4,2.0,1.0,0.030360531309297913,0.0,0.0
2025,15,00-0040644,Trevor Etienne,RB,CAR,3.0,2.0,3.0,0.0,35.5,0.5333333333333333,0.6666666666666666,0.03,0.0,0.0
2025,15,00-0040663,Harold Fannin Jr.,TE,CLE,86.0,94.0,30.0,0.0,71.7,15.700000000000001,8.0,0.30316447448161726,0.0,12.0
2025,15,00-0040666,Omarion Hampton,RB,LAC,67.0,53.0,71.0,0.0,77.5,18.400000000000002,16.666666666666668,0.7064060958511759,0.0,7.5
2025,15,00-0040667,Matthew Golden,WR,GB,18.0,8.0,8.0,0.0,54.8,2.1,2.3333333333333335,0.08306418219461698,0.0,8.5
2025,15,00-0040668,Shedeur Sanders,QB,CLE,64.0,79.0,29.0,50.0,54.0,19.426666666666666,30.666666666666668,0.07309836718438868,0.0,9.48
2025,15,00-0040669,Isaac TeSlaa,WR,DET,16.0,28.0,7.0,0.0,53.1,7.166666666666667,2.0,0.06572135236538179,0.0,0.0
2025,15,00-0040676,Cam Ward,QB,TEN,82.0,59.0,54.0,50.0,61.2,14.453333333333333,39.0,0.13376623376623376,0.0,15.0
2025,15,00-0040691,Jaxson Dart,QB,NYG,73.0,91.0,98.0,50.0,74.8,22.360000000000003,34.666666666666664,0.24493284493284495,0.0,24.14
2025,15,00-0040705,Chimere Dike,WR,TEN,53.0,40.0,23.0,0.0,67.7,10.233333333333334,6.666666666666667,0.22997493734335842,0.0,5.0
2025,15,00-0040719,Bhayshul Tuten,RB,JAX,25.0,11.0,23.0,0.0,46.1,3.6999999999999993,6.333333333333333,0.22737654320987652,0.0,9.3
2025,15,00-0040727,Tre Harris,WR,LAC,21.0,15.0,12.0,0.0,59.5,3.766666666666667,2.6666666666666665,0.1151383894518906,0.0,7.9
2025,15,00-0040729,Jack Bech,WR,LV,26.0,24.0,13.0,0.0,47.6,6.033333333333332,3.3333333333333335,0.12543012543012544,0.0,3.7
2025,15,00-0040730,RJ Harvey,RB,DEN,72.0,49.0,69.0,0.0,77.8,17.066666666666666,18.0,0.6869564962871251,0.0,12.5
2025,15,00-0040734,TreVeyon Henderson,RB,NE,81.0,53.0,69.0,0.0,70.7,18.333333333333332,20.333333333333332,0.6899066052940728,0.0,30.1
2025,15,00-0040735,Luther Burden III,WR,CHI,53.0,36.0,22.0,0.0,90.3,9.233333333333334,6.666666666666667,0.22032632556568724,0.0,14.4
2025,15,00-0040737,Terrance Ferguson,TE,LA,14.0,0.0,5.0,0.0,62.2,0.0,1.3333333333333333,0.04524796776536182,0.0,1.6
2025,15,00-0040743,Tyler Shough,QB,NO,85.0,74.0,92.0,50.0,81.8,18.180000000000003,40.333333333333336,0.23032407407407407,0.0,18.08
2025,15,00-0040782,Isaiah Bond,WR,CLE,18.0,15.0,9.0,0.0,59.0,3.8333333333333335,2.3333333333333335,0.09431909210457967,0.0,10.9
2025,15,00-0040784,Quinshon Judkins,RB,CLE,79.0,38.0,75.0,0.0,81.1,13.333333333333334,19.666666666666668,0.7479700758311029,0.0,4.7
2025,16,00-0022942,Philip Rivers,QB,IND,63.0,32.0,13.0,50.0,56.8,8.8,28.0,0.03333333333333333,0.0,19.08
2025,16,00-0023459,Aaron Rodgers,QB,PIT,63.0,52.0,24.0,50.0,60.1,14.366666666666667,28.333333333333332,0.06018518518518518,0.0,15.54
2025,16,00-0026158,Joe Flacco,QB,CIN,95.0,70.0,21.0,50.0,72.7,19.393333333333334,42.333333333333336,0.05186649099692578,0.0,0.16
2025,16,00-0026498,Matthew Stafford,QB,LA,74.0,77.0,11.0,50.0,76.5,21.259999999999998,33.0,0.02736726874657909,0.0,30.88
2025,16,00-0029604,Kirk Cousins,QB,ATL,80.0,56.0,0.0,50.0,65.2,15.586666666666668,35.666666666666664,0.0,0.0,21.58
2025,16,00-0030035,Adam Thielen,WR,PIT,8.0,4.0,4.0,0.0,68.8,1.0333333333333332,1.0,0.0409652076318743,0.0,8.9
2025,16,00-0030279,Keenan Allen,WR,LAC,38.0,26.0,22.0,0.0,75.9,6.933333333333334,5.0,0.22429261559696342,0.0,9.4
2025,16,00-0030506,Travis Kelce,TE,KC,63.0,41.0,22.0,0.0,65.9,10.433333333333334,6.666666666666667,0.21997126436781608,0.0,1.6
2025,16,00-0030564,DeAndre Hopkins,WR,BAL,13.0,11.0,7.0,0.0,48.9,2.9,1.6666666666666667,0.07121212121212121,0.0,8.1
2025,16,00-0030565,Geno Smith,QB,LV,70.0,47.0,45.0,50.0,76.0,13.079999999999998,31.333333333333332,0.11243386243386243,0.0,16.04
2025,16,00-0031236,Brandin Cooks,WR,BUF,18.0,7.0,9.0,0.0,53.0,1.9666666666666668,2.3333333333333335,0.09462095875139354,0.0,0.0
2025,16,00-0031408,Mike Evans,WR,TB,64.0,41.0,26.0,0.0,51.4,10.833333333333334,8.333333333333334,0.2551149425287356,0.0,14.1
2025,16,00-0031484,Chris Manhertz,TE,NYG,5.0,3.0,2.0,0.0,31.2,0.85,0.5,0.016666666666666666,0.0,0.0
2025,16,00-0031588,Stefon Diggs,WR,NE,28.0,19.0,14.0,0.0,84.7,5.066666666666666,3.6666666666666665,0.13535353535353536,0.0,22.8
2025,16,00-0031610,Darren Waller,TE,MIA,47.0,46.0,21.0,0.0,51.1,11.666666666666666,5.0,0.21241579558652732,0.0,7.0
2025,16,00-0031687,Raheem Mostert,RB,LV,4.0,4.0,4.0,0.0,85.7,1.0,1.0,0.04375661375661375,0.0,1.9
2025,16,00-0032104,Ameer Abdullah,RB,IND,15.0,17.0,14.0,0.0,31.2,4.2,4.0,0.1398860398860399,0.0,1.4
2025,16,00-0032211,Tyler Lockett,WR,LV,23.0,15.0,12.0,0.0,57.6,4.066666666666666,3.0,0.1161038961038961,0.0,1.6
2025,16,00-0032268,Marcus Mariota,QB,WAS,71.0,53.0,88.0,50.0,46.5,14.633333333333331,31.666666666666668,0.2200856983465679,0.0,3.7
2025,16,00-0032392,Austin Hooper,TE,NE,19.0,13.0,6.0,0.0,37.1,3.3000000000000003,2.0,0.06380305518236552,0.0,5.4
2025,16,00-0032398,Chris Moore,WR,WAS,26.0,16.0,11.0,0.0,36.8,4.233333333333333,3.3333333333333335,0.11123470522803114,0.0,0.0
2025,16,00-0032464,Kalif Raymond,WR,DET,8.0,11.0,3.0,0.0,31.2,2.9,1.0,0.02631578947368421,0.0,16.2
2025,16,00-0032764,Derrick Henry,RB,BAL,60.0,53.0,54.0,0.0,72.9,12.866666666666667,16.333333333333332,0.5439393939393938,0.0,24.8
2025,16,00-0032775,Demarcus Robinson,WR,SF,13.0,10.0,6.0,0.0,55.8,2.6666666666666665,1.6666666666666667,0.061082050665384,0.0,10.3
2025,16,00-0033077,Dak Prescott,QB,DAL,98.0,64.0,37.0,50.0,79.3,17.666666666666668,43.666666666666664,0.09203296703296704,0.0,19.16
2025,16,00-0033090,Hunter Henry,TE,NE,59.0,51.0,21.0,0.0,55.2,12.866666666666667,6.333333333333333,0.21313131313131314,0.0,15.5
2025,16,00-0033106,Jared Goff,QB,DET,78.0,75.0,17.0,50.0,71.8,20.773333333333333,34.666666666666664,0.04141414141414141,0.0,26.46
2025,16,00-0033119,Jacoby Brissett,QB,ARI,100.0,78.0,78.0,50.0,90.1,21.74666666666667,44.666666666666664,0.19548872180451127,0.0,12.62
2025,16,00-0033217,Mo Alie-Cox,TE,IND,12.0,3.0,4.0,0.0,56.1,0.6333333333333333,1.3333333333333333,0.04209171951107435,0.0,3.6
2025,16,00-0033280,Christian McCaffrey,RB,SF,95.0,82.0,75.0,0.0,83.7,20.099999999999998,26.0,0.7542833831211023,0.0,32.6
2025,16,00-0033288,George Kittle,TE,SF,75.0,62.0,29.0,0.0,76.8,15.766666666666666,8.0,0.29464285714285715,0.0,24.5
2025,16,00-0033293,Aaron Jones,RB,MIN,49.0,32.0,51.0,0.0,86.5,7.866666666666667,13.333333333333334,0.5125394818930403,0.0,11.3
2025,16,00-0033307,Kendrick Bourne,WR,SF,13.0,8.0,6.0,0.0,45.4,2.1999999999999997,1.6666666666666667,0.061919061919061914,0.0,5.7
2025,16,00-0033357,Taysom Hill,TE,NO,25.0,2.0,10.0,0.0,52.5,0.6,2.6666666666666665,0.10298293391430646,0.0,17.32
2025,16,00-0033375,Tim Patrick,WR,JAX,28.0,26.0,12.0,0.0,44.0,6.966666666666668,3.6666666666666665,0.12229390681003584,0.0,2.1
2025,16,00-0033455,Anthony Firkser,TE,DET,9.0,6.0,3.0,0.0,94.3,1.5499999999999998,1.0,0.03464755077658303,0.0,8.0
2025,16,00-0033526,Samaje Perine,RB,CIN,46.0,24.0,44.0,0.0,79.8,5.833333333333333,12.666666666666666,0.441266873208797,0.0,12.1
2025,16,00-0033555,Mack Hollins,WR,NE,46.0,23.0,23.0,0.0,74.3,6.133333333333333,6.0,0.22626262626262625,0.0,13.9
2025,16,00-0033576,Eric Saubert,TE,SEA,3.0,3.0,1.0,0.0,31.2,0.6333333333333333,0.3333333333333333,0.010101010101010102,0.0,0.0
2025,16,00-0033854,Dare Ogunbowale,RB,HOU,12.0,18.0,11.0,0.0,34.4,4.3,3.3333333333333335,0.11253978995914478,0.0,0.9
2025,16,00-0033857,JuJu Smith-Schuster,WR,KC,10.0,2.0,4.0,0.0,53.0,0.5,1.3333333333333333,0.044516283524904214,0.0,2.2
2025,16,00-0033858,Jonnu Smith,TE,PIT,19.0,16.0,8.0,0.0,50.1,4.066666666666666,2.0,0.07700016033349368,0.0,2.8
2025,16,00-0033881,Evan Engram,TE,DEN,44.0,25.0,12.0,0.0,40.6,6.3,4.666666666666667,0.12228641456582634,0.0,5.6
2025,16,00-0033908,Cooper Kupp,WR,SEA,36.0,33.0,16.0,0.0,72.5,8.833333333333334,4.666666666666667,0.16201141853315768,0.0,6.9
2025,16,00-0033921,Chris Godwin Jr.,WR,TB,46.0,42.0,21.0,0.0,85.0,11.1,6.0,0.21398809523809526,0.0,8.0
2025,16,00-0033923,Kareem Hunt,RB,KC,45.0,29.0,49.0,0.0,71.8,7.0,12.333333333333334,0.49061748887461026,0.0,0.2
2025,16,00-0033955,Jeremy McNichols,RB,WAS,23.0,13.0,19.0,0.0,52.5,3.1333333333333333,6.333333333333333,0.1940019565019565,0.0,3.2
2025,16,00-0034159,Will Dissly,TE,LAC,12.0,6.0,4.0,0.0,53.1,1.6333333333333335,1.3333333333333333,0.03820945277848405,0.0,5.8
2025,16,00-0034272,Marquez Valdes-Scantling,WR,PIT,13.0,16.0,5.0,0.0,44.8,4.366666666666667,1.6666666666666667,0.05022446689113356,0.0,1.6
2025,16,00-0034348,Courtland Sutton,WR,DEN,67.0,67.0,25.0,0.0,76.8,17.900000000000002,8.666666666666666,0.2498249299719888,0.0,20.6
2025,16,00-0034351,Dallas Goedert,TE,PHI,66.0,60.0,26.0,0.0,61.5,15.166666666666666,7.0,0.2617933723196881,0.0,12.2
2025,16,00-0034383,Dalton Schultz,TE,HOU,66.0,52.0,25.0,0.0,65.5,13.1,7.0,0.24810066476733142,0.0,14.5
2025,16,00-0034418,Cedrick Wilson Jr.,WR,MIA,10.0,7.0,6.0,0.0,65.9,1.8333333333333333,1.3333333333333333,0.055162855162855164,0.0,2.1
2025,16,00-0034613,Tanner Hudson,TE,CIN,25.0,20.0,7.0,0.0,48.4,5.033333333333333,2.6666666666666665,0.07070707070707072,0.0,1.4
2025,16,00-0034753,Mark Andrews,TE,BAL,44.0,19.0,20.0,0.0,66.2,4.8,4.666666666666667,0.20050505050505052,0.0,4.4
2025,16,00-0034775,Christian Kirk,WR,HOU,33.0,24.0,14.0,0.0,55.4,6.533333333333334,4.333333333333333,0.14179894179894179,0.0,6.7
2025,16,00-0034791,Nick Chubb,RB,HOU,21.0,17.0,19.0,0.0,41.5,4.066666666666667,5.666666666666667,0.18781582111752892,0.0,5.2
2025,16,00-0034796,Lamar Jackson,QB,BAL,70.0,63.0,71.0,50.0,70.0,17.4,31.333333333333332,0.177020202020202,0.0,4.74
2025,16,00-0034827,DJ Moore,WR,CHI,36.0,35.0,16.0,0.0,58.8,9.4,4.666666666666667,0.15661821269090773,0.0,21.9
2025,16,00-0034829,Mike Gesicki,TE,CIN,38.0,35.0,10.0,0.0,50.1,8.866666666666667,4.0,0.10437710437710439,0.0,12.5
2025,16,00-0034844,Saquon Barkley,RB,PHI,76.0,56.0,77.0,0.0,76.0,13.666666666666666,20.666666666666668,0.7729186336722073,0.0,19.2
2025,16,00-0034855,Baker Mayfield,QB,TB,78.0,56.0,56.0,50.0,82.3,15.573333333333332,35.0,0.1405076405076405,0.0,14.7
2025,16,00-0034857,Josh Allen,QB,BUF,80.0,95.0,100.0,50.0,81.4,26.36,35.666666666666664,0.2548349566605145,0.0,6.9
2025,16,00-0034860,Dante Pettis,WR,NO,0.0,0.0,0.0,0.0,56.8,0.0,0.0,0.0,0.0,0.0
2025,16,00-0034869,Sam Darnold,QB,SEA,74.0,49.0,40.0,50.0,58.3,13.573333333333332,33.0,0.09906759906759906,0.0,19.5
2025,16,00-0034960,Jakobi Meyers,WR,JAX,69.0,60.0,31.0,0.0,76.9,16.066666666666666,9.0,0.3144558940661091,0.0,8.6
2025,16,00-0034981,Foster Moreau,TE,NO,12.0,8.0,4.0,0.0,56.8,1.9666666666666668,1.3333333333333333,0.04402644778841769,0.0,1.5
2025,16,00-0035140,Mecole Hardman,WR,BUF,8.0,0.0,3.0,0.0,56.8,0.0,1.0,0.03333333333333333,0.0,0.0
2025,16,00-0035208,Olamide Zaccheaus,WR,CHI,23.0,16.0,10.0,0.0,69.8,4.2,3.0,0.10400132275132275,0.0,5.3
2025,16,00-0035229,T.J. Hockenson,TE,MIN,44.0,42.0,18.0,0.0,83.6,10.566666666666665,4.666666666666667,0.18188822255538897,0.0,1.2
2025,16,00-0035249,Josh Oliver,TE,MIN,12.0,27.0,6.0,0.0,54.5,6.866666666666666,1.3333333333333333,0.061392914653784214,0.0,3.9
2025,16,00-0035250,Devin Singletary,RB,NYG,43.0,36.0,38.0,0.0,52.4,8.766666666666666,11.666666666666666,0.38190146379801554,0.0,5.6
2025,16,00-0035261,Tony Pollard,RB,TEN,65.0,73.0,75.0,0.0,72.3,17.866666666666664,17.666666666666668,0.7542124542124542,0.0,10.2
2025,16,00-0035289,Gardner Minshew,QB,KC,7.0,0.0,18.0,50.0,46.0,0.09333333333333337,3.3333333333333335,0.04522357723577236,0.0,1.4
2025,16,00-0035291,Trayveon Williams,RB,CLE,9.0,5.0,12.0,0.0,33.5,1.2,2.3333333333333335,0.11872759856630825,0.0,9.5
2025,16,00-0035298,Scott Miller,WR,PIT,8.0,4.0,4.0,0.0,67.5,0.95,1.0,0.03835227272727273,0.0,4.9
2025,16,00-0035359,David Sills,WR,ATL,46.0,29.0,17.0,0.0,53.2,7.766666666666667,6.0,0.17193061331534976,0.0,0.0
2025,16,00-0035406,Lil'Jordan Humphrey,WR,DEN,21.0,24.0,8.0,0.0,46.5,6.3,2.6666666666666665,0.07901493930905697,0.0,1.9
2025,16,00-0035535,Darius Slayton,WR,NYG,38.0,31.0,15.0,0.0,50.2,8.233333333333333,5.0,0.15386710239651416,0.0,1.8
2025,16,00-0035537,Ty Johnson,RB,BUF,23.0,23.0,22.0,0.0,90.9,5.733333333333333,6.333333333333333,0.2200587808225166,0.0,7.6
2025,16,00-0035544,Tom Kennedy,WR,DET,10.0,9.0,5.0,0.0,31.2,2.533333333333333,1.3333333333333333,0.04938271604938271,0.0,0.0
2025,16,00-0035602,Alex Bachman,WR,LV,0.0,0.0,0.0,0.0,56.8,0.0,0.0,0.0,0.0,1.3
2025,16,00-0035631,Drew Sample,TE,CIN,19.0,9.0,5.0,0.0,65.6,2.3000000000000003,2.0,0.05357496533967123,0.0,5.1
2025,16,00-0035640,DK Metcalf,WR,PIT,51.0,53.0,23.0,0.0,57.3,14.166666666666666,6.666666666666667,0.234006734006734,0.0,8.2
2025,16,00-0035645,Gunner Olszewski,WR,NYG,0.0,7.0,0.0,0.0,46.2,1.7733333333333334,0.0,0.0,0.0,0.0
2025,16,00-0035659,Terry McLaurin,WR,WAS,62.0,57.0,29.0,0.0,66.5,15.200000000000001,8.0,0.28703703703703703,0.0,8.3
2025,16,00-0035662,Marquise Brown,WR,KC,13.0,21.0,5.0,0.0,61.7,5.5,1.6666666666666667,0.051573777064955896,0.0,5.2
2025,16,00-0035676,A.J. Brown,WR,PHI,69.0,79.0,28.0,0.0,57.1,21.1,9.0,0.2844054580896686,0.0,18.5
2025,16,00-0035685,David Montgomery,RB,DET,30.0,50.0,34.0,0.0,86.7,12.1,8.333333333333334,0.3406806224859422,0.0,1.4
2025,16,00-0035689,Dawson Knox,TE,BUF,47.0,53.0,20.0,0.0,71.9,13.266666666666666,5.0,0.19567281886122467,0.0,2.0
2025,16,00-0035700,Josh Jacobs,RB,GB,67.0,69.0,71.0,0.0,80.2,16.833333333333336,18.333333333333332,0.7135566831968632,0.0,6.8
2025,16,00-0035719,Deebo Samuel Sr.,WR,WAS,51.0,31.0,28.0,0.0,80.7,8.366666666666667,6.666666666666667,0.27622053872053876,0.0,6.5
2025,16,00-0035891,Cody White,WR,SEA,5.0,6.0,3.0,0.0,36.4,1.6666666666666667,0.6666666666666666,0.025603864734299514,0.0,0.0
2025,16,00-0035993,Tyler Huntley,QB,BAL,38.0,28.0,58.0,50.0,43.1,7.686666666666667,17.0,0.14488416988416988,0.0,2.8
2025,16,00-0036040,Juwan Johnson,TE,NO,53.0,31.0,20.0,0.0,77.5,7.900000000000001,5.666666666666667,0.19791271347248576,0.0,16.9
2025,16,00-0036139,Rico Dowdle,RB,CAR,57.0,46.0,58.0,0.0,87.2,11.233333333333334,15.666666666666666,0.5752718806482248,0.0,8.3
2025,16,00-0036223,Jonathan Taylor,RB,IND,93.0,57.0,97.0,0.0,90.7,13.866666666666667,25.333333333333332,0.9693050910442215,0.0,16.9
2025,16,00-0036244,Colby Parkinson,TE,LA,53.0,57.0,18.0,0.0,75.1,14.466666666666669,5.666666666666667,0.17689534469387325,0.0,4.1
2025,16,00-0036252,Michael Pittman,WR,IND,54.0,31.0,23.0,0.0,50.8,8.266666666666667,7.0,0.22854700854700857,0.0,7.2
2025,16,00-0036259,Jauan Jennings,WR,SF,46.0,60.0,23.0,0.0,86.9,15.9,6.0,0.2298831569664903,0.0,18.1
2025,16,00-0036264,Jordan Love,QB,GB,78.0,78.0,47.0,50.0,78.4,21.653333333333332,34.666666666666664,0.11837606837606836,0.0,3.78
2025,16,00-0036275,D'Andre Swift,RB,CHI,68.0,75.0,53.0,0.0,85.5,18.200000000000003,18.666666666666668,0.5256924829176602,0.0,9.0
2025,16,00-0036290,Cole Kmet,TE,CHI,31.0,31.0,12.0,0.0,76.0,7.866666666666667,3.3333333333333335,0.11634700176366843,0.0,3.4
2025,16,00-0036309,Darnell Mooney,WR,ATL,38.0,16.0,15.0,0.0,76.7,4.2,5.0,0.1501629762841407,0.0,4.4
2025,16,00-0036322,Justin Jefferson,WR,MIN,46.0,12.0,24.0,0.0,77.3,3.233333333333334,6.0,0.23804764284524405,0.0,14.5
2025,16,00-0036331,Devin Duvernay,WR,CHI,3.0,4.0,1.0,0.0,31.2,1.1333333333333333,0.3333333333333333,0.011904761904761904,0.0,0.0
2025,16,00-0036332,Josiah Deguara,TE,ARI,6.0,2.0,1.0,0.0,35.8,0.5333333333333333,0.6666666666666666,0.014822134387351778,0.0,0.0
2025,16,00-0036355,Justin Herbert,QB,LAC,67.0,52.0,54.0,50.0,76.4,14.466666666666663,30.0,0.13396361794622882,0.0,30.2
2025,16,00-0036358,CeeDee Lamb,WR,DAL,69.0,74.0,23.0,0.0,87.0,19.8,9.0,0.23305676497165861,0.0,11.1
2025,16,00-0036389,Jalen Hurts,QB,PHI,78.0,64.0,73.0,50.0,76.5,17.866666666666664,34.666666666666664,0.18141009595327495,0.0,19.4
2025,16,00-0036407,Jerry Jeudy,WR,CLE,33.0,33.0,14.0,0.0,71.1,8.799999999999999,4.333333333333333,0.14484141630373268,0.0,4.2
2025,16,00-0036410,Tee Higgins,WR,CIN,64.0,63.0,23.0,0.0,70.5,16.866666666666664,8.333333333333334,0.22905144963968493,0.0,14.3
2025,16,00-0036415,Van Jefferson,WR,TEN,33.0,17.0,16.0,0.0,86.5,4.666666666666667,4.333333333333333,0.15553113553113554,0.0,4.4
2025,16,00-0036422,Adam Trautman,TE,DEN,22.0,17.0,6.0,0.0,55.0,4.4,2.3333333333333335,0.061157796451914104,0.0,3.4
2025,16,00-0036425,DeeJay Dallas,RB,JAX,2.0,0.0,1.0,0.0,41.8,0.0,0.5,0.013157894736842105,0.0,0.0
2025,16,00-0036427,Tyler Johnson,WR,NYJ,23.0,30.0,12.0,0.0,49.5,8.133333333333333,3.0,0.12003235918697545,0.0,1.7
2025,16,00-0036429,Charlie Woerner,TE,ATL,19.0,15.0,8.0,0.0,62.1,3.6666666666666674,2.0,0.07959349593495936,0.0,1.3
2025,16,00-0036442,Joe Burrow,QB,CIN,94.0,67.0,21.0,50.0,67.1,18.7,42.0,0.05329153605015674,0.0,28.96
2025,16,00-0036550,Rashod Bateman,WR,BAL,15.0,8.0,7.0,0.0,51.5,2.1,2.0,0.06522366522366523,0.0,0.0
2025,16,00-0036554,Nico Collins,WR,HOU,59.0,76.0,26.0,0.0,76.9,20.366666666666667,7.666666666666667,0.26401807161611085,0.0,9.9
2025,16,00-0036555,Chuba Hubbard,RB,CAR,43.0,46.0,40.0,0.0,60.4,11.166666666666666,11.666666666666666,0.4039939650154704,0.0,4.4
2025,16,00-0036590,Quintin Morris,TE,JAX,12.0,8.0,5.0,0.0,36.8,2.1333333333333333,1.3333333333333333,0.05047619047619047,0.0,1.5
2025,16,00-0036613,Jaylen Waddle,WR,MIA,46.0,37.0,27.0,0.0,64.5,9.9,6.0,0.2725745257452574,0.0,12.2
2025,16,00-0036620,Dee Eskridge,WR,MIA,3.0,0.0,1.0,0.0,41.8,0.0,0.3333333333333333,0.009009009009009009,0.0,0.0
2025,16,00-0036628,John Bates,TE,WAS,9.0,8.0,4.0,0.0,35.6,1.9333333333333333,1.0,0.03564814814814815,0.0,0.0
2025,16,00-0036637,Noah Gray,TE,KC,31.0,14.0,9.0,0.0,78.5,3.6,3.3333333333333335,0.08874632451216252,0.0,0.0
2025,16,00-0036741,Jack Stoll,TE,NO,9.0,4.0,4.0,0.0,68.0,1.1333333333333333,1.0,0.0351712928232058,0.0,1.4
2025,16,00-0036842,Kene Nwangwu,RB,NYJ,0.0,0.0,0.0,0.0,56.8,0.0,0.0,0.0,0.0,0.0
2025,16,00-0036862,Ben Skowronek,WR,PIT,5.0,3.0,3.0,0.0,35.0,0.7666666666666666,0.6666666666666666,0.025252525252525252,0.0,0.0
2025,16,00-0036875,Rhamondre Stevenson,RB,NE,39.0,32.0,38.0,0.0,66.4,7.8999999999999995,10.666666666666666,0.38143706250491566,0.0,15.8
2025,16,00-0036876,Kylen Granson,TE,PHI,6.0,2.0,2.0,0.0,31.2,0.4666666666666666,0.6666666666666666,0.024691358024691357,0.0,0.0
2025,16,00-0036887,Luke Farrell,TE,SF,6.0,2.0,3.0,0.0,35.0,0.43333333333333335,0.6666666666666666,0.02628968253968254,0.0,0.0
2025,16,00-0036894,Pat Freiermuth,TE,PIT,34.0,28.0,12.0,0.0,68.3,7.1000000000000005,3.6666666666666665,0.12428948988088773,0.0,6.0
2025,16,00-0036900,Ja'Marr Chase,WR,CIN,100.0,64.0,35.0,0.0,77.3,17.133333333333333,13.0,0.3458266879319511,0.0,19.9
2025,16,00-0036912,DeVonta Smith,WR,PHI,46.0,31.0,20.0,0.0,73.3,8.166666666666666,6.0,0.19610136452241714,0.0,16.2
2025,16,00-0036919,Kenny Gainwell,RB,PIT,48.0,58.0,53.0,0.0,68.9,14.1,13.0,0.5332691999358666,0.0,23.8
2025,16,00-0036924,Michael Carter,RB,ARI,44.0,41.0,50.0,0.0,67.6,9.966666666666667,12.0,0.5008148955517376,0.0,6.5
2025,16,00-0036963,Amon-Ra St. Brown,WR,DET,72.0,71.0,27.0,0.0,35.7,18.866666666666664,9.333333333333334,0.26701460940283805,0.0,9.4
2025,16,00-0036970,Kyle Pitts,TE,ATL,94.0,100.0,30.0,0.0,71.7,25.266666666666666,10.0,0.3026301000337192,0.0,18.7
2025,16,00-0036971,Trevor Lawrence,QB,JAX,75.0,100.0,56.0,50.0,77.2,27.773333333333337,33.666666666666664,0.14043209876543208,0.0,31.16
2025,16,00-0036972,Mac Jones,QB,SF,34.0,30.0,30.0,50.0,39.0,8.319999999999999,15.0,0.07607503607503607,0.0,-0.3
2025,16,00-0036973,Travis Etienne,RB,JAX,61.0,79.0,58.0,0.0,71.2,19.26666666666667,16.666666666666668,0.5763346987540535,0.0,16.6
2025,16,00-0036988,Josh Palmer,WR,BUF,28.0,13.0,12.0,0.0,76.8,3.4666666666666663,3.6666666666666665,0.12286324786324787,0.0,1.2
2025,16,00-0036997,Javonte Williams,RB,DAL,68.0,64.0,69.0,0.0,89.8,15.6,18.666666666666668,0.6880270789845259,0.0,6.3
2025,16,00-0037005,Tommy Tremble,TE,CAR,25.0,14.0,12.0,0.0,56.9,3.6333333333333333,2.6666666666666665,0.11515151515151517,0.0,1.6
2025,16,00-0037085,Tyler Badie,RB,DEN,13.0,12.0,11.0,0.0,55.9,3.0,3.6666666666666665,0.10588013941208667,0.0,1.2
2025,16,00-0037091,Bo Melton,WR,GB,18.0,16.0,9.0,0.0,63.0,4.333333333333333,2.3333333333333335,0.08862790826808818,0.0,0.0
2025,16,00-0037093,Dareke Young,WR,SEA,3.0,6.0,1.0,0.0,31.2,1.5333333333333332,0.3333333333333333,0.00980392156862745,0.0,0.0
2025,16,00-0037112,Jake Tonges,TE,SF,25.0,25.0,8.0,0.0,32.3,6.333333333333333,2.6666666666666665,0.07630906768837803,0.0,1.7
2025,16,00-0037120,Tyler Goodson,RB,IND,0.0,0.0,0.0,0.0,56.8,0.0,0.0,0.0,0.0,0.9
2025,16,00-0037132,Britain Covey,WR,PHI,0.0,0.0,0.0,0.0,56.8,0.0,0.0,0.0,0.0,0.0
2025,16,00-0037197,Isiah Pacheco,RB,KC,30.0,14.0,34.0,0.0,68.6,3.4666666666666663,8.333333333333334,0.3423630446681421,0.0,13.5
2025,16,00-0037228,Jaylen Warren,RB,PIT,49.0,48.0,62.0,0.0,83.7,11.799999999999999,13.333333333333334,0.6226551226551227,0.0,29.1
2025,16,00-0037231,Kevin Austin Jr.,WR,NO,23.0,12.0,9.0,0.0,36.3,3.15,3.0,0.09284028324154209,0.0,3.8
2025,16,00-0037238,Drake London,WR,ATL,79.0,100.0,35.0,0.0,78.0,26.7,10.333333333333334,0.34736984448951996,0.0,5.7
2025,16,00-0037239,Chris Olave,WR,NO,54.0,51.0,25.0,0.0,74.5,13.733333333333334,7.0,0.24873497786211254,0.0,36.8
2025,16,00-0037240,Jameson Williams,WR,DET,79.0,88.0,33.0,0.0,87.7,23.53333333333333,10.333333333333334,0.3342129081800842,0.0,12.0
2025,16,00-0037247,George Pickens,WR,DAL,72.0,37.0,24.0,0.0,70.5,9.933333333333334,9.333333333333334,0.2380897614940168,0.0,26.0
2025,16,00-0037248,James Cook,RB,BUF,98.0,89.0,72.0,0.0,79.7,21.63333333333333,26.666666666666668,0.7208762340755168,0.0,26.4
2025,16,00-0037252,Greg Dulcich,TE,MIA,22.0,24.0,11.0,0.0,81.8,6.033333333333334,2.3333333333333335,0.10761904761904761,0.0,7.6
2025,16,00-0037256,Rachaad White,RB,TB,24.0,22.0,21.0,0.0,59.2,5.333333333333333,6.666666666666667,0.208086157669491,0.0,8.0
2025,16,00-0037261,Khalil Shakir,WR,BUF,31.0,28.0,16.0,0.0,68.6,7.533333333333334,4.0,0.15911061563235476,0.0,7.4
2025,16,00-0037263,Tyler Allgeier,RB,ATL,30.0,33.0,28.0,0.0,51.6,8.0,8.333333333333334,0.278673835125448,0.0,8.3
2025,16,00-0037291,Jalen Nailor,WR,MIN,26.0,32.0,14.0,0.0,40.0,8.5,3.3333333333333335,0.13676263719991857,0.0,0.0
2025,16,00-0037292,Andrew Ogletree,TE,IND,9.0,14.0,3.0,0.0,32.0,3.5333333333333337,1.0,0.03483870967741936,0.0,2.1
2025,16,00-0037306,John FitzPatrick,TE,GB,22.0,11.0,8.0,0.0,49.2,2.733333333333333,2.3333333333333335,0.07751679715697707,0.0,0.0
2025,16,00-0037475,Stone Smartt,TE,NYJ,3.0,0.0,1.0,0.0,41.8,0.0,0.3333333333333333,0.01075268817204301,0.0,8.4
2025,16,00-0037487,Deven Thompkins,WR,ATL,10.0,8.0,4.0,0.0,31.2,2.0666666666666664,1.3333333333333333,0.043826804915514585,0.0,0.0
2025,16,00-0037525,Jordan Mason,RB,MIN,34.0,27.0,37.0,0.0,73.6,6.633333333333333,9.333333333333334,0.367794180251922,0.0,2.1
2025,16,00-0037545,Rashid Shaheed,WR,SEA,44.0,32.0,20.0,0.0,68.5,8.466666666666667,5.666666666666667,0.19530906895037328,0.0,3.1
2025,16,00-0037557,Ronnie Rivers,RB,LA,10.0,6.0,7.0,0.0,31.2,1.3666666666666665,2.6666666666666665,0.07407407407407407,0.0,0.0
2025,16,00-0037563,Malik Davis,RB,DAL,21.0,31.0,20.0,0.0,44.8,7.666666666666667,5.666666666666667,0.20393772893772896,0.0,2.3
2025,16,00-0037594,Julius Chestnut,RB,TEN,0.0,0.0,0.0,0.0,56.8,0.0,0.0,0.0,0.0,0.1
2025,16,00-0037614,John Metchie III,WR,NYJ,59.0,25.0,25.0,0.0,87.2,6.666666666666667,7.666666666666667,0.2484639016897081,0.0,1.4
2025,16,00-0037617,Hassan Haskins,RB,LAC,12.0,8.0,12.0,0.0,33.7,1.9333333333333333,3.3333333333333335,0.1219509421702404,0.0,1.4
2025,16,00-0037664,Alec Pierce,WR,IND,36.0,42.0,15.0,0.0,50.4,11.133333333333333,4.666666666666667,0.15356125356125355,0.0,24.6
2025,16,00-0037741,Jahan Dotson,WR,PHI,18.0,4.0,7.0,0.0,51.5,1.1666666666666667,2.3333333333333335,0.06890838206627681,0.0,4.3
2025,16,00-0037742,Treylon Burks,WR,WAS,18.0,9.0,9.0,0.0,48.4,2.5,2.3333333333333335,0.08796296296296297,0.0,5.0
2025,16,00-0037744,Trey McBride,TE,ARI,97.0,93.0,26.0,0.0,73.3,23.46666666666667,10.333333333333334,0.2632979869821975,0.0,6.7
2025,16,00-0037746,Brian Robinson,RB,SF,32.0,14.0,24.0,0.0,82.3,3.366666666666667,8.666666666666666,0.2419922913343966,0.0,2.0
2025,16,00-0037801,KaVontae Turpin,WR,DAL,28.0,20.0,12.0,0.0,71.9,5.433333333333333,3.6666666666666665,0.11550522348394689,0.0,4.7
2025,16,00-0037805,Jeremy Ruckert,TE,NYJ,22.0,14.0,8.0,0.0,86.1,3.4666666666666663,2.3333333333333335,0.07526881720430108,0.0,3.4
2025,16,00-0037809,Chig Okonkwo,TE,TEN,41.0,24.0,15.0,0.0,71.0,6.066666666666667,4.333333333333333,0.15120879120879122,0.0,16.4
2025,16,00-0037816,Romeo Doubs,WR,GB,23.0,22.0,10.0,0.0,58.4,5.866666666666667,3.0,0.10274029651840745,0.0,19.4
2025,16,00-0037834,Brock Purdy,QB,SF,79.0,70.0,54.0,50.0,77.3,19.546666666666667,35.333333333333336,0.13423710792131846,0.0,32.9
2025,16,00-0037837,Calvin Austin III,WR,PIT,13.0,5.0,6.0,0.0,55.8,1.3666666666666665,1.6666666666666667,0.06285072951739619,0.0,1.8
2025,16,00-0037838,Isaiah Likely,TE,BAL,47.0,38.0,18.0,0.0,68.5,9.666666666666666,5.0,0.17727272727272728,0.0,0.0
2025,16,00-0037840,Kyren Williams,RB,LA,55.0,72.0,54.0,0.0,87.3,17.566666666666666,15.0,0.5417563550040181,0.0,11.5
2025,16,00-0038041,Jake Ferguson,TE,DAL,53.0,30.0,14.0,0.0,76.2,7.666666666666667,5.666666666666667,0.14179468222021413,0.0,4.9
2025,16,00-0038046,Charlie Kolar,TE,BAL,6.0,7.0,2.0,0.0,38.9,1.8666666666666665,0.6666666666666666,0.02121212121212121,0.0,2.8
2025,16,00-0038090,Skyy Moore,WR,SF,0.0,0.0,0.0,0.0,56.8,0.0,0.0,0.0,0.0,3.3
2025,16,00-0038117,Wan'Dale Robinson,WR,NYG,85.0,72.0,35.0,0.0,72.0,19.133333333333333,11.0,0.34950561421149656,0.0,5.2
2025,16,00-0038120,Breece Hall,RB,NYJ,61.0,35.0,68.0,0.0,67.9,8.533333333333333,16.666666666666668,0.683495979036776,0.0,8.3
2025,16,00-0038124,Christian Watson,WR,GB,51.0,61.0,23.0,0.0,59.5,16.366666666666664,6.666666666666667,0.2303209506357932,0.0,3.7
2025,16,00-0038128,Malik Willis,QB,GB,7.0,12.0,18.0,50.0,70.2,3.21,3.0,0.045548654244306416,0.0,13.24
2025,16,00-0038129,Cade Otton,TE,TB,41.0,18.0,15.0,0.0,67.3,4.633333333333334,4.333333333333333,0.14955453149001538,0.0,3.5
2025,16,00-0038134,Kenneth Walker III,RB,SEA,49.0,23.0,50.0,0.0,69.6,5.7,13.333333333333334,0.5013907891625283,0.0,25.4
2025,16,00-0038359,Xavier Smith,WR,LA,10.0,16.0,5.0,0.0,31.2,4.266666666666667,1.3333333333333333,0.04778972520908004,0.0,7.7
2025,16,00-0038393,Dontayvion Wicks,WR,GB,36.0,43.0,17.0,0.0,45.0,11.600000000000001,4.666666666666667,0.17358146323663567,0.0,3.2
2025,16,00-0038397,Evan Hull,RB,NO,13.0,6.0,14.0,0.0,75.5,1.5666666666666667,3.6666666666666665,0.14214506172839506,0.0,0.3
2025,16,00-0038400,Tanner McKee,QB,PHI,8.0,4.0,22.0,50.0,54.6,1.01,3.5,0.05609284332688588,0.0,-0.2
2025,16,00-0038440,Zavier Scott,RB,MIN,10.0,8.0,12.0,0.0,37.7,2.033333333333333,2.6666666666666665,0.11789877120263398,0.0,2.2
2025,16,00-0038454,Keaton Mitchell,RB,BAL,24.0,35.0,25.0,0.0,74.5,8.433333333333332,6.666666666666667,0.25252525252525254,0.0,1.3
2025,16,00-0038488,Brady Russell,RB,SEA,1.0,0.0,1.0,0.0,41.8,0.0,0.3333333333333333,0.010101010101010102,0.0,0.0
2025,16,00-0038519,Nikko Remigio,WR,KC,0.0,0.0,0.0,0.0,56.8,0.0,0.0,0.0,0.0,0.0
2025,16,00-0038542,Bijan Robinson,RB,ATL,100.0,100.0,94.0,0.0,77.8,24.399999999999995,27.333333333333332,0.9447336336842632,0.0,29.8
2025,16,00-0038543,Jaxon Smith-Njigba,WR,SEA,62.0,63.0,27.0,0.0,61.8,16.900000000000002,8.0,0.2728117293334685,0.0,23.6
2025,16,00-0038544,Quentin Johnston,WR,LAC,23.0,18.0,13.0,0.0,70.0,4.7,3.0,0.1327639751552795,0.0,20.4
2025,16,00-0038555,Tank Bigsby,RB,PHI,24.0,9.0,17.0,0.0,31.2,2.3000000000000003,6.666666666666667,0.17093774625689517,0.0,9.7
2025,16,00-0038558,Darnell Washington,TE,PIT,28.0,19.0,12.0,0.0,60.7,4.733333333333333,3.0,0.12008978675645343,0.0,6.6
2025,16,00-0038559,Michael Wilson,WR,ARI,87.0,75.0,28.0,0.0,62.2,20.066666666666666,11.333333333333334,0.2807664123453597,0.0,13.2
2025,16,00-0038563,Tre Tucker,WR,LV,28.0,12.0,14.0,0.0,63.2,3.1333333333333333,3.6666666666666665,0.14497835497835498,0.0,9.4
2025,16,00-0038597,Chase Brown,RB,CIN,71.0,72.0,67.0,0.0,91.7,17.599999999999998,19.333333333333332,0.6663489095431019,0.0,32.9
2025,16,00-0038606,Parker Washington,WR,JAX,33.0,37.0,15.0,0.0,57.7,10.0,4.333333333333333,0.15349206349206349,0.0,26.5
2025,16,00-0038608,Kayshon Boutte,WR,NE,21.0,26.0,9.0,0.0,45.1,7.0,2.6666666666666665,0.0909090909090909,0.0,2.6
2025,16,00-0038611,Chris Rodriguez Jr.,RB,WAS,46.0,34.0,43.0,0.0,81.5,8.266666666666667,12.666666666666666,0.42645545913911737,0.0,13.9
2025,16,00-0038618,Xavier Hutchinson,WR,HOU,23.0,11.0,10.0,0.0,49.8,2.8333333333333335,3.0,0.10241571699905033,0.0,1.4
2025,16,00-0038619,Andrei Iosivas,WR,CIN,15.0,17.0,5.0,0.0,50.1,4.533333333333334,2.0,0.052188552188552194,0.0,3.1
2025,16,00-0038621,DeMario Douglas,WR,NE,15.0,16.0,7.0,0.0,57.5,4.3,2.0,0.06752036493971979,0.0,1.6
2025,16,00-0038640,Jalen Brooks,WR,ARI,15.0,10.0,5.0,0.0,36.1,2.6999999999999997,2.0,0.04904306220095694,0.0,0.0
2025,16,00-0038679,Tyrell Shavers,WR,BUF,18.0,31.0,8.0,0.0,31.2,8.333333333333334,2.3333333333333335,0.07644824311490978,0.0,3.1
2025,16,00-0038685,Chris Brooks,RB,GB,9.0,10.0,9.0,0.0,64.5,2.3666666666666667,2.3333333333333335,0.0893331112221667,0.0,0.4
2025,16,00-0038705,Emari Demercado,RB,ARI,24.0,27.0,27.0,0.0,55.6,6.5,6.666666666666667,0.2673676120472459,0.0,3.0
2025,16,00-0038738,Hunter Luepke,RB,DAL,7.0,9.0,6.0,0.0,31.2,2.2333333333333334,2.0,0.0642857142857143,0.0,2.4
2025,16,00-0038783,Nate Adkins,TE,DEN,19.0,19.0,6.0,0.0,53.4,4.766666666666667,2.0,0.059263300398052166,0.0,0.0
2025,16,00-0038794,Jaleel McLaughlin,RB,DEN,17.0,12.0,18.0,0.0,54.1,2.8333333333333335,4.666666666666667,0.17684875413070142,0.0,3.7
2025,16,00-0038797,Emanuel Wilson,RB,GB,11.0,4.0,12.0,0.0,70.9,0.9,3.0,0.11623931623931623,0.0,8.2
2025,16,00-0038839,Mitchell Tinsley,WR,CIN,44.0,22.0,15.0,0.0,53.8,5.900000000000001,5.666666666666667,0.1455238661121014,0.0,0.0
2025,16,00-0038840,Brycen Tremayne,WR,CAR,0.0,0.0,0.0,0.0,56.8,0.0,0.0,0.0,0.0,0.0
2025,16,00-0038896,Jacob Saylors,RB,DET,0.0,0.0,0.0,0.0,56.8,0.0,0.0,0.0,0.0,0.0
2025,16,00-0038933,Dalton Kincaid,TE,BUF,38.0,35.0,14.0,0.0,71.2,8.733333333333333,4.0,0.13865147198480532,0.0,0.0
2025,16,00-0038935,Brenton Strange,TE,JAX,41.0,30.0,15.0,0.0,66.3,7.6000000000000005,4.333333333333333,0.15356374807987713,0.0,14.9
2025,16,00-0038951,Sean Tucker,RB,TB,16.0,21.0,15.0,0.0,52.6,5.2,4.333333333333333,0.14512647845981178,0.0,6.3
2025,16,00-0038976,Marvin Mims Jr.,WR,DEN,31.0,16.0,13.0,0.0,52.3,4.366666666666666,4.0,0.12593381657783279,0.0,5.9
2025,16,00-0038979,Cedric Tillman,WR,CLE,18.0,6.0,10.0,0.0,48.5,1.5999999999999999,2.3333333333333335,0.09636409865242816,0.0,1.8
2025,16,00-0038994,Jordan Addison,WR,MIN,49.0,34.0,24.0,0.0,71.4,9.133333333333333,6.333333333333333,0.2441695818757288,0.0,4.6
2025,16,00-0038997,Josh Downs,WR,IND,41.0,29.0,19.0,0.0,83.8,7.666666666666667,5.333333333333333,0.19039886039886042,0.0,11.8
2025,16,00-0039032,Tyjae Spears,RB,TEN,30.0,28.0,31.0,0.0,78.9,6.900000000000001,8.333333333333334,0.3099267399267399,0.0,21.5
2025,16,00-0039040,De'Von Achane,RB,MIA,60.0,76.0,65.0,0.0,76.4,18.533333333333335,16.333333333333332,0.6486169183120403,0.0,18.0
2025,16,00-0039041,Elijah Higgins,TE,ARI,16.0,8.0,4.0,0.0,63.2,2.0,1.6666666666666667,0.0431376352428984,0.0,16.1
2025,16,00-0039062,Jonathan Mingo,WR,DAL,8.0,7.0,2.0,0.0,68.2,1.75,1.0,0.02492401215805471,0.0,0.0
2025,16,00-0039064,Zay Flowers,WR,BAL,62.0,49.0,34.0,0.0,62.9,13.000000000000002,8.0,0.3361111111111111,0.0,23.2
2025,16,00-0039066,Michael Mayer,TE,LV,16.0,9.0,4.0,0.0,31.6,2.233333333333333,1.6666666666666667,0.04212454212454212,0.0,2.0
2025,16,00-0039074,Davis Allen,TE,LA,22.0,13.0,7.0,0.0,60.5,3.3666666666666667,2.3333333333333335,0.0689387746546773,0.0,5.4
2025,16,00-0039075,Puka Nacua,WR,LA,85.0,96.0,35.0,0.0,81.5,25.600000000000005,11.0,0.3488704148208861,0.0,46.5
2025,16,00-0039139,Jahmyr Gibbs,RB,DET,77.0,80.0,81.0,0.0,73.2,19.466666666666665,21.0,0.8067621127326844,0.0,22.8
2025,16,00-0039144,Luke Musgrave,TE,GB,34.0,22.0,13.0,0.0,55.8,5.566666666666666,3.6666666666666665,0.1250208229218724,0.0,6.8
2025,16,00-0039146,Jayden Reed,WR,GB,44.0,42.0,21.0,0.0,88.0,11.1,5.666666666666667,0.2149251714469106,0.0,7.1
2025,16,00-0039150,Bryce Young,QB,CAR,66.0,60.0,88.0,50.0,80.0,16.74,29.666666666666668,0.2194995864350703,0.0,17.64
2025,16,00-0039163,C.J. Stroud,QB,HOU,78.0,56.0,37.0,50.0,71.6,15.686666666666666,34.666666666666664,0.09191535851877408,0.0,11.48
2025,16,00-0039165,Zach Charbonnet,RB,SEA,40.0,31.0,40.0,0.0,76.4,7.633333333333333,11.0,0.4002233877233878,0.0,15.4
2025,16,00-0039338,Brock Bowers,TE,LV,53.0,60.0,23.0,0.0,71.8,15.233333333333334,5.666666666666667,0.22679653679653677,0.0,14.3
2025,16,00-0039342,Xavier Legette,WR,CAR,26.0,15.0,15.0,0.0,65.2,4.066666666666666,3.3333333333333335,0.14506172839506173,0.0,2.2
2025,16,00-0039356,Ja'Tavion Sanders,TE,CAR,9.0,5.0,5.0,0.0,32.6,1.3666666666666665,1.0,0.04567901234567901,0.0,8.9
2025,16,00-0039359,Cade Stover,TE,HOU,34.0,12.0,12.0,0.0,52.5,3.033333333333333,3.6666666666666665,0.12232008187890542,0.0,2.7
2025,16,00-0039361,Bucky Irving,RB,TB,68.0,55.0,67.0,0.0,84.5,13.433333333333335,18.666666666666668,0.6741368662201995,0.0,7.1
2025,16,00-0039373,Audric Estimé,RB,NO,16.0,19.0,16.0,0.0,54.8,4.55,4.5,0.15526209677419356,0.0,6.6
2025,16,00-0039384,Tyrone Tracy Jr.,RB,NYG,66.0,61.0,56.0,0.0,67.2,15.0,18.0,0.5617007044491832,0.0,9.8
2025,16,00-0039391,Kimani Vidal,RB,LAC,68.0,52.0,53.0,0.0,70.6,12.633333333333335,18.666666666666668,0.5283805320047908,0.0,1.1
2025,16,00-0039398,Joe Milton III,QB,DAL,10.0,14.0,0.0,50.0,65.3,3.98,4.5,0.0,0.0,1.14
2025,16,00-0039405,Jawhar Jordan,RB,HOU,62.0,57.0,53.0,0.0,56.8,13.799999999999999,17.0,0.5314685314685315,0.0,12.0
2025,16,00-0039407,Dylan Laube,RB,LV,2.0,1.0,5.0,0.0,31.2,0.13333333333333333,0.6666666666666666,0.05128205128205129,0.0,0.0
2025,16,00-0039410,Ryan Flournoy,WR,DAL,54.0,51.0,17.0,0.0,47.4,13.633333333333333,7.0,0.16684465620635835,0.0,9.8
2025,16,00-0039451,Isaiah Williams,WR,NYJ,28.0,20.0,12.0,0.0,37.2,5.233333333333333,3.6666666666666665,0.11827956989247312,0.0,6.5
2025,16,00-0039458,Brenden Bates,TE,CLE,9.0,9.0,3.0,0.0,31.2,2.15,1.0,0.03225806451612903,0.0,0.0
2025,16,00-0039491,Jalen Coker,WR,CAR,36.0,49.0,22.0,0.0,74.2,13.200000000000001,4.666666666666667,0.21604938271604937,0.0,7.7
2025,16,00-0039521,Xavier Weaver,WR,ARI,18.0,7.0,5.0,0.0,53.0,1.8,2.3333333333333335,0.04860528230093447,0.0,3.9
2025,16,00-0039530,Brevyn Spann-Ford,TE,DAL,6.0,2.0,2.0,0.0,35.4,0.5666666666666667,0.6666666666666666,0.016616008105369808,0.0,0.0
2025,16,00-0039589,Kameron Johnson,WR,TB,3.0,0.0,1.0,0.0,41.8,0.0,0.3333333333333333,0.011904761904761904,0.0,0.0
2025,16,00-0039603,British Brooks,RB,HOU,0.0,0.0,0.0,0.0,56.8,0.0,0.0,0.0,0.0,0.0
2025,16,00-0039623,Mason Tipton,WR,NO,21.0,7.0,9.0,0.0,33.1,2.0,2.6666666666666665,0.08640007496427483,0.0,8.1
2025,16,00-0039631,Cam Grandy,TE,CIN,9.0,6.0,4.0,0.0,56.8,1.6,1.0,0.038461538461538464,0.0,1.1
2025,16,00-0039648,David Martin-Robinson,TE,TEN,3.0,2.0,1.0,0.0,31.2,0.5333333333333333,0.3333333333333333,0.013333333333333334,0.0,0.0
2025,16,00-0039732,Bo Nix,QB,DEN,96.0,76.0,57.0,50.0,78.7,21.166666666666668,43.0,0.14256356670149772,0.0,19.18
2025,16,00-0039738,Blake Corum,RB,LA,38.0,73.0,36.0,0.0,79.5,17.76666666666667,10.333333333333334,0.3594116920034606,0.0,13.1
2025,16,00-0039746,Will Shipley,RB,PHI,2.0,5.0,2.0,0.0,37.0,1.1333333333333335,0.6666666666666666,0.019883040935672513,0.0,1.3
2025,16,00-0039751,Jordan Whittington,WR,LA,8.0,2.0,3.0,0.0,68.5,0.5,1.0,0.03187029700895009,0.0,2.9
2025,16,00-0039792,Devontez Walker,WR,BAL,8.0,5.0,4.0,0.0,32.6,1.3333333333333333,1.0,0.03888888888888889,0.0,0.0
2025,16,00-0039793,AJ Barner,TE,SEA,50.0,25.0,19.0,0.0,83.6,6.366666666666667,5.333333333333333,0.18793093983311374,0.0,15.0
2025,16,00-0039796,Rasheen Ali,RB,BAL,12.0,22.0,15.0,0.0,60.3,5.3999999999999995,3.3333333333333335,0.1547979797979798,0.0,2.2
2025,16,00-0039798,Isaiah Davis,RB,NYJ,16.0,21.0,16.0,0.0,31.9,5.233333333333333,4.333333333333333,0.15749525616698293,0.0,10.0
2025,16,00-0039847,Theo Johnson,TE,NYG,53.0,35.0,20.0,0.0,72.0,8.933333333333334,5.666666666666667,0.19716775599128541,0.0,0.0
2025,16,00-0039849,Marvin Harrison Jr.,WR,ARI,74.0,60.0,27.0,0.0,77.7,15.933333333333335,9.666666666666666,0.2689146827077862,0.0,2.4
2025,16,00-0039851,Drake Maye,QB,NE,78.0,73.0,70.0,50.0,88.9,20.313333333333336,34.666666666666664,0.1760622914349277,0.0,25.7
2025,16,00-0039855,Jalen McMillan,WR,TB,15.0,22.0,6.0,0.0,56.8,5.8,2.0,0.0625,0.0,3.6
2025,16,00-0039868,Troy Franklin,WR,DEN,36.0,36.0,14.0,0.0,51.2,9.666666666666666,4.666666666666667,0.1366363211951447,0.0,10.6
2025,16,00-0039874,Jaylen Wright,RB,MIA,39.0,28.0,31.0,0.0,31.2,6.800000000000001,10.666666666666666,0.3081576655052265,0.0,12.3
2025,16,00-0039875,Ray Davis,RB,BUF,12.0,12.0,7.0,0.0,31.2,2.8333333333333335,3.3333333333333335,0.07164404223227754,0.0,5.4
2025,16,00-0039880,Malik Washington,WR,MIA,26.0,16.0,16.0,0.0,56.5,4.333333333333333,3.3333333333333335,0.16015873015873017,0.0,10.2
2025,16,00-0039890,Adonai Mitchell,WR,NYJ,72.0,56.0,30.0,0.0,65.4,15.0,9.333333333333334,0.3010752688172043,0.0,7.3
2025,16,00-0039893,Brian Thomas Jr.,WR,JAX,44.0,42.0,20.0,0.0,65.9,11.200000000000001,5.666666666666667,0.20019514137793706,0.0,3.8
2025,16,00-0039894,Xavier Worthy,WR,KC,41.0,32.0,18.0,0.0,71.8,8.466666666666667,5.333333333333333,0.18190696318507413,0.0,6.1
2025,16,00-0039912,Ben Sinnott,TE,WAS,9.0,18.0,5.0,0.0,79.0,4.6000000000000005,1.0,0.05265151515151515,0.0,1.5
2025,16,00-0039915,Ladd McConkey,WR,LAC,36.0,25.0,21.0,0.0,58.2,6.7,4.666666666666667,0.21118012422360247,0.0,14.3
2025,16,00-0039918,Caleb Williams,QB,CHI,83.0,57.0,43.0,50.0,86.0,15.793333333333335,37.0,0.10743068987749839,0.0,21.0
2025,16,00-0039920,Malachi Corley,WR,CLE,8.0,4.0,4.0,0.0,69.7,1.0333333333333334,1.0,0.038172043010752686,0.0,6.1
2025,16,00-0039923,J.J. McCarthy,QB,MIN,58.0,60.0,57.0,50.0,72.1,16.8,26.0,0.14153957879448076,0.0,12.32
2025,16,00-0040009,Savion Williams,WR,GB,10.0,8.0,4.0,0.0,53.5,2.1666666666666665,1.3333333333333333,0.04147186147186147,0.0,0.9
2025,16,00-0040075,LaJohntay Wester,WR,BAL,0.0,0.0,0.0,0.0,56.8,0.0,0.0,0.0,0.0,0.0
2025,16,00-0040078,Brashard Smith,RB,KC,4.0,1.0,4.0,0.0,31.2,0.26666666666666666,1.0,0.04324028461959497,0.0,1.4
2025,16,00-0040122,Ashton Jeanty,RB,LV,63.0,36.0,100.0,0.0,79.6,8.700000000000001,17.333333333333332,1.035155955155955,0.0,31.8
2025,16,00-0040124,Tetairoa McMillan,WR,CAR,33.0,34.0,19.0,0.0,65.5,9.1,4.333333333333333,0.18641975308641978,0.0,19.3
2025,16,00-0040126,Colston Loveland,TE,CHI,53.0,38.0,19.0,0.0,84.8,9.6,5.666666666666667,0.193853214686548,0.0,6.0
2025,16,00-0040128,Tyler Warren,TE,IND,56.0,26.0,21.0,0.0,76.3,6.6000000000000005,6.0,0.21312523225566704,0.0,6.0
2025,16,00-0040129,Emeka Egbuka,WR,TB,62.0,28.0,29.0,0.0,79.2,7.366666666666667,8.0,0.28672619047619047,0.0,5.0
2025,16,00-0040130,Jayden Higgins,WR,HOU,28.0,24.0,13.0,0.0,51.5,6.433333333333334,3.6666666666666665,0.12663224121557456,0.0,2.7
2025,16,00-0040131,Kyle Williams,WR,NE,5.0,16.0,2.0,0.0,35.8,4.366666666666667,0.6666666666666666,0.02121212121212121,0.0,12.6
2025,16,00-0040134,Pat Bryant,WR,DEN,44.0,34.0,15.0,0.0,78.4,9.200000000000001,5.666666666666667,0.15359477124183007,0.0,9.2
2025,16,00-0040138,Jaylin Noel,WR,HOU,10.0,4.0,5.0,0.0,31.2,1.0999999999999999,1.3333333333333333,0.045860712863401036,0.0,0.0
2025,16,00-0040154,Tai Felton,WR,MIN,3.0,2.0,1.0,0.0,31.2,0.6666666666666666,0.3333333333333333,0.014492753623188406,0.0,1.6
2025,16,00-0040164,Jaylin Lane,WR,WAS,5.0,0.0,3.0,0.0,44.5,0.0,0.6666666666666666,0.028240740740740743,0.0,0.0
2025,16,00-0040170,Elic Ayomanor,WR,TEN,23.0,16.0,10.0,0.0,48.8,4.2,3.0,0.10043956043956044,0.0,8.8
2025,16,00-0040184,KeAndre Lambert-Smith,WR,LAC,10.0,12.0,4.0,0.0,58.0,3.233333333333333,1.3333333333333333,0.04438229228465689,0.0,2.0
2025,16,00-0040187,Mitchell Evans,TE,CAR,12.0,7.0,6.0,0.0,31.2,1.6666666666666667,1.3333333333333333,0.062345679012345674,0.0,5.3
2025,16,00-0040189,Oronde Gadsden II,TE,LAC,34.0,20.0,16.0,0.0,58.7,5.166666666666667,3.6666666666666665,0.1621808143547274,0.0,1.7
2025,16,00-0040194,Jackson Hawes,TE,BUF,9.0,15.0,4.0,0.0,74.1,3.733333333333333,1.0,0.0396589454560469,0.0,4.6
2025,16,00-0040198,Ollie Gordon II,RB,MIA,12.0,12.0,11.0,0.0,57.8,2.9,3.3333333333333335,0.11356707317073171,0.0,-0.1
2025,16,00-0040205,Kalel Mullings,RB,TEN,2.0,1.0,2.0,0.0,31.2,0.15,0.5,0.025,0.0,0.0
2025,16,00-0040206,Riley Leonard,QB,IND,38.0,22.0,26.0,50.0,44.0,6.2,17.0,0.06623931623931624,0.0,0.0
2025,16,00-0040208,Tahj Brooks,RB,CIN,5.0,1.0,5.0,0.0,34.4,0.3333333333333333,1.3333333333333333,0.05394094396651942,0.0,0.7
2025,16,00-0040218,Jimmy Horn Jr.,WR,CAR,13.0,7.0,7.0,0.0,67.2,1.8666666666666665,1.6666666666666667,0.07420107507826806,0.0,2.5
2025,16,00-0040234,Quinn Ewers,QB,MIA,20.0,8.0,18.0,50.0,56.8,2.12,9.0,0.045454545454545456,0.0,10.9
2025,16,00-0040236,Kyle Monangai,RB,CHI,63.0,40.0,47.0,0.0,65.5,9.666666666666666,17.333333333333332,0.47189036173965254,0.0,12.3
2025,16,00-0040237,Tez Johnson,WR,TB,23.0,17.0,10.0,0.0,36.0,4.6000000000000005,3.0,0.10308259176863181,0.0,0.9
2025,16,00-0040238,LeQuint Allen Jr.,RB,JAX,9.0,7.0,8.0,0.0,34.4,1.8,2.3333333333333335,0.08279285429823063,0.0,1.0
2025,16,00-0040242,Jacory Croskey-Merritt,RB,WAS,35.0,28.0,30.0,0.0,42.9,6.933333333333334,9.666666666666666,0.3040154779285214,0.0,8.5
2025,16,00-0040259,Gage Larvadain,WR,CLE,21.0,12.0,9.0,0.0,76.1,3.2999999999999994,2.6666666666666665,0.09129942668733544,0.0,0.0
2025,16,00-0040277,Jahdae Walker,WR,CHI,0.0,0.0,0.0,0.0,56.8,0.0,0.0,0.0,0.0,10.1
2025,16,00-0040352,Coleman Owen,WR,IND,0.0,0.0,0.0,0.0,56.8,0.0,0.0,0.0,0.0,0.0
2025,16,00-0040398,Brady Cook,QB,NYJ,78.0,39.0,50.0,50.0,71.7,10.73,35.0,0.12618595825426945,0.0,7.72
2025,16,00-0040466,Raheim Sanders,RB,CLE,11.0,26.0,12.0,0.0,56.8,6.3,3.0,0.125,0.0,5.6
2025,16,00-0040488,Carter Runyon,TE,LV,5.0,3.0,3.0,0.0,31.2,0.65,0.5,0.029411764705882353,0.0,0.0
2025,16,00-0040494,Max Brosmer,QB,MIN,27.0,6.0,14.0,50.0,32.5,1.786666666666667,12.0,0.035326086956521736,0.0,1.78
2025,16,00-0040506,Myles Price,WR,MIN,0.0,0.0,0.0,0.0,56.8,0.0,0.0,0.0,0.0,0.0
2025,16,00-0040534,Ke'Shawn Williams,WR,CIN,0.0,0.0,0.0,0.0,56.8,0.0,0.0,0.0,0.0,0.1
2025,16,00-0040556,Corey Kiner,RB,ARI,7.0,5.0,10.0,0.0,56.8,1.1,2.0,0.09523809523809523,0.0,3.2
2025,16,00-0040582,Arian Smith,WR,NYJ,10.0,3.0,4.0,0.0,55.5,0.7000000000000001,1.3333333333333333,0.04442689926560894,0.0,0.0
2025,16,00-0040584,Gunnar Helm,TE,TEN,41.0,33.0,14.0,0.0,56.0,8.333333333333334,4.333333333333333,0.14461538461538462,0.0,2.9
2025,16,00-0040590,Konata Mumpfield,WR,LA,5.0,2.0,2.0,0.0,35.5,0.5,0.6666666666666666,0.019524617996604415,0.0,7.0
2025,16,00-0040644,Trevor Etienne,RB,CAR,1.0,2.0,2.0,0.0,31.2,0.4666666666666666,0.3333333333333333,0.016666666666666666,0.0,0.0
2025,16,00-0040663,Harold Fannin Jr.,TE,CLE,100.0,67.0,35.0,0.0,69.5,16.900000000000002,10.666666666666666,0.351078652100096,0.0,19.5
2025,16,00-0040666,Omarion Hampton,RB,LAC,60.0,48.0,54.0,0.0,84.5,11.733333333333334,16.333333333333332,0.5405752898404599,0.0,16.5
2025,16,00-0040667,Matthew Golden,WR,GB,21.0,15.0,9.0,0.0,49.8,3.966666666666667,2.6666666666666665,0.09152979066022544,0.0,0.4
2025,16,00-0040668,Shedeur Sanders,QB,CLE,81.0,67.0,41.0,50.0,60.1,18.5,36.0,0.10241935483870968,0.0,15.18
2025,16,00-0040669,Isaac TeSlaa,WR,DET,15.0,27.0,7.0,0.0,53.1,7.166666666666667,2.0,0.06572135236538179,0.0,15.2
2025,16,00-0040676,Cam Ward,QB,TEN,74.0,41.0,24.0,50.0,81.1,11.473333333333334,33.0,0.05952380952380953,0.0,18.02
2025,16,00-0040691,Jaxson Dart,QB,NYG,81.0,77.0,89.0,50.0,76.0,21.326666666666668,36.0,0.22139699381078692,0.0,2.02
2025,16,00-0040704,Dillon Gabriel,QB,CLE,37.0,28.0,32.0,50.0,31.2,7.666666666666667,16.666666666666668,0.07875,0.0,0.0
2025,16,00-0040705,Chimere Dike,WR,TEN,49.0,25.0,25.0,0.0,63.6,6.766666666666666,6.333333333333333,0.24934065934065938,0.0,13.0
2025,16,00-0040727,Tre Harris,WR,LAC,31.0,21.0,17.0,0.0,76.0,5.666666666666667,4.0,0.17371326867894374,0.0,9.4
2025,16,00-0040729,Jack Bech,WR,LV,31.0,24.0,16.0,0.0,65.0,6.3,4.0,0.15688311688311687,0.0,6.3
2025,16,00-0040730,RJ Harvey,RB,DEN,73.0,76.0,70.0,0.0,86.4,18.566666666666666,20.0,0.7044693347558458,0.0,22.1
2025,16,00-0040734,TreVeyon Henderson,RB,NE,66.0,72.0,64.0,0.0,74.2,17.6,18.0,0.6369548656756666,0.0,2.2
2025,16,00-0040737,Terrance Ferguson,TE,LA,16.0,2.0,5.0,0.0,56.5,0.5333333333333333,1.6666666666666667,0.05298790584585717,0.0,12.3
2025,16,00-0040743,Tyler Shough,QB,NO,83.0,73.0,100.0,50.0,85.6,20.233333333333334,37.0,0.25365740740740744,0.0,17.12
2025,16,00-0040782,Isaiah Bond,WR,CLE,23.0,18.0,10.0,0.0,56.4,4.866666666666667,3.0,0.10029280775571466,0.0,2.0
2025,16,00-0040784,Quinshon Judkins,RB,CLE,72.0,38.0,84.0,0.0,77.3,9.333333333333334,19.666666666666668,0.843449964321744,0.0,10.1
2025,17,00-0022942,Philip Rivers,QB,IND,71.0,44.0,7.0,50.0,67.0,13.94,31.5,0.016666666666666666,0.0,9.78
2025,17,00-0023459,Aaron Rodgers,QB,PIT,80.0,57.0,27.0,50.0,73.2,17.986666666666668,35.333333333333336,0.06635802469135803,0.0,7.32
2025,17,00-0026158,Joe Flacco,QB,CIN,60.0,25.0,12.0,50.0,40.5,7.88,26.666666666666668,0.029644268774703556,0.0,1.16
2025,17,00-0026300,Josh Johnson,QB,WAS,23.0,5.0,15.0,50.0,56.8,1.72,10.0,0.038461538461538464,0.0,8.92
2025,17,00-0026498,Matthew Stafford,QB,LA,91.0,81.0,11.0,50.0,73.3,25.679999999999996,40.333333333333336,0.02858826996758031,0.0,18.76
2025,17,00-0029604,Kirk Cousins,QB,ATL,86.0,58.0,18.0,50.0,62.3,18.326666666666668,38.0,0.04504504504504505,0.0,9.14
2025,17,00-0030035,Adam Thielen,WR,PIT,15.0,11.0,6.0,0.0,38.1,4.0,2.0,0.057534408411601394,0.0,3.4
2025,17,00-0030279,Keenan Allen,WR,LAC,38.0,21.0,20.0,0.0,73.8,7.733333333333333,5.0,0.2044513457556936,0.0,2.7
2025,17,00-0030506,Travis Kelce,TE,KC,55.0,22.0,22.0,0.0,55.0,5.8,6.0,0.2180773249738767,0.0,8.6
2025,17,00-0030564,DeAndre Hopkins,WR,BAL,18.0,11.0,12.0,0.0,31.9,4.1000000000000005,2.3333333333333335,0.12121212121212122,0.0,0.0
2025,17,00-0030565,Geno Smith,QB,LV,53.0,41.0,26.0,50.0,75.1,13.026666666666666,23.333333333333332,0.06481481481481481,0.0,11.14
2025,17,00-0031236,Brandin Cooks,WR,BUF,12.0,2.0,7.0,0.0,45.4,0.7666666666666666,1.6666666666666667,0.07147281060324538,0.0,14.1
2025,17,00-0031408,Mike Evans,WR,TB,62.0,30.0,27.0,0.0,51.7,11.1,8.333333333333334,0.27166666666666667,0.0,12.1
2025,17,00-0031588,Stefon Diggs,WR,NE,45.0,31.0,18.0,0.0,55.3,11.333333333333334,6.0,0.1844155844155844,0.0,22.1
2025,17,00-0031610,Darren Waller,TE,MIA,52.0,45.0,22.0,0.0,56.0,11.766666666666667,5.666666666666667,0.2219396051103368,0.0,1.0
2025,17,00-0032104,Ameer Abdullah,RB,IND,16.0,19.0,15.0,0.0,32.9,4.666666666666667,4.333333333333333,0.14914529914529914,0.0,1.4
2025,17,00-0032211,Tyler Lockett,WR,LV,25.0,11.0,13.0,0.0,65.4,3.9,3.3333333333333335,0.13125541125541126,0.0,8.9
2025,17,00-0032392,Austin Hooper,TE,NE,27.0,16.0,8.0,0.0,51.3,4.1000000000000005,3.0,0.08364432502363538,0.0,9.1
2025,17,00-0032398,Chris Moore,WR,WAS,12.0,4.0,6.0,0.0,31.2,1.5999999999999999,1.6666666666666667,0.0574712643678161,0.0,2.5
2025,17,00-0032464,Kalif Raymond,WR,DET,20.0,23.0,6.0,0.0,46.1,8.299999999999999,2.6666666666666665,0.058367071524966264,0.0,1.5
2025,17,00-0032764,Derrick Henry,RB,BAL,71.0,63.0,56.0,0.0,69.9,15.333333333333334,18.666666666666668,0.563131313131313,0.0,45.6
2025,17,00-0032775,Demarcus Robinson,WR,SF,15.0,15.0,7.0,0.0,72.0,5.5,2.0,0.07086740420073753,0.0,5.0
2025,17,00-0032951,Laquon Treadwell,WR,IND,0.0,0.0,0.0,0.0,56.8,0.0,0.0,0.0,0.0,0.0
2025,17,00-0033077,Dak Prescott,QB,DAL,91.0,54.0,33.0,50.0,77.3,17.186666666666664,40.333333333333336,0.08255693581780538,0.0,22.68
2025,17,00-0033090,Hunter Henry,TE,NE,48.0,37.0,17.0,0.0,67.8,9.866666666666667,5.333333333333333,0.16767676767676765,0.0,13.9
2025,17,00-0033106,Jared Goff,QB,DET,99.0,72.0,23.0,50.0,72.6,22.713333333333335,44.0,0.05808080808080809,0.0,12.08
2025,17,00-0033119,Jacoby Brissett,QB,ARI,92.0,59.0,63.0,50.0,73.8,18.74,41.0,0.15734989648033126,0.0,16.48
2025,17,00-0033217,Mo Alie-Cox,TE,IND,15.0,7.0,5.0,0.0,58.2,1.8333333333333333,1.6666666666666667,0.04778972520908004,0.0,11.0
2025,17,00-0033246,Johnny Mundt,TE,JAX,21.0,12.0,10.0,0.0,77.1,3.266666666666667,2.3333333333333335,0.09666227492314448,0.0,0.0
2025,17,00-0033280,Christian McCaffrey,RB,SF,96.0,90.0,78.0,0.0,80.8,21.900000000000002,25.333333333333332,0.777454933085946,0.0,28.1
2025,17,00-0033293,Aaron Jones,RB,MIN,68.0,39.0,62.0,0.0,81.5,9.466666666666667,18.0,0.6183740646016861,0.0,15.3
2025,17,00-0033307,Kendrick Bourne,WR,SF,22.0,9.0,10.0,0.0,48.6,3.1333333333333333,3.0,0.10341510341510342,0.0,3.5
2025,17,00-0033357,Taysom Hill,TE,NO,73.0,22.0,28.0,0.0,31.2,5.806666666666666,8.0,0.283386524822695,0.0,0.0
2025,17,00-0033375,Tim Patrick,WR,JAX,20.0,21.0,9.0,0.0,31.2,7.666666666666668,2.6666666666666665,0.08737327188940092,0.0,0.0
2025,17,00-0033376,Patrick Ricard,RB,BAL,3.0,0.0,2.0,0.0,35.8,0.09999999999999999,0.6666666666666666,0.01936026936026936,0.0,0.0
2025,17,00-0033455,Anthony Firkser,TE,DET,18.0,14.0,5.0,0.0,41.8,3.6999999999999997,2.0,0.048739392825414334,0.0,0.0
2025,17,00-0033526,Samaje Perine,RB,CIN,41.0,31.0,41.0,0.0,70.6,7.3999999999999995,10.666666666666666,0.4067028709028591,0.0,8.3
2025,17,00-0033576,Eric Saubert,TE,SEA,3.0,2.0,1.0,0.0,31.2,0.6333333333333333,0.3333333333333333,0.010101010101010102,0.0,0.0
2025,17,00-0033857,JuJu Smith-Schuster,WR,KC,18.0,3.0,9.0,0.0,44.0,1.2333333333333334,2.3333333333333335,0.09470567746429814,0.0,4.6
2025,17,00-0033858,Jonnu Smith,TE,PIT,21.0,17.0,8.0,0.0,50.5,4.466666666666666,2.3333333333333335,0.08016041787971613,0.0,7.7
2025,17,00-0033881,Evan Engram,TE,DEN,27.0,13.0,8.0,0.0,72.6,3.533333333333333,3.0,0.07984335038363172,0.0,6.1
2025,17,00-0033908,Cooper Kupp,WR,SEA,35.0,25.0,15.0,0.0,75.1,9.333333333333334,4.666666666666667,0.14705115672857608,0.0,1.6
2025,17,00-0033921,Chris Godwin Jr.,WR,TB,48.0,28.0,23.0,0.0,82.8,10.166666666666666,6.333333333333333,0.22732142857142856,0.0,23.8
2025,17,00-0033923,Kareem Hunt,RB,KC,30.0,17.0,33.0,0.0,49.8,4.066666666666666,8.0,0.33355227148330596,0.0,3.8
2025,17,00-0033949,Joshua Dobbs,QB,NE,8.0,0.0,32.0,50.0,61.0,0.03999999999999998,3.5,0.07950191570881227,0.0,1.1
2025,17,00-0033955,Jeremy McNichols,RB,WAS,19.0,10.0,18.0,0.0,52.2,2.5333333333333337,5.0,0.1814015939015939,0.0,4.0
2025,17,00-0034159,Will Dissly,TE,LAC,15.0,9.0,6.0,0.0,41.0,2.3000000000000003,1.6666666666666667,0.05637987884364695,0.0,3.9
2025,17,00-0034272,Marquez Valdes-Scantling,WR,PIT,12.0,10.0,5.0,0.0,45.4,3.5,1.6666666666666667,0.04876247858703999,0.0,5.1
2025,17,00-0034348,Courtland Sutton,WR,DEN,80.0,52.0,29.0,0.0,85.7,19.033333333333335,10.666666666666666,0.28916240409207167,0.0,8.0
2025,17,00-0034351,Dallas Goedert,TE,PHI,61.0,67.0,25.0,0.0,66.3,17.666666666666668,6.666666666666667,0.2518316864959333,0.0,9.8
2025,17,00-0034383,Dalton Schultz,TE,HOU,55.0,52.0,21.0,0.0,62.5,13.766666666666667,6.0,0.21378693927713535,0.0,4.9
2025,17,00-0034418,Cedrick Wilson Jr.,WR,MIA,10.0,6.0,5.0,0.0,70.8,2.1333333333333333,1.3333333333333333,0.05424710424710425,0.0,1.8
2025,17,00-0034613,Tanner Hudson,TE,CIN,21.0,10.0,7.0,0.0,42.0,2.6999999999999997,2.3333333333333335,0.06630824372759857,0.0,5.1
2025,17,00-0034681,Chase Edmonds,RB,WAS,0.0,0.0,0.0,0.0,56.8,0.0,0.0,0.0,0.0,0.0
2025,17,00-0034753,Mark Andrews,TE,BAL,36.0,13.0,19.0,0.0,77.8,3.3666666666666667,4.0,0.19393939393939394,0.0,6.8
2025,17,00-0034775,Christian Kirk,WR,HOU,35.0,22.0,16.0,0.0,59.5,8.233333333333333,4.666666666666667,0.1574852163087457,0.0,2.1
2025,17,00-0034791,Nick Chubb,RB,HOU,22.0,20.0,19.0,0.0,43.4,4.966666666666667,5.666666666666667,0.18571498078139448,0.0,0.1
2025,17,00-0034798,Durham Smythe,TE,CHI,6.0,3.0,2.0,0.0,38.9,0.8666666666666666,0.6666666666666666,0.023015873015873017,0.0,2.1
2025,17,00-0034827,DJ Moore,WR,CHI,40.0,41.0,19.0,0.0,56.4,15.133333333333333,5.333333333333333,0.19072296371146946,0.0,1.7
2025,17,00-0034829,Mike Gesicki,TE,CIN,36.0,44.0,12.0,0.0,56.4,11.733333333333334,4.0,0.11708482676224612,0.0,6.7
2025,17,00-0034844,Saquon Barkley,RB,PHI,89.0,75.0,72.0,0.0,93.8,18.2,23.333333333333332,0.7246653093539742,0.0,6.8
2025,17,00-0034855,Baker Mayfield,QB,TB,76.0,50.0,43.0,50.0,82.8,15.653333333333334,33.666666666666664,0.10683760683760685,0.0,23.44
2025,17,00-0034857,Josh Allen,QB,BUF,77.0,71.0,100.0,50.0,73.4,22.42,34.0,0.28300714507611063,0.0,25.18
2025,17,00-0034860,Dante Pettis,WR,NO,2.0,0.0,1.0,0.0,41.8,0.0,0.3333333333333333,0.0070921985815602835,0.0,8.3
2025,17,00-0034869,Sam Darnold,QB,SEA,83.0,58.0,56.0,50.0,82.3,18.366666666666667,36.666666666666664,0.13906759906759905,0.0,10.08
2025,17,00-0034928,Steven Sims,WR,ARI,8.0,0.0,3.0,0.0,56.8,0.0,1.0,0.034482758620689655,0.0,0.0
2025,17,00-0034960,Jakobi Meyers,WR,JAX,72.0,32.0,31.0,0.0,79.3,11.833333333333334,9.666666666666666,0.3106463702565853,0.0,9.9
2025,17,00-0035021,Ashton Dulin,WR,IND,5.0,7.0,2.0,0.0,35.4,2.6666666666666665,0.6666666666666666,0.01888276947285602,0.0,0.0
2025,17,00-0035249,Josh Oliver,TE,MIN,18.0,29.0,9.0,0.0,50.5,7.699999999999999,2.0,0.08635265700483091,0.0,1.8
2025,17,00-0035250,Devin Singletary,RB,NYG,42.0,37.0,41.0,0.0,53.2,9.066666666666666,11.0,0.4101065920031437,0.0,17.0
2025,17,00-0035261,Tony Pollard,RB,TEN,78.0,78.0,67.0,0.0,77.0,18.833333333333332,20.666666666666668,0.672069597069597,0.0,11.5
2025,17,00-0035291,Trayveon Williams,RB,CLE,18.0,18.0,20.0,0.0,55.2,4.366666666666666,4.666666666666667,0.20036837913181996,0.0,1.0
2025,17,00-0035298,Scott Miller,WR,PIT,12.0,6.0,5.0,0.0,46.4,2.266666666666667,1.6666666666666667,0.051883971291866025,0.0,5.5
2025,17,00-0035359,David Sills,WR,ATL,38.0,13.0,14.0,0.0,36.1,4.6000000000000005,5.0,0.13902087072818778,0.0,6.7
2025,17,00-0035406,Lil'Jordan Humphrey,WR,DEN,22.0,19.0,9.0,0.0,59.5,6.933333333333334,3.0,0.08557118499573742,0.0,4.3
2025,17,00-0035535,Darius Slayton,WR,NYG,38.0,21.0,19.0,0.0,51.1,7.733333333333334,5.0,0.18554131054131054,0.0,5.6
2025,17,00-0035537,Ty Johnson,RB,BUF,19.0,27.0,17.0,0.0,79.0,6.433333333333333,5.0,0.16900587590242763,0.0,7.8
2025,17,00-0035544,Tom Kennedy,WR,DET,0.0,0.0,0.0,0.0,56.8,0.0,0.0,0.0,0.0,0.0
2025,17,00-0035594,Travis Homer,RB,CHI,1.0,-0.0,1.0,0.0,41.8,-0.06666666666666667,0.3333333333333333,0.008547008547008546,0.0,0.0
2025,17,00-0035602,Alex Bachman,WR,LV,2.0,1.0,2.0,0.0,31.2,0.43333333333333335,0.3333333333333333,0.015151515151515152,0.0,0.0
2025,17,00-0035628,D'Ernest Johnson,RB,NE,6.0,1.0,6.0,0.0,42.8,0.2333333333333333,1.6666666666666667,0.06128747795414461,0.0,0.5
2025,17,00-0035631,Drew Sample,TE,CIN,21.0,14.0,7.0,0.0,80.9,3.6666666666666665,2.3333333333333335,0.0652764201151298,0.0,1.8
2025,17,00-0035644,Noah Fant,TE,CIN,15.0,7.0,4.0,0.0,76.8,1.8999999999999997,1.6666666666666667,0.04347395523866112,0.0,0.0
2025,17,00-0035645,Gunner Olszewski,WR,NYG,0.0,5.0,0.0,0.0,46.2,1.7733333333333334,0.0,0.0,0.0,2.9
2025,17,00-0035659,Terry McLaurin,WR,WAS,35.0,28.0,25.0,0.0,77.1,10.433333333333335,4.666666666666667,0.25,0.0,11.3
2025,17,00-0035662,Marquise Brown,WR,KC,18.0,18.0,9.0,0.0,72.9,6.566666666666666,2.3333333333333335,0.08927638453500523,0.0,1.7
2025,17,00-0035676,A.J. Brown,WR,PHI,68.0,42.0,29.0,0.0,67.8,15.533333333333333,9.0,0.28900315923909387,0.0,11.8
2025,17,00-0035685,David Montgomery,RB,DET,24.0,34.0,34.0,0.0,67.0,8.299999999999999,6.333333333333333,0.33821148668347306,0.0,6.0
2025,17,00-0035689,Dawson Knox,TE,BUF,39.0,45.0,17.0,0.0,57.0,12.0,4.333333333333333,0.17473884140550808,0.0,8.0
2025,17,00-0035700,Josh Jacobs,RB,GB,65.0,65.0,63.0,0.0,71.3,15.733333333333334,17.0,0.6318604101212797,0.0,1.3
2025,17,00-0035719,Deebo Samuel Sr.,WR,WAS,38.0,19.0,27.0,0.0,88.9,6.833333333333333,5.0,0.2708333333333333,0.0,11.3
2025,17,00-0035956,Giovanni Ricci,TE,DET,0.0,0.0,0.0,0.0,56.8,0.0,0.0,0.0,0.0,0.0
2025,17,00-0035993,Tyler Huntley,QB,BAL,34.0,20.0,55.0,50.0,38.8,6.413333333333334,15.0,0.13805916305916308,0.0,14.28
2025,17,00-0036040,Juwan Johnson,TE,NO,52.0,40.0,17.0,0.0,68.3,10.566666666666666,5.666666666666667,0.17350720658888127,0.0,13.5
2025,17,00-0036133,James Proche,WR,TEN,8.0,2.0,4.0,0.0,68.5,0.7666666666666666,1.0,0.03567765567765568,0.0,1.5
2025,17,00-0036139,Rico Dowdle,RB,CAR,66.0,42.0,59.0,0.0,88.3,10.200000000000001,17.333333333333332,0.5865591397849462,0.0,9.3
2025,17,00-0036165,Isaiah Hodgins,WR,NYG,22.0,14.0,9.0,0.0,36.5,5.0,3.0,0.09123093681917212,0.0,1.8
2025,17,00-0036176,Mason Kinsey,WR,TEN,8.0,2.0,3.0,0.0,31.2,0.7999999999999999,1.0,0.027777777777777776,0.0,4.4
2025,17,00-0036187,Reggie Gilliam,RB,BUF,0.0,0.0,0.0,0.0,56.8,0.0,0.0,0.0,0.0,0.0
2025,17,00-0036196,Gabe Davis,WR,BUF,15.0,8.0,7.0,0.0,83.7,2.9333333333333336,2.0,0.0745101986044015,0.0,0.0
2025,17,00-0036223,Jonathan Taylor,RB,IND,87.0,60.0,89.0,0.0,87.8,14.466666666666667,23.0,0.8927350427350428,0.0,17.4
2025,17,00-0036244,Colby Parkinson,TE,LA,48.0,51.0,14.0,0.0,64.7,13.6,5.333333333333333,0.14294472740992267,0.0,11.3
2025,17,00-0036252,Michael Pittman,WR,IND,55.0,27.0,22.0,0.0,60.9,9.9,7.333333333333333,0.22150997150997154,0.0,3.6
2025,17,00-0036259,Jauan Jennings,WR,SF,42.0,46.0,22.0,0.0,87.9,16.9,5.666666666666667,0.21757255090588423,0.0,12.2
2025,17,00-0036275,D'Andre Swift,RB,CHI,65.0,59.0,57.0,0.0,81.2,14.266666666666667,17.0,0.5668547475300348,0.0,21.9
2025,17,00-0036290,Cole Kmet,TE,CHI,30.0,18.0,12.0,0.0,83.2,4.8,3.3333333333333335,0.11957976038435808,0.0,3.6
2025,17,00-0036309,Darnell Mooney,WR,ATL,30.0,11.0,12.0,0.0,63.4,4.166666666666667,4.0,0.11660155562594587,0.0,5.5
2025,17,00-0036322,Justin Jefferson,WR,MIN,50.0,20.0,29.0,0.0,60.4,7.266666666666667,6.666666666666667,0.28502415458937197,0.0,7.0
2025,17,00-0036331,Devin Duvernay,WR,CHI,2.0,3.0,1.0,0.0,31.2,1.1333333333333333,0.3333333333333333,0.011904761904761904,0.0,0.0
2025,17,00-0036332,Josiah Deguara,TE,ARI,9.0,2.0,3.0,0.0,66.8,0.5333333333333333,1.0,0.026316387260914998,0.0,0.0
2025,17,00-0036355,Justin Herbert,QB,LAC,78.0,62.0,77.0,50.0,74.2,19.586666666666666,34.666666666666664,0.1915158848008213,0.0,17.14
2025,17,00-0036358,CeeDee Lamb,WR,DAL,62.0,42.0,22.0,0.0,83.5,15.433333333333335,8.333333333333334,0.22489235055724419,0.0,9.6
2025,17,00-0036389,Jalen Hurts,QB,PHI,77.0,56.0,69.0,50.0,77.8,17.566666666666666,34.333333333333336,0.17160617438464745,0.0,8.9
2025,17,00-0036407,Jerry Jeudy,WR,CLE,32.0,23.0,14.0,0.0,70.2,8.333333333333334,4.333333333333333,0.13625311786036176,0.0,10.4
2025,17,00-0036410,Tee Higgins,WR,CIN,50.0,45.0,19.0,0.0,58.8,16.533333333333335,6.666666666666667,0.1929334457797456,0.0,9.9
2025,17,00-0036414,Cam Akers,RB,SEA,11.0,15.0,10.0,0.0,42.8,3.59,3.0,0.10147849462365591,0.0,0.0
2025,17,00-0036415,Van Jefferson,WR,TEN,27.0,12.0,14.0,0.0,76.8,4.466666666666666,3.6666666666666665,0.1421272554605888,0.0,7.6
2025,17,00-0036422,Adam Trautman,TE,DEN,27.0,19.0,7.0,0.0,72.8,4.933333333333334,3.0,0.07309300531806925,0.0,4.4
2025,17,00-0036425,DeeJay Dallas,RB,JAX,1.0,0.0,1.0,0.0,41.8,0.0,0.3333333333333333,0.008771929824561403,0.0,2.1
2025,17,00-0036427,Tyler Johnson,WR,NYJ,18.0,16.0,10.0,0.0,35.2,5.7,2.3333333333333335,0.09757821623947387,0.0,1.3
2025,17,00-0036429,Charlie Woerner,TE,ATL,18.0,12.0,8.0,0.0,55.3,3.3000000000000003,2.0,0.07636117270263611,0.0,0.0
2025,17,00-0036442,Joe Burrow,QB,CIN,83.0,69.0,19.0,50.0,68.6,21.939999999999998,37.0,0.04862953138815208,0.0,20.4
2025,17,00-0036550,Rashod Bateman,WR,BAL,15.0,4.0,7.0,0.0,51.1,1.4333333333333333,2.0,0.07474747474747474,0.0,1.7
2025,17,00-0036554,Nico Collins,WR,HOU,52.0,45.0,24.0,0.0,72.8,16.5,7.0,0.2382827774984638,0.0,8.7
2025,17,00-0036555,Chuba Hubbard,RB,CAR,44.0,41.0,39.0,0.0,54.1,9.866666666666665,11.666666666666666,0.3884408602150538,0.0,4.8
2025,17,00-0036590,Quintin Morris,TE,JAX,9.0,7.0,3.0,0.0,31.2,1.8333333333333333,1.0,0.03333333333333333,0.0,0.0
2025,17,00-0036613,Jaylen Waddle,WR,MIA,52.0,32.0,28.0,0.0,67.0,11.633333333333333,7.0,0.2797173828881146,0.0,0.7
2025,17,00-0036637,Noah Gray,TE,KC,21.0,10.0,7.0,0.0,35.1,2.6333333333333333,2.3333333333333335,0.06549051055867415,0.0,1.2
2025,17,00-0036755,Jaret Patterson,RB,LAC,27.0,22.0,20.0,0.0,40.6,5.3,7.0,0.19602400600150038,0.0,0.1
2025,17,00-0036842,Kene Nwangwu,RB,NYJ,0.0,0.0,0.0,0.0,56.8,0.0,0.0,0.0,0.0,3.1
2025,17,00-0036849,Tutu Atwell,WR,LA,20.0,24.0,6.0,0.0,61.3,8.966666666666667,2.6666666666666665,0.06319603356216628,0.0,0.0
2025,17,00-0036875,Rhamondre Stevenson,RB,NE,44.0,52.0,44.0,0.0,83.7,12.5,11.666666666666666,0.43647046606566847,0.0,27.2
2025,17,00-0036876,Kylen Granson,TE,PHI,0.0,0.0,0.0,0.0,56.8,0.0,0.0,0.0,0.0,0.0
2025,17,00-0036894,Pat Freiermuth,TE,PIT,36.0,21.0,13.0,0.0,74.4,5.466666666666666,4.0,0.1271191446630043,0.0,9.3
2025,17,00-0036900,Ja'Marr Chase,WR,CIN,90.0,48.0,36.0,0.0,77.1,17.766666666666666,12.0,0.35804565176381814,0.0,25.0
2025,17,00-0036906,Khalil Herbert,RB,NYJ,4.0,1.0,3.0,0.0,31.2,0.16666666666666666,1.0,0.03225806451612903,0.0,0.5
2025,17,00-0036912,DeVonta Smith,WR,PHI,45.0,28.0,20.0,0.0,64.0,10.299999999999999,6.0,0.19916649862203398,0.0,4.5
2025,17,00-0036919,Kenny Gainwell,RB,PIT,59.0,82.0,57.0,0.0,82.5,19.86666666666667,15.666666666666666,0.5677366817717695,0.0,6.8
2025,17,00-0036924,Michael Carter,RB,ARI,48.0,34.0,54.0,0.0,66.0,8.333333333333334,12.666666666666666,0.5414503388542685,0.0,6.3
2025,17,00-0036959,Michael Bandy,WR,DEN,5.0,11.0,2.0,0.0,35.8,3.8666666666666667,0.6666666666666666,0.02022058823529412,0.0,3.4
2025,17,00-0036963,Amon-Ra St. Brown,WR,DET,90.0,60.0,31.0,0.0,58.7,22.0,12.0,0.31236123808280003,0.0,14.8
2025,17,00-0036970,Kyle Pitts,TE,ATL,94.0,100.0,31.0,0.0,75.0,26.433333333333334,10.333333333333334,0.3075176855664661,0.0,3.6
2025,17,00-0036971,Trevor Lawrence,QB,JAX,85.0,100.0,71.0,50.0,80.8,31.60666666666667,37.666666666666664,0.17746913580246915,0.0,25.12
2025,17,00-0036973,Travis Etienne,RB,JAX,73.0,95.0,66.0,0.0,84.4,23.099999999999998,19.333333333333332,0.6600031290891505,0.0,11.2
2025,17,00-0036988,Josh Palmer,WR,BUF,18.0,7.0,9.0,0.0,60.8,2.6333333333333333,2.3333333333333335,0.08582621082621082,0.0,2.2
2025,17,00-0036997,Javonte Williams,RB,DAL,61.0,50.0,60.0,0.0,76.0,12.033333333333331,16.0,0.6047361166174765,0.0,11.4
2025,17,00-0037005,Tommy Tremble,TE,CAR,21.0,8.0,11.0,0.0,55.2,2.0333333333333337,2.3333333333333335,0.11075268817204302,0.0,1.6
2025,17,00-0037085,Tyler Badie,RB,DEN,11.0,7.0,9.0,0.0,52.0,1.8,3.0,0.08793673016432961,0.0,0.0
2025,17,00-0037086,Grant Calcaterra,TE,PHI,9.0,4.0,4.0,0.0,68.7,1.0666666666666667,1.0,0.042270531400966184,0.0,1.3
2025,17,00-0037091,Bo Melton,WR,GB,10.0,10.0,5.0,0.0,35.8,3.8333333333333335,1.3333333333333333,0.05491143317230274,0.0,4.4
2025,17,00-0037093,Dareke Young,WR,SEA,0.0,0.0,0.0,0.0,56.8,0.0,0.0,0.0,0.0,0.0
2025,17,00-0037112,Jake Tonges,TE,SF,9.0,11.0,3.0,0.0,31.6,2.966666666666667,1.0,0.03169627307558342,0.0,19.0
2025,17,00-0037132,Britain Covey,WR,PHI,0.0,0.0,0.0,0.0,56.8,0.0,0.0,0.0,0.0,0.0
2025,17,00-0037197,Isiah Pacheco,RB,KC,44.0,26.0,56.0,0.0,57.0,6.2,11.666666666666666,0.5618898343036274,0.0,3.2
2025,17,00-0037228,Jaylen Warren,RB,PIT,53.0,72.0,57.0,0.0,76.1,17.366666666666664,14.0,0.5672472426858391,0.0,6.4
2025,17,00-0037231,Kevin Austin Jr.,WR,NO,22.0,9.0,8.0,0.0,42.3,3.3666666666666667,3.0,0.08317011790570891,0.0,15.2
2025,17,00-0037238,Drake London,WR,ATL,62.0,43.0,29.0,0.0,78.9,15.666666666666666,8.333333333333334,0.29092302333681647,0.0,1.4
2025,17,00-0037239,Chris Olave,WR,NO,75.0,57.0,29.0,0.0,62.2,21.099999999999998,10.0,0.293582704186685,0.0,25.9
2025,17,00-0037240,Jameson Williams,WR,DET,72.0,51.0,26.0,0.0,81.3,18.566666666666666,9.666666666666666,0.257337314637824,0.0,5.7
2025,17,00-0037247,George Pickens,WR,DAL,60.0,37.0,21.0,0.0,67.0,13.666666666666666,8.0,0.2147226443768997,0.0,11.8
2025,17,00-0037248,James Cook,RB,BUF,80.0,97.0,69.0,0.0,83.2,23.53333333333333,21.0,0.6891927294226144,0.0,8.7
2025,17,00-0037252,Greg Dulcich,TE,MIA,24.0,27.0,11.0,0.0,87.2,7.099999999999999,2.6666666666666665,0.10999999999999999,0.0,16.1
2025,17,00-0037256,Rachaad White,RB,TB,28.0,25.0,22.0,0.0,60.2,6.033333333333334,7.333333333333333,0.22056651681651682,0.0,3.7
2025,17,00-0037261,Khalil Shakir,WR,BUF,32.0,26.0,19.0,0.0,79.3,9.5,4.333333333333333,0.19373219373219372,0.0,9.5
2025,17,00-0037263,Tyler Allgeier,RB,ATL,41.0,26.0,33.0,0.0,54.0,6.266666666666667,10.666666666666666,0.32808027969318293,0.0,2.3
2025,17,00-0037276,Ty Chandler,RB,MIN,0.0,0.0,0.0,0.0,56.8,0.0,0.0,0.0,0.0,2.4
2025,17,00-0037277,Teagan Quitoriano,TE,ATL,0.0,0.0,0.0,0.0,56.8,0.0,0.0,0.0,0.0,0.0
2025,17,00-0037291,Jalen Nailor,WR,MIN,27.0,23.0,15.0,0.0,48.9,8.5,3.6666666666666665,0.15425389157273217,0.0,0.0
2025,17,00-0037324,Chris Oladokun,QB,KC,41.0,16.0,53.0,50.0,56.8,5.140000000000001,18.0,0.13333333333333333,0.0,7.74
2025,17,00-0037475,Stone Smartt,TE,NYJ,18.0,11.0,6.0,0.0,31.2,2.8000000000000003,2.0,0.05977229601518027,0.0,3.8
2025,17,00-0037487,Deven Thompkins,WR,ATL,2.0,1.0,1.0,0.0,31.2,0.4666666666666666,0.3333333333333333,0.011904761904761904,0.0,0.0
2025,17,00-0037545,Rashid Shaheed,WR,SEA,38.0,24.0,17.0,0.0,59.2,8.633333333333333,5.0,0.16550016291951775,0.0,1.8
2025,17,00-0037557,Ronnie Rivers,RB,LA,10.0,6.0,7.0,0.0,31.2,1.3666666666666665,2.6666666666666665,0.07407407407407407,0.0,0.5
2025,17,00-0037563,Malik Davis,RB,DAL,28.0,20.0,28.0,0.0,50.0,4.866666666666666,7.333333333333333,0.2814182194616977,0.0,10.3
2025,17,00-0037594,Julius Chestnut,RB,TEN,1.0,0.0,1.0,0.0,31.2,0.03333333333333333,0.3333333333333333,0.008333333333333333,0.0,0.0
2025,17,00-0037614,John Metchie III,WR,NYJ,48.0,14.0,20.0,0.0,70.4,5.233333333333333,6.333333333333333,0.1995572422517394,0.0,7.1
2025,17,00-0037617,Hassan Haskins,RB,LAC,9.0,5.0,7.0,0.0,35.3,1.3,2.3333333333333335,0.07358305274971942,0.0,0.0
2025,17,00-0037664,Alec Pierce,WR,IND,32.0,37.0,12.0,0.0,43.8,13.4,4.333333333333333,0.12393162393162394,0.0,0.0
2025,17,00-0037666,Jalen Tolbert,WR,DAL,8.0,12.0,3.0,0.0,31.4,4.233333333333333,1.0,0.02946428571428571,0.0,7.1
2025,17,00-0037741,Jahan Dotson,WR,PHI,22.0,7.0,9.0,0.0,80.1,2.6,3.0,0.09413188142770719,0.0,0.0
2025,17,00-0037742,Treylon Burks,WR,WAS,20.0,5.0,14.0,0.0,40.4,1.6666666666666667,2.6666666666666665,0.14166666666666666,0.0,2.1
2025,17,00-0037744,Trey McBride,TE,ARI,91.0,69.0,27.0,0.0,62.8,18.3,10.0,0.2741709288896222,0.0,23.6
2025,17,00-0037746,Brian Robinson,RB,SF,29.0,9.0,22.0,0.0,88.2,2.233333333333333,7.666666666666667,0.2236199001903586,0.0,3.8
2025,17,00-0037755,Jelani Woods,TE,NYJ,18.0,0.0,6.0,0.0,56.8,0.0,2.0,0.058823529411764705,0.0,1.4
2025,17,00-0037801,KaVontae Turpin,WR,DAL,30.0,12.0,13.0,0.0,73.5,4.3,4.0,0.12967784091743387,0.0,15.6
2025,17,00-0037805,Jeremy Ruckert,TE,NYJ,24.0,13.0,8.0,0.0,88.2,3.533333333333333,2.6666666666666665,0.08317520556609741,0.0,1.2
2025,17,00-0037809,Chig Okonkwo,TE,TEN,48.0,35.0,20.0,0.0,56.2,9.233333333333333,5.333333333333333,0.20235517568850903,0.0,14.5
2025,17,00-0037816,Romeo Doubs,WR,GB,27.0,23.0,14.0,0.0,46.5,8.333333333333334,3.6666666666666665,0.1400966183574879,0.0,9.2
2025,17,00-0037834,Brock Purdy,QB,SF,78.0,82.0,41.0,50.0,76.9,26.073333333333334,34.666666666666664,0.10311090531803606,0.0,38.92
2025,17,00-0037838,Isaiah Likely,TE,BAL,36.0,34.0,13.0,0.0,38.9,9.0,4.0,0.1272727272727273,0.0,5.7
2025,17,00-0037840,Kyren Williams,RB,LA,76.0,70.0,56.0,0.0,76.7,17.0,20.0,0.5613093328903292,0.0,16.0
2025,17,00-0038040,Zamir White,RB,LV,19.0,10.0,18.0,0.0,66.8,2.4666666666666663,5.0,0.18422536746690155,0.0,0.2
2025,17,00-0038041,Jake Ferguson,TE,DAL,45.0,24.0,13.0,0.0,71.5,6.433333333333334,5.0,0.12940729483282673,0.0,7.6
2025,17,00-0038046,Charlie Kolar,TE,BAL,6.0,7.0,3.0,0.0,37.7,1.8999999999999997,0.6666666666666666,0.02676767676767677,0.0,0.0
2025,17,00-0038090,Skyy Moore,WR,SF,2.0,3.0,1.0,0.0,31.2,1.0999999999999999,0.3333333333333333,0.010101010101010102,0.0,1.0
2025,17,00-0038102,Kenny Pickett,QB,LV,30.0,12.0,32.0,50.0,31.2,3.9133333333333336,13.333333333333334,0.07905982905982906,0.0,0.64
2025,17,00-0038115,Daniel Bellinger,TE,NYG,21.0,8.0,7.0,0.0,46.0,2.1666666666666665,2.3333333333333335,0.06813913304785517,0.0,3.1
2025,17,00-0038117,Wan'Dale Robinson,WR,NYG,62.0,29.0,37.0,0.0,74.7,10.666666666666666,8.333333333333334,0.3686609686609687,0.0,22.3
2025,17,00-0038120,Breece Hall,RB,NYJ,61.0,25.0,73.0,0.0,80.2,6.1000000000000005,16.0,0.7318785578747627,0.0,20.9
2025,17,00-0038124,Christian Watson,WR,GB,38.0,31.0,19.0,0.0,61.5,11.5,5.0,0.18760064412238328,0.0,22.3
2025,17,00-0038128,Malik Willis,QB,GB,20.0,21.0,42.0,50.0,31.6,6.553333333333334,9.0,0.10612334525378002,0.0,33.52
2025,17,00-0038129,Cade Otton,TE,TB,24.0,14.0,10.0,0.0,75.2,3.766666666666667,2.6666666666666665,0.10095238095238096,0.0,7.3
2025,17,00-0038134,Kenneth Walker III,RB,SEA,47.0,44.0,49.0,0.0,65.5,10.699999999999998,12.333333333333334,0.4869278391859037,0.0,7.7
2025,17,00-0038359,Xavier Smith,WR,LA,8.0,8.0,2.0,0.0,32.9,3.1,1.0,0.024641577060931896,0.0,10.7
2025,17,00-0038393,Dontayvion Wicks,WR,GB,30.0,30.0,14.0,0.0,35.8,10.933333333333332,4.0,0.13786717752234995,0.0,1.7
2025,17,00-0038397,Evan Hull,RB,NO,14.0,5.0,15.0,0.0,61.2,1.1666666666666667,3.6666666666666665,0.14708333333333332,0.0,0.3
2025,17,00-0038440,Zavier Scott,RB,MIN,14.0,11.0,15.0,0.0,83.9,2.766666666666667,3.6666666666666665,0.15461374704804462,0.0,0.0
2025,17,00-0038454,Keaton Mitchell,RB,BAL,30.0,21.0,28.0,0.0,67.2,5.166666666666667,8.0,0.27979797979797977,0.0,5.8
2025,17,00-0038542,Bijan Robinson,RB,ATL,100.0,100.0,89.0,0.0,77.4,24.233333333333334,26.333333333333332,0.8851367384018839,0.0,39.9
2025,17,00-0038543,Jaxon Smith-Njigba,WR,SEA,82.0,64.0,35.0,0.0,85.4,23.333333333333332,11.0,0.354625661077274,0.0,16.2
2025,17,00-0038544,Quentin Johnston,WR,LAC,27.0,31.0,15.0,0.0,67.0,11.5,3.6666666666666665,0.15062111801242237,0.0,14.8
2025,17,00-0038547,Luke Schoonmaker,TE,DAL,12.0,9.0,3.0,0.0,67.8,2.4,1.3333333333333333,0.0327172156959391,0.0,3.5
2025,17,00-0038555,Tank Bigsby,RB,PHI,29.0,22.0,19.0,0.0,34.0,5.266666666666667,7.666666666666667,0.1916349140128865,0.0,1.9
2025,17,00-0038558,Darnell Washington,TE,PIT,27.0,18.0,9.0,0.0,61.3,4.766666666666667,3.0,0.09457144544863842,0.0,3.5
2025,17,00-0038559,Michael Wilson,WR,ARI,75.0,61.0,25.0,0.0,57.6,22.266666666666666,10.0,0.2521861079029863,0.0,19.9
2025,17,00-0038563,Tre Tucker,WR,LV,38.0,13.0,20.0,0.0,53.8,4.6,5.0,0.19997274330607664,0.0,9.9
2025,17,00-0038589,Josh Whyle,TE,GB,9.0,5.0,4.0,0.0,68.7,1.4000000000000001,1.0,0.04186002236976749,0.0,1.8
2025,17,00-0038597,Chase Brown,RB,CIN,66.0,93.0,66.0,0.0,82.4,22.46666666666667,17.333333333333332,0.6586603615319733,0.0,29.1
2025,17,00-0038606,Parker Washington,WR,JAX,40.0,35.0,17.0,0.0,44.1,12.799999999999999,5.333333333333333,0.17095238095238097,0.0,19.0
2025,17,00-0038618,Xavier Hutchinson,WR,HOU,15.0,4.0,7.0,0.0,69.0,1.3333333333333333,2.0,0.0699402268029719,0.0,4.9
2025,17,00-0038619,Andrei Iosivas,WR,CIN,12.0,6.0,5.0,0.0,46.4,2.266666666666667,1.6666666666666667,0.04778972520908004,0.0,8.1
2025,17,00-0038621,DeMario Douglas,WR,NE,15.0,8.0,6.0,0.0,50.4,2.8000000000000003,2.0,0.06253968253968255,0.0,2.0
2025,17,00-0038643,Brayden Willis,TE,SF,0.0,0.0,0.0,0.0,56.8,0.0,0.0,0.0,0.0,0.0
2025,17,00-0038679,Tyrell Shavers,WR,BUF,20.0,22.0,10.0,0.0,41.8,8.233333333333333,2.6666666666666665,0.10493827160493825,0.0,5.6
2025,17,00-0038685,Chris Brooks,RB,GB,8.0,6.0,7.0,0.0,41.5,1.5333333333333332,2.0,0.07392036305079784,0.0,2.1
2025,17,00-0038705,Emari Demercado,RB,ARI,23.0,13.0,26.0,0.0,73.2,3.033333333333333,6.0,0.26305158824096725,0.0,4.0
2025,17,00-0038710,Blake Whiteheart,TE,CLE,3.0,0.0,1.0,0.0,41.8,0.0,0.3333333333333333,0.008771929824561403,0.0,0.0
2025,17,00-0038720,Julian Hill,TE,MIA,12.0,9.0,6.0,0.0,56.0,2.3000000000000003,1.3333333333333333,0.06,0.0,2.6
2025,17,00-0038738,Hunter Luepke,RB,DAL,10.0,10.0,9.0,0.0,33.1,2.466666666666667,2.6666666666666665,0.0900879917184265,0.0,5.4
2025,17,00-0038752,Jake Bobo,WR,SEA,2.0,1.0,1.0,0.0,31.2,0.43333333333333335,0.3333333333333333,0.011494252873563218,0.0,0.0
2025,17,00-0038794,Jaleel McLaughlin,RB,DEN,15.0,11.0,18.0,0.0,56.8,2.733333333333334,4.0,0.17604237097137707,0.0,4.0
2025,17,00-0038797,Emanuel Wilson,RB,GB,24.0,13.0,18.0,0.0,36.0,3.1666666666666665,6.333333333333333,0.17785547785547787,0.0,3.4
2025,17,00-0038809,Ben Sims,TE,MIN,9.0,7.0,4.0,0.0,56.8,1.9,1.0,0.043478260869565216,0.0,1.3
2025,17,00-0038840,Brycen Tremayne,WR,CAR,0.0,0.0,0.0,0.0,56.8,0.0,0.0,0.0,0.0,0.0
2025,17,00-0038891,Shedrick Jackson,WR,LV,8.0,26.0,4.0,0.0,56.8,9.5,1.0,0.03571428571428571,0.0,4.0
2025,17,00-0038935,Brenton Strange,TE,JAX,48.0,31.0,17.0,0.0,63.3,8.066666666666666,5.333333333333333,0.16689708141321047,0.0,8.4
2025,17,00-0038951,Sean Tucker,RB,TB,19.0,30.0,16.0,0.0,81.8,7.3,5.0,0.16083916083916083,0.0,0.8
2025,17,00-0038953,Dylan Drummond,WR,ATL,20.0,6.0,9.0,0.0,32.1,2.1333333333333333,2.6666666666666665,0.09178187403993855,0.0,0.0
2025,17,00-0038976,Marvin Mims Jr.,WR,DEN,32.0,14.0,14.0,0.0,58.6,5.1,4.333333333333333,0.13625625912533926,0.0,4.0
2025,17,00-0038979,Cedric Tillman,WR,CLE,12.0,5.0,5.0,0.0,47.5,1.7,1.6666666666666667,0.053154222109218295,0.0,5.2
2025,17,00-0038994,Jordan Addison,WR,MIN,30.0,21.0,17.0,0.0,61.5,7.8,4.0,0.17270531400966185,0.0,12.5
2025,17,00-0038997,Josh Downs,WR,IND,50.0,26.0,21.0,0.0,73.6,9.466666666666667,6.666666666666667,0.21039886039886038,0.0,5.4
2025,17,00-0039032,Tyjae Spears,RB,TEN,44.0,46.0,38.0,0.0,56.8,11.266666666666666,11.666666666666666,0.37522656355989686,0.0,1.1
2025,17,00-0039040,De'Von Achane,RB,MIA,56.0,75.0,62.0,0.0,78.4,18.066666666666666,14.666666666666666,0.6170692992644212,0.0,14.2
2025,17,00-0039041,Elijah Higgins,TE,ARI,33.0,23.0,12.0,0.0,31.2,6.133333333333334,3.6666666666666665,0.11707364021338612,0.0,0.0
2025,17,00-0039062,Jonathan Mingo,WR,DAL,8.0,3.0,3.0,0.0,68.0,1.1666666666666667,1.0,0.027032674772036473,0.0,0.0
2025,17,00-0039064,Zay Flowers,WR,BAL,62.0,54.0,39.0,0.0,82.6,19.866666666666667,8.333333333333334,0.3851010101010101,0.0,13.0
2025,17,00-0039066,Michael Mayer,TE,LV,12.0,6.0,5.0,0.0,34.0,1.4666666666666668,1.3333333333333333,0.053391053391053385,0.0,17.9
2025,17,00-0039075,Puka Nacua,WR,LA,100.0,100.0,35.0,0.0,86.8,36.7,13.333333333333334,0.34887041482088615,0.0,15.7
2025,17,00-0039139,Jahmyr Gibbs,RB,DET,75.0,96.0,81.0,0.0,81.0,23.2,19.666666666666668,0.8129349522388573,0.0,8.4
2025,17,00-0039146,Jayden Reed,WR,GB,40.0,24.0,19.0,0.0,83.5,8.966666666666667,5.333333333333333,0.18841001993175907,0.0,8.1
2025,17,00-0039150,Bryce Young,QB,CAR,69.0,59.0,73.0,50.0,84.5,18.533333333333335,30.666666666666668,0.1836021505376344,0.0,10.86
2025,17,00-0039163,C.J. Stroud,QB,HOU,80.0,50.0,53.0,50.0,77.7,15.83333333333333,35.666666666666664,0.1333934882321979,0.0,17.76
2025,17,00-0039165,Zach Charbonnet,RB,SEA,41.0,37.0,42.0,0.0,72.4,9.033333333333333,10.666666666666666,0.4174008070782264,0.0,26.2
2025,17,00-0039342,Xavier Legette,WR,CAR,20.0,8.0,12.0,0.0,66.2,3.066666666666667,2.6666666666666665,0.11559139784946237,0.0,1.3
2025,17,00-0039361,Bucky Irving,RB,TB,71.0,43.0,63.0,0.0,80.3,10.433333333333334,18.666666666666668,0.6295128482628484,0.0,8.3
2025,17,00-0039364,Sione Vaki,RB,DET,0.0,0.0,0.0,0.0,56.8,0.0,0.0,0.0,0.0,0.0
2025,17,00-0039373,Audric Estimé,RB,NO,23.0,22.0,20.0,0.0,59.0,5.233333333333333,6.0,0.19854352550903684,0.0,16.8
2025,17,00-0039384,Tyrone Tracy Jr.,RB,NYG,61.0,53.0,58.0,0.0,65.4,12.933333333333332,16.0,0.5806046762943314,0.0,6.7
2025,17,00-0039405,Jawhar Jordan,RB,HOU,70.0,53.0,63.0,0.0,91.4,12.899999999999999,18.5,0.62772521596051,0.0,3.6
2025,17,00-0039407,Dylan Laube,RB,LV,3.0,1.0,5.0,0.0,31.2,0.13333333333333333,0.6666666666666666,0.05128205128205129,0.0,0.0
2025,17,00-0039451,Isaiah Williams,WR,NYJ,35.0,20.0,15.0,0.0,67.0,7.400000000000001,4.666666666666667,0.1467425679949399,0.0,7.5
2025,17,00-0039458,Brenden Bates,TE,CLE,9.0,5.0,3.0,0.0,31.6,1.4333333333333333,1.0,0.0338510553564317,0.0,2.9
2025,17,00-0039491,Jalen Coker,WR,CAR,38.0,37.0,22.0,0.0,78.2,13.699999999999998,5.0,0.22043010752688175,0.0,3.6
2025,17,00-0039521,Xavier Weaver,WR,ARI,15.0,5.0,5.0,0.0,52.0,1.9333333333333333,2.0,0.05373664519091805,0.0,4.4
2025,17,00-0039530,Brevyn Spann-Ford,TE,DAL,6.0,2.0,2.0,0.0,35.4,0.5666666666666667,0.6666666666666666,0.016616008105369808,0.0,4.1
2025,17,00-0039589,Kameron Johnson,WR,TB,2.0,0.0,1.0,0.0,41.8,0.0,0.3333333333333333,0.011904761904761904,0.0,0.0
2025,17,00-0039648,David Martin-Robinson,TE,TEN,3.0,2.0,1.0,0.0,31.2,0.5333333333333333,0.3333333333333333,0.013333333333333334,0.0,1.9
2025,17,00-0039732,Bo Nix,QB,DEN,100.0,68.0,76.0,50.0,80.4,21.41333333333333,44.333333333333336,0.19069190894748703,0.0,21.48
2025,17,00-0039738,Blake Corum,RB,LA,51.0,72.0,38.0,0.0,81.7,17.433333333333334,13.333333333333334,0.3818475894393581,0.0,1.8
2025,17,00-0039746,Will Shipley,RB,PHI,3.0,4.0,2.0,0.0,38.5,0.8666666666666667,0.6666666666666666,0.02026618269812462,0.0,0.2
2025,17,00-0039751,Jordan Whittington,WR,LA,8.0,4.0,3.0,0.0,67.7,1.4666666666666668,1.0,0.026469062441048855,0.0,0.0
2025,17,00-0039793,AJ Barner,TE,SEA,52.0,33.0,18.0,0.0,70.8,8.799999999999999,5.666666666666667,0.18289996741609646,0.0,13.3
2025,17,00-0039796,Rasheen Ali,RB,BAL,10.0,23.0,13.0,0.0,59.1,5.566666666666666,2.6666666666666665,0.1275252525252525,0.0,2.8
2025,17,00-0039798,Isaiah Davis,RB,NYJ,24.0,35.0,24.0,0.0,57.0,8.566666666666666,6.333333333333333,0.23595825426944975,0.0,3.0
2025,17,00-0039849,Marvin Harrison Jr.,WR,ARI,55.0,25.0,19.0,0.0,58.6,9.200000000000001,7.333333333333333,0.18845491259284364,0.0,0.0
2025,17,00-0039851,Drake Maye,QB,NE,89.0,72.0,100.0,50.0,78.7,22.893333333333334,39.333333333333336,0.26722638680659666,0.0,32.44
2025,17,00-0039855,Jalen McMillan,WR,TB,22.0,13.0,11.0,0.0,73.1,4.7,3.0,0.10640151515151515,0.0,18.4
2025,17,00-0039868,Troy Franklin,WR,DEN,40.0,32.0,15.0,0.0,65.2,11.833333333333334,5.333333333333333,0.1490586814435919,0.0,5.7
2025,17,00-0039874,Jaylen Wright,RB,MIA,51.0,43.0,41.0,0.0,42.6,10.366666666666667,13.333333333333334,0.40786004645760743,0.0,5.6
2025,17,00-0039875,Ray Davis,RB,BUF,8.0,11.0,8.0,0.0,31.2,2.566666666666667,2.0,0.08434030847823952,0.0,2.6
2025,17,00-0039880,Malik Washington,WR,MIA,18.0,15.0,10.0,0.0,47.8,5.3999999999999995,2.3333333333333335,0.10063492063492063,0.0,1.5
2025,17,00-0039890,Adonai Mitchell,WR,NYJ,55.0,26.0,23.0,0.0,63.8,9.366666666666665,7.333333333333333,0.23086654016445288,0.0,5.2
2025,17,00-0039893,Brian Thomas Jr.,WR,JAX,42.0,30.0,19.0,0.0,62.2,10.866666666666667,5.666666666666667,0.1887665699493656,0.0,7.9
2025,17,00-0039894,Xavier Worthy,WR,KC,30.0,18.0,16.0,0.0,88.6,6.7,4.0,0.15809822361546497,0.0,0.1
2025,17,00-0039912,Ben Sinnott,TE,WAS,12.0,10.0,7.0,0.0,64.2,2.6333333333333333,1.3333333333333333,0.07083333333333335,0.0,5.9
2025,17,00-0039915,Ladd McConkey,WR,LAC,35.0,19.0,19.0,0.0,59.6,6.833333333333333,4.666666666666667,0.1873706004140787,0.0,4.1
2025,17,00-0039916,Ricky Pearsall,WR,SF,38.0,20.0,18.0,0.0,55.5,7.266666666666667,5.0,0.18447739719669543,0.0,13.5
2025,17,00-0039918,Caleb Williams,QB,CHI,80.0,60.0,44.0,50.0,90.5,18.973333333333333,35.666666666666664,0.11043123543123544,0.0,23.0
2025,17,00-0039920,Malachi Corley,WR,CLE,22.0,8.0,11.0,0.0,31.2,2.766666666666666,3.0,0.10906013540422142,0.0,1.4
2025,17,00-0040024,Darius Cooper,WR,PHI,12.0,10.0,6.0,0.0,70.0,3.5,1.6666666666666667,0.06432748538011696,0.0,1.4
2025,17,00-0040075,LaJohntay Wester,WR,BAL,0.0,0.0,0.0,0.0,56.8,0.0,0.0,0.0,0.0,0.0
2025,17,00-0040078,Brashard Smith,RB,KC,5.0,3.0,6.0,0.0,54.5,0.7333333333333334,1.3333333333333333,0.05839179977111012,0.0,9.5
2025,17,00-0040122,Ashton Jeanty,RB,LV,70.0,63.0,96.0,0.0,62.9,15.266666666666666,18.333333333333332,0.9627653827653827,0.0,9.3
2025,17,00-0040124,Tetairoa McMillan,WR,CAR,40.0,32.0,21.0,0.0,53.0,11.700000000000001,5.333333333333333,0.2075268817204301,0.0,1.5
2025,17,00-0040126,Colston Loveland,TE,CHI,48.0,37.0,19.0,0.0,84.4,9.666666666666666,5.333333333333333,0.18882447905436414,0.0,21.4
2025,17,00-0040128,Tyler Warren,TE,IND,67.0,18.0,23.0,0.0,85.9,4.866666666666667,7.333333333333333,0.22863247863247863,0.0,9.3
2025,17,00-0040129,Emeka Egbuka,WR,TB,45.0,17.0,21.0,0.0,58.5,6.3,6.0,0.20672619047619048,0.0,5.0
2025,17,00-0040130,Jayden Higgins,WR,HOU,22.0,10.0,10.0,0.0,49.9,3.5,3.0,0.10396067258812357,0.0,16.8
2025,17,00-0040131,Kyle Williams,WR,NE,10.0,21.0,3.0,0.0,34.0,7.633333333333333,1.3333333333333333,0.034920634920634915,0.0,5.0
2025,17,00-0040138,Jaylin Noel,WR,HOU,8.0,3.0,4.0,0.0,31.2,1.0999999999999999,1.0,0.035444046196734365,0.0,14.6
2025,17,00-0040162,Dylan Sampson,RB,CLE,28.0,42.0,27.0,0.0,60.1,10.1,7.333333333333333,0.27095097361084913,0.0,5.7
2025,17,00-0040170,Elic Ayomanor,WR,TEN,20.0,18.0,10.0,0.0,61.2,6.633333333333333,2.6666666666666665,0.10220322886989552,0.0,13.7
2025,17,00-0040184,KeAndre Lambert-Smith,WR,LAC,8.0,10.0,4.0,0.0,69.5,3.533333333333333,1.0,0.03874319454029599,0.0,0.0
2025,17,00-0040187,Mitchell Evans,TE,CAR,18.0,13.0,8.0,0.0,38.1,3.4333333333333336,2.0,0.08225806451612903,0.0,1.6
2025,17,00-0040189,Oronde Gadsden II,TE,LAC,30.0,17.0,14.0,0.0,45.1,4.499999999999999,3.3333333333333335,0.14233954451345757,0.0,12.2
2025,17,00-0040198,Ollie Gordon II,RB,MIA,10.0,10.0,9.0,0.0,43.2,2.5333333333333337,2.6666666666666665,0.0942218350754936,0.0,0.0
2025,17,00-0040205,Kalel Mullings,RB,TEN,3.0,0.0,3.0,0.0,34.0,0.09999999999999999,0.6666666666666666,0.025000000000000005,0.0,0.4
2025,17,00-0040206,Riley Leonard,QB,IND,26.0,13.0,18.0,50.0,32.6,4.133333333333334,11.666666666666666,0.04415954415954416,0.0,0.0
2025,17,00-0040208,Tahj Brooks,RB,CIN,9.0,2.0,9.0,0.0,36.9,0.39999999999999997,2.3333333333333335,0.09007148009705555,0.0,2.9
2025,17,00-0040218,Jimmy Horn Jr.,WR,CAR,8.0,6.0,5.0,0.0,91.0,2.1,1.0,0.04567901234567901,0.0,2.9
2025,17,00-0040234,Quinn Ewers,QB,MIA,46.0,21.0,23.0,50.0,54.6,6.51,20.5,0.05844155844155844,0.0,15.78
2025,17,00-0040236,Kyle Monangai,RB,CHI,53.0,31.0,47.0,0.0,77.0,7.433333333333334,14.0,0.46680695315752785,0.0,7.7
2025,17,00-0040237,Tez Johnson,WR,TB,10.0,2.0,5.0,0.0,53.4,0.7999999999999999,1.3333333333333333,0.050416666666666665,0.0,3.9
2025,17,00-0040238,LeQuint Allen Jr.,RB,JAX,14.0,9.0,13.0,0.0,68.2,2.1333333333333333,3.6666666666666665,0.13217557034761335,0.0,0.3
2025,17,00-0040242,Jacory Croskey-Merritt,RB,WAS,42.0,38.0,37.0,0.0,61.5,9.1,11.0,0.3661755400885836,0.0,22.5
2025,17,00-0040259,Gage Larvadain,WR,CLE,12.0,5.0,5.0,0.0,34.4,1.8666666666666665,1.6666666666666667,0.04782116581777023,0.0,0.0
2025,17,00-0040277,Jahdae Walker,WR,CHI,8.0,9.0,3.0,0.0,31.2,3.3666666666666667,1.0,0.034482758620689655,0.0,5.0
2025,17,00-0040311,Theo Wease Jr.,WR,MIA,30.0,14.0,14.0,0.0,56.8,5.2,4.0,0.14285714285714285,0.0,13.3
2025,17,00-0040363,Keleki Latu,TE,BUF,9.0,5.0,3.0,0.0,56.8,1.4,1.0,0.03333333333333333,0.0,0.0
2025,17,00-0040398,Brady Cook,QB,NYJ,80.0,31.0,40.0,50.0,70.2,9.726666666666667,35.333333333333336,0.10079063883617963,0.0,6.18
2025,17,00-0040466,Raheim Sanders,RB,CLE,28.0,25.0,26.0,0.0,68.8,5.95,7.5,0.25843787335722823,0.0,4.1
2025,17,00-0040494,Max Brosmer,QB,MIN,35.0,8.0,22.0,50.0,35.5,2.4133333333333336,15.666666666666666,0.05416666666666667,0.0,3.64
2025,17,00-0040506,Myles Price,WR,MIN,0.0,0.0,0.0,0.0,56.8,0.0,0.0,0.0,0.0,0.0
2025,17,00-0040534,Ke'Shawn Williams,WR,CIN,2.0,0.0,1.0,0.0,31.2,0.03333333333333333,0.3333333333333333,0.012820512820512822,0.0,1.5
2025,17,00-0040556,Corey Kiner,RB,ARI,15.0,9.0,18.0,0.0,57.7,2.1500000000000004,4.0,0.17805383022774326,0.0,0.2
2025,17,00-0040563,Efton Chism III,WR,NE,0.0,0.0,0.0,0.0,56.8,0.0,0.0,0.0,0.0,12.0
2025,17,00-0040581,Dont'e Thornton Jr.,WR,LV,15.0,5.0,7.0,0.0,86.9,1.9666666666666668,2.0,0.07284271284271283,0.0,3.2
2025,17,00-0040582,Arian Smith,WR,NYJ,10.0,1.0,4.0,0.0,54.0,0.26666666666666666,1.3333333333333333,0.0441298107332263,0.0,1.5
2025,17,00-0040583,Woody Marks,RB,HOU,72.0,39.0,60.0,0.0,59.0,9.366666666666667,19.0,0.596825689508327,0.0,8.5
2025,17,00-0040584,Gunnar Helm,TE,TEN,27.0,25.0,11.0,0.0,58.0,6.533333333333334,3.0,0.11498575498575499,0.0,1.1
2025,17,00-0040590,Konata Mumpfield,WR,LA,25.0,8.0,8.0,0.0,31.2,2.8333333333333335,3.3333333333333335,0.07508017355215997,0.0,3.0
2025,17,00-0040644,Trevor Etienne,RB,CAR,1.0,2.0,2.0,0.0,31.2,0.4666666666666666,0.3333333333333333,0.016666666666666666,0.0,0.0
2025,17,00-0040663,Harold Fannin Jr.,TE,CLE,100.0,72.0,35.0,0.0,73.5,18.966666666666665,11.0,0.352688958058228,0.0,11.0
2025,17,00-0040666,Omarion Hampton,RB,LAC,62.0,53.0,52.0,0.0,83.9,12.9,16.333333333333332,0.5153528271179971,0.0,20.0
2025,17,00-0040667,Matthew Golden,WR,GB,20.0,8.0,8.0,0.0,50.1,2.966666666666667,2.6666666666666665,0.08057019470062948,0.0,2.2
2025,17,00-0040668,Shedeur Sanders,QB,CLE,86.0,63.0,54.0,50.0,74.2,20.040000000000003,38.333333333333336,0.1346774193548387,0.0,13.44
2025,17,00-0040669,Isaac TeSlaa,WR,DET,27.0,23.0,9.0,0.0,42.2,8.4,3.6666666666666665,0.0859017892124853,0.0,13.9
2025,17,00-0040676,Cam Ward,QB,TEN,69.0,49.0,28.0,50.0,87.4,15.366666666666665,30.666666666666668,0.06904761904761905,0.0,19.04
2025,17,00-0040691,Jaxson Dart,QB,NYG,66.0,40.0,71.0,50.0,50.0,12.573333333333332,29.333333333333332,0.1769525493663425,0.0,25.08
2025,17,00-0040705,Chimere Dike,WR,TEN,48.0,29.0,25.0,0.0,75.9,10.466666666666667,6.333333333333333,0.24916429249762584,0.0,10.2
2025,17,00-0040727,Tre Harris,WR,LAC,32.0,19.0,17.0,0.0,73.7,6.800000000000001,4.333333333333333,0.16974501471068978,0.0,2.5
2025,17,00-0040730,RJ Harvey,RB,DEN,70.0,78.0,65.0,0.0,80.3,18.866666666666667,18.333333333333332,0.6492403920588724,0.0,18.6
2025,17,00-0040734,TreVeyon Henderson,RB,NE,48.0,60.0,48.0,0.0,52.4,14.633333333333335,12.666666666666666,0.4834027142273019,0.0,8.2
2025,17,00-0040735,Luther Burden III,WR,CHI,52.0,30.0,24.0,0.0,88.7,11.0,7.0,0.23785718976321812,0.0,27.8
2025,17,00-0040737,Terrance Ferguson,TE,LA,21.0,18.0,6.0,0.0,48.0,4.633333333333334,2.3333333333333335,0.05607432559894359,0.0,13.4
2025,17,00-0040743,Tyler Shough,QB,NO,89.0,62.0,82.0,50.0,77.2,19.486666666666668,39.333333333333336,0.20625000000000002,0.0,21.92
2025,17,00-0040782,Isaiah Bond,WR,CLE,18.0,12.0,7.0,0.0,43.8,4.3,2.3333333333333335,0.07130730050933785,0.0,2.6
2025,18,00-0023459,Aaron Rodgers,QB,PIT,79.0,40.0,16.0,50.0,66.9,13.273333333333333,36.666666666666664,0.03984287317620651,0.0,17.76
2025,18,00-0026158,Joe Flacco,QB,CIN,35.0,13.0,21.0,50.0,31.2,4.3133333333333335,16.0,0.052587991718426506,0.0,0.2
2025,18,00-0026300,Josh Johnson,QB,WAS,38.0,16.0,33.0,50.0,51.9,5.32,17.5,0.08173076923076923,0.0,19.74
2025,18,00-0026498,Matthew Stafford,QB,LA,92.0,72.0,11.0,50.0,72.7,24.186666666666667,42.666666666666664,0.02858826996758031,0.0,26.66
2025,18,00-0029604,Kirk Cousins,QB,ATL,76.0,57.0,22.0,50.0,60.9,19.213333333333335,35.0,0.055146055146055147,0.0,11.2
2025,18,00-0030035,Adam Thielen,WR,PIT,25.0,16.0,9.0,0.0,52.0,4.666666666666667,3.3333333333333335,0.09247844335563633,0.0,7.3
2025,18,00-0030279,Keenan Allen,WR,LAC,38.0,23.0,19.0,0.0,65.5,6.900000000000001,5.0,0.19323114940225739,0.0,10.6
2025,18,00-0030506,Travis Kelce,TE,KC,56.0,36.0,26.0,0.0,63.4,8.066666666666666,6.333333333333333,0.26060606060606056,0.0,4.2
2025,18,00-0030564,DeAndre Hopkins,WR,BAL,18.0,14.0,13.0,0.0,33.6,4.1000000000000005,2.3333333333333335,0.12777777777777777,0.0,0.0
2025,18,00-0031345,Jimmy Garoppolo,QB,LA,6.0,0.0,37.0,50.0,79.5,-0.35,3.0,0.09339080459770115,0.0,-0.3
2025,18,00-0031408,Mike Evans,WR,TB,70.0,50.0,30.0,0.0,79.0,15.133333333333333,9.333333333333334,0.29803030303030303,0.0,5.4
2025,18,00-0031484,Chris Manhertz,TE,NYG,3.0,3.0,1.0,0.0,31.2,0.5666666666666667,0.3333333333333333,0.011111111111111112,0.0,0.0
2025,18,00-0031588,Stefon Diggs,WR,NE,50.0,56.0,22.0,0.0,69.3,16.833333333333336,6.666666666666667,0.21997113997113996,0.0,7.3
2025,18,00-0032104,Ameer Abdullah,RB,IND,13.0,12.0,13.0,0.0,31.2,4.166666666666667,3.6666666666666665,0.12930052067983103,0.0,4.5
2025,18,00-0032211,Tyler Lockett,WR,LV,22.0,15.0,12.0,0.0,61.6,4.5,3.0,0.11935064935064936,0.0,1.5
2025,18,00-0032392,Austin Hooper,TE,NE,29.0,32.0,10.0,0.0,80.1,7.133333333333333,3.3333333333333335,0.09881673881673882,0.0,1.5
2025,18,00-0032464,Kalif Raymond,WR,DET,20.0,23.0,6.0,0.0,43.0,6.8999999999999995,2.6666666666666665,0.0638117176229699,0.0,8.2
2025,18,00-0032764,Derrick Henry,RB,BAL,75.0,79.0,56.0,0.0,62.5,26.8,21.666666666666668,0.5610110539355821,0.0,12.6
2025,18,00-0032775,Demarcus Robinson,WR,SF,15.0,23.0,7.0,0.0,85.5,6.966666666666666,2.0,0.06639875457079758,0.0,5.4
2025,18,00-0033077,Dak Prescott,QB,DAL,81.0,53.0,28.0,50.0,80.5,17.933333333333334,37.333333333333336,0.07119329945416902,0.0,2.7
2025,18,00-0033090,Hunter Henry,TE,NE,38.0,47.0,14.0,0.0,64.7,10.733333333333333,4.333333333333333,0.141010101010101,0.0,10.6
2025,18,00-0033106,Jared Goff,QB,DET,92.0,64.0,24.0,50.0,67.4,21.353333333333335,42.666666666666664,0.061111111111111116,0.0,17.24
2025,18,00-0033110,Tyler Higbee,TE,LA,26.0,29.0,10.0,0.0,71.3,6.633333333333333,3.0,0.09711387541874576,0.0,20.1
2025,18,00-0033119,Jacoby Brissett,QB,ARI,81.0,51.0,25.0,50.0,71.2,17.220000000000002,37.333333333333336,0.062111801242236024,0.0,19.62
2025,18,00-0033217,Mo Alie-Cox,TE,IND,21.0,22.0,7.0,0.0,58.9,4.866666666666666,2.3333333333333335,0.07151979565772669,0.0,5.2
2025,18,00-0033246,Johnny Mundt,TE,JAX,18.0,10.0,8.0,0.0,47.1,2.2333333333333334,2.0,0.07668577668577668,0.0,2.6
2025,18,00-0033280,Christian McCaffrey,RB,SF,93.0,75.0,80.0,0.0,83.1,25.466666666666665,27.0,0.80194899268437,0.0,11.7
2025,18,00-0033288,George Kittle,TE,SF,65.0,85.0,27.0,0.0,77.9,19.333333333333332,7.333333333333333,0.2712842712842713,0.0,7.9
2025,18,00-0033307,Kendrick Bourne,WR,SF,22.0,14.0,10.0,0.0,65.0,4.3,3.0,0.09829477571413055,0.0,0.0
2025,18,00-0033319,Nick Mullens,QB,JAX,7.0,-0.0,42.0,50.0,76.0,-0.16,3.3333333333333335,0.10532407407407407,0.0,0.44
2025,18,00-0033357,Taysom Hill,TE,NO,68.0,26.0,27.0,0.0,31.2,5.84,7.666666666666667,0.27269811902559354,0.0,6.2
2025,18,00-0033375,Tim Patrick,WR,JAX,20.0,23.0,8.0,0.0,31.2,6.966666666666668,2.6666666666666665,0.0830489475650766,0.0,1.4
2025,18,00-0033376,Patrick Ricard,RB,BAL,1.0,0.0,1.0,0.0,41.8,0.0,0.3333333333333333,0.010101010101010102,0.0,1.8
2025,18,00-0033439,Pharaoh Brown,TE,ARI,6.0,3.0,2.0,0.0,31.2,0.7000000000000001,0.6666666666666666,0.017543859649122806,0.0,0.0
2025,18,00-0033455,Anthony Firkser,TE,DET,18.0,14.0,5.0,0.0,41.4,3.233333333333333,2.0,0.047887966686631867,0.0,2.2
2025,18,00-0033526,Samaje Perine,RB,CIN,33.0,25.0,33.0,0.0,64.2,8.566666666666666,9.666666666666666,0.3311685489869583,0.0,8.2
2025,18,00-0033576,Eric Saubert,TE,SEA,9.0,3.0,4.0,0.0,31.2,0.6333333333333333,1.0,0.035742035742035744,0.0,3.0
2025,18,00-0033854,Dare Ogunbowale,RB,HOU,14.0,14.0,14.0,0.0,39.3,4.6000000000000005,4.0,0.13516422434828504,0.0,1.9
2025,18,00-0033857,JuJu Smith-Schuster,WR,KC,20.0,8.0,12.0,0.0,46.8,2.2666666666666666,2.6666666666666665,0.12171717171717171,0.0,3.3
2025,18,00-0033858,Jonnu Smith,TE,PIT,38.0,31.0,15.0,0.0,62.2,7.033333333333334,4.333333333333333,0.14540748312678137,0.0,1.4
2025,18,00-0033869,Mitchell Trubisky,QB,BUF,7.0,2.0,15.0,50.0,57.0,0.7533333333333333,3.3333333333333335,0.038407329105003524,0.0,26.86
2025,18,00-0033881,Evan Engram,TE,DEN,32.0,20.0,10.0,0.0,80.6,4.633333333333333,3.6666666666666665,0.09627154328241284,0.0,7.5
2025,18,00-0033908,Cooper Kupp,WR,SEA,35.0,20.0,15.0,0.0,63.6,6.033333333333334,4.666666666666667,0.15217936185678121,0.0,4.9
2025,18,00-0033921,Chris Godwin Jr.,WR,TB,48.0,49.0,19.0,0.0,73.5,14.6,6.333333333333333,0.19268939393939397,0.0,1.8
2025,18,00-0033923,Kareem Hunt,RB,KC,21.0,7.0,31.0,0.0,60.3,2.3333333333333335,6.0,0.3069340016708438,0.0,6.5
2025,18,00-0033949,Joshua Dobbs,QB,NE,9.0,1.0,29.0,50.0,56.2,0.3933333333333333,4.333333333333333,0.07151979565772669,0.0,0.92
2025,18,00-0033955,Jeremy McNichols,RB,WAS,21.0,10.0,23.0,0.0,76.9,3.4666666666666663,6.0,0.23318730818730818,0.0,2.1
2025,18,00-0034054,River Cracraft,WR,WAS,0.0,0.0,0.0,0.0,56.8,0.0,0.0,0.0,0.0,0.0
2025,18,00-0034159,Will Dissly,TE,LAC,18.0,16.0,7.0,0.0,60.6,3.5999999999999996,2.0,0.07171241568156014,0.0,1.6
2025,18,00-0034270,Tyler Conklin,TE,LAC,15.0,13.0,5.0,0.0,50.3,2.8333333333333335,1.6666666666666667,0.05036001911001911,0.0,1.6
2025,18,00-0034272,Marquez Valdes-Scantling,WR,PIT,32.0,17.0,12.0,0.0,41.1,5.2,4.333333333333333,0.11974254956711096,0.0,8.4
2025,18,00-0034348,Courtland Sutton,WR,DEN,80.0,59.0,28.0,0.0,81.0,17.633333333333336,10.666666666666666,0.2812132784958872,0.0,1.5
2025,18,00-0034367,Nyheim Hines,RB,NO,2.0,-0.0,2.0,0.0,41.8,-0.06666666666666667,0.6666666666666666,0.015503875968992248,0.0,0.0
2025,18,00-0034383,Dalton Schultz,TE,HOU,53.0,60.0,22.0,0.0,62.4,13.666666666666666,6.0,0.21568627450980393,0.0,11.3
2025,18,00-0034386,Justin Watson,WR,HOU,15.0,10.0,8.0,0.0,77.7,3.0,2.0,0.08051529790660225,0.0,0.0
2025,18,00-0034418,Cedrick Wilson Jr.,WR,MIA,12.0,7.0,8.0,0.0,78.0,2.1666666666666665,1.6666666666666667,0.07554112554112555,0.0,0.0
2025,18,00-0034753,Mark Andrews,TE,BAL,32.0,22.0,21.0,0.0,83.5,5.0,3.6666666666666665,0.21010101010101012,0.0,3.4
2025,18,00-0034775,Christian Kirk,WR,HOU,32.0,12.0,15.0,0.0,65.2,3.466666666666667,4.333333333333333,0.1501592089827384,0.0,0.7
2025,18,00-0034796,Lamar Jackson,QB,BAL,49.0,44.0,43.0,50.0,54.0,14.800000000000002,22.666666666666668,0.1063131313131313,0.0,22.42
2025,18,00-0034798,Durham Smythe,TE,CHI,6.0,5.0,2.0,0.0,35.8,1.0999999999999999,0.6666666666666666,0.020451770451770452,0.0,0.0
2025,18,00-0034827,DJ Moore,WR,CHI,42.0,52.0,19.0,0.0,60.6,15.5,5.666666666666667,0.1891967121852179,0.0,2.1
2025,18,00-0034829,Mike Gesicki,TE,CIN,24.0,31.0,8.0,0.0,59.8,7.1000000000000005,2.6666666666666665,0.08236260454002389,0.0,3.3
2025,18,00-0034855,Baker Mayfield,QB,TB,81.0,57.0,47.0,50.0,77.1,19.106666666666666,37.333333333333336,0.11805555555555557,0.0,15.22
2025,18,00-0034860,Dante Pettis,WR,NO,12.0,9.0,6.0,0.0,31.2,2.766666666666667,1.6666666666666667,0.056474914630943,0.0,11.0
2025,18,00-0034869,Sam Darnold,QB,SEA,77.0,41.0,51.0,50.0,78.4,13.64,35.666666666666664,0.12838383838383838,0.0,8.82
2025,18,00-0034928,Steven Sims,WR,ARI,4.0,0.0,2.0,0.0,41.8,0.0,0.5,0.017241379310344827,0.0,0.0
2025,18,00-0034960,Jakobi Meyers,WR,JAX,62.0,34.0,25.0,0.0,90.2,10.200000000000001,8.333333333333334,0.2529505696172363,0.0,9.4
2025,18,00-0035021,Ashton Dulin,WR,IND,5.0,9.0,2.0,0.0,35.4,2.6666666666666665,0.6666666666666666,0.01888276947285602,0.0,0.0
2025,18,00-0035249,Josh Oliver,TE,MIN,18.0,13.0,10.0,0.0,67.8,2.8333333333333335,2.0,0.10498619737750171,0.0,4.9
2025,18,00-0035250,Devin Singletary,RB,NYG,34.0,25.0,35.0,0.0,58.6,8.333333333333334,10.0,0.3465922883609202,0.0,8.6
2025,18,00-0035261,Tony Pollard,RB,TEN,66.0,39.0,67.0,0.0,83.6,13.299999999999999,19.0,0.6673076923076923,0.0,9.5
2025,18,00-0035291,Trayveon Williams,RB,CLE,14.0,13.0,15.0,0.0,45.8,4.3999999999999995,4.0,0.15064615690959776,0.0,3.0
2025,18,00-0035298,Scott Miller,WR,PIT,27.0,14.0,10.0,0.0,52.3,4.1000000000000005,3.6666666666666665,0.09979551920341394,0.0,2.9
2025,18,00-0035359,David Sills,WR,ATL,38.0,23.0,16.0,0.0,37.1,6.833333333333333,5.0,0.15806848977580687,0.0,2.1
2025,18,00-0035535,Darius Slayton,WR,NYG,38.0,19.0,18.0,0.0,50.5,5.566666666666666,5.0,0.17835740249533352,0.0,7.4
2025,18,00-0035537,Ty Johnson,RB,BUF,22.0,21.0,20.0,0.0,75.8,7.066666666666666,6.333333333333333,0.19988942402735507,0.0,19.6
2025,18,00-0035544,Tom Kennedy,WR,DET,0.0,0.0,0.0,0.0,56.8,0.0,0.0,0.0,0.0,0.0
2025,18,00-0035594,Travis Homer,RB,CHI,0.0,0.0,0.0,0.0,56.8,0.0,0.0,0.0,0.0,0.0
2025,18,00-0035602,Alex Bachman,WR,LV,2.0,1.0,2.0,0.0,31.2,0.43333333333333335,0.3333333333333333,0.015151515151515152,0.0,0.0
2025,18,00-0035628,D'Ernest Johnson,RB,NE,9.0,1.0,9.0,0.0,58.2,0.4000000000000001,2.6666666666666665,0.08641975308641975,0.0,1.3
2025,18,00-0035631,Drew Sample,TE,CIN,15.0,15.0,5.0,0.0,71.2,3.3666666666666667,1.6666666666666667,0.050440561529271205,0.0,4.7
2025,18,00-0035644,Noah Fant,TE,CIN,15.0,6.0,4.0,0.0,58.2,1.2666666666666666,1.6666666666666667,0.044086700336700334,0.0,1.5
2025,18,00-0035645,Gunner Olszewski,WR,NYG,2.0,3.0,1.0,0.0,31.2,0.9666666666666667,0.3333333333333333,0.011494252873563218,0.0,18.2
2025,18,00-0035659,Terry McLaurin,WR,WAS,38.0,39.0,26.0,0.0,77.5,11.833333333333334,5.0,0.2611111111111111,0.0,9.7
2025,18,00-0035662,Marquise Brown,WR,KC,20.0,13.0,12.0,0.0,73.8,3.8000000000000003,2.6666666666666665,0.11844305120167191,0.0,9.4
2025,18,00-0035685,David Montgomery,RB,DET,28.0,16.0,37.0,0.0,65.0,5.533333333333334,8.0,0.3706493244605767,0.0,6.5
2025,18,00-0035689,Dawson Knox,TE,BUF,32.0,42.0,14.0,0.0,61.0,9.566666666666666,3.6666666666666665,0.13882413882413883,0.0,10.4
2025,18,00-0035719,Deebo Samuel Sr.,WR,WAS,38.0,28.0,28.0,0.0,81.9,8.366666666666667,5.0,0.27599206349206346,0.0,4.1
2025,18,00-0036040,Juwan Johnson,TE,NO,50.0,55.0,16.0,0.0,71.7,12.466666666666667,5.666666666666667,0.1562232559715973,0.0,9.1
2025,18,00-0036133,James Proche,WR,TEN,18.0,2.0,7.0,0.0,34.0,0.5,2.3333333333333335,0.07377289377289377,0.0,1.5
2025,18,00-0036139,Rico Dowdle,RB,CAR,56.0,30.0,64.0,0.0,89.7,10.0,16.333333333333332,0.6364370396628461,0.0,5.0
2025,18,00-0036165,Isaiah Hodgins,WR,NYG,12.0,5.0,6.0,0.0,82.6,1.5333333333333332,1.6666666666666667,0.05539591315453384,0.0,0.0
2025,18,00-0036176,Mason Kinsey,WR,TEN,10.0,8.0,4.0,0.0,31.6,2.266666666666667,1.3333333333333333,0.0373015873015873,0.0,0.0
2025,18,00-0036182,Nick Westbrook-Ikhine,WR,MIA,2.0,0.0,1.0,0.0,41.8,0.0,0.3333333333333333,0.013333333333333334,0.0,0.0
2025,18,00-0036187,Reggie Gilliam,RB,BUF,0.0,0.0,0.0,0.0,56.8,0.0,0.0,0.0,0.0,3.6
2025,18,00-0036196,Gabe Davis,WR,BUF,12.0,6.0,6.0,0.0,55.2,1.8666666666666665,1.6666666666666667,0.06377787537207827,0.0,15.1
2025,18,00-0036223,Jonathan Taylor,RB,IND,86.0,47.0,100.0,0.0,87.8,15.799999999999999,25.0,1.010651608927471,0.0,5.9
2025,18,00-0036244,Colby Parkinson,TE,LA,53.0,59.0,15.0,0.0,63.0,13.299999999999999,6.0,0.15399610136452244,0.0,19.6
2025,18,00-0036252,Michael Pittman,WR,IND,32.0,18.0,14.0,0.0,78.2,5.466666666666666,4.333333333333333,0.14488161901955007,0.0,3.1
2025,18,00-0036259,Jauan Jennings,WR,SF,38.0,54.0,17.0,0.0,85.0,16.333333333333332,5.0,0.16534520835596103,0.0,7.5
2025,18,00-0036265,AJ Dillon,RB,PHI,9.0,7.0,13.0,0.0,69.7,2.3000000000000003,2.6666666666666665,0.13036412512218964,0.0,1.3
2025,18,00-0036275,D'Andre Swift,RB,CHI,53.0,53.0,55.0,0.0,79.7,17.833333333333332,15.333333333333334,0.5458236952489826,0.0,5.8
2025,18,00-0036290,Cole Kmet,TE,CHI,29.0,17.0,11.0,0.0,84.1,3.9333333333333336,3.3333333333333335,0.109506500311098,0.0,3.6
2025,18,00-0036309,Darnell Mooney,WR,ATL,27.0,18.0,12.0,0.0,72.8,5.466666666666666,3.6666666666666665,0.11898250800689825,0.0,5.0
2025,18,00-0036322,Justin Jefferson,WR,MIN,52.0,29.0,35.0,0.0,74.8,8.566666666666666,7.0,0.3461007591442374,0.0,18.4
2025,18,00-0036331,Devin Duvernay,WR,CHI,2.0,0.0,1.0,0.0,41.8,0.0,0.3333333333333333,0.008547008547008546,0.0,0.0
2025,18,00-0036332,Josiah Deguara,TE,ARI,6.0,0.0,2.0,0.0,45.5,0.0,0.6666666666666666,0.019070010449320794,0.0,9.5
2025,18,00-0036358,CeeDee Lamb,WR,DAL,68.0,42.0,26.0,0.0,83.1,12.6,9.0,0.2607473544973545,0.0,1.4
2025,18,00-0036407,Jerry Jeudy,WR,CLE,38.0,21.0,19.0,0.0,66.2,6.266666666666667,5.0,0.1938427440998736,0.0,4.2
2025,18,00-0036410,Tee Higgins,WR,CIN,48.0,57.0,19.0,0.0,58.6,17.133333333333336,6.333333333333333,0.18619324970131423,0.0,18.7
2025,18,00-0036414,Cam Akers,RB,SEA,7.0,7.0,7.0,0.0,31.2,2.393333333333333,2.0,0.06765232974910394,0.0,0.0
2025,18,00-0036425,DeeJay Dallas,RB,JAX,5.0,2.0,4.0,0.0,31.2,0.7000000000000001,1.3333333333333333,0.04076944458069685,0.0,0.0
2025,18,00-0036442,Joe Burrow,QB,CIN,78.0,59.0,31.0,50.0,80.4,19.62,36.333333333333336,0.07720095995958065,0.0,23.14
2025,18,00-0036555,Chuba Hubbard,RB,CAR,26.0,14.0,31.0,0.0,93.2,4.666666666666667,7.666666666666667,0.3123419591161527,0.0,3.7
2025,18,00-0036590,Quintin Morris,TE,JAX,9.0,8.0,3.0,0.0,31.2,1.8333333333333333,1.0,0.03333333333333333,0.0,7.5
2025,18,00-0036626,Dyami Brown,WR,JAX,8.0,0.0,4.0,0.0,69.5,0.13333333333333333,1.0,0.04198994778704923,0.0,1.8
2025,18,00-0036628,John Bates,TE,WAS,6.0,4.0,4.0,0.0,35.5,0.9666666666666667,0.6666666666666666,0.0375,0.0,9.3
2025,18,00-0036637,Noah Gray,TE,KC,12.0,5.0,5.0,0.0,31.2,1.2,1.3333333333333333,0.051149425287356325,0.0,6.0
2025,18,00-0036755,Jaret Patterson,RB,LAC,15.0,11.0,11.0,0.0,31.2,3.8666666666666667,4.333333333333333,0.11117552115301554,0.0,6.7
2025,18,00-0036825,Feleipe Franks,TE,ATL,3.0,0.0,1.0,0.0,31.2,0.06666666666666667,0.3333333333333333,0.011494252873563218,0.0,0.0
2025,18,00-0036842,Kene Nwangwu,RB,NYJ,7.0,3.0,7.0,0.0,31.2,1.0333333333333334,2.0,0.07142857142857142,0.0,1.8
2025,18,00-0036849,Tutu Atwell,WR,LA,18.0,12.0,6.0,0.0,46.8,3.6999999999999997,2.3333333333333335,0.05578862615475888,0.0,2.9
2025,18,00-0036862,Ben Skowronek,WR,PIT,2.0,3.0,1.0,0.0,31.2,0.7666666666666666,0.3333333333333333,0.010101010101010102,0.0,0.0
2025,18,00-0036875,Rhamondre Stevenson,RB,NE,38.0,53.0,41.0,0.0,80.1,17.900000000000002,11.0,0.4059468389903172,0.0,35.3
2025,18,00-0036876,Kylen Granson,TE,PHI,0.0,0.0,0.0,0.0,56.8,0.0,0.0,0.0,0.0,7.0
2025,18,00-0036894,Pat Freiermuth,TE,PIT,41.0,34.0,14.0,0.0,85.4,7.6000000000000005,4.666666666666667,0.14186115940501906,0.0,8.1
2025,18,00-0036898,Davis Mills,QB,HOU,88.0,58.0,40.0,50.0,78.8,19.52,41.0,0.1000810783419479,0.0,2.64
2025,18,00-0036900,Ja'Marr Chase,WR,CIN,90.0,76.0,36.0,0.0,84.8,22.7,12.0,0.3601777180406212,0.0,23.6
2025,18,00-0036906,Khalil Herbert,RB,NYJ,7.0,1.0,7.0,0.0,38.9,0.3333333333333333,2.0,0.06682027649769585,0.0,5.6
2025,18,00-0036912,DeVonta Smith,WR,PHI,38.0,31.0,20.0,0.0,58.9,9.233333333333333,5.0,0.20474863578311853,0.0,8.2
2025,18,00-0036919,Kenny Gainwell,RB,PIT,54.0,50.0,56.0,0.0,72.6,16.733333333333334,15.666666666666666,0.5557929198280075,0.0,21.4
2025,18,00-0036924,Michael Carter,RB,ARI,48.0,26.0,66.0,0.0,76.8,8.733333333333333,14.0,0.6573011547050843,0.0,6.9
2025,18,00-0036963,Amon-Ra St. Brown,WR,DET,100.0,73.0,37.0,0.0,61.0,21.866666666666664,13.333333333333334,0.3650123318907348,0.0,24.9
2025,18,00-0036970,Kyle Pitts,TE,ATL,71.0,100.0,24.0,0.0,53.0,22.633333333333336,8.0,0.23847006651884697,0.0,11.8
2025,18,00-0036971,Trevor Lawrence,QB,JAX,89.0,100.0,91.0,50.0,85.2,33.52666666666667,41.333333333333336,0.22775649212430818,0.0,23.3
2025,18,00-0036973,Travis Etienne,RB,JAX,66.0,59.0,66.0,0.0,79.1,19.766666666666666,19.0,0.6633464334613759,0.0,4.8
2025,18,00-0036988,Josh Palmer,WR,BUF,12.0,7.0,6.0,0.0,77.9,2.0,1.6666666666666667,0.06436156436156436,0.0,1.1
2025,18,00-0037005,Tommy Tremble,TE,CAR,18.0,10.0,9.0,0.0,49.0,2.1666666666666665,2.0,0.09329237071172554,0.0,12.8
2025,18,00-0037012,Trey Lance,QB,LAC,15.0,5.0,42.0,50.0,58.0,1.7333333333333334,7.0,0.10585343095033017,0.0,12.34
2025,18,00-0037013,Zach Wilson,QB,MIA,9.0,1.0,18.0,50.0,31.6,0.46,4.0,0.04403794037940379,0.0,0.0
2025,18,00-0037015,Sal Cannella,TE,CLE,35.0,14.0,17.0,0.0,56.8,3.1,4.0,0.17391304347826086,0.0,0.0
2025,18,00-0037031,Nikola Kalinic,TE,CHI,0.0,0.0,0.0,0.0,56.8,0.0,0.0,0.0,0.0,0.0
2025,18,00-0037085,Tyler Badie,RB,DEN,5.0,2.0,3.0,0.0,34.4,0.7666666666666666,1.3333333333333333,0.03215579710144927,0.0,4.6
2025,18,00-0037086,Grant Calcaterra,TE,PHI,9.0,7.0,4.0,0.0,88.9,1.5,1.0,0.04292929292929293,0.0,10.1
2025,18,00-0037091,Bo Melton,WR,GB,12.0,5.0,7.0,0.0,33.8,1.4666666666666668,1.6666666666666667,0.06592592592592593,0.0,0.0
2025,18,00-0037120,Tyler Goodson,RB,IND,3.0,1.0,5.0,0.0,31.2,0.3,1.0,0.049999999999999996,0.0,0.3
2025,18,00-0037132,Britain Covey,WR,PHI,0.0,0.0,0.0,0.0,56.8,0.0,0.0,0.0,0.0,4.0
2025,18,00-0037228,Jaylen Warren,RB,PIT,49.0,43.0,55.0,0.0,70.0,14.433333333333332,14.333333333333334,0.552095727534324,0.0,14.9
2025,18,00-0037231,Kevin Austin Jr.,WR,NO,32.0,28.0,14.0,0.0,64.8,8.433333333333334,4.333333333333333,0.1367684316666243,0.0,7.7
2025,18,00-0037238,Drake London,WR,ATL,48.0,29.0,22.0,0.0,48.5,8.666666666666666,6.333333333333333,0.21758969000348313,0.0,17.8
2025,18,00-0037240,Jameson Williams,WR,DET,55.0,49.0,18.0,0.0,58.8,14.699999999999998,7.333333333333333,0.17989436455861138,0.0,13.4
2025,18,00-0037247,George Pickens,WR,DAL,50.0,49.0,20.0,0.0,66.0,14.699999999999998,6.666666666666667,0.19718915343915344,0.0,1.9
2025,18,00-0037248,James Cook,RB,BUF,77.0,65.0,70.0,0.0,78.8,22.066666666666666,22.333333333333332,0.7000290620980277,0.0,1.5
2025,18,00-0037252,Greg Dulcich,TE,MIA,35.0,45.0,16.0,0.0,56.1,10.100000000000001,4.0,0.1644011544011544,0.0,6.1
2025,18,00-0037256,Rachaad White,RB,TB,15.0,15.0,16.0,0.0,63.1,5.1,4.333333333333333,0.15955808080808082,0.0,6.1
2025,18,00-0037258,Dameon Pierce,RB,KC,8.0,2.0,7.0,0.0,31.2,0.7000000000000001,2.3333333333333335,0.0707070707070707,0.0,1.0
2025,18,00-0037263,Tyler Allgeier,RB,ATL,33.0,12.0,29.0,0.0,45.1,4.133333333333334,9.666666666666666,0.28700128700128696,0.0,2.9
2025,18,00-0037276,Ty Chandler,RB,MIN,12.0,4.0,12.0,0.0,31.2,1.2,3.5,0.125,0.0,6.4
2025,18,00-0037291,Jalen Nailor,WR,MIN,22.0,22.0,13.0,0.0,38.0,6.5,3.0,0.13458515451269074,0.0,7.9
2025,18,00-0037324,Chris Oladokun,QB,KC,45.0,19.0,48.0,50.0,85.7,6.44,21.0,0.11929824561403508,0.0,2.32
2025,18,00-0037487,Deven Thompkins,WR,ATL,0.0,0.0,0.0,0.0,56.8,0.0,0.0,0.0,0.0,0.0
2025,18,00-0037525,Jordan Mason,RB,MIN,28.0,16.0,27.0,0.0,51.0,5.3999999999999995,8.0,0.26801490322376936,0.0,9.4
2025,18,00-0037545,Rashid Shaheed,WR,SEA,27.0,19.0,12.0,0.0,31.6,5.666666666666667,3.6666666666666665,0.12276512018447501,0.0,1.2
2025,18,00-0037557,Ronnie Rivers,RB,LA,1.0,0.0,2.0,0.0,31.2,0.16666666666666666,0.3333333333333333,0.016666666666666666,0.0,0.0
2025,18,00-0037594,Julius Chestnut,RB,TEN,1.0,0.0,1.0,0.0,31.2,0.03333333333333333,0.3333333333333333,0.008333333333333333,0.0,0.0
2025,18,00-0037614,John Metchie III,WR,NYJ,35.0,17.0,15.0,0.0,67.9,5.133333333333334,4.666666666666667,0.14579380139152434,0.0,5.0
2025,18,00-0037617,Hassan Haskins,RB,LAC,5.0,1.0,4.0,0.0,31.2,0.4666666666666666,1.3333333333333333,0.04040404040404041,0.0,0.3
2025,18,00-0037664,Alec Pierce,WR,IND,25.0,30.0,11.0,0.0,45.8,9.066666666666668,3.3333333333333335,0.10732881422536596,0.0,29.2
2025,18,00-0037666,Jalen Tolbert,WR,DAL,22.0,8.0,8.0,0.0,31.2,2.3666666666666667,3.0,0.08449074074074074,0.0,0.0
2025,18,00-0037741,Jahan Dotson,WR,PHI,18.0,6.0,8.0,0.0,53.0,1.8666666666666665,2.3333333333333335,0.07595006324588902,0.0,7.0
2025,18,00-0037742,Treylon Burks,WR,WAS,22.0,8.0,16.0,0.0,48.5,2.3666666666666667,3.0,0.15674603174603174,0.0,3.2
2025,18,00-0037744,Trey McBride,TE,ARI,100.0,100.0,33.0,0.0,70.9,22.566666666666666,11.333333333333334,0.3297986345173278,0.0,13.5
2025,18,00-0037746,Brian Robinson,RB,SF,23.0,8.0,19.0,0.0,77.3,2.6333333333333333,6.666666666666667,0.1927801938288306,0.0,0.9
2025,18,00-0037801,KaVontae Turpin,WR,DAL,25.0,26.0,11.0,0.0,42.0,7.833333333333332,3.3333333333333335,0.1108638141246837,0.0,0.7
2025,18,00-0037809,Chig Okonkwo,TE,TEN,62.0,56.0,24.0,0.0,81.4,12.733333333333333,7.0,0.24235517568850903,0.0,2.2
2025,18,00-0037834,Brock Purdy,QB,SF,81.0,99.0,57.0,50.0,86.0,33.339999999999996,37.333333333333336,0.14173241452778054,0.0,7.18
2025,18,00-0037837,Calvin Austin III,WR,PIT,10.0,7.0,4.0,0.0,53.8,1.9666666666666666,1.3333333333333333,0.04131962903892728,0.0,14.5
2025,18,00-0037838,Isaiah Likely,TE,BAL,26.0,27.0,11.0,0.0,32.9,6.066666666666666,3.0,0.1106060606060606,0.0,5.2
2025,18,00-0037840,Kyren Williams,RB,LA,70.0,49.0,66.0,0.0,78.5,16.433333333333334,20.333333333333332,0.6638780306203175,0.0,11.1
2025,18,00-0038040,Zamir White,RB,LV,15.0,7.0,16.0,0.0,49.0,2.2666666666666666,4.333333333333333,0.15922536746690155,0.0,2.0
2025,18,00-0038041,Jake Ferguson,TE,DAL,29.0,24.0,10.0,0.0,73.8,5.366666666666667,3.3333333333333335,0.09828042328042329,0.0,1.5
2025,18,00-0038090,Skyy Moore,WR,SF,5.0,5.0,2.0,0.0,35.8,1.4333333333333333,0.6666666666666666,0.01990493166963755,0.0,0.0
2025,18,00-0038102,Kenny Pickett,QB,LV,29.0,12.0,32.0,50.0,33.1,4.126666666666667,13.666666666666666,0.07905982905982906,0.0,1.02
2025,18,00-0038115,Daniel Bellinger,TE,NYG,26.0,14.0,9.0,0.0,58.1,3.1999999999999997,3.0,0.09112763879498159,0.0,11.8
2025,18,00-0038129,Cade Otton,TE,TB,29.0,23.0,10.0,0.0,75.1,5.233333333333333,3.3333333333333335,0.10458874458874458,0.0,22.4
2025,18,00-0038134,Kenneth Walker III,RB,SEA,47.0,36.0,49.0,0.0,63.4,11.999999999999998,13.666666666666666,0.4899192921773567,0.0,17.3
2025,18,00-0038359,Xavier Smith,WR,LA,20.0,20.0,7.0,0.0,33.7,6.133333333333333,2.6666666666666665,0.06944444444444443,0.0,1.6
2025,18,00-0038397,Evan Hull,RB,NO,13.0,2.0,15.0,0.0,58.0,0.6,3.6666666666666665,0.14898550724637682,0.0,1.1
2025,18,00-0038400,Tanner McKee,QB,PHI,6.0,2.0,23.0,50.0,53.1,0.6066666666666667,3.0,0.05700307202184549,0.0,13.94
2025,18,00-0038440,Zavier Scott,RB,MIN,8.0,5.0,8.0,0.0,37.4,1.7333333333333334,2.3333333333333335,0.08061949417448139,0.0,2.7
2025,18,00-0038454,Keaton Mitchell,RB,BAL,33.0,14.0,32.0,0.0,74.2,4.566666666666666,9.666666666666666,0.3197350867162188,0.0,0.2
2025,18,00-0038542,Bijan Robinson,RB,ATL,100.0,100.0,100.0,0.0,89.8,33.73333333333333,29.0,1.0018290067070554,0.0,7.3
2025,18,00-0038543,Jaxon Smith-Njigba,WR,SEA,85.0,64.0,38.0,0.0,85.0,19.366666666666664,11.333333333333334,0.38454019099180387,0.0,14.4
2025,18,00-0038547,Luke Schoonmaker,TE,DAL,15.0,14.0,4.0,0.0,77.6,3.2000000000000006,1.6666666666666667,0.0422267252054486,0.0,2.2
2025,18,00-0038555,Tank Bigsby,RB,PHI,29.0,17.0,22.0,0.0,43.2,5.766666666666667,8.333333333333334,0.21909412147209392,0.0,17.6
2025,18,00-0038559,Michael Wilson,WR,ARI,60.0,55.0,23.0,0.0,72.5,16.499999999999996,8.0,0.22621208192896033,0.0,20.9
2025,18,00-0038563,Tre Tucker,WR,LV,45.0,21.0,25.0,0.0,56.4,6.433333333333333,6.0,0.2452108385441719,0.0,5.4
2025,18,00-0038564,Cameron Latu,TE,PHI,0.0,0.0,0.0,0.0,56.8,0.0,0.0,0.0,0.0,0.0
2025,18,00-0038573,Derius Davis,WR,LAC,2.0,0.0,1.0,0.0,41.8,0.0,0.3333333333333333,0.013888888888888888,0.0,1.7
2025,18,00-0038582,Clayton Tune,QB,GB,11.0,1.0,24.0,50.0,56.8,0.32,5.0,0.058823529411764705,0.0,3.66
2025,18,00-0038589,Josh Whyle,TE,GB,9.0,7.0,4.0,0.0,70.2,1.6333333333333335,1.0,0.03932033983008496,0.0,1.4
2025,18,00-0038597,Chase Brown,RB,CIN,70.0,77.0,65.0,0.0,82.5,26.0,20.333333333333332,0.6518708182292721,0.0,19.0
2025,18,00-0038606,Parker Washington,WR,JAX,60.0,60.0,23.0,0.0,63.7,17.933333333333334,8.0,0.23253672391603428,0.0,19.7
2025,18,00-0038608,Kayshon Boutte,WR,NE,22.0,22.0,9.0,0.0,46.8,6.7,3.0,0.09451659451659451,0.0,4.4
2025,18,00-0038611,Chris Rodriguez Jr.,RB,WAS,44.0,29.0,47.0,0.0,75.5,9.733333333333334,12.666666666666666,0.47242041372476146,0.0,15.3
2025,18,00-0038618,Xavier Hutchinson,WR,HOU,20.0,10.0,9.0,0.0,63.6,2.966666666666667,2.6666666666666665,0.09351432880844646,0.0,13.4
2025,18,00-0038619,Andrei Iosivas,WR,CIN,20.0,12.0,8.0,0.0,31.2,3.733333333333333,2.6666666666666665,0.08251194743130226,0.0,3.0
2025,18,00-0038621,DeMario Douglas,WR,NE,12.0,5.0,6.0,0.0,68.5,1.3666666666666665,1.6666666666666667,0.05587301587301588,0.0,4.9
2025,18,00-0038640,Jalen Brooks,WR,ARI,15.0,9.0,5.0,0.0,36.1,2.6999999999999997,2.0,0.04904306220095694,0.0,0.0
2025,18,00-0038647,Ronnie Bell,WR,NO,0.0,0.0,0.0,0.0,56.8,0.0,0.0,0.0,0.0,10.3
2025,18,00-0038685,Chris Brooks,RB,GB,8.0,5.0,9.0,0.0,51.5,1.7,2.3333333333333335,0.0860942760942761,0.0,6.1
2025,18,00-0038705,Emari Demercado,RB,ARI,21.0,9.0,28.0,0.0,72.0,3.033333333333333,6.0,0.2829233831127621,0.0,6.7
2025,18,00-0038710,Blake Whiteheart,TE,CLE,6.0,0.0,2.0,0.0,45.0,0.0,0.6666666666666666,0.023264683447749807,0.0,0.0
2025,18,00-0038720,Julian Hill,TE,MIA,15.0,10.0,7.0,0.0,58.9,2.3666666666666667,1.6666666666666667,0.07363636363636362,0.0,1.8
2025,18,00-0038738,Hunter Luepke,RB,DAL,18.0,13.0,15.0,0.0,72.3,4.266666666666667,5.333333333333333,0.15237755400798877,0.0,2.6
2025,18,00-0038794,Jaleel McLaughlin,RB,DEN,16.0,8.0,20.0,0.0,55.2,2.6999999999999997,4.666666666666667,0.1980392156862745,0.0,6.8
2025,18,00-0038797,Emanuel Wilson,RB,GB,23.0,12.0,21.0,0.0,39.2,3.966666666666667,6.666666666666667,0.21155080213903743,0.0,5.8
2025,18,00-0038809,Ben Sims,TE,MIN,9.0,7.0,6.0,0.0,87.8,1.6,1.0,0.05745341614906832,0.0,2.8
2025,18,00-0038840,Brycen Tremayne,WR,CAR,2.0,0.0,2.0,0.0,41.8,0.0,0.3333333333333333,0.015873015873015872,0.0,4.7
2025,18,00-0038891,Shedrick Jackson,WR,LV,15.0,22.0,7.0,0.0,59.9,6.75,2.0,0.07142857142857142,0.0,2.4
2025,18,00-0038933,Dalton Kincaid,TE,BUF,29.0,30.0,13.0,0.0,47.5,6.833333333333333,3.3333333333333335,0.13152896486229818,0.0,7.8
2025,18,00-0038935,Brenton Strange,TE,JAX,44.0,40.0,15.0,0.0,65.9,8.966666666666667,5.0,0.14742599742599743,0.0,17.2
2025,18,00-0038951,Sean Tucker,RB,TB,13.0,14.0,15.0,0.0,71.3,4.6000000000000005,3.6666666666666665,0.15025252525252525,0.0,-0.4
2025,18,00-0038953,Dylan Drummond,WR,ATL,12.0,6.0,6.0,0.0,31.2,1.7,1.6666666666666667,0.05952380952380953,0.0,0.0
2025,18,00-0038976,Marvin Mims Jr.,WR,DEN,38.0,20.0,15.0,0.0,75.2,5.866666666666667,5.0,0.15099412071918464,0.0,3.0
2025,18,00-0038979,Cedric Tillman,WR,CLE,12.0,11.0,5.0,0.0,60.8,3.4333333333333336,1.6666666666666667,0.053154222109218295,0.0,3.3
2025,18,00-0038994,Jordan Addison,WR,MIN,18.0,29.0,11.0,0.0,76.4,8.566666666666668,2.3333333333333335,0.10697032436162869,0.0,1.8
2025,18,00-0038997,Josh Downs,WR,IND,50.0,31.0,22.0,0.0,73.2,9.166666666666668,6.666666666666667,0.2215738284703802,0.0,9.6
2025,18,00-0039032,Tyjae Spears,RB,TEN,36.0,28.0,34.0,0.0,47.6,9.4,10.333333333333334,0.33617894451227787,0.0,9.7
2025,18,00-0039041,Elijah Higgins,TE,ARI,32.0,26.0,12.0,0.0,31.2,5.800000000000001,3.6666666666666665,0.11902169216143808,0.0,5.8
2025,18,00-0039050,Payne Durham,TE,TB,6.0,3.0,2.0,0.0,34.4,0.7000000000000001,0.6666666666666666,0.021085271317829456,0.0,0.0
2025,18,00-0039062,Jonathan Mingo,WR,DAL,8.0,4.0,3.0,0.0,70.2,1.1666666666666667,1.0,0.029199735449735448,0.0,0.0
2025,18,00-0039064,Zay Flowers,WR,BAL,45.0,58.0,35.0,0.0,79.1,17.333333333333332,6.0,0.34898989898989896,0.0,29.8
2025,18,00-0039066,Michael Mayer,TE,LV,38.0,29.0,16.0,0.0,31.2,6.633333333333333,4.333333333333333,0.1645021645021645,0.0,7.7
2025,18,00-0039074,Davis Allen,TE,LA,32.0,21.0,9.0,0.0,81.0,4.7,3.6666666666666665,0.09131531786455387,0.0,0.0
2025,18,00-0039075,Puka Nacua,WR,LA,98.0,100.0,32.0,0.0,76.8,30.033333333333335,13.0,0.3231834375210056,0.0,26.0
2025,18,00-0039139,Jahmyr Gibbs,RB,DET,69.0,41.0,78.0,0.0,80.8,13.666666666666666,20.0,0.7792196007259529,0.0,20.3
2025,18,00-0039150,Bryce Young,QB,CAR,72.0,44.0,100.0,50.0,85.8,14.64,33.333333333333336,0.25732009925558313,0.0,18.54
2025,18,00-0039163,C.J. Stroud,QB,HOU,76.0,52.0,60.0,50.0,83.7,17.546666666666667,35.333333333333336,0.1511037981626217,0.0,17.26
2025,18,00-0039165,Zach Charbonnet,RB,SEA,48.0,44.0,49.0,0.0,64.6,14.899999999999999,14.0,0.4866315763089957,0.0,18.7
2025,18,00-0039305,Jack Westover,TE,NE,3.0,0.0,1.0,0.0,41.8,0.0,0.3333333333333333,0.011494252873563218,0.0,1.0
2025,18,00-0039342,Xavier Legette,WR,CAR,18.0,10.0,10.0,0.0,56.2,3.1333333333333333,2.3333333333333335,0.0981310803891449,0.0,5.2
2025,18,00-0039359,Cade Stover,TE,HOU,35.0,17.0,13.0,0.0,73.7,3.9333333333333336,4.0,0.12792232277526394,0.0,1.9
2025,18,00-0039361,Bucky Irving,RB,TB,61.0,23.0,70.0,0.0,90.7,7.833333333333333,17.666666666666668,0.6985479797979798,0.0,10.8
2025,18,00-0039364,Sione Vaki,RB,DET,0.0,0.0,0.0,0.0,56.8,0.0,0.0,0.0,0.0,0.0
2025,18,00-0039373,Audric Estimé,RB,NO,34.0,31.0,38.0,0.0,63.3,10.466666666666667,10.0,0.38253775524602024,0.0,15.6
2025,18,00-0039384,Tyrone Tracy Jr.,RB,NYG,61.0,41.0,61.0,0.0,75.0,13.733333333333334,17.666666666666668,0.6120367993560429,0.0,29.9
2025,18,00-0039391,Kimani Vidal,RB,LAC,40.0,18.0,37.0,0.0,53.8,6.1000000000000005,11.666666666666666,0.36921411702442236,0.0,2.0
2025,18,00-0039398,Joe Milton III,QB,DAL,9.0,9.0,6.0,50.0,50.3,3.033333333333333,4.0,0.014492753623188406,0.0,7.22
2025,18,00-0039405,Jawhar Jordan,RB,HOU,52.0,29.0,50.0,0.0,65.3,9.799999999999999,15.0,0.4969148498560263,0.0,0.3
2025,18,00-0039407,Dylan Laube,RB,LV,2.0,0.0,5.0,0.0,31.2,0.13333333333333333,0.6666666666666666,0.05128205128205129,0.0,0.0
2025,18,00-0039410,Ryan Flournoy,WR,DAL,50.0,49.0,16.0,0.0,47.6,14.766666666666666,6.666666666666667,0.16065096251266464,0.0,11.8
2025,18,00-0039451,Isaiah Williams,WR,NYJ,42.0,28.0,18.0,0.0,78.9,8.433333333333334,5.666666666666667,0.18015270624378785,0.0,7.4
2025,18,00-0039458,Brenden Bates,TE,CLE,6.0,4.0,3.0,0.0,35.8,0.9666666666666667,0.6666666666666666,0.026838432635534083,0.0,1.6
2025,18,00-0039491,Jalen Coker,WR,CAR,27.0,30.0,15.0,0.0,63.5,9.1,3.6666666666666665,0.15217613927291346,0.0,16.7
2025,18,00-0039530,Brevyn Spann-Ford,TE,DAL,9.0,6.0,3.0,0.0,31.2,1.3666666666666665,1.0,0.02804232804232804,0.0,5.0
2025,18,00-0039589,Kameron Johnson,WR,TB,0.0,0.0,0.0,0.0,56.8,0.0,0.0,0.0,0.0,0.0
2025,18,00-0039603,British Brooks,RB,HOU,0.0,0.0,0.0,0.0,56.8,0.0,0.0,0.0,0.0,6.3
2025,18,00-0039648,David Martin-Robinson,TE,TEN,3.0,3.0,1.0,0.0,31.2,0.6333333333333333,0.3333333333333333,0.009523809523809523,0.0,2.4
2025,18,00-0039732,Bo Nix,QB,DEN,100.0,69.0,100.0,50.0,87.8,23.246666666666666,46.333333333333336,0.25620915032679736,0.0,10.54
2025,18,00-0039738,Blake Corum,RB,LA,38.0,28.0,36.0,0.0,65.8,9.333333333333334,11.0,0.3599837901562039,0.0,7.9
2025,18,00-0039746,Will Shipley,RB,PHI,3.0,1.0,4.0,0.0,31.2,0.5,1.0,0.03713527851458886,0.0,3.3
2025,18,00-0039751,Jordan Whittington,WR,LA,5.0,3.0,2.0,0.0,35.5,0.9666666666666667,0.6666666666666666,0.015716374269005847,0.0,0.0
2025,18,00-0039792,Devontez Walker,WR,BAL,8.0,4.0,4.0,0.0,32.6,1.3333333333333333,1.0,0.03888888888888889,0.0,12.6
2025,18,00-0039793,AJ Barner,TE,SEA,47.0,50.0,18.0,0.0,71.7,11.333333333333334,5.333333333333333,0.17691706143319044,0.0,3.4
2025,18,00-0039796,Rasheen Ali,RB,BAL,8.0,16.0,14.0,0.0,62.6,5.3999999999999995,2.3333333333333335,0.13888888888888887,0.0,0.0
2025,18,00-0039824,Jared Wiley,TE,KC,9.0,6.0,3.0,0.0,56.8,1.4,1.0,0.03125,0.0,0.0
2025,18,00-0039851,Drake Maye,QB,NE,76.0,80.0,90.0,50.0,68.9,26.88,35.0,0.22603864734299517,0.0,15.74
2025,18,00-0039855,Jalen McMillan,WR,TB,38.0,31.0,14.0,0.0,48.6,9.266666666666667,5.0,0.1391161616161616,0.0,2.1
2025,18,00-0039868,Troy Franklin,WR,DEN,40.0,41.0,15.0,0.0,67.3,12.366666666666667,5.333333333333333,0.14587903120511816,0.0,0.0
2025,18,00-0039874,Jaylen Wright,RB,MIA,21.0,20.0,22.0,0.0,47.4,6.666666666666667,6.0,0.2206746031746032,0.0,6.0
2025,18,00-0039875,Ray Davis,RB,BUF,9.0,10.0,10.0,0.0,50.7,3.4333333333333336,2.6666666666666665,0.1045423286802597,0.0,25.4
2025,18,00-0039880,Malik Washington,WR,MIA,18.0,15.0,9.0,0.0,43.6,4.566666666666666,2.3333333333333335,0.0937085137085137,0.0,11.8
2025,18,00-0039884,Tahj Washington,WR,MIA,15.0,7.0,5.0,0.0,56.8,2.1,2.0,0.05405405405405406,0.0,4.6
2025,18,00-0039890,Adonai Mitchell,WR,NYJ,62.0,33.0,26.0,0.0,69.9,9.966666666666667,8.333333333333334,0.2631246046805819,0.0,0.0
2025,18,00-0039893,Brian Thomas Jr.,WR,JAX,45.0,32.0,19.0,0.0,59.4,9.6,6.0,0.18731350398017063,0.0,7.9
2025,18,00-0039901,Keon Coleman,WR,BUF,35.0,29.0,15.0,0.0,62.1,8.700000000000001,4.666666666666667,0.14889136628267063,0.0,6.9
2025,18,00-0039912,Ben Sinnott,TE,WAS,21.0,18.0,12.0,0.0,58.0,4.0,2.3333333333333335,0.11765873015873014,0.0,2.3
2025,18,00-0039918,Caleb Williams,QB,CHI,83.0,63.0,58.0,50.0,83.1,20.993333333333336,38.333333333333336,0.1445221445221445,0.0,16.58
2025,18,00-0039920,Malachi Corley,WR,CLE,22.0,11.0,11.0,0.0,36.1,3.1666666666666665,3.0,0.10688622236074315,0.0,5.8
2025,18,00-0039923,J.J. McCarthy,QB,MIN,53.0,58.0,52.0,50.0,75.0,19.41333333333333,24.333333333333332,0.13042846768336966,0.0,7.98
2025,18,00-0040024,Darius Cooper,WR,PHI,10.0,10.0,6.0,0.0,60.3,3.066666666666667,1.3333333333333333,0.0609604820131136,0.0,6.3
2025,18,00-0040075,LaJohntay Wester,WR,BAL,0.0,0.0,0.0,0.0,56.8,0.0,0.0,0.0,0.0,0.0
2025,18,00-0040078,Brashard Smith,RB,KC,8.0,11.0,11.0,0.0,44.0,3.6666666666666665,2.3333333333333335,0.11356421356421358,0.0,7.8
2025,18,00-0040122,Ashton Jeanty,RB,LV,68.0,49.0,93.0,0.0,68.0,16.433333333333334,19.666666666666668,0.9278447478447478,0.0,12.4
2025,18,00-0040124,Tetairoa McMillan,WR,CAR,45.0,28.0,24.0,0.0,52.1,8.433333333333334,6.0,0.23768561187916024,0.0,12.5
2025,18,00-0040126,Colston Loveland,TE,CHI,62.0,55.0,21.0,0.0,68.5,12.5,7.0,0.21477075500064005,0.0,25.1
2025,18,00-0040128,Tyler Warren,TE,IND,59.0,30.0,22.0,0.0,79.0,6.733333333333334,6.666666666666667,0.21772767462422635,0.0,7.6
2025,18,00-0040129,Emeka Egbuka,WR,TB,35.0,23.0,14.0,0.0,64.5,6.8,4.666666666666667,0.1374621212121212,0.0,1.8
2025,18,00-0040130,Jayden Higgins,WR,HOU,20.0,23.0,9.0,0.0,47.0,6.966666666666666,2.6666666666666665,0.09351432880844646,0.0,10.3
2025,18,00-0040131,Kyle Williams,WR,NE,20.0,20.0,9.0,0.0,32.1,5.866666666666667,2.6666666666666665,0.09047619047619049,0.0,0.5
2025,18,00-0040134,Pat Bryant,WR,DEN,48.0,26.0,15.0,0.0,83.8,7.866666666666666,6.333333333333333,0.152742256322819,0.0,7.1
2025,18,00-0040138,Jaylin Noel,WR,HOU,12.0,16.0,6.0,0.0,31.2,4.866666666666667,1.6666666666666667,0.06108597285067874,0.0,2.3
2025,18,00-0040154,Tai Felton,WR,MIN,5.0,4.0,3.0,0.0,38.5,1.2,0.6666666666666666,0.028985507246376812,0.0,0.0
2025,18,00-0040162,Dylan Sampson,RB,CLE,30.0,20.0,32.0,0.0,52.5,6.6000000000000005,8.666666666666666,0.31912059250510566,0.0,6.4
2025,18,00-0040170,Elic Ayomanor,WR,TEN,30.0,28.0,13.0,0.0,51.6,8.4,4.0,0.12886989553656222,0.0,8.0
2025,18,00-0040179,DJ Giddens,RB,IND,9.0,2.0,10.0,0.0,31.2,0.8333333333333334,2.6666666666666665,0.0997835497835498,0.0,3.0
2025,18,00-0040184,KeAndre Lambert-Smith,WR,LAC,8.0,12.0,4.0,0.0,68.7,3.533333333333333,1.0,0.03715020369999332,0.0,4.4
2025,18,00-0040187,Mitchell Evans,TE,CAR,18.0,10.0,8.0,0.0,35.4,2.3000000000000003,2.0,0.07682460908267359,0.0,1.5
2025,18,00-0040189,Oronde Gadsden II,TE,LAC,35.0,35.0,15.0,0.0,52.3,8.0,4.0,0.148884659052962,0.0,4.3
2025,18,00-0040194,Jackson Hawes,TE,BUF,12.0,20.0,6.0,0.0,60.8,4.6000000000000005,1.3333333333333333,0.06220322886989554,0.0,1.0
2025,18,00-0040198,Ollie Gordon II,RB,MIA,3.0,-0.0,5.0,0.0,41.8,-0.03333333333333333,1.0,0.05357142857142857,0.0,2.1
2025,18,00-0040206,Riley Leonard,QB,IND,24.0,12.0,10.0,50.0,31.2,4.1000000000000005,11.0,0.025641025641025644,0.0,26.6
2025,18,00-0040218,Jimmy Horn Jr.,WR,CAR,10.0,8.0,7.0,0.0,74.8,2.3666666666666667,1.3333333333333333,0.06507936507936507,0.0,2.5
2025,18,00-0040234,Quinn Ewers,QB,MIA,48.0,29.0,33.0,50.0,56.6,9.6,22.333333333333332,0.08340548340548341,0.0,10.38
2025,18,00-0040236,Kyle Monangai,RB,CHI,44.0,23.0,45.0,0.0,80.2,7.766666666666667,12.666666666666666,0.4525642514148261,0.0,3.9
2025,18,00-0040237,Tez Johnson,WR,TB,10.0,5.0,4.0,0.0,57.8,1.5999999999999999,1.3333333333333333,0.03890151515151515,0.0,3.2
2025,18,00-0040242,Jacory Croskey-Merritt,RB,WAS,43.0,46.0,49.0,0.0,69.9,15.533333333333333,12.333333333333334,0.49389293139293144,0.0,2.9
2025,18,00-0040259,Gage Larvadain,WR,CLE,5.0,2.0,2.0,0.0,31.2,0.6,0.6666666666666666,0.02150537634408602,0.0,0.0
2025,18,00-0040277,Jahdae Walker,WR,CHI,18.0,17.0,7.0,0.0,35.1,5.033333333333333,2.3333333333333335,0.06867079280872385,0.0,11.6
2025,18,00-0040311,Theo Wease Jr.,WR,MIA,19.0,31.0,9.0,0.0,55.5,9.25,2.5,0.09415584415584416,0.0,7.4
2025,18,00-0040363,Keleki Latu,TE,BUF,4.0,3.0,2.0,0.0,31.2,0.7,0.5,0.016666666666666666,0.0,6.1
2025,18,00-0040398,Brady Cook,QB,NYJ,79.0,29.0,42.0,50.0,71.8,9.613333333333332,36.666666666666664,0.10499231950844855,0.0,7.1
2025,18,00-0040431,Dalen Cambre,WR,NYG,0.0,0.0,0.0,0.0,56.8,0.0,0.0,0.0,0.0,0.0
2025,18,00-0040466,Raheim Sanders,RB,CLE,29.0,16.0,31.0,0.0,71.1,5.333333333333333,8.333333333333334,0.30794408948452895,0.0,4.3
2025,18,00-0040494,Max Brosmer,QB,MIN,44.0,10.0,31.0,50.0,70.0,3.453333333333333,20.333333333333332,0.07797619047619048,0.0,2.28
2025,18,00-0040509,Ben Yurosek,TE,MIN,6.0,2.0,2.0,0.0,31.2,0.5,0.6666666666666666,0.022222222222222223,0.0,1.9
2025,18,00-0040534,Ke'Shawn Williams,WR,CIN,5.0,2.0,2.0,0.0,35.5,0.5333333333333333,0.6666666666666666,0.023237179487179488,0.0,0.9
2025,18,00-0040556,Corey Kiner,RB,ARI,10.0,4.0,14.0,0.0,38.2,1.5,3.0,0.1443435791261878,0.0,4.8
2025,18,00-0040563,Efton Chism III,WR,NE,5.0,13.0,3.0,0.0,31.2,4.0,0.6666666666666666,0.02666666666666667,0.0,4.5
2025,18,00-0040581,Dont'e Thornton Jr.,WR,LV,20.0,9.0,9.0,0.0,74.1,2.566666666666667,2.6666666666666665,0.0937950937950938,0.0,0.0
2025,18,00-0040582,Arian Smith,WR,NYJ,10.0,2.0,4.0,0.0,53.1,0.5,1.3333333333333333,0.04206198608475648,0.0,0.2
2025,18,00-0040583,Woody Marks,RB,HOU,67.0,29.0,61.0,0.0,59.9,9.633333333333335,19.333333333333332,0.612050048482686,0.0,6.8
2025,18,00-0040586,Jaydon Blue,RB,DAL,22.0,7.0,23.0,0.0,57.7,2.4333333333333336,6.333333333333333,0.22503301263912467,0.0,12.4
2025,18,00-0040590,Konata Mumpfield,WR,LA,35.0,11.0,11.0,0.0,42.0,3.3333333333333335,4.666666666666667,0.11062378167641325,0.0,0.0
2025,18,00-0040644,Trevor Etienne,RB,CAR,0.0,0.0,0.0,0.0,56.8,0.0,0.0,0.0,0.0,0.0
2025,18,00-0040646,Jalen Royals,WR,KC,0.0,0.0,0.0,0.0,56.8,0.0,0.0,0.0,0.0,2.4
2025,18,00-0040667,Matthew Golden,WR,GB,25.0,12.0,11.0,0.0,64.5,3.6999999999999997,3.3333333333333335,0.10607744107744106,0.0,1.8
2025,18,00-0040668,Shedeur Sanders,QB,CLE,70.0,38.0,55.0,50.0,86.5,12.700000000000003,32.333333333333336,0.13801075268817206,0.0,7.04
2025,18,00-0040669,Isaac TeSlaa,WR,DET,30.0,32.0,10.0,0.0,45.7,9.700000000000001,4.0,0.09962073619060914,0.0,2.8
2025,18,00-0040676,Cam Ward,QB,TEN,75.0,52.0,30.0,50.0,85.7,17.35333333333333,34.666666666666664,0.07380952380952381,0.0,9.18
2025,18,00-0040691,Jaxson Dart,QB,NYG,71.0,51.0,89.0,50.0,55.9,17.08,33.0,0.2224446916326783,0.0,20.4
2025,18,00-0040705,Chimere Dike,WR,TEN,42.0,31.0,20.0,0.0,81.8,9.4,5.666666666666667,0.20202143535476869,0.0,5.7
2025,18,00-0040719,Bhayshul Tuten,RB,JAX,15.0,18.0,16.0,0.0,37.7,6.233333333333333,4.333333333333333,0.15718253968253967,0.0,8.3
2025,18,00-0040727,Tre Harris,WR,LAC,30.0,22.0,16.0,0.0,65.6,6.6000000000000005,4.0,0.15789178096330972,0.0,4.8
2025,18,00-0040729,Jack Bech,WR,LV,30.0,23.0,16.0,0.0,68.5,7.0,4.0,0.15688311688311687,0.0,0.0
2025,18,00-0040730,RJ Harvey,RB,DEN,60.0,53.0,60.0,0.0,82.9,17.733333333333334,17.333333333333332,0.6046241734061427,0.0,4.3
2025,18,00-0040734,TreVeyon Henderson,RB,NE,48.0,40.0,49.0,0.0,51.4,13.5,14.0,0.48844741409958803,0.0,17.3
2025,18,00-0040735,Luther Burden III,WR,CHI,57.0,59.0,25.0,0.0,80.3,17.733333333333334,7.666666666666667,0.24518806810473479,0.0,7.5
2025,18,00-0040743,Tyler Shough,QB,NO,88.0,57.0,77.0,50.0,79.0,19.040000000000003,40.666666666666664,0.19130434782608696,0.0,23.76
2025,18,00-0040782,Isaiah Bond,WR,CLE,15.0,17.0,7.0,0.0,37.7,5.166666666666667,2.0,0.06825619448340346,0.0,2.7
