season,week,player_id,player_name,position,team,actual_ppr,projected_ppr,model,training_rows,training_through_week,actual_position_rank,projected_position_rank,absolute_rank_error
2025,7,00-0023459,Aaron Rodgers,QB,PIT,26.56,16.08331947699188,A_normalized_signals,100,6,5.0,26.0,21.0
2025,7,00-0027973,Andy Dalton,QB,CAR,2.2,6.96809063084749,A_normalized_signals,100,6,33.0,35.0,2.0
2025,7,00-0034855,Baker Mayfield,QB,TB,13.12,18.540938581792517,A_normalized_signals,100,6,22.0,7.0,15.0
2025,7,00-0039732,Bo Nix,QB,DEN,35.96,17.527999519104988,A_normalized_signals,100,6,1.0,16.0,15.0
2025,7,00-0039150,Bryce Young,QB,CAR,10.52,16.384288523005498,A_normalized_signals,100,6,24.0,23.0,1.0
2025,7,00-0039163,C.J. Stroud,QB,HOU,15.66,17.39366251474002,A_normalized_signals,100,6,16.0,18.0,2.0
2025,7,00-0039918,Caleb Williams,QB,CHI,6.68,19.29161232395637,A_normalized_signals,100,6,26.0,4.0,22.0
2025,7,00-0040676,Cam Ward,QB,TEN,14.2,13.800959930795445,A_normalized_signals,100,6,20.0,30.0,10.0
2025,7,00-0032950,Carson Wentz,QB,MIN,15.32,17.763791639107765,A_normalized_signals,100,6,17.0,12.0,5.0
2025,7,00-0033077,Dak Prescott,QB,DAL,23.26,21.78913962010327,A_normalized_signals,100,6,9.0,2.0,7.0
2025,7,00-0035710,Daniel Jones,QB,IND,20.22,17.97404784368613,A_normalized_signals,100,6,12.0,9.0,3.0
2025,7,00-0040704,Dillon Gabriel,QB,CLE,5.84,10.526822130870709,A_normalized_signals,100,6,29.0,31.0,2.0
2025,7,00-0039851,Drake Maye,QB,NE,23.08,17.460273672842888,A_normalized_signals,100,6,10.0,17.0,7.0
2025,7,00-0035289,Gardner Minshew,QB,KC,-0.3,7.087567381563655,A_normalized_signals,100,6,35.0,33.0,2.0
2025,7,00-0030565,Geno Smith,QB,LV,2.78,16.147007724135175,A_normalized_signals,100,6,32.0,24.0,8.0
2025,7,00-0033119,Jacoby Brissett,QB,ARI,21.76,9.197487983953398,A_normalized_signals,100,6,11.0,32.0,21.0
2025,7,00-0036389,Jalen Hurts,QB,PHI,24.04,18.987034850221598,A_normalized_signals,100,6,8.0,6.0,2.0
2025,7,00-0033106,Jared Goff,QB,DET,14.34,17.213389596103376,A_normalized_signals,100,6,18.0,19.0,1.0
2025,7,00-0040691,Jaxson Dart,QB,NYG,30.42,19.862292188811196,A_normalized_signals,100,6,3.0,3.0,0.0
2025,7,00-0039910,Jayden Daniels,QB,WAS,19.74,17.88675313078882,A_normalized_signals,100,6,13.0,10.0,3.0
2025,7,00-0026158,Joe Flacco,QB,CIN,25.98,14.5086050822161,A_normalized_signals,100,6,7.0,28.0,21.0
2025,7,00-0036264,Jordan Love,QB,GB,13.36,17.15736514478908,A_normalized_signals,100,6,21.0,21.0,0.0
2025,7,00-0033949,Joshua Dobbs,QB,NE,0.28,7.044504695730991,A_normalized_signals,100,6,34.0,34.0,0.0
2025,7,00-0036945,Justin Fields,QB,NYJ,4.04,16.109841659676743,A_normalized_signals,100,6,31.0,25.0,6.0
2025,7,00-0036355,Justin Herbert,QB,LAC,31.9,17.765860600314404,A_normalized_signals,100,6,2.0,11.0,9.0
2025,7,00-0036972,Mac Jones,QB,SF,7.18,17.188080620941598,A_normalized_signals,100,6,25.0,20.0,5.0
2025,7,00-0032268,Marcus Mariota,QB,WAS,5.92,17.6718663095317,A_normalized_signals,100,6,28.0,14.0,14.0
2025,7,00-0026498,Matthew Stafford,QB,LA,27.38,19.078895212823078,A_normalized_signals,100,6,4.0,5.0,1.0
2025,7,00-0039917,Michael Penix Jr.,QB,ATL,14.24,15.013942852641595,A_normalized_signals,100,6,19.0,27.0,8.0
2025,7,00-0033873,Patrick Mahomes,QB,KC,26.24,24.187351904976133,A_normalized_signals,100,6,6.0,1.0,5.0
2025,7,00-0034869,Sam Darnold,QB,SEA,12.62,18.492878005591944,A_normalized_signals,100,6,23.0,8.0,15.0
2025,7,00-0039376,Spencer Rattler,QB,NO,18.52,16.517055977505454,A_normalized_signals,100,6,14.0,22.0,8.0
2025,7,00-0036971,Trevor Lawrence,QB,JAX,17.64,17.674859513795855,A_normalized_signals,100,6,15.0,13.0,2.0
2025,7,00-0036212,Tua Tagovailoa,QB,MIA,4.6,17.567414110053864,A_normalized_signals,100,6,30.0,15.0,15.0
2025,7,00-0028118,Tyrod Taylor,QB,NYJ,6.14,14.11492886318774,A_normalized_signals,100,6,27.0,29.0,2.0
2025,8,00-0023459,Aaron Rodgers,QB,PIT,16.76,18.284839285213682,A_normalized_signals,135,7,15.0,12.0,3.0
2025,8,00-0027973,Andy Dalton,QB,CAR,7.1,6.118361666889314,A_normalized_signals,135,7,24.0,29.0,5.0
2025,8,00-0034855,Baker Mayfield,QB,TB,6.08,18.123493615698486,A_normalized_signals,135,7,28.0,13.0,15.0
2025,8,00-0039732,Bo Nix,QB,DEN,25.78,19.991080877835024,A_normalized_signals,135,7,5.0,7.0,2.0
2025,8,00-0039163,C.J. Stroud,QB,HOU,23.72,19.205252044832783,A_normalized_signals,135,7,9.0,9.0,0.0
2025,8,00-0039918,Caleb Williams,QB,CHI,13.8,17.103311678426007,A_normalized_signals,135,7,20.0,16.0,4.0
2025,8,00-0040676,Cam Ward,QB,TEN,14.76,15.74296903568148,A_normalized_signals,135,7,19.0,18.0,1.0
2025,8,00-0032950,Carson Wentz,QB,MIN,9.76,20.706068703844988,A_normalized_signals,135,7,22.0,5.0,17.0
2025,8,00-0033077,Dak Prescott,QB,DAL,10.62,21.356061799769925,A_normalized_signals,135,7,21.0,2.0,19.0
2025,8,00-0035710,Daniel Jones,QB,IND,23.18,20.149213458781475,A_normalized_signals,135,7,11.0,6.0,5.0
2025,8,00-0040704,Dillon Gabriel,QB,CLE,15.54,15.490351412505248,A_normalized_signals,135,7,17.0,19.0,2.0
2025,8,00-0039851,Drake Maye,QB,NE,28.28,17.94426683628133,A_normalized_signals,135,7,1.0,14.0,13.0
2025,8,00-0036389,Jalen Hurts,QB,PHI,25.36,18.884204913619016,A_normalized_signals,135,7,6.0,10.0,4.0
2025,8,00-0040691,Jaxson Dart,QB,NYG,19.42,21.23657705430198,A_normalized_signals,135,7,12.0,3.0,9.0
2025,8,00-0026158,Joe Flacco,QB,CIN,24.32,19.38744704226854,A_normalized_signals,135,7,7.0,8.0,1.0
2025,8,00-0039398,Joe Milton III,QB,DAL,6.32,7.728402285393075,A_normalized_signals,135,7,26.0,25.0,1.0
2025,8,00-0036264,Jordan Love,QB,GB,26.3,17.82122409326783,A_normalized_signals,135,7,4.0,15.0,11.0
2025,8,00-0034857,Josh Allen,QB,BUF,23.22,18.818459575865965,A_normalized_signals,135,7,10.0,11.0,1.0
2025,8,00-0036945,Justin Fields,QB,NYJ,16.86,11.796308049865845,A_normalized_signals,135,7,14.0,23.0,9.0
2025,8,00-0036355,Justin Herbert,QB,LAC,27.28,21.143462794939545,A_normalized_signals,135,7,2.0,4.0,2.0
2025,8,00-0029604,Kirk Cousins,QB,ATL,7.12,6.68114226589538,A_normalized_signals,135,7,23.0,26.0,3.0
2025,8,00-0036972,Mac Jones,QB,SF,18.02,15.446142316255159,A_normalized_signals,135,7,13.0,20.0,7.0
2025,8,00-0032268,Marcus Mariota,QB,WAS,15.32,13.478518177314529,A_normalized_signals,135,7,18.0,22.0,4.0
2025,8,00-0040494,Max Brosmer,QB,MIN,0.52,5.067355389347069,A_normalized_signals,135,7,30.0,31.0,1.0
2025,8,00-0033869,Mitchell Trubisky,QB,BUF,0.88,6.243765961262888,A_normalized_signals,135,7,29.0,28.0,1.0
2025,8,00-0033873,Patrick Mahomes,QB,KC,26.96,23.882223075019272,A_normalized_signals,135,7,3.0,1.0,2.0
2025,8,00-0039376,Spencer Rattler,QB,NO,6.64,16.097539248151424,A_normalized_signals,135,7,25.0,17.0,8.0
2025,8,00-0036212,Tua Tagovailoa,QB,MIA,24.2,15.379697098874257,A_normalized_signals,135,7,8.0,21.0,13.0
2025,8,00-0035993,Tyler Huntley,QB,BAL,16.74,10.654330913838972,A_normalized_signals,135,7,16.0,24.0,8.0
2025,8,00-0040743,Tyler Shough,QB,NO,6.32,6.05945476204909,A_normalized_signals,135,7,26.0,30.0,4.0
2025,8,00-0037013,Zach Wilson,QB,MIA,0.0,6.5740767391336,A_normalized_signals,135,7,31.0,27.0,4.0
2025,9,00-0023459,Aaron Rodgers,QB,PIT,12.12,18.433769825521793,A_normalized_signals,166,8,21.0,15.0,6.0
2025,9,00-0039732,Bo Nix,QB,DEN,18.52,22.038176647363343,A_normalized_signals,166,8,17.0,4.0,13.0
2025,9,00-0039150,Bryce Young,QB,CAR,4.98,16.983495471287295,A_normalized_signals,166,8,28.0,18.0,10.0
2025,9,00-0039163,C.J. Stroud,QB,HOU,4.36,20.749322679795117,A_normalized_signals,166,8,29.0,7.0,22.0
2025,9,00-0039918,Caleb Williams,QB,CHI,38.7,16.421322337527467,A_normalized_signals,166,8,1.0,22.0,21.0
2025,9,00-0040676,Cam Ward,QB,TEN,6.4,16.626141253060432,A_normalized_signals,166,8,26.0,20.0,6.0
2025,9,00-0033077,Dak Prescott,QB,DAL,17.4,19.239257264809883,A_normalized_signals,166,8,19.0,11.0,8.0
2025,9,00-0035710,Daniel Jones,QB,IND,24.08,20.45008722666134,A_normalized_signals,166,8,11.0,9.0,2.0
2025,9,00-0036898,Davis Mills,QB,HOU,6.18,6.106941955003865,A_normalized_signals,166,8,27.0,30.0,3.0
2025,9,00-0039851,Drake Maye,QB,NE,20.36,21.180418482473044,A_normalized_signals,166,8,15.0,5.0,10.0
2025,9,00-0030565,Geno Smith,QB,LV,28.26,13.304045407885576,A_normalized_signals,166,8,6.0,27.0,21.0
2025,9,00-0039923,J.J. McCarthy,QB,MIN,20.92,15.727773638273444,A_normalized_signals,166,8,14.0,23.0,9.0
2025,9,00-0033119,Jacoby Brissett,QB,ARI,24.84,14.877216877592424,A_normalized_signals,166,8,10.0,26.0,16.0
2025,9,00-0033106,Jared Goff,QB,DET,19.36,16.540157900875954,A_normalized_signals,166,8,16.0,21.0,5.0
2025,9,00-0040691,Jaxson Dart,QB,NYG,27.24,20.80078697490304,A_normalized_signals,166,8,7.0,6.0,1.0
2025,9,00-0039910,Jayden Daniels,QB,WAS,17.22,18.157174479497904,A_normalized_signals,166,8,20.0,16.0,4.0
2025,9,00-0026158,Joe Flacco,QB,CIN,34.7,22.06859305551952,A_normalized_signals,166,8,2.0,3.0,1.0
2025,9,00-0036264,Jordan Love,QB,GB,11.02,17.806531280715625,A_normalized_signals,166,8,23.0,17.0,6.0
2025,9,00-0034857,Josh Allen,QB,BUF,28.82,18.929403995590715,A_normalized_signals,166,8,5.0,13.0,8.0
2025,9,00-0036355,Justin Herbert,QB,LAC,29.7,23.370612583022904,A_normalized_signals,166,8,3.0,2.0,1.0
2025,9,00-0034796,Lamar Jackson,QB,BAL,25.56,19.053089205248174,A_normalized_signals,166,8,9.0,12.0,3.0
2025,9,00-0036972,Mac Jones,QB,SF,17.8,15.1930942794808,A_normalized_signals,166,8,18.0,25.0,7.0
2025,9,00-0026498,Matthew Stafford,QB,LA,26.84,20.536768204192928,A_normalized_signals,166,8,8.0,8.0,0.0
2025,9,00-0039917,Michael Penix Jr.,QB,ATL,22.74,16.751675883932073,A_normalized_signals,166,8,13.0,19.0,6.0
2025,9,00-0033873,Patrick Mahomes,QB,KC,10.5,23.70947407245572,A_normalized_signals,166,8,25.0,1.0,24.0
2025,9,00-0034869,Sam Darnold,QB,SEA,29.2,18.549221581170123,A_normalized_signals,166,8,4.0,14.0,10.0
2025,9,00-0036971,Trevor Lawrence,QB,JAX,23.2,19.604679360602276,A_normalized_signals,166,8,12.0,10.0,2.0
2025,9,00-0036212,Tua Tagovailoa,QB,MIA,10.54,15.529654439028235,A_normalized_signals,166,8,24.0,24.0,0.0
2025,9,00-0040743,Tyler Shough,QB,NO,11.24,6.609799681715943,A_normalized_signals,166,8,22.0,28.0,6.0
2025,9,00-0038416,Tyson Bagent,QB,CHI,0.8,6.16770565814747,A_normalized_signals,166,8,30.0,29.0,1.0
2025,10,00-0023459,Aaron Rodgers,QB,PIT,10.44,19.486906675935906,A_normalized_signals,196,9,23.0,11.0,12.0
2025,10,00-0034855,Baker Mayfield,QB,TB,22.92,14.347469196823903,A_normalized_signals,196,9,8.0,25.0,17.0
2025,10,00-0039732,Bo Nix,QB,DEN,9.8,22.746308363907836,A_normalized_signals,196,9,25.0,3.0,22.0
2025,10,00-0039150,Bryce Young,QB,CAR,5.56,15.523097130514786,A_normalized_signals,196,9,28.0,21.0,7.0
2025,10,00-0039918,Caleb Williams,QB,CHI,25.1,19.511400136270503,A_normalized_signals,196,9,4.0,10.0,6.0
2025,10,00-0035710,Daniel Jones,QB,IND,19.5,21.01445664429339,A_normalized_signals,196,9,12.0,7.0,5.0
2025,10,00-0036898,Davis Mills,QB,HOU,27.68,9.018858959469457,A_normalized_signals,196,9,2.0,28.0,26.0
2025,10,00-0040704,Dillon Gabriel,QB,CLE,20.08,16.579101573405726,A_normalized_signals,196,9,11.0,18.0,7.0
2025,10,00-0039851,Drake Maye,QB,NE,20.1,22.208240839056224,A_normalized_signals,196,9,10.0,4.0,6.0
2025,10,00-0035704,Drew Lock,QB,SEA,-0.4,5.891598495795552,A_normalized_signals,196,9,33.0,32.0,1.0
2025,10,00-0030565,Geno Smith,QB,LV,6.42,15.470026936286505,A_normalized_signals,196,9,27.0,22.0,5.0
2025,10,00-0039923,J.J. McCarthy,QB,MIN,18.72,17.913795061223087,A_normalized_signals,196,9,14.0,15.0,1.0
2025,10,00-0033119,Jacoby Brissett,QB,ARI,21.42,22.94093909184836,A_normalized_signals,196,9,9.0,2.0,7.0
2025,10,00-0036389,Jalen Hurts,QB,PHI,14.02,20.506683238276487,A_normalized_signals,196,9,19.0,8.0,11.0
2025,10,00-0033106,Jared Goff,QB,DET,24.8,16.00231636564423,A_normalized_signals,196,9,6.0,20.0,14.0
2025,10,00-0040691,Jaxson Dart,QB,NYG,28.28,21.556427777108308,A_normalized_signals,196,9,1.0,5.0,4.0
2025,10,00-0036264,Jordan Love,QB,GB,9.84,18.25955448076216,A_normalized_signals,196,9,24.0,14.0,10.0
2025,10,00-0034857,Josh Allen,QB,BUF,23.34,17.88098644414763,A_normalized_signals,196,9,7.0,16.0,9.0
2025,10,00-0036945,Justin Fields,QB,NYJ,8.96,14.78596265046864,A_normalized_signals,196,9,26.0,24.0,2.0
2025,10,00-0036355,Justin Herbert,QB,LAC,14.7,25.18797378420356,A_normalized_signals,196,9,17.0,1.0,16.0
2025,10,00-0038102,Kenny Pickett,QB,LV,0.0,6.033983003436038,A_normalized_signals,196,9,31.0,31.0,0.0
2025,10,00-0034577,Kyle Allen,QB,DET,-0.1,5.752126937085405,A_normalized_signals,196,9,32.0,33.0,1.0
2025,10,00-0034796,Lamar Jackson,QB,BAL,14.64,19.331689608179424,A_normalized_signals,196,9,18.0,12.0,6.0
2025,10,00-0036972,Mac Jones,QB,SF,25.06,16.31745080354355,A_normalized_signals,196,9,5.0,19.0,14.0
2025,10,00-0032268,Marcus Mariota,QB,WAS,18.72,14.101425657657405,A_normalized_signals,196,9,14.0,26.0,12.0
2025,10,00-0026498,Matthew Stafford,QB,LA,26.9,21.176065560864828,A_normalized_signals,196,9,3.0,6.0,3.0
2025,10,00-0039917,Michael Penix Jr.,QB,ATL,10.98,18.278981657493254,A_normalized_signals,196,9,21.0,13.0,8.0
2025,10,00-0033869,Mitchell Trubisky,QB,BUF,0.4,7.351601251417917,A_normalized_signals,196,9,30.0,30.0,0.0
2025,10,00-0029263,Russell Wilson,QB,NYG,3.0,7.838619848918043,A_normalized_signals,196,9,29.0,29.0,0.0
2025,10,00-0034869,Sam Darnold,QB,SEA,10.92,17.075350167811216,A_normalized_signals,196,9,22.0,17.0,5.0
2025,10,00-0036971,Trevor Lawrence,QB,JAX,13.82,19.889848932641264,A_normalized_signals,196,9,20.0,9.0,11.0
2025,10,00-0036212,Tua Tagovailoa,QB,MIA,14.82,15.318107294666962,A_normalized_signals,196,9,16.0,23.0,7.0
2025,10,00-0040743,Tyler Shough,QB,NO,18.98,9.274181500271968,A_normalized_signals,196,9,13.0,27.0,14.0
2025,11,00-0023459,Aaron Rodgers,QB,PIT,9.44,15.796045687855825,A_normalized_signals,229,10,24.0,21.0,3.0
2025,11,00-0034855,Baker Mayfield,QB,TB,20.82,16.4206151419775,A_normalized_signals,229,10,6.0,20.0,14.0
2025,11,00-0039732,Bo Nix,QB,DEN,12.6,17.26864158103772,A_normalized_signals,229,10,19.0,16.0,3.0
2025,11,00-0037834,Brock Purdy,QB,SF,19.3,20.524117828567896,A_normalized_signals,229,10,7.0,5.0,2.0
2025,11,00-0039150,Bryce Young,QB,CAR,29.82,12.387621540391503,A_normalized_signals,229,10,2.0,30.0,28.0
2025,11,00-0039918,Caleb Williams,QB,CHI,10.32,21.29764206817306,A_normalized_signals,229,10,22.0,4.0,18.0
2025,11,00-0040676,Cam Ward,QB,TEN,15.06,14.354218655271996,A_normalized_signals,229,10,14.0,28.0,14.0
2025,11,00-0033077,Dak Prescott,QB,DAL,26.32,18.296941007550856,A_normalized_signals,229,10,3.0,12.0,9.0
2025,11,00-0036898,Davis Mills,QB,HOU,16.36,14.772343265154333,A_normalized_signals,229,10,10.0,25.0,15.0
2025,11,00-0040704,Dillon Gabriel,QB,CLE,2.92,15.50867867399349,A_normalized_signals,229,10,30.0,23.0,7.0
2025,11,00-0039851,Drake Maye,QB,NE,15.44,20.344026929746448,A_normalized_signals,229,10,12.0,6.0,6.0
2025,11,00-0030565,Geno Smith,QB,LV,14.92,14.591420425436668,A_normalized_signals,229,10,15.0,27.0,12.0
2025,11,00-0039923,J.J. McCarthy,QB,MIN,10.0,17.7966698468273,A_normalized_signals,229,10,23.0,13.0,10.0
2025,11,00-0033119,Jacoby Brissett,QB,ARI,25.88,22.13848918531638,A_normalized_signals,229,10,4.0,2.0,2.0
2025,11,00-0036389,Jalen Hurts,QB,PHI,14.5,16.698062677185288,A_normalized_signals,229,10,16.0,18.0,2.0
2025,11,00-0033106,Jared Goff,QB,DET,14.1,17.546596518249537,A_normalized_signals,229,10,17.0,15.0,2.0
2025,11,00-0026158,Joe Flacco,QB,CIN,11.86,23.34111595461411,A_normalized_signals,229,10,21.0,1.0,20.0
2025,11,00-0036264,Jordan Love,QB,GB,15.66,17.244792182620717,A_normalized_signals,229,10,11.0,17.0,6.0
2025,11,00-0034857,Josh Allen,QB,BUF,46.68,18.981084213842244,A_normalized_signals,229,10,1.0,10.0,9.0
2025,11,00-0036945,Justin Fields,QB,NYJ,21.34,13.985973591316794,A_normalized_signals,229,10,5.0,29.0,24.0
2025,11,00-0036355,Justin Herbert,QB,LAC,5.34,20.082681323170025,A_normalized_signals,229,10,29.0,7.0,22.0
2025,11,00-0029604,Kirk Cousins,QB,ATL,2.12,9.190304233454313,A_normalized_signals,229,10,31.0,31.0,0.0
2025,11,00-0034796,Lamar Jackson,QB,BAL,8.72,17.682635297052528,A_normalized_signals,229,10,26.0,14.0,12.0
2025,11,00-0036972,Mac Jones,QB,SF,-0.3,19.121535314486568,A_normalized_signals,229,10,34.0,9.0,25.0
2025,11,00-0032268,Marcus Mariota,QB,WAS,17.42,14.592563981086105,A_normalized_signals,229,10,8.0,26.0,18.0
2025,11,00-0034771,Mason Rudolph,QB,PIT,8.98,5.42026660437612,A_normalized_signals,229,10,25.0,33.0,8.0
2025,11,00-0026498,Matthew Stafford,QB,LA,13.2,21.61069387731299,A_normalized_signals,229,10,18.0,3.0,15.0
2025,11,00-0039917,Michael Penix Jr.,QB,ATL,7.9,16.683024509447737,A_normalized_signals,229,10,27.0,19.0,8.0
2025,11,00-0033873,Patrick Mahomes,QB,KC,15.34,19.16154163297801,A_normalized_signals,229,10,13.0,8.0,5.0
2025,11,00-0034869,Sam Darnold,QB,SEA,12.26,14.915719023053995,A_normalized_signals,229,10,20.0,24.0,4.0
2025,11,00-0031237,Teddy Bridgewater,QB,TB,-0.1,5.138731633062721,A_normalized_signals,229,10,33.0,34.0,1.0
2025,11,00-0036971,Trevor Lawrence,QB,JAX,17.02,18.97495333678041,A_normalized_signals,229,10,9.0,11.0,2.0
2025,11,00-0037012,Trey Lance,QB,LAC,1.58,6.482713566583077,A_normalized_signals,229,10,32.0,32.0,0.0
2025,11,00-0036212,Tua Tagovailoa,QB,MIA,6.84,15.730467157076909,A_normalized_signals,229,10,28.0,22.0,6.0
2025,12,00-0034855,Baker Mayfield,QB,TB,7.54,15.04826605635031,A_normalized_signals,263,11,25.0,18.0,7.0
2025,12,00-0037834,Brock Purdy,QB,SF,13.32,17.500073174610783,A_normalized_signals,263,11,18.0,7.0,11.0
2025,12,00-0039150,Bryce Young,QB,CAR,12.26,14.606211266700939,A_normalized_signals,263,11,19.0,19.0,0.0
2025,12,00-0039918,Caleb Williams,QB,CHI,23.66,18.470727777408534,A_normalized_signals,263,11,6.0,3.0,3.0
2025,12,00-0040676,Cam Ward,QB,TEN,23.94,14.114616485551052,A_normalized_signals,263,11,5.0,23.0,18.0
2025,12,00-0033077,Dak Prescott,QB,DAL,29.06,17.959041284917323,A_normalized_signals,263,11,3.0,5.0,2.0
2025,12,00-0035710,Daniel Jones,QB,IND,16.84,17.954767996602442,A_normalized_signals,263,11,13.0,6.0,7.0
2025,12,00-0036898,Davis Mills,QB,HOU,14.52,17.167482296735663,A_normalized_signals,263,11,17.0,10.0,7.0
2025,12,00-0039851,Drake Maye,QB,NE,17.96,17.297981028363054,A_normalized_signals,263,11,10.0,9.0,1.0
2025,12,00-0030565,Geno Smith,QB,LV,16.2,17.132070229701597,A_normalized_signals,263,11,15.0,11.0,4.0
2025,12,00-0039923,J.J. McCarthy,QB,MIN,4.48,16.68003720518338,A_normalized_signals,263,11,28.0,12.0,16.0
2025,12,00-0033119,Jacoby Brissett,QB,ARI,18.68,21.508110398243755,A_normalized_signals,263,11,9.0,1.0,8.0
2025,12,00-0035100,Jake Browning,QB,CIN,0.56,14.208701052899155,A_normalized_signals,263,11,31.0,21.0,10.0
2025,12,00-0036389,Jalen Hurts,QB,PHI,30.86,15.281114168611913,A_normalized_signals,263,11,2.0,17.0,15.0
2025,12,00-0031503,Jameis Winston,QB,NYG,34.24,14.483267821508832,A_normalized_signals,263,11,1.0,20.0,19.0
2025,12,00-0033106,Jared Goff,QB,DET,19.16,16.10092911110649,A_normalized_signals,263,11,8.0,15.0,7.0
2025,12,00-0026158,Joe Flacco,QB,CIN,11.62,18.057439980768624,A_normalized_signals,263,11,23.0,4.0,19.0
2025,12,00-0036264,Jordan Love,QB,GB,7.06,14.13602668604576,A_normalized_signals,263,11,27.0,22.0,5.0
2025,12,00-0034857,Josh Allen,QB,BUF,12.12,19.876198002250405,A_normalized_signals,263,11,21.0,2.0,19.0
2025,12,00-0039577,Kedon Slovis,QB,ARI,-0.08,4.8131464650156595,A_normalized_signals,263,11,32.0,32.0,0.0
2025,12,00-0029604,Kirk Cousins,QB,ATL,16.46,8.371406386156822,A_normalized_signals,263,11,14.0,28.0,14.0
2025,12,00-0034796,Lamar Jackson,QB,BAL,7.22,15.861637259762126,A_normalized_signals,263,11,26.0,16.0,10.0
2025,12,00-0038128,Malik Willis,QB,GB,0.58,7.176082012026736,A_normalized_signals,263,11,30.0,29.0,1.0
2025,12,00-0034771,Mason Rudolph,QB,PIT,11.54,6.73012097875274,A_normalized_signals,263,11,24.0,30.0,6.0
2025,12,00-0026498,Matthew Stafford,QB,LA,22.92,17.32323442545029,A_normalized_signals,263,11,7.0,8.0,1.0
2025,12,00-0033873,Patrick Mahomes,QB,KC,17.08,16.358544603473963,A_normalized_signals,263,11,12.0,13.0,1.0
2025,12,00-0034869,Sam Darnold,QB,SEA,17.66,13.890514176046809,A_normalized_signals,263,11,11.0,24.0,13.0
2025,12,00-0040668,Shedeur Sanders,QB,CLE,12.26,8.884317947150478,A_normalized_signals,263,11,19.0,27.0,8.0
2025,12,00-0031237,Teddy Bridgewater,QB,TB,3.08,5.175920915133052,A_normalized_signals,263,11,29.0,31.0,2.0
2025,12,00-0036971,Trevor Lawrence,QB,JAX,25.14,16.311403633300266,A_normalized_signals,263,11,4.0,14.0,10.0
2025,12,00-0040743,Tyler Shough,QB,NO,11.92,13.451171475539624,A_normalized_signals,263,11,22.0,25.0,3.0
2025,12,00-0028118,Tyrod Taylor,QB,NYJ,14.78,13.353684990034482,A_normalized_signals,263,11,16.0,26.0,10.0
2025,13,00-0023459,Aaron Rodgers,QB,PIT,4.68,13.02737157808508,A_normalized_signals,295,12,32.0,28.0,4.0
2025,13,00-0034855,Baker Mayfield,QB,TB,14.46,15.694509969255135,A_normalized_signals,295,12,20.0,20.0,0.0
2025,13,00-0039732,Bo Nix,QB,DEN,18.44,15.528105698315102,A_normalized_signals,295,12,15.0,21.0,6.0
2025,13,00-0037834,Brock Purdy,QB,SF,17.12,16.30121279341635,A_normalized_signals,295,12,17.0,13.0,4.0
2025,13,00-0039150,Bryce Young,QB,CAR,22.54,16.601374872330464,A_normalized_signals,295,12,4.0,12.0,8.0
2025,13,00-0039163,C.J. Stroud,QB,HOU,11.04,15.862997848031876,A_normalized_signals,295,12,26.0,18.0,8.0
2025,13,00-0039918,Caleb Williams,QB,CHI,11.46,17.415676693090546,A_normalized_signals,295,12,25.0,7.0,18.0
2025,13,00-0040676,Cam Ward,QB,TEN,6.34,15.896981880008621,A_normalized_signals,295,12,29.0,17.0,12.0
2025,13,00-0033077,Dak Prescott,QB,DAL,20.6,20.265831201880328,A_normalized_signals,295,12,8.0,2.0,6.0
2025,13,00-0035710,Daniel Jones,QB,IND,16.14,18.290226413617436,A_normalized_signals,295,12,18.0,5.0,13.0
2025,13,00-0040704,Dillon Gabriel,QB,CLE,0.0,13.776392364466101,A_normalized_signals,295,12,35.0,27.0,8.0
2025,13,00-0039851,Drake Maye,QB,NE,20.48,17.17755555414544,A_normalized_signals,295,12,9.0,8.0,1.0
2025,13,00-0030565,Geno Smith,QB,LV,14.0,15.782358651884167,A_normalized_signals,295,12,21.0,19.0,2.0
2025,13,00-0033119,Jacoby Brissett,QB,ARI,21.64,21.88770067510648,A_normalized_signals,295,12,5.0,1.0,4.0
2025,13,00-0036389,Jalen Hurts,QB,PHI,20.3,17.527801421704847,A_normalized_signals,295,12,10.0,6.0,4.0
2025,13,00-0033106,Jared Goff,QB,DET,20.64,16.657503004255613,A_normalized_signals,295,12,7.0,11.0,4.0
2025,13,00-0040691,Jaxson Dart,QB,NYG,11.56,19.08893504943801,A_normalized_signals,295,12,24.0,4.0,20.0
2025,13,00-0036442,Joe Burrow,QB,CIN,19.24,10.494790929207221,A_normalized_signals,295,12,13.0,32.0,19.0
2025,13,00-0036264,Jordan Love,QB,GB,25.76,12.97761828627357,A_normalized_signals,295,12,2.0,29.0,27.0
2025,13,00-0034857,Josh Allen,QB,BUF,18.72,20.06428150380516,A_normalized_signals,295,12,14.0,3.0,11.0
2025,13,00-0036355,Justin Herbert,QB,LAC,14.84,16.261404791449635,A_normalized_signals,295,12,19.0,14.0,5.0
2025,13,00-0029604,Kirk Cousins,QB,ATL,13.36,11.138218058547979,A_normalized_signals,295,12,22.0,31.0,9.0
2025,13,00-0034796,Lamar Jackson,QB,BAL,12.54,14.715622690537447,A_normalized_signals,295,12,23.0,24.0,1.0
2025,13,00-0036972,Mac Jones,QB,SF,0.2,14.22243576793531,A_normalized_signals,295,12,34.0,25.0,9.0
2025,13,00-0032268,Marcus Mariota,QB,WAS,25.26,16.17407508485736,A_normalized_signals,295,12,3.0,15.0,12.0
2025,13,00-0034771,Mason Rudolph,QB,PIT,0.0,10.162301155089985,A_normalized_signals,295,12,35.0,33.0,2.0
2025,13,00-0026498,Matthew Stafford,QB,LA,17.62,16.917766847653134,A_normalized_signals,295,12,16.0,9.0,7.0
2025,13,00-0040494,Max Brosmer,QB,MIN,4.94,5.406711366250694,A_normalized_signals,295,12,31.0,36.0,5.0
2025,13,00-0033873,Patrick Mahomes,QB,KC,29.44,16.864314550095322,A_normalized_signals,295,12,1.0,10.0,9.0
2025,13,00-0034869,Sam Darnold,QB,SEA,5.12,13.951460742957233,A_normalized_signals,295,12,30.0,26.0,4.0
2025,13,00-0040668,Shedeur Sanders,QB,CLE,10.56,9.999409083507544,A_normalized_signals,295,12,27.0,34.0,7.0
2025,13,00-0036971,Trevor Lawrence,QB,JAX,19.66,16.06200248740942,A_normalized_signals,295,12,11.0,16.0,5.0
2025,13,00-0037012,Trey Lance,QB,LAC,0.76,6.809640072825239,A_normalized_signals,295,12,33.0,35.0,2.0
2025,13,00-0036212,Tua Tagovailoa,QB,MIA,6.68,12.494970472953613,A_normalized_signals,295,12,28.0,30.0,2.0
2025,13,00-0040743,Tyler Shough,QB,NO,19.36,15.306734598903262,A_normalized_signals,295,12,12.0,22.0,10.0
2025,13,00-0028118,Tyrod Taylor,QB,NYJ,21.28,15.084226320529371,A_normalized_signals,295,12,6.0,23.0,17.0
2025,14,00-0023459,Aaron Rodgers,QB,PIT,21.46,11.646884999978894,A_normalized_signals,331,13,8.0,27.0,19.0
2025,14,00-0034855,Baker Mayfield,QB,TB,13.08,15.734436295729953,A_normalized_signals,331,13,18.0,17.0,1.0
2025,14,00-0039732,Bo Nix,QB,DEN,15.98,17.47620151993627,A_normalized_signals,331,13,17.0,10.0,7.0
2025,14,00-0039163,C.J. Stroud,QB,HOU,12.62,14.092085024186604,A_normalized_signals,331,13,20.0,25.0,5.0
2025,14,00-0039918,Caleb Williams,QB,CHI,16.94,16.527842060957106,A_normalized_signals,331,13,14.0,14.0,0.0
2025,14,00-0040676,Cam Ward,QB,TEN,13.08,17.17680805989689,A_normalized_signals,331,13,18.0,12.0,6.0
2025,14,00-0033077,Dak Prescott,QB,DAL,20.44,21.391754531105967,A_normalized_signals,331,13,11.0,2.0,9.0
2025,14,00-0035710,Daniel Jones,QB,IND,2.8,16.73274728282272,A_normalized_signals,331,13,29.0,13.0,16.0
2025,14,00-0035704,Drew Lock,QB,SEA,0.0,5.52010574470184,A_normalized_signals,331,13,33.0,30.0,3.0
2025,14,00-0030565,Geno Smith,QB,LV,9.04,17.562335894491124,A_normalized_signals,331,13,25.0,9.0,16.0
2025,14,00-0039923,J.J. McCarthy,QB,MIN,20.42,14.301168951624057,A_normalized_signals,331,13,12.0,22.0,10.0
2025,14,00-0033119,Jacoby Brissett,QB,ARI,21.04,21.427875541619933,A_normalized_signals,331,13,10.0,1.0,9.0
2025,14,00-0036389,Jalen Hurts,QB,PHI,10.4,19.36754490233318,A_normalized_signals,331,13,23.0,5.0,18.0
2025,14,00-0033106,Jared Goff,QB,DET,16.16,16.338772803574464,A_normalized_signals,331,13,15.0,15.0,0.0
2025,14,00-0039910,Jayden Daniels,QB,WAS,4.72,17.680320563070985,A_normalized_signals,331,13,28.0,8.0,20.0
2025,14,00-0031345,Jimmy Garoppolo,QB,LA,-0.4,5.424565447639924,A_normalized_signals,331,13,35.0,32.0,3.0
2025,14,00-0036442,Joe Burrow,QB,CIN,27.36,14.115317313623652,A_normalized_signals,331,13,3.0,24.0,21.0
2025,14,00-0036264,Jordan Love,QB,GB,21.26,14.94350154055583,A_normalized_signals,331,13,9.0,20.0,11.0
2025,14,00-0034857,Josh Allen,QB,BUF,35.84,19.18071917296381,A_normalized_signals,331,13,1.0,6.0,5.0
2025,14,00-0036355,Justin Herbert,QB,LAC,16.16,14.166347124399028,A_normalized_signals,331,13,15.0,23.0,8.0
2025,14,00-0038102,Kenny Pickett,QB,LV,8.48,4.718620997964519,A_normalized_signals,331,13,26.0,35.0,9.0
2025,14,00-0029604,Kirk Cousins,QB,ATL,6.48,11.599687779350692,A_normalized_signals,331,13,27.0,28.0,1.0
2025,14,00-0034796,Lamar Jackson,QB,BAL,23.06,15.224795155335691,A_normalized_signals,331,13,7.0,18.0,11.0
2025,14,00-0032268,Marcus Mariota,QB,WAS,1.9,19.811951294992806,A_normalized_signals,331,13,30.0,4.0,26.0
2025,14,00-0026498,Matthew Stafford,QB,LA,23.24,16.26420617496838,A_normalized_signals,331,13,6.0,16.0,10.0
2025,14,00-0033319,Nick Mullens,QB,JAX,0.02,5.463760728898816,A_normalized_signals,331,13,32.0,31.0,1.0
2025,14,00-0033873,Patrick Mahomes,QB,KC,12.3,20.18579526556669,A_normalized_signals,331,13,21.0,3.0,18.0
2025,14,00-0040206,Riley Leonard,QB,IND,12.3,5.1763286663336086,A_normalized_signals,331,13,21.0,33.0,12.0
2025,14,00-0034869,Sam Darnold,QB,SEA,24.26,14.402930950152996,A_normalized_signals,331,13,4.0,21.0,17.0
2025,14,00-0040668,Shedeur Sanders,QB,CLE,35.46,10.775535739583049,A_normalized_signals,331,13,2.0,29.0,27.0
2025,14,00-0036971,Trevor Lawrence,QB,JAX,19.36,17.39029185958259,A_normalized_signals,331,13,13.0,11.0,2.0
2025,14,00-0036212,Tua Tagovailoa,QB,MIA,9.08,12.239048784518902,A_normalized_signals,331,13,24.0,26.0,2.0
2025,14,00-0040743,Tyler Shough,QB,NO,23.26,18.165556079796076,A_normalized_signals,331,13,5.0,7.0,2.0
2025,14,00-0028118,Tyrod Taylor,QB,NYJ,0.24,15.186583780818914,A_normalized_signals,331,13,31.0,19.0,12.0
2025,14,00-0037013,Zach Wilson,QB,MIA,-0.2,5.070532030164996,A_normalized_signals,331,13,34.0,34.0,0.0
2025,15,00-0023459,Aaron Rodgers,QB,PIT,16.96,14.357920799511366,A_normalized_signals,366,14,19.0,27.0,8.0
2025,15,00-0034855,Baker Mayfield,QB,TB,19.18,14.978852531852336,A_normalized_signals,366,14,14.0,24.0,10.0
2025,15,00-0039732,Bo Nix,QB,DEN,29.08,19.63037426414215,A_normalized_signals,366,14,2.0,6.0,4.0
2025,15,00-0040398,Brady Cook,QB,NYJ,14.94,13.4275191158692,A_normalized_signals,366,14,25.0,31.0,6.0
2025,15,00-0037834,Brock Purdy,QB,SF,28.2,17.554482588650796,A_normalized_signals,366,14,3.0,17.0,14.0
2025,15,00-0039150,Bryce Young,QB,CAR,15.42,19.25287946178479,A_normalized_signals,366,14,22.0,8.0,14.0
2025,15,00-0039163,C.J. Stroud,QB,HOU,23.4,13.324153160178188,A_normalized_signals,366,14,9.0,32.0,23.0
2025,15,00-0039918,Caleb Williams,QB,CHI,18.98,18.660106165474787,A_normalized_signals,366,14,15.0,11.0,4.0
2025,15,00-0040676,Cam Ward,QB,TEN,15.0,17.30440811949154,A_normalized_signals,366,14,24.0,19.0,5.0
2025,15,00-0033077,Dak Prescott,QB,DAL,11.96,22.330218474111568,A_normalized_signals,366,14,27.0,1.0,26.0
2025,15,00-0039851,Drake Maye,QB,NE,22.5,19.17866498566221,A_normalized_signals,366,14,13.0,10.0,3.0
2025,15,00-0035289,Gardner Minshew,QB,KC,0.88,5.486617492252481,A_normalized_signals,366,14,33.0,36.0,3.0
2025,15,00-0039923,J.J. McCarthy,QB,MIN,25.5,13.800942005625176,A_normalized_signals,366,14,6.0,30.0,24.0
2025,15,00-0033119,Jacoby Brissett,QB,ARI,22.56,21.359236261306233,A_normalized_signals,366,14,12.0,2.0,10.0
2025,15,00-0036389,Jalen Hurts,QB,PHI,22.9,19.748919519744987,A_normalized_signals,366,14,11.0,5.0,6.0
2025,15,00-0031503,Jameis Winston,QB,NYG,0.0,19.922450576298672,A_normalized_signals,366,14,34.0,4.0,30.0
2025,15,00-0033106,Jared Goff,QB,DET,25.52,17.917549904756328,A_normalized_signals,366,14,5.0,15.0,10.0
2025,15,00-0040691,Jaxson Dart,QB,NYG,24.14,18.64378773810459,A_normalized_signals,366,14,8.0,12.0,4.0
2025,15,00-0036442,Joe Burrow,QB,CIN,9.5,17.51489005962688,A_normalized_signals,366,14,29.0,18.0,11.0
2025,15,00-0036264,Jordan Love,QB,GB,17.94,15.882443690961765,A_normalized_signals,366,14,18.0,23.0,5.0
2025,15,00-0034857,Josh Allen,QB,BUF,24.52,19.560021118528446,A_normalized_signals,366,14,7.0,7.0,0.0
2025,15,00-0036355,Justin Herbert,QB,LAC,12.4,14.445829244744308,A_normalized_signals,366,14,26.0,26.0,0.0
2025,15,00-0038102,Kenny Pickett,QB,LV,3.26,6.287131704911487,A_normalized_signals,366,14,31.0,34.0,3.0
2025,15,00-0029604,Kirk Cousins,QB,ATL,26.92,14.788848251495505,A_normalized_signals,366,14,4.0,25.0,21.0
2025,15,00-0034796,Lamar Jackson,QB,BAL,16.6,17.84838946573437,A_normalized_signals,366,14,21.0,16.0,5.0
2025,15,00-0032268,Marcus Mariota,QB,WAS,16.74,16.376300535469454,A_normalized_signals,366,14,20.0,20.0,0.0
2025,15,00-0026498,Matthew Stafford,QB,LA,22.92,18.59809474982718,A_normalized_signals,366,14,10.0,13.0,3.0
2025,15,00-0033319,Nick Mullens,QB,JAX,-0.2,5.702703583375419,A_normalized_signals,366,14,36.0,35.0,1.0
2025,15,00-0033873,Patrick Mahomes,QB,KC,15.06,20.461965085033164,A_normalized_signals,366,14,23.0,3.0,20.0
2025,15,00-0034869,Sam Darnold,QB,SEA,11.34,15.990246893893078,A_normalized_signals,366,14,28.0,22.0,6.0
2025,15,00-0040668,Shedeur Sanders,QB,CLE,9.48,16.347092946055668,A_normalized_signals,366,14,30.0,21.0,9.0
2025,15,00-0039376,Spencer Rattler,QB,NO,0.0,14.132806168572708,A_normalized_signals,366,14,34.0,29.0,5.0
2025,15,00-0038400,Tanner McKee,QB,PHI,2.22,5.282657311943426,A_normalized_signals,366,14,32.0,37.0,5.0
2025,15,00-0036971,Trevor Lawrence,QB,JAX,44.3,19.227418482391084,A_normalized_signals,366,14,1.0,9.0,8.0
2025,15,00-0036212,Tua Tagovailoa,QB,MIA,18.22,12.679559159165429,A_normalized_signals,366,14,16.0,33.0,17.0
2025,15,00-0035993,Tyler Huntley,QB,BAL,-0.3,14.336913434434827,A_normalized_signals,366,14,37.0,28.0,9.0
2025,15,00-0040743,Tyler Shough,QB,NO,18.08,18.556682250851125,A_normalized_signals,366,14,17.0,14.0,3.0
2025,16,00-0023459,Aaron Rodgers,QB,PIT,15.54,15.869910055092003,A_normalized_signals,403,15,19.0,23.0,4.0
2025,16,00-0034855,Baker Mayfield,QB,TB,14.7,17.703016173845043,A_normalized_signals,403,15,21.0,17.0,4.0
2025,16,00-0039732,Bo Nix,QB,DEN,19.18,20.64940574227238,A_normalized_signals,403,15,12.0,4.0,8.0
2025,16,00-0040398,Brady Cook,QB,NYJ,7.72,15.665736007815427,A_normalized_signals,403,15,27.0,26.0,1.0
2025,16,00-0037834,Brock Purdy,QB,SF,32.9,18.87346635753483,A_normalized_signals,403,15,1.0,9.0,8.0
2025,16,00-0039150,Bryce Young,QB,CAR,17.64,15.604753961003071,A_normalized_signals,403,15,16.0,27.0,11.0
2025,16,00-0039163,C.J. Stroud,QB,HOU,11.48,18.10876165520851,A_normalized_signals,403,15,25.0,16.0,9.0
2025,16,00-0039918,Caleb Williams,QB,CHI,21.0,18.198732543447267,A_normalized_signals,403,15,9.0,15.0,6.0
2025,16,00-0040676,Cam Ward,QB,TEN,18.02,15.837544206028355,A_normalized_signals,403,15,15.0,24.0,9.0
2025,16,00-0033077,Dak Prescott,QB,DAL,19.16,20.592534170468905,A_normalized_signals,403,15,13.0,5.0,8.0
2025,16,00-0040704,Dillon Gabriel,QB,CLE,0.0,9.158839997612436,A_normalized_signals,403,15,38.0,35.0,3.0
2025,16,00-0039851,Drake Maye,QB,NE,25.7,18.987290183674595,A_normalized_signals,403,15,7.0,8.0,1.0
2025,16,00-0035289,Gardner Minshew,QB,KC,1.4,5.128381701971361,A_normalized_signals,403,15,35.0,41.0,6.0
2025,16,00-0030565,Geno Smith,QB,LV,16.04,15.45802477404375,A_normalized_signals,403,15,18.0,28.0,10.0
2025,16,00-0039923,J.J. McCarthy,QB,MIN,12.32,15.255536819725412,A_normalized_signals,403,15,24.0,29.0,5.0
2025,16,00-0033119,Jacoby Brissett,QB,ARI,12.62,21.30224495279087,A_normalized_signals,403,15,23.0,1.0,22.0
2025,16,00-0036389,Jalen Hurts,QB,PHI,19.4,17.355575921808885,A_normalized_signals,403,15,11.0,19.0,8.0
2025,16,00-0033106,Jared Goff,QB,DET,26.46,18.739680808907213,A_normalized_signals,403,15,6.0,11.0,5.0
2025,16,00-0040691,Jaxson Dart,QB,NYG,2.02,18.293896625755625,A_normalized_signals,403,15,33.0,14.0,19.0
2025,16,00-0036442,Joe Burrow,QB,CIN,28.96,19.813076907222772,A_normalized_signals,403,15,5.0,6.0,1.0
2025,16,00-0026158,Joe Flacco,QB,CIN,0.16,18.85985974563005,A_normalized_signals,403,15,37.0,10.0,27.0
2025,16,00-0039398,Joe Milton III,QB,DAL,1.14,7.4125080819405404,A_normalized_signals,403,15,36.0,36.0,0.0
2025,16,00-0036264,Jordan Love,QB,GB,3.78,18.663651357502548,A_normalized_signals,403,15,30.0,12.0,18.0
2025,16,00-0034857,Josh Allen,QB,BUF,6.9,20.92653326863975,A_normalized_signals,403,15,28.0,3.0,25.0
2025,16,00-0036355,Justin Herbert,QB,LAC,30.2,15.99581628489646,A_normalized_signals,403,15,4.0,22.0,18.0
2025,16,00-0029604,Kirk Cousins,QB,ATL,21.58,17.484999635099477,A_normalized_signals,403,15,8.0,18.0,10.0
2025,16,00-0034796,Lamar Jackson,QB,BAL,4.74,16.703592683062265,A_normalized_signals,403,15,29.0,21.0,8.0
2025,16,00-0036972,Mac Jones,QB,SF,-0.3,9.778220123156265,A_normalized_signals,403,15,41.0,34.0,7.0
2025,16,00-0038128,Malik Willis,QB,GB,13.24,6.772933602454607,A_normalized_signals,403,15,22.0,38.0,16.0
2025,16,00-0032268,Marcus Mariota,QB,WAS,3.7,14.84661100322619,A_normalized_signals,403,15,31.0,30.0,1.0
2025,16,00-0026498,Matthew Stafford,QB,LA,30.88,19.094107819899474,A_normalized_signals,403,15,3.0,7.0,4.0
2025,16,00-0040494,Max Brosmer,QB,MIN,1.78,6.751693481923006,A_normalized_signals,403,15,34.0,39.0,5.0
2025,16,00-0022942,Philip Rivers,QB,IND,19.08,12.26772781891713,A_normalized_signals,403,15,14.0,31.0,17.0
2025,16,00-0040234,Quinn Ewers,QB,MIA,10.9,6.875649659587954,A_normalized_signals,403,15,26.0,37.0,11.0
2025,16,00-0040206,Riley Leonard,QB,IND,0.0,9.875236645732398,A_normalized_signals,403,15,38.0,33.0,5.0
2025,16,00-0034869,Sam Darnold,QB,SEA,19.5,15.753241021149234,A_normalized_signals,403,15,10.0,25.0,15.0
2025,16,00-0040668,Shedeur Sanders,QB,CLE,15.18,17.285272811464512,A_normalized_signals,403,15,20.0,20.0,0.0
2025,16,00-0038400,Tanner McKee,QB,PHI,-0.2,5.733112363153969,A_normalized_signals,403,15,40.0,40.0,0.0
2025,16,00-0036971,Trevor Lawrence,QB,JAX,31.16,21.043867774967225,A_normalized_signals,403,15,2.0,2.0,0.0
2025,16,00-0035993,Tyler Huntley,QB,BAL,2.8,10.256458434111746,A_normalized_signals,403,15,32.0,32.0,0.0
2025,16,00-0040743,Tyler Shough,QB,NO,17.12,18.32918160047951,A_normalized_signals,403,15,17.0,13.0,4.0
2025,17,00-0023459,Aaron Rodgers,QB,PIT,7.32,18.26547431872401,A_normalized_signals,444,16,30.0,11.0,19.0
2025,17,00-0034855,Baker Mayfield,QB,TB,23.44,16.622818917334552,A_normalized_signals,444,16,7.0,19.0,12.0
2025,17,00-0039732,Bo Nix,QB,DEN,21.48,19.452168661522286,A_normalized_signals,444,16,11.0,5.0,6.0
2025,17,00-0040398,Brady Cook,QB,NYJ,6.18,15.242385617923741,A_normalized_signals,444,16,31.0,23.0,8.0
2025,17,00-0037834,Brock Purdy,QB,SF,38.92,20.427655131245565,A_normalized_signals,444,16,1.0,3.0,2.0
2025,17,00-0039150,Bryce Young,QB,CAR,10.86,15.269866300902613,A_normalized_signals,444,16,23.0,22.0,1.0
2025,17,00-0039163,C.J. Stroud,QB,HOU,17.76,17.408001115761223,A_normalized_signals,444,16,15.0,17.0,2.0
2025,17,00-0039918,Caleb Williams,QB,CHI,23.0,18.294926189970994,A_normalized_signals,444,16,8.0,10.0,2.0
2025,17,00-0040676,Cam Ward,QB,TEN,19.04,17.03657076476012,A_normalized_signals,444,16,13.0,18.0,5.0
2025,17,00-0037324,Chris Oladokun,QB,KC,7.74,8.951327527226582,A_normalized_signals,444,16,29.0,28.0,1.0
2025,17,00-0033077,Dak Prescott,QB,DAL,22.68,19.053191303750154,A_normalized_signals,444,16,9.0,7.0,2.0
2025,17,00-0039851,Drake Maye,QB,NE,32.44,19.084728200212044,A_normalized_signals,444,16,3.0,6.0,3.0
2025,17,00-0030565,Geno Smith,QB,LV,11.14,14.256373971991756,A_normalized_signals,444,16,22.0,25.0,3.0
2025,17,00-0033119,Jacoby Brissett,QB,ARI,16.48,18.845315000285584,A_normalized_signals,444,16,17.0,8.0,9.0
2025,17,00-0036389,Jalen Hurts,QB,PHI,8.9,16.53659308269923,A_normalized_signals,444,16,28.0,20.0,8.0
2025,17,00-0033106,Jared Goff,QB,DET,12.08,21.33868099212112,A_normalized_signals,444,16,21.0,2.0,19.0
2025,17,00-0040691,Jaxson Dart,QB,NYG,25.08,12.759084783131028,A_normalized_signals,444,16,6.0,26.0,20.0
2025,17,00-0036442,Joe Burrow,QB,CIN,20.4,17.957933780035187,A_normalized_signals,444,16,12.0,13.0,1.0
2025,17,00-0026158,Joe Flacco,QB,CIN,1.16,10.045569879375506,A_normalized_signals,444,16,33.0,27.0,6.0
2025,17,00-0034857,Josh Allen,QB,BUF,25.18,17.78514409633278,A_normalized_signals,444,16,4.0,14.0,10.0
2025,17,00-0026300,Josh Johnson,QB,WAS,8.92,6.678404669136694,A_normalized_signals,444,16,27.0,32.0,5.0
2025,17,00-0033949,Joshua Dobbs,QB,NE,1.1,5.488156164739857,A_normalized_signals,444,16,34.0,36.0,2.0
2025,17,00-0036355,Justin Herbert,QB,LAC,17.14,16.50544594337373,A_normalized_signals,444,16,16.0,21.0,5.0
2025,17,00-0038102,Kenny Pickett,QB,LV,0.64,5.855494723877592,A_normalized_signals,444,16,35.0,35.0,0.0
2025,17,00-0029604,Kirk Cousins,QB,ATL,9.14,18.45517161344671,A_normalized_signals,444,16,26.0,9.0,17.0
2025,17,00-0038128,Malik Willis,QB,GB,33.52,6.185353779892885,A_normalized_signals,444,16,2.0,34.0,32.0
2025,17,00-0026498,Matthew Stafford,QB,LA,18.76,20.361874321003498,A_normalized_signals,444,16,14.0,4.0,10.0
2025,17,00-0040494,Max Brosmer,QB,MIN,3.64,6.702382983013889,A_normalized_signals,444,16,32.0,31.0,1.0
2025,17,00-0022942,Philip Rivers,QB,IND,9.78,15.173713717673891,A_normalized_signals,444,16,25.0,24.0,1.0
2025,17,00-0040234,Quinn Ewers,QB,MIA,15.78,8.59596071014347,A_normalized_signals,444,16,18.0,29.0,11.0
2025,17,00-0040206,Riley Leonard,QB,IND,0.0,6.623555966199549,A_normalized_signals,444,16,36.0,33.0,3.0
2025,17,00-0034869,Sam Darnold,QB,SEA,10.08,18.048555029862946,A_normalized_signals,444,16,24.0,12.0,12.0
2025,17,00-0040668,Shedeur Sanders,QB,CLE,13.44,17.512989548332946,A_normalized_signals,444,16,20.0,15.0,5.0
2025,17,00-0036971,Trevor Lawrence,QB,JAX,25.12,21.91445786053162,A_normalized_signals,444,16,5.0,1.0,4.0
2025,17,00-0035993,Tyler Huntley,QB,BAL,14.28,7.505866790989501,A_normalized_signals,444,16,19.0,30.0,11.0
2025,17,00-0040743,Tyler Shough,QB,NO,21.92,17.417844127704484,A_normalized_signals,444,16,10.0,16.0,6.0
2025,18,00-0023459,Aaron Rodgers,QB,PIT,17.76,15.74853831851997,A_normalized_signals,480,17,12.0,19.0,7.0
2025,18,00-0034855,Baker Mayfield,QB,TB,15.22,17.47679833944563,A_normalized_signals,480,17,17.0,11.0,6.0
2025,18,00-0039732,Bo Nix,QB,DEN,10.54,20.562872189393698,A_normalized_signals,480,17,21.0,3.0,18.0
2025,18,00-0040398,Brady Cook,QB,NYJ,7.1,14.930405640275126,A_normalized_signals,480,17,28.0,22.0,6.0
2025,18,00-0037834,Brock Purdy,QB,SF,7.18,21.843003436428113,A_normalized_signals,480,17,27.0,2.0,25.0
2025,18,00-0039150,Bryce Young,QB,CAR,18.54,14.985605871182404,A_normalized_signals,480,17,11.0,21.0,10.0
2025,18,00-0039163,C.J. Stroud,QB,HOU,17.26,17.020413054836,A_normalized_signals,480,17,13.0,13.0,0.0
2025,18,00-0039918,Caleb Williams,QB,CHI,16.58,18.370044045631197,A_normalized_signals,480,17,15.0,7.0,8.0
2025,18,00-0040676,Cam Ward,QB,TEN,9.18,17.51063370583485,A_normalized_signals,480,17,23.0,10.0,13.0
2025,18,00-0037324,Chris Oladokun,QB,KC,2.32,11.762901860558344,A_normalized_signals,480,17,33.0,25.0,8.0
2025,18,00-0038582,Clayton Tune,QB,GB,3.66,5.5590821888733855,A_normalized_signals,480,17,30.0,37.0,7.0
2025,18,00-0033077,Dak Prescott,QB,DAL,2.7,17.305637182824576,A_normalized_signals,480,17,31.0,12.0,19.0
2025,18,00-0036898,Davis Mills,QB,HOU,2.64,19.708780186539023,A_normalized_signals,480,17,32.0,5.0,27.0
2025,18,00-0039851,Drake Maye,QB,NE,15.74,18.274131066703404,A_normalized_signals,480,17,16.0,8.0,8.0
2025,18,00-0039923,J.J. McCarthy,QB,MIN,7.98,15.582032904200625,A_normalized_signals,480,17,25.0,20.0,5.0
2025,18,00-0033119,Jacoby Brissett,QB,ARI,19.62,16.949004510716325,A_normalized_signals,480,17,10.0,15.0,5.0
2025,18,00-0033106,Jared Goff,QB,DET,17.24,20.016143426523257,A_normalized_signals,480,17,14.0,4.0,10.0
2025,18,00-0040691,Jaxson Dart,QB,NYG,20.4,15.810382635650665,A_normalized_signals,480,17,8.0,18.0,10.0
2025,18,00-0031345,Jimmy Garoppolo,QB,LA,-0.3,6.559875220241891,A_normalized_signals,480,17,40.0,31.0,9.0
2025,18,00-0036442,Joe Burrow,QB,CIN,23.14,16.838750819382575,A_normalized_signals,480,17,6.0,16.0,10.0
2025,18,00-0026158,Joe Flacco,QB,CIN,0.2,6.367935613566896,A_normalized_signals,480,17,38.0,33.0,5.0
2025,18,00-0039398,Joe Milton III,QB,DAL,7.22,6.774843623311658,A_normalized_signals,480,17,26.0,30.0,4.0
2025,18,00-0026300,Josh Johnson,QB,WAS,19.74,8.803229770605292,A_normalized_signals,480,17,9.0,28.0,19.0
2025,18,00-0033949,Joshua Dobbs,QB,NE,0.92,5.406197372655803,A_normalized_signals,480,17,36.0,38.0,2.0
2025,18,00-0038102,Kenny Pickett,QB,LV,1.02,6.173308857124789,A_normalized_signals,480,17,35.0,34.0,1.0
2025,18,00-0029604,Kirk Cousins,QB,ATL,11.2,16.988540060519487,A_normalized_signals,480,17,20.0,14.0,6.0
2025,18,00-0034796,Lamar Jackson,QB,BAL,22.42,12.518495816261428,A_normalized_signals,480,17,7.0,24.0,17.0
2025,18,00-0026498,Matthew Stafford,QB,LA,26.66,19.630927825799,A_normalized_signals,480,17,2.0,6.0,4.0
2025,18,00-0040494,Max Brosmer,QB,MIN,2.28,9.544933860157371,A_normalized_signals,480,17,34.0,27.0,7.0
2025,18,00-0033869,Mitchell Trubisky,QB,BUF,26.86,5.765648227709208,A_normalized_signals,480,17,1.0,36.0,35.0
2025,18,00-0033319,Nick Mullens,QB,JAX,0.44,6.420236902638868,A_normalized_signals,480,17,37.0,32.0,5.0
2025,18,00-0040234,Quinn Ewers,QB,MIA,10.38,10.597138464124358,A_normalized_signals,480,17,22.0,26.0,4.0
2025,18,00-0040206,Riley Leonard,QB,IND,26.6,6.9336082702207715,A_normalized_signals,480,17,3.0,29.0,26.0
2025,18,00-0034869,Sam Darnold,QB,SEA,8.82,16.67492536218746,A_normalized_signals,480,17,24.0,17.0,7.0
2025,18,00-0040668,Shedeur Sanders,QB,CLE,7.04,14.854776787284187,A_normalized_signals,480,17,29.0,23.0,6.0
2025,18,00-0038400,Tanner McKee,QB,PHI,13.94,5.109059761446499,A_normalized_signals,480,17,18.0,39.0,21.0
2025,18,00-0036971,Trevor Lawrence,QB,JAX,23.3,22.90037523373367,A_normalized_signals,480,17,5.0,1.0,4.0
2025,18,00-0037012,Trey Lance,QB,LAC,12.34,6.074664737390643,A_normalized_signals,480,17,19.0,35.0,16.0
2025,18,00-0040743,Tyler Shough,QB,NO,23.76,17.543095295302933,A_normalized_signals,480,17,4.0,9.0,5.0
2025,18,00-0037013,Zach Wilson,QB,MIA,0.0,3.880067412351022,A_normalized_signals,480,17,39.0,40.0,1.0
2025,7,00-0023459,Aaron Rodgers,QB,PIT,26.56,17.24252330109624,B_raw_features,100,6,5.0,24.0,19.0
2025,7,00-0027973,Andy Dalton,QB,CAR,2.2,7.025913298271617,B_raw_features,100,6,33.0,35.0,2.0
2025,7,00-0034855,Baker Mayfield,QB,TB,13.12,20.108587882131907,B_raw_features,100,6,22.0,7.0,15.0
2025,7,00-0039732,Bo Nix,QB,DEN,35.96,18.712752583519123,B_raw_features,100,6,1.0,18.0,17.0
2025,7,00-0039150,Bryce Young,QB,CAR,10.52,17.51488894877415,B_raw_features,100,6,24.0,22.0,2.0
2025,7,00-0039163,C.J. Stroud,QB,HOU,15.66,18.809320799674722,B_raw_features,100,6,16.0,16.0,0.0
2025,7,00-0039918,Caleb Williams,QB,CHI,6.68,20.779671398477184,B_raw_features,100,6,26.0,4.0,22.0
2025,7,00-0040676,Cam Ward,QB,TEN,14.2,14.340596927907196,B_raw_features,100,6,20.0,30.0,10.0
2025,7,00-0032950,Carson Wentz,QB,MIN,15.32,18.88783960638222,B_raw_features,100,6,17.0,15.0,2.0
2025,7,00-0033077,Dak Prescott,QB,DAL,23.26,23.714163975941247,B_raw_features,100,6,9.0,2.0,7.0
2025,7,00-0035710,Daniel Jones,QB,IND,20.22,19.32875247513863,B_raw_features,100,6,12.0,9.0,3.0
2025,7,00-0040704,Dillon Gabriel,QB,CLE,5.84,10.615594547256869,B_raw_features,100,6,29.0,31.0,2.0
2025,7,00-0039851,Drake Maye,QB,NE,23.08,18.920394797706393,B_raw_features,100,6,10.0,13.0,3.0
2025,7,00-0035289,Gardner Minshew,QB,KC,-0.3,7.063569897757573,B_raw_features,100,6,35.0,33.0,2.0
2025,7,00-0030565,Geno Smith,QB,LV,2.78,16.970483839601528,B_raw_features,100,6,32.0,26.0,6.0
2025,7,00-0033119,Jacoby Brissett,QB,ARI,21.76,9.448860021013054,B_raw_features,100,6,11.0,32.0,21.0
2025,7,00-0036389,Jalen Hurts,QB,PHI,24.04,20.50835887116037,B_raw_features,100,6,8.0,5.0,3.0
2025,7,00-0033106,Jared Goff,QB,DET,14.34,18.591039984102288,B_raw_features,100,6,18.0,19.0,1.0
2025,7,00-0040691,Jaxson Dart,QB,NYG,30.42,21.414082739977545,B_raw_features,100,6,3.0,3.0,0.0
2025,7,00-0039910,Jayden Daniels,QB,WAS,19.74,19.23386013390956,B_raw_features,100,6,13.0,10.0,3.0
2025,7,00-0026158,Joe Flacco,QB,CIN,25.98,14.983235880538606,B_raw_features,100,6,7.0,28.0,21.0
2025,7,00-0036264,Jordan Love,QB,GB,13.36,18.405172350325778,B_raw_features,100,6,21.0,20.0,1.0
2025,7,00-0033949,Joshua Dobbs,QB,NE,0.28,7.0495604898488855,B_raw_features,100,6,34.0,34.0,0.0
2025,7,00-0036945,Justin Fields,QB,NYJ,4.04,17.161707160894622,B_raw_features,100,6,31.0,25.0,6.0
2025,7,00-0036355,Justin Herbert,QB,LAC,31.9,18.911419691362994,B_raw_features,100,6,2.0,14.0,12.0
2025,7,00-0036972,Mac Jones,QB,SF,7.18,18.24657597865746,B_raw_features,100,6,25.0,21.0,4.0
2025,7,00-0032268,Marcus Mariota,QB,WAS,5.92,19.144747461128794,B_raw_features,100,6,28.0,11.0,17.0
2025,7,00-0026498,Matthew Stafford,QB,LA,27.38,20.44878707575441,B_raw_features,100,6,4.0,6.0,2.0
2025,7,00-0039917,Michael Penix Jr.,QB,ATL,14.24,15.937028133143759,B_raw_features,100,6,19.0,27.0,8.0
2025,7,00-0033873,Patrick Mahomes,QB,KC,26.24,26.24847093018488,B_raw_features,100,6,6.0,1.0,5.0
2025,7,00-0034869,Sam Darnold,QB,SEA,12.62,20.052861043057614,B_raw_features,100,6,23.0,8.0,15.0
2025,7,00-0039376,Spencer Rattler,QB,NO,18.52,17.502422749702173,B_raw_features,100,6,14.0,23.0,9.0
2025,7,00-0036971,Trevor Lawrence,QB,JAX,17.64,18.99363681965954,B_raw_features,100,6,15.0,12.0,3.0
2025,7,00-0036212,Tua Tagovailoa,QB,MIA,4.6,18.783579793759532,B_raw_features,100,6,30.0,17.0,13.0
2025,7,00-0028118,Tyrod Taylor,QB,NYJ,6.14,14.974339886390359,B_raw_features,100,6,27.0,29.0,2.0
2025,8,00-0023459,Aaron Rodgers,QB,PIT,16.76,18.63110642962416,B_raw_features,135,7,15.0,12.0,3.0
2025,8,00-0027973,Andy Dalton,QB,CAR,7.1,6.187797476783363,B_raw_features,135,7,24.0,29.0,5.0
2025,8,00-0034855,Baker Mayfield,QB,TB,6.08,18.567083801812906,B_raw_features,135,7,28.0,14.0,14.0
2025,8,00-0039732,Bo Nix,QB,DEN,25.78,20.42672930842817,B_raw_features,135,7,5.0,7.0,2.0
2025,8,00-0039163,C.J. Stroud,QB,HOU,23.72,19.53557549264727,B_raw_features,135,7,9.0,10.0,1.0
2025,8,00-0039918,Caleb Williams,QB,CHI,13.8,17.34344061880733,B_raw_features,135,7,20.0,16.0,4.0
2025,8,00-0040676,Cam Ward,QB,TEN,14.76,16.022732616318216,B_raw_features,135,7,19.0,18.0,1.0
2025,8,00-0032950,Carson Wentz,QB,MIN,9.76,20.85670145338853,B_raw_features,135,7,22.0,5.0,17.0
2025,8,00-0033077,Dak Prescott,QB,DAL,10.62,22.027445229340415,B_raw_features,135,7,21.0,2.0,19.0
2025,8,00-0035710,Daniel Jones,QB,IND,23.18,20.541450967156052,B_raw_features,135,7,11.0,6.0,5.0
2025,8,00-0040704,Dillon Gabriel,QB,CLE,15.54,15.451758481317315,B_raw_features,135,7,17.0,21.0,4.0
2025,8,00-0039851,Drake Maye,QB,NE,28.28,18.62900551102495,B_raw_features,135,7,1.0,13.0,12.0
2025,8,00-0036389,Jalen Hurts,QB,PHI,25.36,19.609261552572182,B_raw_features,135,7,6.0,9.0,3.0
2025,8,00-0040691,Jaxson Dart,QB,NYG,19.42,21.99618563085712,B_raw_features,135,7,12.0,3.0,9.0
2025,8,00-0026158,Joe Flacco,QB,CIN,24.32,19.47141923107883,B_raw_features,135,7,7.0,11.0,4.0
2025,8,00-0039398,Joe Milton III,QB,DAL,6.32,7.699104827749965,B_raw_features,135,7,26.0,25.0,1.0
2025,8,00-0036264,Jordan Love,QB,GB,26.3,18.347570016056245,B_raw_features,135,7,4.0,15.0,11.0
2025,8,00-0034857,Josh Allen,QB,BUF,23.22,19.616266673240133,B_raw_features,135,7,10.0,8.0,2.0
2025,8,00-0036945,Justin Fields,QB,NYJ,16.86,12.133958828716727,B_raw_features,135,7,14.0,23.0,9.0
2025,8,00-0036355,Justin Herbert,QB,LAC,27.28,21.514197426598074,B_raw_features,135,7,2.0,4.0,2.0
2025,8,00-0029604,Kirk Cousins,QB,ATL,7.12,6.725907820830095,B_raw_features,135,7,23.0,27.0,4.0
2025,8,00-0036972,Mac Jones,QB,SF,18.02,15.860150271920379,B_raw_features,135,7,13.0,19.0,6.0
2025,8,00-0032268,Marcus Mariota,QB,WAS,15.32,13.95689171120844,B_raw_features,135,7,18.0,22.0,4.0
2025,8,00-0040494,Max Brosmer,QB,MIN,0.52,5.085570151636185,B_raw_features,135,7,30.0,31.0,1.0
2025,8,00-0033869,Mitchell Trubisky,QB,BUF,0.88,6.443258350970092,B_raw_features,135,7,29.0,28.0,1.0
2025,8,00-0033873,Patrick Mahomes,QB,KC,26.96,24.574575994993772,B_raw_features,135,7,3.0,1.0,2.0
2025,8,00-0039376,Spencer Rattler,QB,NO,6.64,16.638554155477745,B_raw_features,135,7,25.0,17.0,8.0
2025,8,00-0036212,Tua Tagovailoa,QB,MIA,24.2,15.598304606596495,B_raw_features,135,7,8.0,20.0,12.0
2025,8,00-0035993,Tyler Huntley,QB,BAL,16.74,10.738925637058486,B_raw_features,135,7,16.0,24.0,8.0
2025,8,00-0040743,Tyler Shough,QB,NO,6.32,6.104679734474091,B_raw_features,135,7,26.0,30.0,4.0
2025,8,00-0037013,Zach Wilson,QB,MIA,0.0,6.798829148549957,B_raw_features,135,7,31.0,26.0,5.0
2025,9,00-0023459,Aaron Rodgers,QB,PIT,12.12,18.853920008432127,B_raw_features,166,8,21.0,15.0,6.0
2025,9,00-0039732,Bo Nix,QB,DEN,18.52,22.355627087143084,B_raw_features,166,8,17.0,3.0,14.0
2025,9,00-0039150,Bryce Young,QB,CAR,4.98,17.15444704685259,B_raw_features,166,8,28.0,18.0,10.0
2025,9,00-0039163,C.J. Stroud,QB,HOU,4.36,21.15172157836104,B_raw_features,166,8,29.0,7.0,22.0
2025,9,00-0039918,Caleb Williams,QB,CHI,38.7,16.575054848781292,B_raw_features,166,8,1.0,22.0,21.0
2025,9,00-0040676,Cam Ward,QB,TEN,6.4,16.85272259685497,B_raw_features,166,8,26.0,21.0,5.0
2025,9,00-0033077,Dak Prescott,QB,DAL,17.4,19.50652287594577,B_raw_features,166,8,19.0,12.0,7.0
2025,9,00-0035710,Daniel Jones,QB,IND,24.08,20.885948091691276,B_raw_features,166,8,11.0,8.0,3.0
2025,9,00-0036898,Davis Mills,QB,HOU,6.18,6.227701243000944,B_raw_features,166,8,27.0,30.0,3.0
2025,9,00-0039851,Drake Maye,QB,NE,20.36,21.81064947744634,B_raw_features,166,8,15.0,5.0,10.0
2025,9,00-0030565,Geno Smith,QB,LV,28.26,13.216160100060934,B_raw_features,166,8,6.0,27.0,21.0
2025,9,00-0039923,J.J. McCarthy,QB,MIN,20.92,16.042739117404594,B_raw_features,166,8,14.0,23.0,9.0
2025,9,00-0033119,Jacoby Brissett,QB,ARI,24.84,14.93741230619764,B_raw_features,166,8,10.0,26.0,16.0
2025,9,00-0033106,Jared Goff,QB,DET,19.36,17.005341955885953,B_raw_features,166,8,16.0,20.0,4.0
2025,9,00-0040691,Jaxson Dart,QB,NYG,27.24,21.302496609411993,B_raw_features,166,8,7.0,6.0,1.0
2025,9,00-0039910,Jayden Daniels,QB,WAS,17.22,18.69224762745099,B_raw_features,166,8,20.0,16.0,4.0
2025,9,00-0026158,Joe Flacco,QB,CIN,34.7,22.2704909259017,B_raw_features,166,8,2.0,4.0,2.0
2025,9,00-0036264,Jordan Love,QB,GB,11.02,18.220097905513317,B_raw_features,166,8,23.0,17.0,6.0
2025,9,00-0034857,Josh Allen,QB,BUF,28.82,19.47217056057494,B_raw_features,166,8,5.0,13.0,8.0
2025,9,00-0036355,Justin Herbert,QB,LAC,29.7,23.703331898876844,B_raw_features,166,8,3.0,2.0,1.0
2025,9,00-0034796,Lamar Jackson,QB,BAL,25.56,19.663895257387246,B_raw_features,166,8,9.0,11.0,2.0
2025,9,00-0036972,Mac Jones,QB,SF,17.8,15.489165771352575,B_raw_features,166,8,18.0,25.0,7.0
2025,9,00-0026498,Matthew Stafford,QB,LA,26.84,20.869007084803556,B_raw_features,166,8,8.0,9.0,1.0
2025,9,00-0039917,Michael Penix Jr.,QB,ATL,22.74,17.10966676439958,B_raw_features,166,8,13.0,19.0,6.0
2025,9,00-0033873,Patrick Mahomes,QB,KC,10.5,24.257374328966748,B_raw_features,166,8,25.0,1.0,24.0
2025,9,00-0034869,Sam Darnold,QB,SEA,29.2,18.978276353017456,B_raw_features,166,8,4.0,14.0,10.0
2025,9,00-0036971,Trevor Lawrence,QB,JAX,23.2,20.172240998320664,B_raw_features,166,8,12.0,10.0,2.0
2025,9,00-0036212,Tua Tagovailoa,QB,MIA,10.54,15.675346685244783,B_raw_features,166,8,24.0,24.0,0.0
2025,9,00-0040743,Tyler Shough,QB,NO,11.24,6.757036632791113,B_raw_features,166,8,22.0,28.0,6.0
2025,9,00-0038416,Tyson Bagent,QB,CHI,0.8,6.3254506674486715,B_raw_features,166,8,30.0,29.0,1.0
2025,10,00-0023459,Aaron Rodgers,QB,PIT,10.44,19.345767065496496,B_raw_features,196,9,23.0,12.0,11.0
2025,10,00-0034855,Baker Mayfield,QB,TB,22.92,14.508898540203585,B_raw_features,196,9,8.0,24.0,16.0
2025,10,00-0039732,Bo Nix,QB,DEN,9.8,22.886324713991428,B_raw_features,196,9,25.0,2.0,23.0
2025,10,00-0039150,Bryce Young,QB,CAR,5.56,15.293855032284533,B_raw_features,196,9,28.0,22.0,6.0
2025,10,00-0039918,Caleb Williams,QB,CHI,25.1,19.346019079379325,B_raw_features,196,9,4.0,11.0,7.0
2025,10,00-0035710,Daniel Jones,QB,IND,19.5,21.076308005321977,B_raw_features,196,9,12.0,6.0,6.0
2025,10,00-0036898,Davis Mills,QB,HOU,27.68,9.012226361513427,B_raw_features,196,9,2.0,28.0,26.0
2025,10,00-0040704,Dillon Gabriel,QB,CLE,20.08,16.036798396379815,B_raw_features,196,9,11.0,20.0,9.0
2025,10,00-0039851,Drake Maye,QB,NE,20.1,22.08410953824031,B_raw_features,196,9,10.0,4.0,6.0
2025,10,00-0035704,Drew Lock,QB,SEA,-0.4,5.9208593975209585,B_raw_features,196,9,33.0,32.0,1.0
2025,10,00-0030565,Geno Smith,QB,LV,6.42,15.445393210029366,B_raw_features,196,9,27.0,21.0,6.0
2025,10,00-0039923,J.J. McCarthy,QB,MIN,18.72,17.886980543922597,B_raw_features,196,9,14.0,16.0,2.0
2025,10,00-0033119,Jacoby Brissett,QB,ARI,21.42,22.724933273651395,B_raw_features,196,9,9.0,3.0,6.0
2025,10,00-0036389,Jalen Hurts,QB,PHI,14.02,20.704267571707536,B_raw_features,196,9,19.0,8.0,11.0
2025,10,00-0033106,Jared Goff,QB,DET,24.8,16.33986656712573,B_raw_features,196,9,6.0,18.0,12.0
2025,10,00-0040691,Jaxson Dart,QB,NYG,28.28,21.897672640969546,B_raw_features,196,9,1.0,5.0,4.0
2025,10,00-0036264,Jordan Love,QB,GB,9.84,18.152946504929545,B_raw_features,196,9,24.0,15.0,9.0
2025,10,00-0034857,Josh Allen,QB,BUF,23.34,18.573008877396134,B_raw_features,196,9,7.0,13.0,6.0
2025,10,00-0036945,Justin Fields,QB,NYJ,8.96,14.281371447284918,B_raw_features,196,9,26.0,25.0,1.0
2025,10,00-0036355,Justin Herbert,QB,LAC,14.7,25.34234401993584,B_raw_features,196,9,17.0,1.0,16.0
2025,10,00-0038102,Kenny Pickett,QB,LV,0.0,6.041951685763349,B_raw_features,196,9,31.0,31.0,0.0
2025,10,00-0034577,Kyle Allen,QB,DET,-0.1,5.709999721777564,B_raw_features,196,9,32.0,33.0,1.0
2025,10,00-0034796,Lamar Jackson,QB,BAL,14.64,19.746907554807812,B_raw_features,196,9,18.0,10.0,8.0
2025,10,00-0036972,Mac Jones,QB,SF,25.06,16.33593772478855,B_raw_features,196,9,5.0,19.0,14.0
2025,10,00-0032268,Marcus Mariota,QB,WAS,18.72,14.185773021311183,B_raw_features,196,9,14.0,26.0,12.0
2025,10,00-0026498,Matthew Stafford,QB,LA,26.9,20.968003446513897,B_raw_features,196,9,3.0,7.0,4.0
2025,10,00-0039917,Michael Penix Jr.,QB,ATL,10.98,18.26338633361425,B_raw_features,196,9,21.0,14.0,7.0
2025,10,00-0033869,Mitchell Trubisky,QB,BUF,0.4,7.378372214312502,B_raw_features,196,9,30.0,30.0,0.0
2025,10,00-0029263,Russell Wilson,QB,NYG,3.0,7.76294786597779,B_raw_features,196,9,29.0,29.0,0.0
2025,10,00-0034869,Sam Darnold,QB,SEA,10.92,17.50855143121838,B_raw_features,196,9,22.0,17.0,5.0
2025,10,00-0036971,Trevor Lawrence,QB,JAX,13.82,20.016536286952466,B_raw_features,196,9,20.0,9.0,11.0
2025,10,00-0036212,Tua Tagovailoa,QB,MIA,14.82,15.26138139251513,B_raw_features,196,9,16.0,23.0,7.0
2025,10,00-0040743,Tyler Shough,QB,NO,18.98,9.345115515787345,B_raw_features,196,9,13.0,27.0,14.0
2025,11,00-0023459,Aaron Rodgers,QB,PIT,9.44,16.230861945647604,B_raw_features,229,10,24.0,21.0,3.0
2025,11,00-0034855,Baker Mayfield,QB,TB,20.82,16.75370165154095,B_raw_features,229,10,6.0,20.0,14.0
2025,11,00-0039732,Bo Nix,QB,DEN,12.6,17.602931885639677,B_raw_features,229,10,19.0,17.0,2.0
2025,11,00-0037834,Brock Purdy,QB,SF,19.3,21.106770627611283,B_raw_features,229,10,7.0,5.0,2.0
2025,11,00-0039150,Bryce Young,QB,CAR,29.82,12.673279598833723,B_raw_features,229,10,2.0,30.0,28.0
2025,11,00-0039918,Caleb Williams,QB,CHI,10.32,21.82742764908908,B_raw_features,229,10,22.0,4.0,18.0
2025,11,00-0040676,Cam Ward,QB,TEN,15.06,14.635876339930729,B_raw_features,229,10,14.0,28.0,14.0
2025,11,00-0033077,Dak Prescott,QB,DAL,26.32,18.757620324049135,B_raw_features,229,10,3.0,12.0,9.0
2025,11,00-0036898,Davis Mills,QB,HOU,16.36,15.148085107045896,B_raw_features,229,10,10.0,25.0,15.0
2025,11,00-0040704,Dillon Gabriel,QB,CLE,2.92,15.837379212381123,B_raw_features,229,10,30.0,23.0,7.0
2025,11,00-0039851,Drake Maye,QB,NE,15.44,20.861347253985958,B_raw_features,229,10,12.0,6.0,6.0
2025,11,00-0030565,Geno Smith,QB,LV,14.92,14.878086272173668,B_raw_features,229,10,15.0,27.0,12.0
2025,11,00-0039923,J.J. McCarthy,QB,MIN,10.0,18.324923446324096,B_raw_features,229,10,23.0,13.0,10.0
2025,11,00-0033119,Jacoby Brissett,QB,ARI,25.88,22.742876015874366,B_raw_features,229,10,4.0,2.0,2.0
2025,11,00-0036389,Jalen Hurts,QB,PHI,14.5,17.007033810345437,B_raw_features,229,10,16.0,19.0,3.0
2025,11,00-0033106,Jared Goff,QB,DET,14.1,17.94362912510903,B_raw_features,229,10,17.0,15.0,2.0
2025,11,00-0026158,Joe Flacco,QB,CIN,11.86,23.926424757440614,B_raw_features,229,10,21.0,1.0,20.0
2025,11,00-0036264,Jordan Love,QB,GB,15.66,17.68586996314251,B_raw_features,229,10,11.0,16.0,5.0
2025,11,00-0034857,Josh Allen,QB,BUF,46.68,19.352535864036547,B_raw_features,229,10,1.0,11.0,10.0
2025,11,00-0036945,Justin Fields,QB,NYJ,21.34,14.294341937407593,B_raw_features,229,10,5.0,29.0,24.0
2025,11,00-0036355,Justin Herbert,QB,LAC,5.34,20.62090623176131,B_raw_features,229,10,29.0,7.0,22.0
2025,11,00-0029604,Kirk Cousins,QB,ATL,2.12,9.29680841840795,B_raw_features,229,10,31.0,31.0,0.0
2025,11,00-0034796,Lamar Jackson,QB,BAL,8.72,18.074538163557396,B_raw_features,229,10,26.0,14.0,12.0
2025,11,00-0036972,Mac Jones,QB,SF,-0.3,19.597757880227725,B_raw_features,229,10,34.0,9.0,25.0
2025,11,00-0032268,Marcus Mariota,QB,WAS,17.42,14.889582337000759,B_raw_features,229,10,8.0,26.0,18.0
2025,11,00-0034771,Mason Rudolph,QB,PIT,8.98,5.439723856011474,B_raw_features,229,10,25.0,33.0,8.0
2025,11,00-0026498,Matthew Stafford,QB,LA,13.2,22.19532772539861,B_raw_features,229,10,18.0,3.0,15.0
2025,11,00-0039917,Michael Penix Jr.,QB,ATL,7.9,17.127291123039697,B_raw_features,229,10,27.0,18.0,9.0
2025,11,00-0033873,Patrick Mahomes,QB,KC,15.34,19.646103383430965,B_raw_features,229,10,13.0,8.0,5.0
2025,11,00-0034869,Sam Darnold,QB,SEA,12.26,15.175680239757918,B_raw_features,229,10,20.0,24.0,4.0
2025,11,00-0031237,Teddy Bridgewater,QB,TB,-0.1,5.179220546040344,B_raw_features,229,10,33.0,34.0,1.0
2025,11,00-0036971,Trevor Lawrence,QB,JAX,17.02,19.475178396522722,B_raw_features,229,10,9.0,10.0,1.0
2025,11,00-0037012,Trey Lance,QB,LAC,1.58,6.5663639350865655,B_raw_features,229,10,32.0,32.0,0.0
2025,11,00-0036212,Tua Tagovailoa,QB,MIA,6.84,16.120121174652468,B_raw_features,229,10,28.0,22.0,6.0
2025,12,00-0034855,Baker Mayfield,QB,TB,7.54,16.45801506504512,B_raw_features,263,11,25.0,18.0,7.0
2025,12,00-0037834,Brock Purdy,QB,SF,13.32,18.985792784735743,B_raw_features,263,11,18.0,7.0,11.0
2025,12,00-0039150,Bryce Young,QB,CAR,12.26,15.767522751270658,B_raw_features,263,11,19.0,19.0,0.0
2025,12,00-0039918,Caleb Williams,QB,CHI,23.66,20.35463590522328,B_raw_features,263,11,6.0,3.0,3.0
2025,12,00-0040676,Cam Ward,QB,TEN,23.94,15.403910872221173,B_raw_features,263,11,5.0,23.0,18.0
2025,12,00-0033077,Dak Prescott,QB,DAL,29.06,19.42225722150767,B_raw_features,263,11,3.0,6.0,3.0
2025,12,00-0035710,Daniel Jones,QB,IND,16.84,19.638782804254596,B_raw_features,263,11,13.0,5.0,8.0
2025,12,00-0036898,Davis Mills,QB,HOU,14.52,18.665093333479742,B_raw_features,263,11,17.0,10.0,7.0
2025,12,00-0039851,Drake Maye,QB,NE,17.96,18.833620143831048,B_raw_features,263,11,10.0,9.0,1.0
2025,12,00-0030565,Geno Smith,QB,LV,16.2,18.664811337415458,B_raw_features,263,11,15.0,11.0,4.0
2025,12,00-0039923,J.J. McCarthy,QB,MIN,4.48,18.160469762289296,B_raw_features,263,11,28.0,12.0,16.0
2025,12,00-0033119,Jacoby Brissett,QB,ARI,18.68,23.304702565123392,B_raw_features,263,11,9.0,1.0,8.0
2025,12,00-0035100,Jake Browning,QB,CIN,0.56,15.556763399686693,B_raw_features,263,11,31.0,21.0,10.0
2025,12,00-0036389,Jalen Hurts,QB,PHI,30.86,16.702163614684874,B_raw_features,263,11,2.0,17.0,15.0
2025,12,00-0031503,Jameis Winston,QB,NYG,34.24,15.730960217636046,B_raw_features,263,11,1.0,20.0,19.0
2025,12,00-0033106,Jared Goff,QB,DET,19.16,17.625962509252656,B_raw_features,263,11,8.0,15.0,7.0
2025,12,00-0026158,Joe Flacco,QB,CIN,11.62,19.939945079735093,B_raw_features,263,11,23.0,4.0,19.0
2025,12,00-0036264,Jordan Love,QB,GB,7.06,15.490666026550977,B_raw_features,263,11,27.0,22.0,5.0
2025,12,00-0034857,Josh Allen,QB,BUF,12.12,22.074435405240987,B_raw_features,263,11,21.0,2.0,19.0
2025,12,00-0039577,Kedon Slovis,QB,ARI,-0.08,4.857241531387336,B_raw_features,263,11,32.0,32.0,0.0
2025,12,00-0029604,Kirk Cousins,QB,ATL,16.46,9.012649035416143,B_raw_features,263,11,14.0,28.0,14.0
2025,12,00-0034796,Lamar Jackson,QB,BAL,7.22,17.191122274607928,B_raw_features,263,11,26.0,16.0,10.0
2025,12,00-0038128,Malik Willis,QB,GB,0.58,7.432542901026501,B_raw_features,263,11,30.0,29.0,1.0
2025,12,00-0034771,Mason Rudolph,QB,PIT,11.54,7.028678618945485,B_raw_features,263,11,24.0,30.0,6.0
2025,12,00-0026498,Matthew Stafford,QB,LA,22.92,18.84020292643043,B_raw_features,263,11,7.0,8.0,1.0
2025,12,00-0033873,Patrick Mahomes,QB,KC,17.08,17.99701048721082,B_raw_features,263,11,12.0,13.0,1.0
2025,12,00-0034869,Sam Darnold,QB,SEA,17.66,15.264633460279462,B_raw_features,263,11,11.0,24.0,13.0
2025,12,00-0040668,Shedeur Sanders,QB,CLE,12.26,9.506944909728205,B_raw_features,263,11,19.0,27.0,8.0
2025,12,00-0031237,Teddy Bridgewater,QB,TB,3.08,5.201579255588531,B_raw_features,263,11,29.0,31.0,2.0
2025,12,00-0036971,Trevor Lawrence,QB,JAX,25.14,17.642983620245424,B_raw_features,263,11,4.0,14.0,10.0
2025,12,00-0040743,Tyler Shough,QB,NO,11.92,14.650146973834609,B_raw_features,263,11,22.0,25.0,3.0
2025,12,00-0028118,Tyrod Taylor,QB,NYJ,14.78,14.441912452137966,B_raw_features,263,11,16.0,26.0,10.0
2025,13,00-0023459,Aaron Rodgers,QB,PIT,4.68,13.782831834590185,B_raw_features,295,12,32.0,29.0,3.0
2025,13,00-0034855,Baker Mayfield,QB,TB,14.46,16.635168029220175,B_raw_features,295,12,20.0,21.0,1.0
2025,13,00-0039732,Bo Nix,QB,DEN,18.44,16.766179496452384,B_raw_features,295,12,15.0,20.0,5.0
2025,13,00-0037834,Brock Purdy,QB,SF,17.12,17.284587998905216,B_raw_features,295,12,17.0,13.0,4.0
2025,13,00-0039150,Bryce Young,QB,CAR,22.54,17.491227100814545,B_raw_features,295,12,4.0,12.0,8.0
2025,13,00-0039163,C.J. Stroud,QB,HOU,11.04,16.867684196843904,B_raw_features,295,12,26.0,18.0,8.0
2025,13,00-0039918,Caleb Williams,QB,CHI,11.46,18.671114443617114,B_raw_features,295,12,25.0,7.0,18.0
2025,13,00-0040676,Cam Ward,QB,TEN,6.34,17.08851148393355,B_raw_features,295,12,29.0,17.0,12.0
2025,13,00-0033077,Dak Prescott,QB,DAL,20.6,21.17711168583997,B_raw_features,295,12,8.0,2.0,6.0
2025,13,00-0035710,Daniel Jones,QB,IND,16.14,19.426335260347173,B_raw_features,295,12,18.0,5.0,13.0
2025,13,00-0040704,Dillon Gabriel,QB,CLE,0.0,14.584983381823763,B_raw_features,295,12,35.0,26.0,9.0
2025,13,00-0039851,Drake Maye,QB,NE,20.48,18.398611096605347,B_raw_features,295,12,9.0,8.0,1.0
2025,13,00-0030565,Geno Smith,QB,LV,14.0,17.15504721273971,B_raw_features,295,12,21.0,15.0,6.0
2025,13,00-0033119,Jacoby Brissett,QB,ARI,21.64,23.288955776738835,B_raw_features,295,12,5.0,1.0,4.0
2025,13,00-0036389,Jalen Hurts,QB,PHI,20.3,18.886055062152206,B_raw_features,295,12,10.0,6.0,4.0
2025,13,00-0033106,Jared Goff,QB,DET,20.64,17.65452962727452,B_raw_features,295,12,7.0,11.0,4.0
2025,13,00-0040691,Jaxson Dart,QB,NYG,11.56,20.255826876663914,B_raw_features,295,12,24.0,4.0,20.0
2025,13,00-0036442,Joe Burrow,QB,CIN,19.24,11.029269089812658,B_raw_features,295,12,13.0,32.0,19.0
2025,13,00-0036264,Jordan Love,QB,GB,25.76,14.013269547280286,B_raw_features,295,12,2.0,28.0,26.0
2025,13,00-0034857,Josh Allen,QB,BUF,18.72,21.134774078750887,B_raw_features,295,12,14.0,3.0,11.0
2025,13,00-0036355,Justin Herbert,QB,LAC,14.84,17.127119842158066,B_raw_features,295,12,19.0,16.0,3.0
2025,13,00-0029604,Kirk Cousins,QB,ATL,13.36,11.950878940695057,B_raw_features,295,12,22.0,31.0,9.0
2025,13,00-0034796,Lamar Jackson,QB,BAL,12.54,15.708600961488381,B_raw_features,295,12,23.0,24.0,1.0
2025,13,00-0036972,Mac Jones,QB,SF,0.2,14.582263198412727,B_raw_features,295,12,34.0,27.0,7.0
2025,13,00-0032268,Marcus Mariota,QB,WAS,25.26,17.24636007760912,B_raw_features,295,12,3.0,14.0,11.0
2025,13,00-0034771,Mason Rudolph,QB,PIT,0.0,10.644587716055543,B_raw_features,295,12,35.0,34.0,1.0
2025,13,00-0026498,Matthew Stafford,QB,LA,17.62,17.71251539278427,B_raw_features,295,12,16.0,10.0,6.0
2025,13,00-0040494,Max Brosmer,QB,MIN,4.94,5.4531172011731135,B_raw_features,295,12,31.0,36.0,5.0
2025,13,00-0033873,Patrick Mahomes,QB,KC,29.44,18.179939599113084,B_raw_features,295,12,1.0,9.0,8.0
2025,13,00-0034869,Sam Darnold,QB,SEA,5.12,14.779265281536215,B_raw_features,295,12,30.0,25.0,5.0
2025,13,00-0040668,Shedeur Sanders,QB,CLE,10.56,10.720132296983081,B_raw_features,295,12,27.0,33.0,6.0
2025,13,00-0036971,Trevor Lawrence,QB,JAX,19.66,16.847424049425932,B_raw_features,295,12,11.0,19.0,8.0
2025,13,00-0037012,Trey Lance,QB,LAC,0.76,7.214848836704775,B_raw_features,295,12,33.0,35.0,2.0
2025,13,00-0036212,Tua Tagovailoa,QB,MIA,6.68,13.352839896906378,B_raw_features,295,12,28.0,30.0,2.0
2025,13,00-0040743,Tyler Shough,QB,NO,19.36,16.42481265472999,B_raw_features,295,12,12.0,22.0,10.0
2025,13,00-0028118,Tyrod Taylor,QB,NYJ,21.28,16.24291628311406,B_raw_features,295,12,6.0,23.0,17.0
2025,14,00-0023459,Aaron Rodgers,QB,PIT,21.46,11.83923724930634,B_raw_features,331,13,8.0,28.0,20.0
2025,14,00-0034855,Baker Mayfield,QB,TB,13.08,15.81612879172402,B_raw_features,331,13,18.0,17.0,1.0
2025,14,00-0039732,Bo Nix,QB,DEN,15.98,17.727889420457544,B_raw_features,331,13,17.0,11.0,6.0
2025,14,00-0039163,C.J. Stroud,QB,HOU,12.62,14.382468042061578,B_raw_features,331,13,20.0,23.0,3.0
2025,14,00-0039918,Caleb Williams,QB,CHI,16.94,17.061978451637103,B_raw_features,331,13,14.0,13.0,1.0
2025,14,00-0040676,Cam Ward,QB,TEN,13.08,17.869135890035064,B_raw_features,331,13,18.0,10.0,8.0
2025,14,00-0033077,Dak Prescott,QB,DAL,20.44,21.180910452651275,B_raw_features,331,13,11.0,2.0,9.0
2025,14,00-0035710,Daniel Jones,QB,IND,2.8,16.88000318633883,B_raw_features,331,13,29.0,14.0,15.0
2025,14,00-0035704,Drew Lock,QB,SEA,0.0,5.696864760992703,B_raw_features,331,13,33.0,30.0,3.0
2025,14,00-0030565,Geno Smith,QB,LV,9.04,17.985133943365533,B_raw_features,331,13,25.0,9.0,16.0
2025,14,00-0039923,J.J. McCarthy,QB,MIN,20.42,14.74946401476782,B_raw_features,331,13,12.0,21.0,9.0
2025,14,00-0033119,Jacoby Brissett,QB,ARI,21.04,21.921507330736738,B_raw_features,331,13,10.0,1.0,9.0
2025,14,00-0036389,Jalen Hurts,QB,PHI,10.4,20.037408770325072,B_raw_features,331,13,23.0,4.0,19.0
2025,14,00-0033106,Jared Goff,QB,DET,16.16,16.75027815684178,B_raw_features,331,13,15.0,15.0,0.0
2025,14,00-0039910,Jayden Daniels,QB,WAS,4.72,18.262697098270745,B_raw_features,331,13,28.0,8.0,20.0
2025,14,00-0031345,Jimmy Garoppolo,QB,LA,-0.4,5.477011135587231,B_raw_features,331,13,35.0,32.0,3.0
2025,14,00-0036442,Joe Burrow,QB,CIN,27.36,14.094611398691075,B_raw_features,331,13,3.0,25.0,22.0
2025,14,00-0036264,Jordan Love,QB,GB,21.26,15.141327565182408,B_raw_features,331,13,9.0,20.0,11.0
2025,14,00-0034857,Josh Allen,QB,BUF,35.84,19.339124682154008,B_raw_features,331,13,1.0,6.0,5.0
2025,14,00-0036355,Justin Herbert,QB,LAC,16.16,14.323902712034366,B_raw_features,331,13,15.0,24.0,9.0
2025,14,00-0038102,Kenny Pickett,QB,LV,8.48,4.720469219313614,B_raw_features,331,13,26.0,35.0,9.0
2025,14,00-0029604,Kirk Cousins,QB,ATL,6.48,12.006798199594918,B_raw_features,331,13,27.0,27.0,0.0
2025,14,00-0034796,Lamar Jackson,QB,BAL,23.06,15.508304940770227,B_raw_features,331,13,7.0,19.0,12.0
2025,14,00-0032268,Marcus Mariota,QB,WAS,1.9,19.85312380373423,B_raw_features,331,13,30.0,5.0,25.0
2025,14,00-0026498,Matthew Stafford,QB,LA,23.24,16.272318119858276,B_raw_features,331,13,6.0,16.0,10.0
2025,14,00-0033319,Nick Mullens,QB,JAX,0.02,5.518633859401777,B_raw_features,331,13,32.0,31.0,1.0
2025,14,00-0033873,Patrick Mahomes,QB,KC,12.3,20.267300770853623,B_raw_features,331,13,21.0,3.0,18.0
2025,14,00-0040206,Riley Leonard,QB,IND,12.3,5.307806176875278,B_raw_features,331,13,21.0,33.0,12.0
2025,14,00-0034869,Sam Darnold,QB,SEA,24.26,14.740046612927587,B_raw_features,331,13,4.0,22.0,18.0
2025,14,00-0040668,Shedeur Sanders,QB,CLE,35.46,11.326698199067186,B_raw_features,331,13,2.0,29.0,27.0
2025,14,00-0036971,Trevor Lawrence,QB,JAX,19.36,17.429841129112692,B_raw_features,331,13,13.0,12.0,1.0
2025,14,00-0036212,Tua Tagovailoa,QB,MIA,9.08,12.50177926467928,B_raw_features,331,13,24.0,26.0,2.0
2025,14,00-0040743,Tyler Shough,QB,NO,23.26,18.663120647528633,B_raw_features,331,13,5.0,7.0,2.0
2025,14,00-0028118,Tyrod Taylor,QB,NYJ,0.24,15.758398025412268,B_raw_features,331,13,31.0,18.0,13.0
2025,14,00-0037013,Zach Wilson,QB,MIA,-0.2,5.106264945938532,B_raw_features,331,13,34.0,34.0,0.0
2025,15,00-0023459,Aaron Rodgers,QB,PIT,16.96,13.604545288218048,B_raw_features,366,14,19.0,30.0,11.0
2025,15,00-0034855,Baker Mayfield,QB,TB,19.18,14.719814509365929,B_raw_features,366,14,14.0,24.0,10.0
2025,15,00-0039732,Bo Nix,QB,DEN,29.08,18.801144108077334,B_raw_features,366,14,2.0,6.0,4.0
2025,15,00-0040398,Brady Cook,QB,NYJ,14.94,13.019817665884819,B_raw_features,366,14,25.0,31.0,6.0
2025,15,00-0037834,Brock Purdy,QB,SF,28.2,16.828373919042317,B_raw_features,366,14,3.0,18.0,15.0
2025,15,00-0039150,Bryce Young,QB,CAR,15.42,18.40321032492429,B_raw_features,366,14,22.0,9.0,13.0
2025,15,00-0039163,C.J. Stroud,QB,HOU,23.4,12.958776453062365,B_raw_features,366,14,9.0,32.0,23.0
2025,15,00-0039918,Caleb Williams,QB,CHI,18.98,18.177174878645204,B_raw_features,366,14,15.0,12.0,3.0
2025,15,00-0040676,Cam Ward,QB,TEN,15.0,16.865077362005113,B_raw_features,366,14,24.0,17.0,7.0
2025,15,00-0033077,Dak Prescott,QB,DAL,11.96,21.268975430904216,B_raw_features,366,14,27.0,1.0,26.0
2025,15,00-0039851,Drake Maye,QB,NE,22.5,18.502858980709266,B_raw_features,366,14,13.0,8.0,5.0
2025,15,00-0035289,Gardner Minshew,QB,KC,0.88,5.572693572302529,B_raw_features,366,14,33.0,36.0,3.0
2025,15,00-0039923,J.J. McCarthy,QB,MIN,25.5,13.617193150119212,B_raw_features,366,14,6.0,29.0,23.0
2025,15,00-0033119,Jacoby Brissett,QB,ARI,22.56,20.75340992189807,B_raw_features,366,14,12.0,2.0,10.0
2025,15,00-0036389,Jalen Hurts,QB,PHI,22.9,19.294047536029048,B_raw_features,366,14,11.0,4.0,7.0
2025,15,00-0031503,Jameis Winston,QB,NYG,0.0,19.19273903761613,B_raw_features,366,14,34.0,5.0,29.0
2025,15,00-0033106,Jared Goff,QB,DET,25.52,17.46863632053052,B_raw_features,366,14,5.0,15.0,10.0
2025,15,00-0040691,Jaxson Dart,QB,NYG,24.14,18.156282832370138,B_raw_features,366,14,8.0,13.0,5.0
2025,15,00-0036442,Joe Burrow,QB,CIN,9.5,16.60365369477788,B_raw_features,366,14,29.0,19.0,10.0
2025,15,00-0036264,Jordan Love,QB,GB,17.94,15.584973356905351,B_raw_features,366,14,18.0,22.0,4.0
2025,15,00-0034857,Josh Allen,QB,BUF,24.52,18.770289757568463,B_raw_features,366,14,7.0,7.0,0.0
2025,15,00-0036355,Justin Herbert,QB,LAC,12.4,14.025248973661894,B_raw_features,366,14,26.0,27.0,1.0
2025,15,00-0038102,Kenny Pickett,QB,LV,3.26,6.168519367229658,B_raw_features,366,14,31.0,34.0,3.0
2025,15,00-0029604,Kirk Cousins,QB,ATL,26.92,14.454217260321744,B_raw_features,366,14,4.0,25.0,21.0
2025,15,00-0034796,Lamar Jackson,QB,BAL,16.6,17.06117048404411,B_raw_features,366,14,21.0,16.0,5.0
2025,15,00-0032268,Marcus Mariota,QB,WAS,16.74,15.63954646120085,B_raw_features,366,14,20.0,21.0,1.0
2025,15,00-0026498,Matthew Stafford,QB,LA,22.92,17.88720797848019,B_raw_features,366,14,10.0,14.0,4.0
2025,15,00-0033319,Nick Mullens,QB,JAX,-0.2,5.859252432539307,B_raw_features,366,14,36.0,35.0,1.0
2025,15,00-0033873,Patrick Mahomes,QB,KC,15.06,19.552686326984315,B_raw_features,366,14,23.0,3.0,20.0
2025,15,00-0034869,Sam Darnold,QB,SEA,11.34,15.404121009125479,B_raw_features,366,14,28.0,23.0,5.0
2025,15,00-0040668,Shedeur Sanders,QB,CLE,9.48,16.047330847477983,B_raw_features,366,14,30.0,20.0,10.0
2025,15,00-0039376,Spencer Rattler,QB,NO,0.0,14.030125838421164,B_raw_features,366,14,34.0,26.0,8.0
2025,15,00-0038400,Tanner McKee,QB,PHI,2.22,5.341824481158751,B_raw_features,366,14,32.0,37.0,5.0
2025,15,00-0036971,Trevor Lawrence,QB,JAX,44.3,18.39301939222096,B_raw_features,366,14,1.0,10.0,9.0
2025,15,00-0036212,Tua Tagovailoa,QB,MIA,18.22,12.358518808525627,B_raw_features,366,14,16.0,33.0,17.0
2025,15,00-0035993,Tyler Huntley,QB,BAL,-0.3,13.666436482783492,B_raw_features,366,14,37.0,28.0,9.0
2025,15,00-0040743,Tyler Shough,QB,NO,18.08,18.18132228602794,B_raw_features,366,14,17.0,11.0,6.0
2025,16,00-0023459,Aaron Rodgers,QB,PIT,15.54,15.387185784824727,B_raw_features,403,15,19.0,27.0,8.0
2025,16,00-0034855,Baker Mayfield,QB,TB,14.7,17.416524673933935,B_raw_features,403,15,21.0,17.0,4.0
2025,16,00-0039732,Bo Nix,QB,DEN,19.18,20.241695645391374,B_raw_features,403,15,12.0,4.0,8.0
2025,16,00-0040398,Brady Cook,QB,NYJ,7.72,15.472869549712335,B_raw_features,403,15,27.0,26.0,1.0
2025,16,00-0037834,Brock Purdy,QB,SF,32.9,18.411176217971967,B_raw_features,403,15,1.0,10.0,9.0
2025,16,00-0039150,Bryce Young,QB,CAR,17.64,15.676759731826449,B_raw_features,403,15,16.0,23.0,7.0
2025,16,00-0039163,C.J. Stroud,QB,HOU,11.48,17.550690910142112,B_raw_features,403,15,25.0,16.0,9.0
2025,16,00-0039918,Caleb Williams,QB,CHI,21.0,17.810848220251508,B_raw_features,403,15,9.0,15.0,6.0
2025,16,00-0040676,Cam Ward,QB,TEN,18.02,15.590165399828926,B_raw_features,403,15,15.0,24.0,9.0
2025,16,00-0033077,Dak Prescott,QB,DAL,19.16,19.933722488538322,B_raw_features,403,15,13.0,5.0,8.0
2025,16,00-0040704,Dillon Gabriel,QB,CLE,0.0,8.971114505403964,B_raw_features,403,15,38.0,35.0,3.0
2025,16,00-0039851,Drake Maye,QB,NE,25.7,18.562905253621814,B_raw_features,403,15,7.0,9.0,2.0
2025,16,00-0035289,Gardner Minshew,QB,KC,1.4,5.20631665357612,B_raw_features,403,15,35.0,41.0,6.0
2025,16,00-0030565,Geno Smith,QB,LV,16.04,15.245191227898422,B_raw_features,403,15,18.0,28.0,10.0
2025,16,00-0039923,J.J. McCarthy,QB,MIN,12.32,15.068802715002821,B_raw_features,403,15,24.0,29.0,5.0
2025,16,00-0033119,Jacoby Brissett,QB,ARI,12.62,20.95693638064345,B_raw_features,403,15,23.0,1.0,22.0
2025,16,00-0036389,Jalen Hurts,QB,PHI,19.4,17.11460517602798,B_raw_features,403,15,11.0,18.0,7.0
2025,16,00-0033106,Jared Goff,QB,DET,26.46,18.359357695022595,B_raw_features,403,15,6.0,12.0,6.0
2025,16,00-0040691,Jaxson Dart,QB,NYG,2.02,18.083170576042225,B_raw_features,403,15,33.0,14.0,19.0
2025,16,00-0036442,Joe Burrow,QB,CIN,28.96,19.330464076525484,B_raw_features,403,15,5.0,6.0,1.0
2025,16,00-0026158,Joe Flacco,QB,CIN,0.16,18.648836355846704,B_raw_features,403,15,37.0,7.0,30.0
2025,16,00-0039398,Joe Milton III,QB,DAL,1.14,7.438079959655596,B_raw_features,403,15,36.0,36.0,0.0
2025,16,00-0036264,Jordan Love,QB,GB,3.78,18.373275735835364,B_raw_features,403,15,30.0,11.0,19.0
2025,16,00-0034857,Josh Allen,QB,BUF,6.9,20.323155642776552,B_raw_features,403,15,28.0,3.0,25.0
2025,16,00-0036355,Justin Herbert,QB,LAC,30.2,15.81287137704818,B_raw_features,403,15,4.0,22.0,18.0
2025,16,00-0029604,Kirk Cousins,QB,ATL,21.58,17.031692440431822,B_raw_features,403,15,8.0,19.0,11.0
2025,16,00-0034796,Lamar Jackson,QB,BAL,4.74,16.396954813426618,B_raw_features,403,15,29.0,21.0,8.0
2025,16,00-0036972,Mac Jones,QB,SF,-0.3,9.295688931427502,B_raw_features,403,15,41.0,34.0,7.0
2025,16,00-0038128,Malik Willis,QB,GB,13.24,6.706772452852203,B_raw_features,403,15,22.0,38.0,16.0
2025,16,00-0032268,Marcus Mariota,QB,WAS,3.7,14.457568989530754,B_raw_features,403,15,31.0,30.0,1.0
2025,16,00-0026498,Matthew Stafford,QB,LA,30.88,18.592272634893202,B_raw_features,403,15,3.0,8.0,5.0
2025,16,00-0040494,Max Brosmer,QB,MIN,1.78,6.606199487796369,B_raw_features,403,15,34.0,39.0,5.0
2025,16,00-0022942,Philip Rivers,QB,IND,19.08,12.203556333041936,B_raw_features,403,15,14.0,31.0,17.0
2025,16,00-0040234,Quinn Ewers,QB,MIA,10.9,6.917319148069955,B_raw_features,403,15,26.0,37.0,11.0
2025,16,00-0040206,Riley Leonard,QB,IND,0.0,9.389512041607006,B_raw_features,403,15,38.0,33.0,5.0
2025,16,00-0034869,Sam Darnold,QB,SEA,19.5,15.487680637328978,B_raw_features,403,15,10.0,25.0,15.0
2025,16,00-0040668,Shedeur Sanders,QB,CLE,15.18,16.997965849660947,B_raw_features,403,15,20.0,20.0,0.0
2025,16,00-0038400,Tanner McKee,QB,PHI,-0.2,5.753745279690528,B_raw_features,403,15,40.0,40.0,0.0
2025,16,00-0036971,Trevor Lawrence,QB,JAX,31.16,20.33668410058762,B_raw_features,403,15,2.0,2.0,0.0
2025,16,00-0035993,Tyler Huntley,QB,BAL,2.8,9.810576956391367,B_raw_features,403,15,32.0,32.0,0.0
2025,16,00-0040743,Tyler Shough,QB,NO,17.12,18.22848597804086,B_raw_features,403,15,17.0,13.0,4.0
2025,17,00-0023459,Aaron Rodgers,QB,PIT,7.32,18.526865205730154,B_raw_features,444,16,30.0,11.0,19.0
2025,17,00-0034855,Baker Mayfield,QB,TB,23.44,16.999680478747514,B_raw_features,444,16,7.0,20.0,13.0
2025,17,00-0039732,Bo Nix,QB,DEN,21.48,19.944223832177414,B_raw_features,444,16,11.0,5.0,6.0
2025,17,00-0040398,Brady Cook,QB,NYJ,6.18,15.44379677234171,B_raw_features,444,16,31.0,24.0,7.0
2025,17,00-0037834,Brock Purdy,QB,SF,38.92,20.789517255867445,B_raw_features,444,16,1.0,4.0,3.0
2025,17,00-0039150,Bryce Young,QB,CAR,10.86,15.889569210331768,B_raw_features,444,16,23.0,22.0,1.0
2025,17,00-0039163,C.J. Stroud,QB,HOU,17.76,17.705928412459507,B_raw_features,444,16,15.0,17.0,2.0
2025,17,00-0039918,Caleb Williams,QB,CHI,23.0,18.738713672710652,B_raw_features,444,16,8.0,9.0,1.0
2025,17,00-0040676,Cam Ward,QB,TEN,19.04,17.32530119871123,B_raw_features,444,16,13.0,18.0,5.0
2025,17,00-0037324,Chris Oladokun,QB,KC,7.74,9.065208497518395,B_raw_features,444,16,29.0,28.0,1.0
2025,17,00-0033077,Dak Prescott,QB,DAL,22.68,19.28794027319813,B_raw_features,444,16,9.0,7.0,2.0
2025,17,00-0039851,Drake Maye,QB,NE,32.44,19.514088855902678,B_raw_features,444,16,3.0,6.0,3.0
2025,17,00-0030565,Geno Smith,QB,LV,11.14,14.529422959035927,B_raw_features,444,16,22.0,25.0,3.0
2025,17,00-0033119,Jacoby Brissett,QB,ARI,16.48,19.23223841141685,B_raw_features,444,16,17.0,8.0,9.0
2025,17,00-0036389,Jalen Hurts,QB,PHI,8.9,16.900129045216566,B_raw_features,444,16,28.0,21.0,7.0
2025,17,00-0033106,Jared Goff,QB,DET,12.08,21.62465865118089,B_raw_features,444,16,21.0,2.0,19.0
2025,17,00-0040691,Jaxson Dart,QB,NYG,25.08,13.058953005723069,B_raw_features,444,16,6.0,26.0,20.0
2025,17,00-0036442,Joe Burrow,QB,CIN,20.4,18.49751036762083,B_raw_features,444,16,12.0,12.0,0.0
2025,17,00-0026158,Joe Flacco,QB,CIN,1.16,10.192111697322176,B_raw_features,444,16,33.0,27.0,6.0
2025,17,00-0034857,Josh Allen,QB,BUF,25.18,18.03745426315548,B_raw_features,444,16,4.0,14.0,10.0
2025,17,00-0026300,Josh Johnson,QB,WAS,8.92,6.7370855509882235,B_raw_features,444,16,27.0,31.0,4.0
2025,17,00-0033949,Joshua Dobbs,QB,NE,1.1,5.544121941051438,B_raw_features,444,16,34.0,36.0,2.0
2025,17,00-0036355,Justin Herbert,QB,LAC,17.14,17.043982381740022,B_raw_features,444,16,16.0,19.0,3.0
2025,17,00-0038102,Kenny Pickett,QB,LV,0.64,5.925552646704743,B_raw_features,444,16,35.0,35.0,0.0
2025,17,00-0029604,Kirk Cousins,QB,ATL,9.14,18.627800506104847,B_raw_features,444,16,26.0,10.0,16.0
2025,17,00-0038128,Malik Willis,QB,GB,33.52,6.211176384514774,B_raw_features,444,16,2.0,34.0,32.0
2025,17,00-0026498,Matthew Stafford,QB,LA,18.76,20.869321324859136,B_raw_features,444,16,14.0,3.0,11.0
2025,17,00-0040494,Max Brosmer,QB,MIN,3.64,6.719043449637665,B_raw_features,444,16,32.0,32.0,0.0
2025,17,00-0022942,Philip Rivers,QB,IND,9.78,15.55114721079769,B_raw_features,444,16,25.0,23.0,2.0
2025,17,00-0040234,Quinn Ewers,QB,MIA,15.78,8.780621783026076,B_raw_features,444,16,18.0,29.0,11.0
2025,17,00-0040206,Riley Leonard,QB,IND,0.0,6.549128140054867,B_raw_features,444,16,36.0,33.0,3.0
2025,17,00-0034869,Sam Darnold,QB,SEA,10.08,18.38803671985253,B_raw_features,444,16,24.0,13.0,11.0
2025,17,00-0040668,Shedeur Sanders,QB,CLE,13.44,17.959765890657845,B_raw_features,444,16,20.0,15.0,5.0
2025,17,00-0036971,Trevor Lawrence,QB,JAX,25.12,22.358332129592398,B_raw_features,444,16,5.0,1.0,4.0
2025,17,00-0035993,Tyler Huntley,QB,BAL,14.28,7.521647309866351,B_raw_features,444,16,19.0,30.0,11.0
2025,17,00-0040743,Tyler Shough,QB,NO,21.92,17.939952275255152,B_raw_features,444,16,10.0,16.0,6.0
2025,18,00-0023459,Aaron Rodgers,QB,PIT,17.76,16.15599392736661,B_raw_features,480,17,12.0,20.0,8.0
2025,18,00-0034855,Baker Mayfield,QB,TB,15.22,18.123011793677644,B_raw_features,480,17,17.0,10.0,7.0
2025,18,00-0039732,Bo Nix,QB,DEN,10.54,21.364904617829673,B_raw_features,480,17,21.0,3.0,18.0
2025,18,00-0040398,Brady Cook,QB,NYJ,7.1,15.197972300243684,B_raw_features,480,17,28.0,23.0,5.0
2025,18,00-0037834,Brock Purdy,QB,SF,7.18,23.01873146989533,B_raw_features,480,17,27.0,2.0,25.0
2025,18,00-0039150,Bryce Young,QB,CAR,18.54,15.686718964293824,B_raw_features,480,17,11.0,21.0,10.0
2025,18,00-0039163,C.J. Stroud,QB,HOU,17.26,17.64700802425225,B_raw_features,480,17,13.0,13.0,0.0
2025,18,00-0039918,Caleb Williams,QB,CHI,16.58,19.098325959481112,B_raw_features,480,17,15.0,8.0,7.0
2025,18,00-0040676,Cam Ward,QB,TEN,9.18,18.015511848297525,B_raw_features,480,17,23.0,11.0,12.0
2025,18,00-0037324,Chris Oladokun,QB,KC,2.32,12.021361103247854,B_raw_features,480,17,33.0,25.0,8.0
2025,18,00-0038582,Clayton Tune,QB,GB,3.66,5.6128098703610885,B_raw_features,480,17,30.0,37.0,7.0
2025,18,00-0033077,Dak Prescott,QB,DAL,2.7,17.911423027402115,B_raw_features,480,17,31.0,12.0,19.0
2025,18,00-0036898,Davis Mills,QB,HOU,2.64,20.101320292516046,B_raw_features,480,17,32.0,6.0,26.0
2025,18,00-0039851,Drake Maye,QB,NE,15.74,19.322479825869348,B_raw_features,480,17,16.0,7.0,9.0
2025,18,00-0039923,J.J. McCarthy,QB,MIN,7.98,16.182404036298973,B_raw_features,480,17,25.0,19.0,6.0
2025,18,00-0033119,Jacoby Brissett,QB,ARI,19.62,17.5675851754553,B_raw_features,480,17,10.0,16.0,6.0
2025,18,00-0033106,Jared Goff,QB,DET,17.24,20.485992647038977,B_raw_features,480,17,14.0,5.0,9.0
2025,18,00-0040691,Jaxson Dart,QB,NYG,20.4,16.260619701498186,B_raw_features,480,17,8.0,18.0,10.0
2025,18,00-0031345,Jimmy Garoppolo,QB,LA,-0.3,6.607133785741224,B_raw_features,480,17,40.0,31.0,9.0
2025,18,00-0036442,Joe Burrow,QB,CIN,23.14,17.58691042136602,B_raw_features,480,17,6.0,14.0,8.0
2025,18,00-0026158,Joe Flacco,QB,CIN,0.2,6.545158388570619,B_raw_features,480,17,38.0,32.0,6.0
2025,18,00-0039398,Joe Milton III,QB,DAL,7.22,6.9292035370901495,B_raw_features,480,17,26.0,29.0,3.0
2025,18,00-0026300,Josh Johnson,QB,WAS,19.74,8.972206334027621,B_raw_features,480,17,9.0,28.0,19.0
2025,18,00-0033949,Joshua Dobbs,QB,NE,0.92,5.514659554269449,B_raw_features,480,17,36.0,38.0,2.0
2025,18,00-0038102,Kenny Pickett,QB,LV,1.02,6.42316344489397,B_raw_features,480,17,35.0,34.0,1.0
2025,18,00-0029604,Kirk Cousins,QB,ATL,11.2,17.571434817338588,B_raw_features,480,17,20.0,15.0,5.0
2025,18,00-0034796,Lamar Jackson,QB,BAL,22.42,13.007997129523531,B_raw_features,480,17,7.0,24.0,17.0
2025,18,00-0026498,Matthew Stafford,QB,LA,26.66,20.502615756321322,B_raw_features,480,17,2.0,4.0,2.0
2025,18,00-0040494,Max Brosmer,QB,MIN,2.28,9.696806144412669,B_raw_features,480,17,34.0,27.0,7.0
2025,18,00-0033869,Mitchell Trubisky,QB,BUF,26.86,5.886415281331996,B_raw_features,480,17,1.0,36.0,35.0
2025,18,00-0033319,Nick Mullens,QB,JAX,0.44,6.494431877142855,B_raw_features,480,17,37.0,33.0,4.0
2025,18,00-0040234,Quinn Ewers,QB,MIA,10.38,10.940082742399692,B_raw_features,480,17,22.0,26.0,4.0
2025,18,00-0040206,Riley Leonard,QB,IND,26.6,6.892263265660622,B_raw_features,480,17,3.0,30.0,27.0
2025,18,00-0034869,Sam Darnold,QB,SEA,8.82,16.944174260778418,B_raw_features,480,17,24.0,17.0,7.0
2025,18,00-0040668,Shedeur Sanders,QB,CLE,7.04,15.37733017679646,B_raw_features,480,17,29.0,22.0,7.0
2025,18,00-0038400,Tanner McKee,QB,PHI,13.94,5.201436617859721,B_raw_features,480,17,18.0,39.0,21.0
2025,18,00-0036971,Trevor Lawrence,QB,JAX,23.3,23.978518021560667,B_raw_features,480,17,5.0,1.0,4.0
2025,18,00-0037012,Trey Lance,QB,LAC,12.34,6.248902412272031,B_raw_features,480,17,19.0,35.0,16.0
2025,18,00-0040743,Tyler Shough,QB,NO,23.76,18.307323532095403,B_raw_features,480,17,4.0,9.0,5.0
2025,18,00-0037013,Zach Wilson,QB,MIA,0.0,3.9069952673229196,B_raw_features,480,17,39.0,40.0,1.0
2025,7,00-0033906,Alvin Kamara,RB,NO,5.9,14.345458726965187,A_normalized_signals,243,6,36.0,20.0,16.0
2025,7,00-0032104,Ameer Abdullah,RB,IND,3.7,2.246258317254577,A_normalized_signals,243,6,46.0,71.0,25.0
2025,7,00-0040122,Ashton Jeanty,RB,LV,4.4,20.758967842678864,A_normalized_signals,243,6,42.0,5.0,37.0
2025,7,00-0037157,Bam Knight,RB,ARI,9.4,5.9299015969582936,A_normalized_signals,243,6,23.0,49.0,26.0
2025,7,00-0040719,Bhayshul Tuten,RB,JAX,2.2,4.855180694336408,A_normalized_signals,243,6,55.0,55.0,0.0
2025,7,00-0038542,Bijan Robinson,RB,ATL,21.2,20.04805826953299,A_normalized_signals,243,6,5.0,6.0,1.0
2025,7,00-0039738,Blake Corum,RB,LA,5.3,6.9329361652853265,A_normalized_signals,243,6,39.0,45.0,6.0
2025,7,00-0038488,Brady Russell,RB,SEA,0.0,0.9733458267055879,A_normalized_signals,243,6,72.0,75.0,3.0
2025,7,00-0040078,Brashard Smith,RB,KC,13.1,5.404340090543651,A_normalized_signals,243,6,14.0,53.0,39.0
2025,7,00-0038120,Breece Hall,RB,NYJ,7.2,18.129284077286233,A_normalized_signals,243,6,29.0,9.0,20.0
2025,7,00-0037746,Brian Robinson,RB,SF,3.6,4.48587296111572,A_normalized_signals,243,6,47.0,57.0,10.0
2025,7,00-0040715,Cam Skattebo,RB,NYG,18.4,20.893170945859918,A_normalized_signals,243,6,11.0,4.0,7.0
2025,7,00-0038597,Chase Brown,RB,CIN,12.0,11.131850533585483,A_normalized_signals,243,6,19.0,30.0,11.0
2025,7,00-0038685,Chris Brooks,RB,GB,0.0,1.6830175432654042,A_normalized_signals,243,6,72.0,73.0,1.0
2025,7,00-0038611,Chris Rodriguez Jr.,RB,WAS,7.2,7.099563120738508,A_normalized_signals,243,6,29.0,43.0,14.0
2025,7,00-0033280,Christian McCaffrey,RB,SF,39.1,24.124306012566464,A_normalized_signals,243,6,1.0,1.0,0.0
2025,7,00-0036555,Chuba Hubbard,RB,CAR,7.5,14.483191986608842,A_normalized_signals,243,6,27.0,19.0,8.0
2025,7,00-0036275,D'Andre Swift,RB,CHI,20.8,15.659581188919999,A_normalized_signals,243,6,6.0,15.0,9.0
2025,7,00-0033854,Dare Ogunbowale,RB,HOU,0.0,0.9733458267055879,A_normalized_signals,243,6,72.0,75.0,3.0
2025,7,00-0035685,David Montgomery,RB,DET,5.9,10.868108467520177,A_normalized_signals,243,6,36.0,32.0,4.0
2025,7,00-0039040,De'Von Achane,RB,MIA,12.8,17.134137459204393,A_normalized_signals,243,6,15.0,11.0,4.0
2025,7,00-0040202,Devin Neal,RB,NO,0.1,2.5738317950417353,A_normalized_signals,243,6,71.0,65.0,6.0
2025,7,00-0035250,Devin Singletary,RB,NYG,0.2,6.06090862606192,A_normalized_signals,243,6,70.0,47.0,23.0
2025,7,00-0039407,Dylan Laube,RB,LV,1.4,0.9733458267055879,A_normalized_signals,243,6,63.0,75.0,12.0
2025,7,00-0040162,Dylan Sampson,RB,CLE,2.7,3.9396370193762786,A_normalized_signals,243,6,51.0,62.0,11.0
2025,7,00-0038797,Emanuel Wilson,RB,GB,2.5,7.098334766420427,A_normalized_signals,243,6,52.0,44.0,8.0
2025,7,00-0039299,George Holani,RB,SEA,0.0,0.9733458267055879,A_normalized_signals,243,6,72.0,75.0,3.0
2025,7,00-0037617,Hassan Haskins,RB,LAC,2.5,4.69925641397038,A_normalized_signals,243,6,52.0,56.0,4.0
2025,7,00-0038738,Hunter Luepke,RB,DAL,1.3,2.505816624337109,A_normalized_signals,243,6,65.0,66.0,1.0
2025,7,00-0039363,Isaac Guerendo,RB,SF,0.0,0.9733458267055879,A_normalized_signals,243,6,72.0,75.0,3.0
2025,7,00-0039798,Isaiah Davis,RB,NYJ,5.2,4.409710064786422,A_normalized_signals,243,6,40.0,59.0,19.0
2025,7,00-0037197,Isiah Pacheco,RB,KC,12.4,10.663090960722226,A_normalized_signals,243,6,17.0,33.0,16.0
2025,7,00-0036158,J.K. Dobbins,RB,DEN,9.0,15.81497820755717,A_normalized_signals,243,6,24.0,13.0,11.0
2025,7,00-0038896,Jacob Saylors,RB,DET,0.0,1.716588592513935,A_normalized_signals,243,6,72.0,72.0,0.0
2025,7,00-0040242,Jacory Croskey-Merritt,RB,WAS,4.2,12.834036980188698,A_normalized_signals,243,6,44.0,24.0,20.0
2025,7,00-0039139,Jahmyr Gibbs,RB,DET,36.8,14.589577499128737,A_normalized_signals,243,6,2.0,18.0,16.0
2025,7,00-0036997,Javonte Williams,RB,DAL,18.8,17.73514146766978,A_normalized_signals,243,6,9.0,10.0,1.0
2025,7,00-0040586,Jaydon Blue,RB,DAL,4.4,3.6634841434890895,A_normalized_signals,243,6,42.0,63.0,21.0
2025,7,00-0037228,Jaylen Warren,RB,PIT,19.8,15.640048315737737,A_normalized_signals,243,6,7.0,16.0,9.0
2025,7,00-0033955,Jeremy McNichols,RB,WAS,6.5,4.341623438393202,A_normalized_signals,243,6,34.0,61.0,27.0
2025,7,00-0037267,Jerome Ford,RB,CLE,3.0,6.007187236089363,A_normalized_signals,243,6,50.0,48.0,2.0
2025,7,00-0036223,Jonathan Taylor,RB,IND,34.2,19.151511988474397,A_normalized_signals,243,6,3.0,7.0,4.0
2025,7,00-0037525,Jordan Mason,RB,MIN,11.7,14.92846002302973,A_normalized_signals,243,6,20.0,17.0,3.0
2025,7,00-0035700,Josh Jacobs,RB,GB,18.8,21.621721059015346,A_normalized_signals,243,6,9.0,3.0,6.0
2025,7,00-0037594,Julius Chestnut,RB,TEN,0.0,2.3644590299273345,A_normalized_signals,243,6,72.0,70.0,2.0
2025,7,00-0033923,Kareem Hunt,RB,KC,1.8,9.031312628801139,A_normalized_signals,243,6,58.0,38.0,20.0
2025,7,00-0038551,Kendre Miller,RB,NO,0.7,9.499298896795981,A_normalized_signals,243,6,68.0,37.0,31.0
2025,7,00-0036842,Kene Nwangwu,RB,NYJ,0.0,0.9733458267055879,A_normalized_signals,243,6,72.0,75.0,3.0
2025,7,00-0038134,Kenneth Walker III,RB,SEA,6.6,12.73152686542676,A_normalized_signals,243,6,33.0,25.0,8.0
2025,7,00-0036919,Kenny Gainwell,RB,PIT,3.5,12.55412056741497,A_normalized_signals,243,6,48.0,26.0,22.0
2025,7,00-0039391,Kimani Vidal,RB,LAC,7.5,8.514601228916817,A_normalized_signals,243,6,27.0,40.0,13.0
2025,7,00-0040236,Kyle Monangai,RB,CHI,17.4,5.439992413956623,A_normalized_signals,243,6,12.0,52.0,40.0
2025,7,00-0037840,Kyren Williams,RB,LA,8.5,16.035760795119614,A_normalized_signals,243,6,25.0,12.0,13.0
2025,7,00-0040238,LeQuint Allen Jr.,RB,JAX,1.4,2.39637690078246,A_normalized_signals,243,6,63.0,68.0,5.0
2025,7,00-0036924,Michael Carter,RB,ARI,5.6,11.833706948117966,A_normalized_signals,243,6,38.0,28.0,10.0
2025,7,00-0034791,Nick Chubb,RB,HOU,2.1,12.180784789652813,A_normalized_signals,243,6,56.0,27.0,29.0
2025,7,00-0034367,Nyheim Hines,RB,LAC,0.0,0.9733458267055879,A_normalized_signals,243,6,72.0,75.0,3.0
2025,7,00-0040198,Ollie Gordon II,RB,MIA,2.3,4.38707666582425,A_normalized_signals,243,6,54.0,60.0,6.0
2025,7,00-0040784,Quinshon Judkins,RB,CLE,26.4,18.230161420991195,A_normalized_signals,243,6,4.0,8.0,4.0
2025,7,00-0040730,RJ Harvey,RB,DEN,7.2,10.230147157462069,A_normalized_signals,243,6,29.0,34.0,5.0
2025,7,00-0037256,Rachaad White,RB,TB,8.4,14.135939306918136,A_normalized_signals,243,6,26.0,21.0,5.0
2025,7,00-0031687,Raheem Mostert,RB,LV,1.2,5.5703541545105315,A_normalized_signals,243,6,66.0,50.0,16.0
2025,7,00-0036875,Rhamondre Stevenson,RB,NE,16.8,9.92500930662224,A_normalized_signals,243,6,13.0,35.0,22.0
2025,7,00-0036139,Rico Dowdle,RB,CAR,10.6,21.657229305012248,A_normalized_signals,243,6,21.0,2.0,19.0
2025,7,00-0039021,Roschon Johnson,RB,CHI,1.1,1.4739800676165453,A_normalized_signals,243,6,67.0,74.0,7.0
2025,7,00-0033526,Samaje Perine,RB,CIN,3.1,5.448523885328151,A_normalized_signals,243,6,49.0,51.0,2.0
2025,7,00-0034844,Saquon Barkley,RB,PHI,5.2,13.376447231307942,A_normalized_signals,243,6,40.0,22.0,18.0
2025,7,00-0038951,Sean Tucker,RB,TB,1.6,4.429270734630494,A_normalized_signals,243,6,60.0,58.0,2.0
2025,7,00-0040208,Tahj Brooks,RB,CIN,0.0,2.5988931309413226,A_normalized_signals,243,6,72.0,64.0,8.0
2025,7,00-0038555,Tank Bigsby,RB,PHI,2.0,0.9733458267055879,A_normalized_signals,243,6,57.0,75.0,18.0
2025,7,00-0035261,Tony Pollard,RB,TEN,12.1,12.864669519545156,A_normalized_signals,243,6,18.0,23.0,5.0
2025,7,00-0036973,Travis Etienne,RB,JAX,6.5,15.69531786421858,A_normalized_signals,243,6,34.0,14.0,20.0
2025,7,00-0040734,TreVeyon Henderson,RB,NE,0.5,8.949422546079212,A_normalized_signals,243,6,69.0,39.0,30.0
2025,7,00-0040644,Trevor Etienne,RB,CAR,0.0,5.119121063655968,A_normalized_signals,243,6,72.0,54.0,18.0
2025,7,00-0039032,Tyjae Spears,RB,TEN,7.0,6.134964737337635,A_normalized_signals,243,6,32.0,46.0,14.0
2025,7,00-0037263,Tyler Allgeier,RB,ATL,1.6,9.701126153777306,A_normalized_signals,243,6,60.0,36.0,24.0
2025,7,00-0037085,Tyler Badie,RB,DEN,3.9,2.3845083898969106,A_normalized_signals,243,6,45.0,69.0,24.0
2025,7,00-0039384,Tyrone Tracy Jr.,RB,NYG,10.6,7.957522292297464,A_normalized_signals,243,6,21.0,41.0,20.0
2025,7,00-0039746,Will Shipley,RB,PHI,1.7,2.397938350429166,A_normalized_signals,243,6,59.0,67.0,8.0
2025,7,00-0040583,Woody Marks,RB,HOU,12.5,11.714745932477406,A_normalized_signals,243,6,16.0,29.0,13.0
2025,7,00-0039165,Zach Charbonnet,RB,SEA,19.5,10.95822681186656,A_normalized_signals,243,6,8.0,31.0,23.0
2025,7,00-0038440,Zavier Scott,RB,MIN,1.6,7.940451121535022,A_normalized_signals,243,6,60.0,42.0,18.0
2025,8,00-0033293,Aaron Jones,RB,MIN,5.0,6.353550004755364,A_normalized_signals,325,7,41.0,35.0,6.0
2025,8,00-0033906,Alvin Kamara,RB,NO,6.5,12.139785435976144,A_normalized_signals,325,7,35.0,22.0,13.0
2025,8,00-0032104,Ameer Abdullah,RB,IND,1.8,3.0233559028904233,A_normalized_signals,325,7,51.0,57.0,6.0
2025,8,00-0038542,Bijan Robinson,RB,ATL,7.8,17.89187694164576,A_normalized_signals,325,7,32.0,6.0,26.0
2025,8,00-0040078,Brashard Smith,RB,KC,0.8,8.710867488114687,A_normalized_signals,325,7,59.0,31.0,28.0
2025,8,00-0038120,Breece Hall,RB,NYJ,32.86,13.402726408333859,A_normalized_signals,325,7,4.0,17.0,13.0
2025,8,00-0037746,Brian Robinson,RB,SF,0.0,4.507343480632384,A_normalized_signals,325,7,69.0,47.0,22.0
2025,8,00-0039603,British Brooks,RB,HOU,0.0,2.201137571720041,A_normalized_signals,325,7,69.0,61.0,8.0
2025,8,00-0040715,Cam Skattebo,RB,NYG,10.0,17.578363889964717,A_normalized_signals,325,7,24.0,7.0,17.0
2025,8,00-0038597,Chase Brown,RB,CIN,25.5,11.341608845831026,A_normalized_signals,325,7,5.0,26.0,21.0
2025,8,00-0038685,Chris Brooks,RB,GB,0.0,1.445690725780651,A_normalized_signals,325,7,69.0,68.0,1.0
2025,8,00-0038611,Chris Rodriguez Jr.,RB,WAS,0.2,6.168588317371884,A_normalized_signals,325,7,64.0,36.0,28.0
2025,8,00-0033280,Christian McCaffrey,RB,SF,9.8,23.331671649908916,A_normalized_signals,325,7,25.0,1.0,24.0
2025,8,00-0036555,Chuba Hubbard,RB,CAR,9.4,12.806721487653355,A_normalized_signals,325,7,26.0,20.0,6.0
2025,8,00-0036275,D'Andre Swift,RB,CHI,15.1,16.76485776898786,A_normalized_signals,325,7,15.0,9.0,6.0
2025,8,00-0037258,Dameon Pierce,RB,HOU,0.0,5.014493818601405,A_normalized_signals,325,7,69.0,46.0,23.0
2025,8,00-0033854,Dare Ogunbowale,RB,HOU,2.7,1.0241849717400673,A_normalized_signals,325,7,48.0,71.0,23.0
2025,8,00-0039040,De'Von Achane,RB,MIA,20.1,14.401281308267507,A_normalized_signals,325,7,7.0,14.0,7.0
2025,8,00-0032764,Derrick Henry,RB,BAL,19.1,15.41227890105948,A_normalized_signals,325,7,9.0,12.0,3.0
2025,8,00-0040202,Devin Neal,RB,NO,4.1,1.8427583583820768,A_normalized_signals,325,7,45.0,65.0,20.0
2025,8,00-0035250,Devin Singletary,RB,NYG,3.8,3.681907686806698,A_normalized_signals,325,7,46.0,55.0,9.0
2025,8,00-0040162,Dylan Sampson,RB,CLE,7.9,3.8686320101451317,A_normalized_signals,325,7,31.0,54.0,23.0
2025,8,00-0038797,Emanuel Wilson,RB,GB,11.7,6.490804881321836,A_normalized_signals,325,7,21.0,33.0,12.0
2025,8,00-0038738,Hunter Luepke,RB,DAL,0.2,1.7156758363507052,A_normalized_signals,325,7,64.0,66.0,2.0
2025,8,00-0039798,Isaiah Davis,RB,NYJ,15.9,3.940986908842121,A_normalized_signals,325,7,14.0,53.0,39.0
2025,8,00-0037197,Isiah Pacheco,RB,KC,5.8,11.915523100347674,A_normalized_signals,325,7,38.0,24.0,14.0
2025,8,00-0036158,J.K. Dobbins,RB,DEN,14.1,14.137924555542144,A_normalized_signals,325,7,17.0,16.0,1.0
2025,8,00-0040242,Jacory Croskey-Merritt,RB,WAS,2.5,12.690664967581366,A_normalized_signals,325,7,49.0,21.0,28.0
2025,8,00-0037248,James Cook,RB,BUF,33.6,16.38717386995699,A_normalized_signals,325,7,2.0,10.0,8.0
2025,8,00-0036997,Javonte Williams,RB,DAL,17.9,17.498005491334652,A_normalized_signals,325,7,10.0,8.0,2.0
2025,8,00-0040586,Jaydon Blue,RB,DAL,2.9,4.135429624847655,A_normalized_signals,325,7,47.0,51.0,4.0
2025,8,00-0037228,Jaylen Warren,RB,PIT,9.3,15.92631340595451,A_normalized_signals,325,7,28.0,11.0,17.0
2025,8,00-0033955,Jeremy McNichols,RB,WAS,11.8,4.245188787669097,A_normalized_signals,325,7,20.0,49.0,29.0
2025,8,00-0037267,Jerome Ford,RB,CLE,0.9,5.289715534812281,A_normalized_signals,325,7,58.0,44.0,14.0
2025,8,00-0036223,Jonathan Taylor,RB,IND,37.4,18.330119312113293,A_normalized_signals,325,7,1.0,3.0,2.0
2025,8,00-0037525,Jordan Mason,RB,MIN,1.6,14.157387541633526,A_normalized_signals,325,7,52.0,15.0,37.0
2025,8,00-0035700,Josh Jacobs,RB,GB,13.5,17.91787340275478,A_normalized_signals,325,7,19.0,5.0,14.0
2025,8,00-0040429,Josh Williams,RB,TB,1.1,0.8763012442941036,A_normalized_signals,325,7,57.0,72.0,15.0
2025,8,00-0037594,Julius Chestnut,RB,TEN,0.5,1.1320750146795762,A_normalized_signals,325,7,62.0,69.0,7.0
2025,8,00-0034975,Justice Hill,RB,BAL,0.2,6.047499671334748,A_normalized_signals,325,7,64.0,39.0,25.0
2025,8,00-0033923,Kareem Hunt,RB,KC,17.2,6.448721047349122,A_normalized_signals,325,7,11.0,34.0,23.0
2025,8,00-0038454,Keaton Mitchell,RB,BAL,4.3,2.512172675143537,A_normalized_signals,325,7,44.0,58.0,14.0
2025,8,00-0036919,Kenny Gainwell,RB,PIT,5.5,11.568793819062094,A_normalized_signals,325,7,39.0,25.0,14.0
2025,8,00-0039391,Kimani Vidal,RB,LAC,19.7,13.306374154764402,A_normalized_signals,325,7,8.0,18.0,10.0
2025,8,00-0040236,Kyle Monangai,RB,CHI,2.4,7.957465505195087,A_normalized_signals,325,7,50.0,32.0,18.0
2025,8,00-0037563,Malik Davis,RB,DAL,0.3,0.8763012442941036,A_normalized_signals,325,7,63.0,72.0,9.0
2025,8,00-0040547,Nate Carter,RB,ATL,1.4,5.456815279961105,A_normalized_signals,325,7,56.0,43.0,13.0
2025,8,00-0034791,Nick Chubb,RB,HOU,8.9,9.166351989380885,A_normalized_signals,325,7,29.0,30.0,1.0
2025,8,00-0034367,Nyheim Hines,RB,LAC,-0.2,0.8763012442941036,A_normalized_signals,325,7,77.0,72.0,5.0
2025,8,00-0040198,Ollie Gordon II,RB,MIA,13.6,4.045825910329801,A_normalized_signals,325,7,18.0,52.0,34.0
2025,8,00-0040784,Quinshon Judkins,RB,CLE,4.7,18.193745347829378,A_normalized_signals,325,7,42.0,4.0,38.0
2025,8,00-0040730,RJ Harvey,RB,DEN,24.1,5.167311439853307,A_normalized_signals,325,7,6.0,45.0,39.0
2025,8,00-0037256,Rachaad White,RB,TB,8.1,14.9250546828572,A_normalized_signals,325,7,30.0,13.0,17.0
2025,8,00-0039796,Rasheen Ali,RB,BAL,0.0,0.8763012442941036,A_normalized_signals,325,7,69.0,72.0,3.0
2025,8,00-0039875,Ray Davis,RB,BUF,1.6,2.193850821844099,A_normalized_signals,325,7,52.0,62.0,10.0
2025,8,00-0036187,Reggie Gilliam,RB,BUF,0.0,0.8763012442941036,A_normalized_signals,325,7,69.0,72.0,3.0
2025,8,00-0036875,Rhamondre Stevenson,RB,NE,5.9,12.857329577759096,A_normalized_signals,325,7,37.0,19.0,18.0
2025,8,00-0036139,Rico Dowdle,RB,CAR,5.4,20.30674064833281,A_normalized_signals,325,7,40.0,2.0,38.0
2025,8,00-0033526,Samaje Perine,RB,CIN,17.0,6.094849679367026,A_normalized_signals,325,7,13.0,37.0,24.0
2025,8,00-0034844,Saquon Barkley,RB,PHI,33.4,11.179503673715093,A_normalized_signals,325,7,3.0,27.0,24.0
2025,8,00-0038951,Sean Tucker,RB,TB,10.2,4.49021255035541,A_normalized_signals,325,7,23.0,48.0,25.0
2025,8,00-0040208,Tahj Brooks,RB,CIN,0.0,1.9017087610702654,A_normalized_signals,325,7,69.0,63.0,6.0
2025,8,00-0038555,Tank Bigsby,RB,PHI,10.4,1.1184777442921559,A_normalized_signals,325,7,22.0,70.0,48.0
2025,8,00-0039757,Terrell Jennings,RB,NE,1.5,4.141154787074269,A_normalized_signals,325,7,55.0,50.0,5.0
2025,8,00-0035261,Tony Pollard,RB,TEN,6.3,10.806107349867348,A_normalized_signals,325,7,36.0,28.0,8.0
2025,8,00-0035594,Travis Homer,RB,CHI,0.0,0.8763012442941036,A_normalized_signals,325,7,69.0,72.0,3.0
2025,8,00-0040734,TreVeyon Henderson,RB,NE,7.5,5.935368321197054,A_normalized_signals,325,7,33.0,40.0,7.0
2025,8,00-0040644,Trevor Etienne,RB,CAR,1.6,3.0659487888921877,A_normalized_signals,325,7,52.0,56.0,4.0
2025,8,00-0035537,Ty Johnson,RB,BUF,0.6,2.4724594544192096,A_normalized_signals,325,7,60.0,59.0,1.0
2025,8,00-0039032,Tyjae Spears,RB,TEN,17.2,5.674163261467188,A_normalized_signals,325,7,11.0,42.0,31.0
2025,8,00-0037263,Tyler Allgeier,RB,ATL,9.4,9.584557831550557,A_normalized_signals,325,7,26.0,29.0,3.0
2025,8,00-0037085,Tyler Badie,RB,DEN,0.6,2.290324465771411,A_normalized_signals,325,7,60.0,60.0,0.0
2025,8,00-0037120,Tyler Goodson,RB,IND,0.2,1.869796329305279,A_normalized_signals,325,7,64.0,64.0,0.0
2025,8,00-0039384,Tyrone Tracy Jr.,RB,NYG,7.3,6.089957885975057,A_normalized_signals,325,7,34.0,38.0,4.0
2025,8,00-0039746,Will Shipley,RB,PHI,0.2,1.7110214641771773,A_normalized_signals,325,7,64.0,67.0,3.0
2025,8,00-0040583,Woody Marks,RB,HOU,15.1,11.958929987117834,A_normalized_signals,325,7,15.0,23.0,8.0
2025,8,00-0038440,Zavier Scott,RB,MIN,4.4,5.791800697471891,A_normalized_signals,325,7,43.0,41.0,2.0
2025,9,00-0033293,Aaron Jones,RB,MIN,11.8,9.00430839152319,A_normalized_signals,402,8,19.0,30.0,11.0
2025,9,00-0033906,Alvin Kamara,RB,NO,2.7,12.981961347722995,A_normalized_signals,402,8,46.0,19.0,27.0
2025,9,00-0032104,Ameer Abdullah,RB,IND,1.5,3.5481960689889913,A_normalized_signals,402,8,57.0,55.0,2.0
2025,9,00-0040122,Ashton Jeanty,RB,LV,19.9,16.872823131400388,A_normalized_signals,402,8,5.0,8.0,3.0
2025,9,00-0037157,Bam Knight,RB,ARI,6.7,11.59353625768804,A_normalized_signals,402,8,33.0,27.0,6.0
2025,9,00-0040719,Bhayshul Tuten,RB,JAX,9.6,6.220125883328253,A_normalized_signals,402,8,23.0,44.0,21.0
2025,9,00-0038542,Bijan Robinson,RB,ATL,17.6,17.2205672332758,A_normalized_signals,402,8,7.0,7.0,0.0
2025,9,00-0039738,Blake Corum,RB,LA,5.8,7.17193525647029,A_normalized_signals,402,8,35.0,39.0,4.0
2025,9,00-0040078,Brashard Smith,RB,KC,0.7,7.940387544430292,A_normalized_signals,402,8,60.0,35.0,25.0
2025,9,00-0037746,Brian Robinson,RB,SF,11.3,3.3893487861444256,A_normalized_signals,402,8,21.0,56.0,35.0
2025,9,00-0039603,British Brooks,RB,HOU,0.0,1.4611643574218796,A_normalized_signals,402,8,65.0,68.0,3.0
2025,9,00-0038597,Chase Brown,RB,CIN,19.2,14.062014378457757,A_normalized_signals,402,8,6.0,17.0,11.0
2025,9,00-0038685,Chris Brooks,RB,GB,4.4,1.338652903649452,A_normalized_signals,402,8,40.0,70.0,30.0
2025,9,00-0038611,Chris Rodriguez Jr.,RB,WAS,12.5,4.4352566796035,A_normalized_signals,402,8,17.0,51.0,34.0
2025,9,00-0033280,Christian McCaffrey,RB,SF,34.3,21.802377116713615,A_normalized_signals,402,8,1.0,1.0,0.0
2025,9,00-0036555,Chuba Hubbard,RB,CAR,1.7,12.47926156060048,A_normalized_signals,402,8,56.0,23.0,33.0
2025,9,00-0033854,Dare Ogunbowale,RB,HOU,1.2,1.6838172445230355,A_normalized_signals,402,8,58.0,66.0,8.0
2025,9,00-0035685,David Montgomery,RB,DET,13.0,12.21797996524096,A_normalized_signals,402,8,15.0,25.0,10.0
2025,9,00-0039040,De'Von Achane,RB,MIA,16.6,19.293284675641655,A_normalized_signals,402,8,10.0,2.0,8.0
2025,9,00-0032764,Derrick Henry,RB,BAL,13.1,19.229364594641627,A_normalized_signals,402,8,14.0,3.0,11.0
2025,9,00-0040202,Devin Neal,RB,NO,2.2,2.3905344631417296,A_normalized_signals,402,8,52.0,61.0,9.0
2025,9,00-0035250,Devin Singletary,RB,NYG,7.1,3.1562853746101753,A_normalized_signals,402,8,31.0,58.0,27.0
2025,9,00-0039407,Dylan Laube,RB,LV,0.0,1.9570126659429095,A_normalized_signals,402,8,65.0,63.0,2.0
2025,9,00-0038797,Emanuel Wilson,RB,GB,2.7,8.242203949639897,A_normalized_signals,402,8,46.0,33.0,13.0
2025,9,00-0038705,Emari Demercado,RB,ARI,8.8,3.8384840275548844,A_normalized_signals,402,8,26.0,52.0,26.0
2025,9,00-0039299,George Holani,RB,SEA,0.9,1.2570366153012795,A_normalized_signals,402,8,59.0,72.0,13.0
2025,9,00-0038738,Hunter Luepke,RB,DAL,0.0,1.8849720101801202,A_normalized_signals,402,8,65.0,64.0,1.0
2025,9,00-0039363,Isaac Guerendo,RB,SF,0.0,1.2570366153012795,A_normalized_signals,402,8,65.0,72.0,7.0
2025,9,00-0036158,J.K. Dobbins,RB,DEN,6.9,14.529052204262067,A_normalized_signals,402,8,32.0,15.0,17.0
2025,9,00-0038896,Jacob Saylors,RB,DET,0.0,1.283918051485665,A_normalized_signals,402,8,65.0,71.0,6.0
2025,9,00-0040242,Jacory Croskey-Merritt,RB,WAS,5.1,12.457387080415435,A_normalized_signals,402,8,38.0,24.0,14.0
2025,9,00-0039139,Jahmyr Gibbs,RB,DET,5.8,16.05792721946702,A_normalized_signals,402,8,35.0,11.0,24.0
2025,9,00-0037248,James Cook,RB,BUF,13.5,14.72179749475344,A_normalized_signals,402,8,13.0,14.0,1.0
2025,9,00-0036755,Jaret Patterson,RB,LAC,4.4,7.769440050765684,A_normalized_signals,402,8,40.0,36.0,4.0
2025,9,00-0036997,Javonte Williams,RB,DAL,9.3,18.359477473663766,A_normalized_signals,402,8,24.0,6.0,18.0
2025,9,00-0037228,Jaylen Warren,RB,PIT,16.9,15.630306841888821,A_normalized_signals,402,8,9.0,12.0,3.0
2025,9,00-0033955,Jeremy McNichols,RB,WAS,0.0,6.032474946513184,A_normalized_signals,402,8,65.0,45.0,20.0
2025,9,00-0036223,Jonathan Taylor,RB,IND,7.7,18.66211290915833,A_normalized_signals,402,8,29.0,4.0,25.0
2025,9,00-0037525,Jordan Mason,RB,MIN,4.7,12.529994588655608,A_normalized_signals,402,8,39.0,21.0,18.0
2025,9,00-0035700,Josh Jacobs,RB,GB,20.0,16.800156991354385,A_normalized_signals,402,8,4.0,10.0,6.0
2025,9,00-0037594,Julius Chestnut,RB,TEN,0.0,1.3814171444265408,A_normalized_signals,402,8,65.0,69.0,4.0
2025,9,00-0034975,Justice Hill,RB,BAL,3.5,4.542183897864208,A_normalized_signals,402,8,42.0,50.0,8.0
2025,9,00-0040142,Kaleb Johnson,RB,PIT,2.3,4.996508609726382,A_normalized_signals,402,8,51.0,47.0,4.0
2025,9,00-0033923,Kareem Hunt,RB,KC,12.5,6.486860665243286,A_normalized_signals,402,8,17.0,42.0,25.0
2025,9,00-0038454,Keaton Mitchell,RB,BAL,2.8,3.376553470270601,A_normalized_signals,402,8,45.0,57.0,12.0
2025,9,00-0038134,Kenneth Walker III,RB,SEA,8.1,12.525983117793672,A_normalized_signals,402,8,27.0,22.0,5.0
2025,9,00-0036919,Kenny Gainwell,RB,PIT,7.4,7.50494477399447,A_normalized_signals,402,8,30.0,38.0,8.0
2025,9,00-0039391,Kimani Vidal,RB,LAC,3.0,18.426536821641683,A_normalized_signals,402,8,44.0,5.0,39.0
2025,9,00-0040236,Kyle Monangai,RB,CHI,22.8,8.93170805724684,A_normalized_signals,402,8,3.0,32.0,29.0
2025,9,00-0037840,Kyren Williams,RB,LA,17.4,16.864154958500855,A_normalized_signals,402,8,8.0,9.0,1.0
2025,9,00-0040238,LeQuint Allen Jr.,RB,JAX,2.1,1.8388479734678773,A_normalized_signals,402,8,53.0,65.0,12.0
2025,9,00-0037563,Malik Davis,RB,DAL,0.3,1.4778700450551796,A_normalized_signals,402,8,63.0,67.0,4.0
2025,9,00-0034791,Nick Chubb,RB,HOU,3.4,10.86469832722985,A_normalized_signals,402,8,43.0,28.0,15.0
2025,9,00-0040198,Ollie Gordon II,RB,MIA,1.9,6.796415343329663,A_normalized_signals,402,8,54.0,41.0,13.0
2025,9,00-0040730,RJ Harvey,RB,DEN,16.6,6.338201383318277,A_normalized_signals,402,8,10.0,43.0,33.0
2025,9,00-0031687,Raheem Mostert,RB,LV,2.4,4.885734539535097,A_normalized_signals,402,8,50.0,48.0,2.0
2025,9,00-0039796,Rasheen Ali,RB,BAL,0.0,1.2570366153012795,A_normalized_signals,402,8,65.0,72.0,7.0
2025,9,00-0039875,Ray Davis,RB,BUF,0.0,4.6791188526558525,A_normalized_signals,402,8,65.0,49.0,16.0
2025,9,00-0036187,Reggie Gilliam,RB,BUF,0.0,1.2570366153012795,A_normalized_signals,402,8,65.0,72.0,7.0
2025,9,00-0036139,Rico Dowdle,RB,CAR,28.1,15.35271605799979,A_normalized_signals,402,8,2.0,13.0,11.0
2025,9,00-0040649,Robbie Ouzts,RB,SEA,0.0,1.2570366153012795,A_normalized_signals,402,8,65.0,72.0,7.0
2025,9,00-0033526,Samaje Perine,RB,CIN,0.5,8.98950199940938,A_normalized_signals,402,8,62.0,31.0,31.0
2025,9,00-0039364,Sione Vaki,RB,DET,0.0,1.2570366153012795,A_normalized_signals,402,8,65.0,72.0,7.0
2025,9,00-0040208,Tahj Brooks,RB,CIN,0.1,1.2570366153012795,A_normalized_signals,402,8,64.0,72.0,8.0
2025,9,00-0039757,Terrell Jennings,RB,NE,11.4,3.809934231466787,A_normalized_signals,402,8,20.0,53.0,33.0
2025,9,00-0035261,Tony Pollard,RB,TEN,7.8,12.789210835409769,A_normalized_signals,402,8,28.0,20.0,8.0
2025,9,00-0036973,Travis Etienne,RB,JAX,16.5,14.25953896367216,A_normalized_signals,402,8,12.0,16.0,4.0
2025,9,00-0035594,Travis Homer,RB,CHI,0.0,1.2570366153012795,A_normalized_signals,402,8,65.0,72.0,7.0
2025,9,00-0040734,TreVeyon Henderson,RB,NE,12.7,6.901972080413006,A_normalized_signals,402,8,16.0,40.0,24.0
2025,9,00-0040644,Trevor Etienne,RB,CAR,0.0,2.6935214735546333,A_normalized_signals,402,8,65.0,59.0,6.0
2025,9,00-0036984,Trey Sermon,RB,PIT,0.0,1.2570366153012795,A_normalized_signals,402,8,65.0,72.0,7.0
2025,9,00-0035537,Ty Johnson,RB,BUF,10.0,3.651121652630252,A_normalized_signals,402,8,22.0,54.0,32.0
2025,9,00-0039032,Tyjae Spears,RB,TEN,9.2,10.437794904879341,A_normalized_signals,402,8,25.0,29.0,4.0
2025,9,00-0037263,Tyler Allgeier,RB,ATL,0.6,7.756693620620168,A_normalized_signals,402,8,61.0,37.0,24.0
2025,9,00-0037085,Tyler Badie,RB,DEN,2.6,2.1737899723680254,A_normalized_signals,402,8,49.0,62.0,13.0
2025,9,00-0037120,Tyler Goodson,RB,IND,1.8,2.5395249759380323,A_normalized_signals,402,8,55.0,60.0,5.0
2025,9,00-0039384,Tyrone Tracy Jr.,RB,NYG,6.7,7.996818917557049,A_normalized_signals,402,8,33.0,34.0,1.0
2025,9,00-0040583,Woody Marks,RB,HOU,2.7,11.699388545679842,A_normalized_signals,402,8,46.0,26.0,20.0
2025,9,00-0039165,Zach Charbonnet,RB,SEA,5.6,13.364854044455189,A_normalized_signals,402,8,37.0,18.0,19.0
2025,9,00-0038440,Zavier Scott,RB,MIN,0.0,5.924351784424206,A_normalized_signals,402,8,65.0,46.0,19.0
2025,10,00-0033293,Aaron Jones,RB,MIN,15.9,8.549791923200715,A_normalized_signals,482,9,12.0,35.0,23.0
2025,10,00-0033906,Alvin Kamara,RB,NO,14.5,10.592007271542263,A_normalized_signals,482,9,17.0,27.0,10.0
2025,10,00-0032104,Ameer Abdullah,RB,IND,1.8,3.292064700497891,A_normalized_signals,482,9,54.0,61.0,7.0
2025,10,00-0040122,Ashton Jeanty,RB,LV,15.3,15.928820057257823,A_normalized_signals,482,9,14.0,7.0,7.0
2025,10,00-0037157,Bam Knight,RB,ARI,4.3,11.659109285992297,A_normalized_signals,482,9,43.0,22.0,21.0
2025,10,00-0040719,Bhayshul Tuten,RB,JAX,2.0,6.765749341344065,A_normalized_signals,482,9,53.0,40.0,13.0
2025,10,00-0038542,Bijan Robinson,RB,ATL,10.8,17.020651584220523,A_normalized_signals,482,9,25.0,5.0,20.0
2025,10,00-0039738,Blake Corum,RB,LA,5.6,7.910575773680848,A_normalized_signals,482,9,40.0,37.0,3.0
2025,10,00-0038488,Brady Russell,RB,SEA,0.0,1.2093299275435245,A_normalized_signals,482,9,69.0,74.0,5.0
2025,10,00-0038120,Breece Hall,RB,NYJ,19.5,14.346213002017489,A_normalized_signals,482,9,7.0,16.0,9.0
2025,10,00-0037746,Brian Robinson,RB,SF,11.5,3.808530617678605,A_normalized_signals,482,9,22.0,58.0,36.0
2025,10,00-0038685,Chris Brooks,RB,GB,0.0,1.7144397443297978,A_normalized_signals,482,9,69.0,72.0,3.0
2025,10,00-0038611,Chris Rodriguez Jr.,RB,WAS,7.6,5.026855096350732,A_normalized_signals,482,9,36.0,50.0,14.0
2025,10,00-0033280,Christian McCaffrey,RB,SF,17.6,21.860221188738812,A_normalized_signals,482,9,10.0,1.0,9.0
2025,10,00-0036555,Chuba Hubbard,RB,CAR,2.5,9.38740877690207,A_normalized_signals,482,9,49.0,32.0,17.0
2025,10,00-0036275,D'Andre Swift,RB,CHI,14.8,14.574397936547019,A_normalized_signals,482,9,16.0,12.0,4.0
2025,10,00-0035628,D'Ernest Johnson,RB,NE,0.1,1.8466135278320177,A_normalized_signals,482,9,66.0,70.0,4.0
2025,10,00-0037258,Dameon Pierce,RB,HOU,0.0,3.2322594886994187,A_normalized_signals,482,9,69.0,63.0,6.0
2025,10,00-0035685,David Montgomery,RB,DET,8.1,9.999400261316167,A_normalized_signals,482,9,33.0,29.0,4.0
2025,10,00-0039040,De'Von Achane,RB,MIA,40.5,17.797810038644855,A_normalized_signals,482,9,2.0,2.0,0.0
2025,10,00-0032764,Derrick Henry,RB,BAL,11.4,16.258815272267274,A_normalized_signals,482,9,23.0,6.0,17.0
2025,10,00-0040202,Devin Neal,RB,NO,6.1,3.3156408095312218,A_normalized_signals,482,9,38.0,60.0,22.0
2025,10,00-0035250,Devin Singletary,RB,NYG,10.3,4.964298559812637,A_normalized_signals,482,9,28.0,51.0,23.0
2025,10,00-0039407,Dylan Laube,RB,LV,0.0,2.1983393325322806,A_normalized_signals,482,9,69.0,68.0,1.0
2025,10,00-0040162,Dylan Sampson,RB,CLE,0.9,5.718998641358496,A_normalized_signals,482,9,58.0,47.0,11.0
2025,10,00-0038797,Emanuel Wilson,RB,GB,1.4,9.0814853518287,A_normalized_signals,482,9,57.0,33.0,24.0
2025,10,00-0038705,Emari Demercado,RB,ARI,13.4,5.815952892690837,A_normalized_signals,482,9,19.0,46.0,27.0
2025,10,00-0039299,George Holani,RB,SEA,9.1,1.6747481387657985,A_normalized_signals,482,9,30.0,73.0,43.0
2025,10,00-0039798,Isaiah Davis,RB,NYJ,2.1,6.123337277169122,A_normalized_signals,482,9,52.0,45.0,7.0
2025,10,00-0036158,J.K. Dobbins,RB,DEN,9.4,13.30889654522708,A_normalized_signals,482,9,29.0,19.0,10.0
2025,10,00-0040242,Jacory Croskey-Merritt,RB,WAS,3.0,9.530048323027732,A_normalized_signals,482,9,48.0,31.0,17.0
2025,10,00-0039139,Jahmyr Gibbs,RB,DET,38.2,14.500724460199912,A_normalized_signals,482,9,3.0,13.0,10.0
2025,10,00-0037248,James Cook,RB,BUF,12.7,15.566359935296951,A_normalized_signals,482,9,21.0,9.0,12.0
2025,10,00-0036755,Jaret Patterson,RB,LAC,0.1,6.871763227188835,A_normalized_signals,482,9,66.0,39.0,27.0
2025,10,00-0037228,Jaylen Warren,RB,PIT,11.1,17.237721186411303,A_normalized_signals,482,9,24.0,3.0,21.0
2025,10,00-0039874,Jaylen Wright,RB,MIA,1.7,6.43400860871137,A_normalized_signals,482,9,55.0,43.0,12.0
2025,10,00-0033955,Jeremy McNichols,RB,WAS,3.9,4.345156395617667,A_normalized_signals,482,9,45.0,53.0,8.0
2025,10,00-0037267,Jerome Ford,RB,CLE,0.1,3.8995883991554217,A_normalized_signals,482,9,66.0,56.0,10.0
2025,10,00-0036223,Jonathan Taylor,RB,IND,49.6,17.18319234908878,A_normalized_signals,482,9,1.0,4.0,3.0
2025,10,00-0037525,Jordan Mason,RB,MIN,4.1,10.24516898088334,A_normalized_signals,482,9,44.0,28.0,16.0
2025,10,00-0035700,Josh Jacobs,RB,GB,21.7,15.713936137419678,A_normalized_signals,482,9,6.0,8.0,2.0
2025,10,00-0034975,Justice Hill,RB,BAL,8.3,4.288857859127211,A_normalized_signals,482,9,32.0,54.0,22.0
2025,10,00-0040142,Kaleb Johnson,RB,PIT,0.3,4.734214408654653,A_normalized_signals,482,9,65.0,52.0,13.0
2025,10,00-0038454,Keaton Mitchell,RB,BAL,3.1,3.260330353801341,A_normalized_signals,482,9,47.0,62.0,15.0
2025,10,00-0036842,Kene Nwangwu,RB,NYJ,0.0,1.2093299275435245,A_normalized_signals,482,9,69.0,74.0,5.0
2025,10,00-0038134,Kenneth Walker III,RB,SEA,8.0,11.040379051384994,A_normalized_signals,482,9,35.0,25.0,10.0
2025,10,00-0036919,Kenny Gainwell,RB,PIT,2.4,6.447778748209715,A_normalized_signals,482,9,51.0,42.0,9.0
2025,10,00-0039391,Kimani Vidal,RB,LAC,17.8,13.054851691319284,A_normalized_signals,482,9,8.0,21.0,13.0
2025,10,00-0040236,Kyle Monangai,RB,CHI,8.8,13.491849264626632,A_normalized_signals,482,9,31.0,18.0,13.0
2025,10,00-0037840,Kyren Williams,RB,LA,22.4,14.031430904608616,A_normalized_signals,482,9,5.0,17.0,12.0
2025,10,00-0040238,LeQuint Allen Jr.,RB,JAX,1.6,2.4989033854848923,A_normalized_signals,482,9,56.0,65.0,9.0
2025,10,00-0036924,Michael Carter,RB,ARI,0.4,11.585212266970277,A_normalized_signals,482,9,62.0,23.0,39.0
2025,10,00-0034791,Nick Chubb,RB,HOU,6.2,9.557999974207771,A_normalized_signals,482,9,37.0,30.0,7.0
2025,10,00-0040198,Ollie Gordon II,RB,MIA,-0.3,6.1236305826820345,A_normalized_signals,482,9,78.0,44.0,34.0
2025,10,00-0040784,Quinshon Judkins,RB,CLE,10.5,14.357670501105902,A_normalized_signals,482,9,26.0,15.0,11.0
2025,10,00-0040730,RJ Harvey,RB,DEN,3.8,7.231348127095265,A_normalized_signals,482,9,46.0,38.0,8.0
2025,10,00-0037256,Rachaad White,RB,TB,10.4,15.311310509739773,A_normalized_signals,482,9,27.0,10.0,17.0
2025,10,00-0031687,Raheem Mostert,RB,LV,2.5,2.7493054013404117,A_normalized_signals,482,9,49.0,64.0,15.0
2025,10,00-0039875,Ray Davis,RB,BUF,0.8,3.8721808969160447,A_normalized_signals,482,9,59.0,57.0,2.0
2025,10,00-0036139,Rico Dowdle,RB,CAR,15.3,13.2932089484989,A_normalized_signals,482,9,14.0,20.0,6.0
2025,10,00-0040649,Robbie Ouzts,RB,SEA,0.0,1.2093299275435245,A_normalized_signals,482,9,69.0,74.0,5.0
2025,10,00-0034844,Saquon Barkley,RB,PHI,13.1,15.073277723381482,A_normalized_signals,482,9,20.0,11.0,9.0
2025,10,00-0038951,Sean Tucker,RB,TB,6.1,6.614731808401361,A_normalized_signals,482,9,38.0,41.0,3.0
2025,10,00-0039364,Sione Vaki,RB,DET,0.4,1.2093299275435245,A_normalized_signals,482,9,62.0,74.0,12.0
2025,10,00-0038555,Tank Bigsby,RB,PHI,0.7,3.5754654537036235,A_normalized_signals,482,9,60.0,59.0,1.0
2025,10,00-0039757,Terrell Jennings,RB,NE,0.5,5.25430086502419,A_normalized_signals,482,9,61.0,48.0,13.0
2025,10,00-0036973,Travis Etienne,RB,JAX,15.7,14.471253041700068,A_normalized_signals,482,9,13.0,14.0,1.0
2025,10,00-0040734,TreVeyon Henderson,RB,NE,28.0,8.098318743783185,A_normalized_signals,482,9,4.0,36.0,32.0
2025,10,00-0040644,Trevor Etienne,RB,CAR,0.0,1.8631273699193378,A_normalized_signals,482,9,69.0,69.0,0.0
2025,10,00-0036984,Trey Sermon,RB,PIT,0.0,1.2093299275435245,A_normalized_signals,482,9,69.0,74.0,5.0
2025,10,00-0035537,Ty Johnson,RB,BUF,4.6,3.9852429699454426,A_normalized_signals,482,9,42.0,55.0,13.0
2025,10,00-0037263,Tyler Allgeier,RB,ATL,17.7,5.188152420961966,A_normalized_signals,482,9,9.0,49.0,40.0
2025,10,00-0037085,Tyler Badie,RB,DEN,0.0,2.452633896164773,A_normalized_signals,482,9,69.0,66.0,3.0
2025,10,00-0037120,Tyler Goodson,RB,IND,0.4,2.244600313056073,A_normalized_signals,482,9,62.0,67.0,5.0
2025,10,00-0039384,Tyrone Tracy Jr.,RB,NYG,8.1,8.99789441646119,A_normalized_signals,482,9,33.0,34.0,1.0
2025,10,00-0039746,Will Shipley,RB,PHI,5.4,1.7394941542480713,A_normalized_signals,482,9,41.0,71.0,30.0
2025,10,00-0040583,Woody Marks,RB,HOU,16.1,11.390216208148964,A_normalized_signals,482,9,11.0,24.0,13.0
2025,10,00-0039165,Zach Charbonnet,RB,SEA,14.3,10.62201157012041,A_normalized_signals,482,9,18.0,26.0,8.0
2025,11,00-0033293,Aaron Jones,RB,MIN,11.1,11.298649418368889,A_normalized_signals,560,10,22.0,26.0,4.0
2025,11,00-0040122,Ashton Jeanty,RB,LV,9.4,15.9966621631563,A_normalized_signals,560,10,30.0,9.0,21.0
2025,11,00-0037157,Bam Knight,RB,ARI,14.5,10.707621570011097,A_normalized_signals,560,10,18.0,28.0,10.0
2025,11,00-0040719,Bhayshul Tuten,RB,JAX,13.4,6.8290886246731795,A_normalized_signals,560,10,19.0,46.0,27.0
2025,11,00-0038542,Bijan Robinson,RB,ATL,30.3,15.345944548058439,A_normalized_signals,560,10,4.0,14.0,10.0
2025,11,00-0039738,Blake Corum,RB,LA,1.5,8.437630856536407,A_normalized_signals,560,10,62.0,34.0,28.0
2025,11,00-0038488,Brady Russell,RB,SEA,0.0,0.9588933083808441,A_normalized_signals,560,10,74.0,77.0,3.0
2025,11,00-0040078,Brashard Smith,RB,KC,2.8,7.19141404207023,A_normalized_signals,560,10,55.0,43.0,12.0
2025,11,00-0038120,Breece Hall,RB,NYJ,8.4,15.950971712185154,A_normalized_signals,560,10,33.0,10.0,23.0
2025,11,00-0037746,Brian Robinson,RB,SF,2.4,6.003968579281633,A_normalized_signals,560,10,57.0,49.0,8.0
2025,11,00-0038597,Chase Brown,RB,CIN,18.7,17.01016198899058,A_normalized_signals,560,10,12.0,4.0,8.0
2025,11,00-0038685,Chris Brooks,RB,GB,0.8,1.6967013505414403,A_normalized_signals,560,10,67.0,70.0,3.0
2025,11,00-0038611,Chris Rodriguez Jr.,RB,WAS,9.5,6.061911506805839,A_normalized_signals,560,10,29.0,48.0,19.0
2025,11,00-0033280,Christian McCaffrey,RB,SF,35.1,20.319090483223334,A_normalized_signals,560,10,1.0,2.0,1.0
2025,11,00-0036555,Chuba Hubbard,RB,CAR,3.8,6.881556841362443,A_normalized_signals,560,10,50.0,45.0,5.0
2025,11,00-0036275,D'Andre Swift,RB,CHI,9.0,14.647764993606916,A_normalized_signals,560,10,31.0,17.0,14.0
2025,11,00-0035628,D'Ernest Johnson,RB,NE,0.6,1.652334365757989,A_normalized_signals,560,10,68.0,72.0,4.0
2025,11,00-0033854,Dare Ogunbowale,RB,HOU,1.9,1.929686918160372,A_normalized_signals,560,10,59.0,67.0,8.0
2025,11,00-0035685,David Montgomery,RB,DET,4.7,11.39890061592513,A_normalized_signals,560,10,46.0,25.0,21.0
2025,11,00-0039040,De'Von Achane,RB,MIA,21.5,21.090189507765178,A_normalized_signals,560,10,6.0,1.0,5.0
2025,11,00-0032764,Derrick Henry,RB,BAL,20.2,15.10877913935117,A_normalized_signals,560,10,8.0,15.0,7.0
2025,11,00-0035250,Devin Singletary,RB,NYG,17.7,7.533177403893969,A_normalized_signals,560,10,14.0,40.0,26.0
2025,11,00-0039407,Dylan Laube,RB,LV,0.0,2.450355698265401,A_normalized_signals,560,10,74.0,62.0,12.0
2025,11,00-0040162,Dylan Sampson,RB,CLE,1.9,4.88705734860978,A_normalized_signals,560,10,59.0,53.0,6.0
2025,11,00-0038797,Emanuel Wilson,RB,GB,11.9,7.71462146045021,A_normalized_signals,560,10,21.0,38.0,17.0
2025,11,00-0038705,Emari Demercado,RB,ARI,4.0,7.410561275876182,A_normalized_signals,560,10,48.0,41.0,7.0
2025,11,00-0039299,George Holani,RB,SEA,0.6,3.6218490925666122,A_normalized_signals,560,10,68.0,59.0,9.0
2025,11,00-0038738,Hunter Luepke,RB,DAL,7.1,1.547809850588771,A_normalized_signals,560,10,40.0,73.0,33.0
2025,11,00-0039798,Isaiah Davis,RB,NYJ,1.1,6.766812009235952,A_normalized_signals,560,10,64.0,47.0,17.0
2025,11,00-0038896,Jacob Saylors,RB,DET,0.0,0.9588933083808441,A_normalized_signals,560,10,74.0,77.0,3.0
2025,11,00-0040242,Jacory Croskey-Merritt,RB,WAS,4.3,8.20664124295592,A_normalized_signals,560,10,47.0,37.0,10.0
2025,11,00-0039139,Jahmyr Gibbs,RB,DET,19.6,16.141135251397905,A_normalized_signals,560,10,10.0,8.0,2.0
2025,11,00-0038794,Jaleel McLaughlin,RB,DEN,8.4,2.115488100190788,A_normalized_signals,560,10,33.0,64.0,31.0
2025,11,00-0037248,James Cook,RB,BUF,20.4,16.189929135205382,A_normalized_signals,560,10,7.0,7.0,0.0
2025,11,00-0036997,Javonte Williams,RB,DAL,10.3,15.394698415391428,A_normalized_signals,560,10,26.0,12.0,14.0
2025,11,00-0037228,Jaylen Warren,RB,PIT,8.7,16.844958920921048,A_normalized_signals,560,10,32.0,5.0,27.0
2025,11,00-0039874,Jaylen Wright,RB,MIA,0.4,4.810811267051189,A_normalized_signals,560,10,71.0,54.0,17.0
2025,11,00-0033955,Jeremy McNichols,RB,WAS,4.9,4.994882916722747,A_normalized_signals,560,10,45.0,51.0,6.0
2025,11,00-0037267,Jerome Ford,RB,CLE,0.2,2.598845113244759,A_normalized_signals,560,10,72.0,61.0,11.0
2025,11,00-0037525,Jordan Mason,RB,MIN,10.5,7.347414033862704,A_normalized_signals,560,10,24.0,42.0,18.0
2025,11,00-0035700,Josh Jacobs,RB,GB,4.0,17.401645932273325,A_normalized_signals,560,10,48.0,3.0,45.0
2025,11,00-0037594,Julius Chestnut,RB,TEN,0.0,1.6593250927946634,A_normalized_signals,560,10,74.0,71.0,3.0
2025,11,00-0040142,Kaleb Johnson,RB,PIT,1.5,3.32906242624606,A_normalized_signals,560,10,62.0,60.0,2.0
2025,11,00-0033923,Kareem Hunt,RB,KC,13.2,9.599286531220185,A_normalized_signals,560,10,20.0,32.0,12.0
2025,11,00-0038454,Keaton Mitchell,RB,BAL,7.4,3.963476077217056,A_normalized_signals,560,10,39.0,57.0,18.0
2025,11,00-0036842,Kene Nwangwu,RB,NYJ,0.0,0.9588933083808441,A_normalized_signals,560,10,74.0,77.0,3.0
2025,11,00-0038134,Kenneth Walker III,RB,SEA,20.1,10.679700659817582,A_normalized_signals,560,10,9.0,29.0,20.0
2025,11,00-0036919,Kenny Gainwell,RB,PIT,29.5,5.677999038253963,A_normalized_signals,560,10,5.0,50.0,45.0
2025,11,00-0039391,Kimani Vidal,RB,LAC,3.2,14.29220455841498,A_normalized_signals,560,10,54.0,18.0,36.0
2025,11,00-0040236,Kyle Monangai,RB,CHI,10.7,12.19671329008543,A_normalized_signals,560,10,23.0,22.0,1.0
2025,11,00-0037840,Kyren Williams,RB,LA,16.6,13.954606635700413,A_normalized_signals,560,10,15.0,19.0,4.0
2025,11,00-0040238,LeQuint Allen Jr.,RB,JAX,3.6,1.8032068343522218,A_normalized_signals,560,10,51.0,68.0,17.0
2025,11,00-0037563,Malik Davis,RB,DAL,2.0,1.7664534458020071,A_normalized_signals,560,10,58.0,69.0,11.0
2025,11,00-0036924,Michael Carter,RB,ARI,7.8,7.003415784068968,A_normalized_signals,560,10,38.0,44.0,6.0
2025,11,00-0034791,Nick Chubb,RB,HOU,1.7,8.633597368144947,A_normalized_signals,560,10,61.0,33.0,28.0
2025,11,00-0040198,Ollie Gordon II,RB,MIA,10.5,4.897484729194081,A_normalized_signals,560,10,24.0,52.0,28.0
2025,11,00-0033376,Patrick Ricard,RB,BAL,0.0,1.448468677017515,A_normalized_signals,560,10,74.0,76.0,2.0
2025,11,00-0040784,Quinshon Judkins,RB,CLE,5.9,15.356625854550147,A_normalized_signals,560,10,43.0,13.0,30.0
2025,11,00-0040730,RJ Harvey,RB,DEN,8.0,8.291620519792206,A_normalized_signals,560,10,37.0,35.0,2.0
2025,11,00-0037256,Rachaad White,RB,TB,8.2,13.100285126213413,A_normalized_signals,560,10,36.0,20.0,16.0
2025,11,00-0031687,Raheem Mostert,RB,LV,3.3,2.2480952292322427,A_normalized_signals,560,10,53.0,63.0,10.0
2025,11,00-0039796,Rasheen Ali,RB,BAL,2.5,0.9588933083808441,A_normalized_signals,560,10,56.0,77.0,21.0
2025,11,00-0039875,Ray Davis,RB,BUF,0.0,3.8280327423759952,A_normalized_signals,560,10,74.0,58.0,16.0
2025,11,00-0036187,Reggie Gilliam,RB,BUF,0.0,0.9588933083808441,A_normalized_signals,560,10,74.0,77.0,3.0
2025,11,00-0036139,Rico Dowdle,RB,CAR,15.0,15.661595261801333,A_normalized_signals,560,10,16.0,11.0,5.0
2025,11,00-0039021,Roschon Johnson,RB,CHI,0.0,1.5372272865106038,A_normalized_signals,560,10,74.0,74.0,0.0
2025,11,00-0034844,Saquon Barkley,RB,PHI,10.0,16.215751879849957,A_normalized_signals,560,10,27.0,6.0,21.0
2025,11,00-0038951,Sean Tucker,RB,TB,34.0,7.684333838217361,A_normalized_signals,560,10,2.0,39.0,37.0
2025,11,00-0040208,Tahj Brooks,RB,CIN,0.5,1.4588984221104786,A_normalized_signals,560,10,70.0,75.0,5.0
2025,11,00-0038555,Tank Bigsby,RB,PHI,3.4,4.542151582577421,A_normalized_signals,560,10,52.0,55.0,3.0
2025,11,00-0035261,Tony Pollard,RB,TEN,5.6,11.914764841019348,A_normalized_signals,560,10,44.0,23.0,21.0
2025,11,00-0036973,Travis Etienne,RB,JAX,19.3,15.043678950654241,A_normalized_signals,560,10,11.0,16.0,5.0
2025,11,00-0035594,Travis Homer,RB,CHI,-0.2,0.9588933083808441,A_normalized_signals,560,10,83.0,77.0,6.0
2025,11,00-0035291,Trayveon Williams,RB,LAC,0.9,0.9588933083808441,A_normalized_signals,560,10,66.0,77.0,11.0
2025,11,00-0040734,TreVeyon Henderson,RB,NE,32.3,12.710167704600945,A_normalized_signals,560,10,3.0,21.0,18.0
2025,11,00-0040644,Trevor Etienne,RB,CAR,0.2,2.0067874202314075,A_normalized_signals,560,10,72.0,66.0,6.0
2025,11,00-0035537,Ty Johnson,RB,BUF,15.0,4.0920884049082575,A_normalized_signals,560,10,16.0,56.0,40.0
2025,11,00-0039032,Tyjae Spears,RB,TEN,8.4,11.039392091281556,A_normalized_signals,560,10,33.0,27.0,6.0
2025,11,00-0037263,Tyler Allgeier,RB,ATL,9.6,8.209773071323049,A_normalized_signals,560,10,28.0,36.0,8.0
2025,11,00-0037085,Tyler Badie,RB,DEN,1.0,2.0647843774702577,A_normalized_signals,560,10,65.0,65.0,0.0
2025,11,00-0039384,Tyrone Tracy Jr.,RB,NYG,17.9,9.867692385020236,A_normalized_signals,560,10,13.0,31.0,18.0
2025,11,00-0040583,Woody Marks,RB,HOU,6.1,11.909445957256178,A_normalized_signals,560,10,42.0,24.0,18.0
2025,11,00-0039165,Zach Charbonnet,RB,SEA,6.7,9.93025290223254,A_normalized_signals,560,10,41.0,30.0,11.0
2025,12,00-0033293,Aaron Jones,RB,MIN,8.7,12.624642678722521,A_normalized_signals,643,11,27.0,21.0,6.0
2025,12,00-0033906,Alvin Kamara,RB,NO,3.5,10.659521521252683,A_normalized_signals,643,11,47.0,27.0,20.0
2025,12,00-0032104,Ameer Abdullah,RB,IND,0.0,2.556414158050192,A_normalized_signals,643,11,62.0,59.0,3.0
2025,12,00-0040122,Ashton Jeanty,RB,LV,24.8,16.267265820018157,A_normalized_signals,643,11,4.0,7.0,3.0
2025,12,00-0037157,Bam Knight,RB,ARI,13.2,9.849725161960349,A_normalized_signals,643,11,16.0,33.0,17.0
2025,12,00-0040719,Bhayshul Tuten,RB,JAX,1.7,8.315486240638242,A_normalized_signals,643,11,53.0,36.0,17.0
2025,12,00-0038542,Bijan Robinson,RB,ATL,12.7,18.00671992318481,A_normalized_signals,643,11,19.0,5.0,14.0
2025,12,00-0039738,Blake Corum,RB,LA,2.4,7.954057571021448,A_normalized_signals,643,11,50.0,37.0,13.0
2025,12,00-0038488,Brady Russell,RB,SEA,0.0,1.1040466374512772,A_normalized_signals,643,11,62.0,70.0,8.0
2025,12,00-0040078,Brashard Smith,RB,KC,6.6,3.3769662226285067,A_normalized_signals,643,11,34.0,52.0,18.0
2025,12,00-0038120,Breece Hall,RB,NYJ,15.9,14.892671805249496,A_normalized_signals,643,11,13.0,11.0,2.0
2025,12,00-0037746,Brian Robinson,RB,SF,5.4,7.707841286271128,A_normalized_signals,643,11,39.0,38.0,1.0
2025,12,00-0039603,British Brooks,RB,HOU,0.0,2.2814061331186144,A_normalized_signals,643,11,62.0,61.0,1.0
2025,12,00-0038597,Chase Brown,RB,CIN,15.0,18.405653980702752,A_normalized_signals,643,11,14.0,4.0,10.0
2025,12,00-0038685,Chris Brooks,RB,GB,3.6,2.0049989979220944,A_normalized_signals,643,11,46.0,65.0,19.0
2025,12,00-0033280,Christian McCaffrey,RB,SF,27.2,20.291286480524903,A_normalized_signals,643,11,2.0,2.0,0.0
2025,12,00-0036555,Chuba Hubbard,RB,CAR,8.3,4.773409657273488,A_normalized_signals,643,11,29.0,48.0,19.0
2025,12,00-0036360,Clyde Edwards-Helaire,RB,KC,3.7,2.5902095784358066,A_normalized_signals,643,11,45.0,58.0,13.0
2025,12,00-0036275,D'Andre Swift,RB,CHI,3.9,13.092221895829919,A_normalized_signals,643,11,44.0,18.0,26.0
2025,12,00-0033854,Dare Ogunbowale,RB,HOU,0.0,2.0053607597239376,A_normalized_signals,643,11,62.0,64.0,2.0
2025,12,00-0035685,David Montgomery,RB,DET,6.7,10.144115800847944,A_normalized_signals,643,11,33.0,30.0,3.0
2025,12,00-0032764,Derrick Henry,RB,BAL,22.8,14.346000154508815,A_normalized_signals,643,11,5.0,16.0,11.0
2025,12,00-0040202,Devin Neal,RB,NO,11.1,4.48368181281667,A_normalized_signals,643,11,22.0,49.0,27.0
2025,12,00-0035250,Devin Singletary,RB,NYG,4.7,11.026960358807683,A_normalized_signals,643,11,42.0,26.0,16.0
2025,12,00-0039407,Dylan Laube,RB,LV,0.0,1.1040466374512772,A_normalized_signals,643,11,62.0,70.0,8.0
2025,12,00-0040162,Dylan Sampson,RB,CLE,16.2,4.324936343098276,A_normalized_signals,643,11,11.0,51.0,40.0
2025,12,00-0038797,Emanuel Wilson,RB,GB,26.5,7.298419199351031,A_normalized_signals,643,11,3.0,41.0,38.0
2025,12,00-0038738,Hunter Luepke,RB,DAL,1.7,2.435563333069975,A_normalized_signals,643,11,53.0,60.0,7.0
2025,12,00-0039798,Isaiah Davis,RB,NYJ,0.7,5.937033018240841,A_normalized_signals,643,11,57.0,43.0,14.0
2025,12,00-0038896,Jacob Saylors,RB,DET,0.0,1.1040466374512772,A_normalized_signals,643,11,62.0,70.0,8.0
2025,12,00-0039139,Jahmyr Gibbs,RB,DET,55.4,15.674511200536944,A_normalized_signals,643,11,1.0,8.0,7.0
2025,12,00-0037248,James Cook,RB,BUF,21.9,15.554397313831013,A_normalized_signals,643,11,7.0,9.0,2.0
2025,12,00-0036997,Javonte Williams,RB,DAL,12.1,14.26421783470964,A_normalized_signals,643,11,20.0,17.0,3.0
2025,12,00-0037228,Jaylen Warren,RB,PIT,12.8,14.502609493618746,A_normalized_signals,643,11,18.0,14.0,4.0
2025,12,00-0037267,Jerome Ford,RB,CLE,-0.3,1.8494875394045351,A_normalized_signals,643,11,75.0,67.0,8.0
2025,12,00-0036223,Jonathan Taylor,RB,IND,8.6,20.488041147133053,A_normalized_signals,643,11,28.0,1.0,27.0
2025,12,00-0037525,Jordan Mason,RB,MIN,4.2,7.43418353343181,A_normalized_signals,643,11,43.0,40.0,3.0
2025,12,00-0037594,Julius Chestnut,RB,TEN,0.3,1.7559618525520042,A_normalized_signals,643,11,60.0,68.0,8.0
2025,12,00-0034975,Justice Hill,RB,BAL,0.0,3.1790827433505067,A_normalized_signals,643,11,62.0,54.0,8.0
2025,12,00-0033923,Kareem Hunt,RB,KC,22.0,14.469696944456157,A_normalized_signals,643,11,6.0,15.0,9.0
2025,12,00-0038454,Keaton Mitchell,RB,BAL,2.9,5.456113623169674,A_normalized_signals,643,11,48.0,45.0,3.0
2025,12,00-0036842,Kene Nwangwu,RB,NYJ,0.0,1.1040466374512772,A_normalized_signals,643,11,62.0,70.0,8.0
2025,12,00-0038134,Kenneth Walker III,RB,SEA,13.1,11.176928595626704,A_normalized_signals,643,11,17.0,24.0,7.0
2025,12,00-0036919,Kenny Gainwell,RB,PIT,18.2,9.152576668632273,A_normalized_signals,643,11,9.0,34.0,25.0
2025,12,00-0040236,Kyle Monangai,RB,CHI,10.8,12.397002627821447,A_normalized_signals,643,11,24.0,22.0,2.0
2025,12,00-0037840,Kyren Williams,RB,LA,5.8,14.58980580637029,A_normalized_signals,643,11,37.0,13.0,24.0
2025,12,00-0040238,LeQuint Allen Jr.,RB,JAX,0.2,3.156509479388422,A_normalized_signals,643,11,61.0,55.0,6.0
2025,12,00-0037563,Malik Davis,RB,DAL,2.4,2.59057625184554,A_normalized_signals,643,11,50.0,57.0,7.0
2025,12,00-0036924,Michael Carter,RB,ARI,8.8,5.735145491733316,A_normalized_signals,643,11,26.0,44.0,18.0
2025,12,00-0034791,Nick Chubb,RB,HOU,2.5,6.1083638427560905,A_normalized_signals,643,11,49.0,42.0,7.0
2025,12,00-0038458,Owen Wright,RB,TB,0.6,1.1040466374512772,A_normalized_signals,643,11,58.0,70.0,12.0
2025,12,00-0040784,Quinshon Judkins,RB,CLE,16.7,12.912252776385941,A_normalized_signals,643,11,10.0,19.0,9.0
2025,12,00-0037256,Rachaad White,RB,TB,5.2,9.912184611765545,A_normalized_signals,643,11,40.0,32.0,8.0
2025,12,00-0031687,Raheem Mostert,RB,LV,5.0,3.152792513946938,A_normalized_signals,643,11,41.0,56.0,15.0
2025,12,00-0039875,Ray Davis,RB,BUF,0.0,2.0182262320793063,A_normalized_signals,643,11,62.0,63.0,1.0
2025,12,00-0036187,Reggie Gilliam,RB,BUF,1.2,1.1040466374512772,A_normalized_signals,643,11,55.0,70.0,15.0
2025,12,00-0036875,Rhamondre Stevenson,RB,NE,2.0,10.657917898513432,A_normalized_signals,643,11,52.0,28.0,24.0
2025,12,00-0036139,Rico Dowdle,RB,CAR,11.4,19.215770965141196,A_normalized_signals,643,11,21.0,3.0,18.0
2025,12,00-0034844,Saquon Barkley,RB,PHI,14.4,15.083224356835112,A_normalized_signals,643,11,15.0,10.0,5.0
2025,12,00-0038951,Sean Tucker,RB,TB,5.6,12.200712195281977,A_normalized_signals,643,11,38.0,23.0,15.0
2025,12,00-0040208,Tahj Brooks,RB,CIN,0.5,1.8780907751760123,A_normalized_signals,643,11,59.0,66.0,7.0
2025,12,00-0038555,Tank Bigsby,RB,PHI,0.8,4.425548065449312,A_normalized_signals,643,11,56.0,50.0,6.0
2025,12,00-0039757,Terrell Jennings,RB,NE,0.0,5.14668906915901,A_normalized_signals,643,11,62.0,46.0,16.0
2025,12,00-0035261,Tony Pollard,RB,TEN,8.1,11.052867141456682,A_normalized_signals,643,11,31.0,25.0,6.0
2025,12,00-0036973,Travis Etienne,RB,JAX,20.6,14.742427606442543,A_normalized_signals,643,11,8.0,12.0,4.0
2025,12,00-0040734,TreVeyon Henderson,RB,NE,11.1,17.07360801523652,A_normalized_signals,643,11,22.0,6.0,16.0
2025,12,00-0040644,Trevor Etienne,RB,CAR,0.0,1.4264059396158824,A_normalized_signals,643,11,62.0,69.0,7.0
2025,12,00-0035537,Ty Johnson,RB,BUF,8.2,4.997953354314109,A_normalized_signals,643,11,30.0,47.0,17.0
2025,12,00-0039032,Tyjae Spears,RB,TEN,6.5,9.9913166482324,A_normalized_signals,643,11,35.0,31.0,4.0
2025,12,00-0037263,Tyler Allgeier,RB,ATL,5.9,7.462096325164348,A_normalized_signals,643,11,36.0,39.0,3.0
2025,12,00-0037120,Tyler Goodson,RB,IND,0.0,2.147283478776076,A_normalized_signals,643,11,62.0,62.0,0.0
2025,12,00-0039384,Tyrone Tracy Jr.,RB,NYG,16.0,10.194368656619408,A_normalized_signals,643,11,12.0,29.0,17.0
2025,12,00-0039746,Will Shipley,RB,PHI,0.0,3.183513464445437,A_normalized_signals,643,11,62.0,53.0,9.0
2025,12,00-0040583,Woody Marks,RB,HOU,7.9,12.82255519561793,A_normalized_signals,643,11,32.0,20.0,12.0
2025,12,00-0039165,Zach Charbonnet,RB,SEA,9.5,8.461664987462301,A_normalized_signals,643,11,25.0,35.0,10.0
2025,13,00-0033293,Aaron Jones,RB,MIN,6.5,13.44190244505411,A_normalized_signals,718,12,45.0,18.0,27.0
2025,13,00-0032104,Ameer Abdullah,RB,IND,0.0,2.0088216076013783,A_normalized_signals,718,12,72.0,74.0,2.0
2025,13,00-0040122,Ashton Jeanty,RB,LV,12.1,16.436055643747537,A_normalized_signals,718,12,24.0,6.0,18.0
2025,13,00-0037157,Bam Knight,RB,ARI,18.8,10.72500526488793,A_normalized_signals,718,12,10.0,28.0,18.0
2025,13,00-0040719,Bhayshul Tuten,RB,JAX,8.9,6.81530680257806,A_normalized_signals,718,12,40.0,48.0,8.0
2025,13,00-0038542,Bijan Robinson,RB,ATL,30.3,14.984009313882968,A_normalized_signals,718,12,1.0,12.0,11.0
2025,13,00-0039738,Blake Corum,RB,LA,14.1,7.841110145534689,A_normalized_signals,718,12,18.0,41.0,23.0
2025,13,00-0040078,Brashard Smith,RB,KC,0.0,3.374579573398248,A_normalized_signals,718,12,72.0,66.0,6.0
2025,13,00-0038120,Breece Hall,RB,NYJ,15.6,13.41959904475294,A_normalized_signals,718,12,16.0,19.0,3.0
2025,13,00-0037746,Brian Robinson,RB,SF,2.6,7.299757126918049,A_normalized_signals,718,12,61.0,45.0,16.0
2025,13,00-0039361,Bucky Irving,RB,TB,16.1,15.186090309903621,A_normalized_signals,718,12,15.0,10.0,5.0
2025,13,00-0038597,Chase Brown,RB,CIN,18.3,17.775756625274273,A_normalized_signals,718,12,11.0,5.0,6.0
2025,13,00-0038685,Chris Brooks,RB,GB,2.9,2.991576814282034,A_normalized_signals,718,12,60.0,68.0,8.0
2025,13,00-0038611,Chris Rodriguez Jr.,RB,WAS,10.1,8.28852220547137,A_normalized_signals,718,12,34.0,39.0,5.0
2025,13,00-0033280,Christian McCaffrey,RB,SF,17.4,17.992304471102464,A_normalized_signals,718,12,12.0,4.0,8.0
2025,13,00-0036555,Chuba Hubbard,RB,CAR,20.4,5.483244085387066,A_normalized_signals,718,12,6.0,52.0,46.0
2025,13,00-0036275,D'Andre Swift,RB,CHI,20.8,10.241257335989904,A_normalized_signals,718,12,3.0,32.0,29.0
2025,13,00-0033854,Dare Ogunbowale,RB,HOU,0.0,1.6599300317451744,A_normalized_signals,718,12,72.0,77.0,5.0
2025,13,00-0035685,David Montgomery,RB,DET,12.8,7.59005660676428,A_normalized_signals,718,12,22.0,43.0,21.0
2025,13,00-0039040,De'Von Achane,RB,MIA,19.4,20.014093801709866,A_normalized_signals,718,12,7.0,1.0,6.0
2025,13,00-0032764,Derrick Henry,RB,BAL,17.4,14.629968366489122,A_normalized_signals,718,12,12.0,13.0,1.0
2025,13,00-0040202,Devin Neal,RB,NO,9.9,6.272758936970704,A_normalized_signals,718,12,36.0,50.0,14.0
2025,13,00-0035250,Devin Singletary,RB,NYG,19.2,9.495979626639176,A_normalized_signals,718,12,8.0,33.0,25.0
2025,13,00-0039407,Dylan Laube,RB,LV,0.0,1.021514683771973,A_normalized_signals,718,12,72.0,84.0,12.0
2025,13,00-0040162,Dylan Sampson,RB,CLE,2.3,5.362363801937936,A_normalized_signals,718,12,62.0,53.0,9.0
2025,13,00-0038797,Emanuel Wilson,RB,GB,1.4,10.51744787640319,A_normalized_signals,718,12,67.0,30.0,37.0
2025,13,00-0036569,Gary Brightwell,RB,CIN,0.0,1.021514683771973,A_normalized_signals,718,12,72.0,84.0,12.0
2025,13,00-0039363,Isaac Guerendo,RB,SF,0.0,1.021514683771973,A_normalized_signals,718,12,72.0,84.0,12.0
2025,13,00-0039798,Isaiah Davis,RB,NYJ,0.0,3.1896904179119625,A_normalized_signals,718,12,72.0,67.0,5.0
2025,13,00-0037197,Isiah Pacheco,RB,KC,5.3,9.084278896403058,A_normalized_signals,718,12,52.0,35.0,17.0
2025,13,00-0040242,Jacory Croskey-Merritt,RB,WAS,2.0,7.1955181901813425,A_normalized_signals,718,12,64.0,46.0,18.0
2025,13,00-0039139,Jahmyr Gibbs,RB,DET,11.6,19.996002117188464,A_normalized_signals,718,12,25.0,2.0,23.0
2025,13,00-0038794,Jaleel McLaughlin,RB,DEN,4.0,5.235643422568234,A_normalized_signals,718,12,58.0,54.0,4.0
2025,13,00-0037248,James Cook,RB,BUF,20.7,15.107179246928776,A_normalized_signals,718,12,4.0,11.0,7.0
2025,13,00-0036755,Jaret Patterson,RB,LAC,11.4,4.228300259155955,A_normalized_signals,718,12,27.0,60.0,33.0
2025,13,00-0036997,Javonte Williams,RB,DAL,17.0,14.106668365890542,A_normalized_signals,718,12,14.0,17.0,3.0
2025,13,00-0037228,Jaylen Warren,RB,PIT,12.4,12.020534875863333,A_normalized_signals,718,12,23.0,23.0,0.0
2025,13,00-0039874,Jaylen Wright,RB,MIA,1.6,3.645539077963709,A_normalized_signals,718,12,66.0,63.0,3.0
2025,13,00-0033955,Jeremy McNichols,RB,WAS,5.0,4.113369137197169,A_normalized_signals,718,12,54.0,61.0,7.0
2025,13,00-0037267,Jerome Ford,RB,CLE,4.7,1.6472813489162395,A_normalized_signals,718,12,56.0,78.0,22.0
2025,13,00-0036223,Jonathan Taylor,RB,IND,15.1,18.647276079569107,A_normalized_signals,718,12,17.0,3.0,14.0
2025,13,00-0037525,Jordan Mason,RB,MIN,5.8,6.8680723466585025,A_normalized_signals,718,12,49.0,47.0,2.0
2025,13,00-0035700,Josh Jacobs,RB,GB,10.1,14.255240678447402,A_normalized_signals,718,12,34.0,14.0,20.0
2025,13,00-0037594,Julius Chestnut,RB,TEN,0.0,1.8705638711165575,A_normalized_signals,718,12,72.0,75.0,3.0
2025,13,00-0040142,Kaleb Johnson,RB,PIT,0.3,3.4035844171861034,A_normalized_signals,718,12,71.0,65.0,6.0
2025,13,00-0033923,Kareem Hunt,RB,KC,9.0,16.38111473178961,A_normalized_signals,718,12,39.0,7.0,32.0
2025,13,00-0038454,Keaton Mitchell,RB,BAL,11.1,4.944346869285423,A_normalized_signals,718,12,30.0,57.0,27.0
2025,13,00-0038134,Kenneth Walker III,RB,SEA,10.4,11.479818662308368,A_normalized_signals,718,12,33.0,25.0,8.0
2025,13,00-0036919,Kenny Gainwell,RB,PIT,6.5,10.280062040805413,A_normalized_signals,718,12,45.0,31.0,14.0
2025,13,00-0039391,Kimani Vidal,RB,LAC,20.7,10.532369510607307,A_normalized_signals,718,12,4.0,29.0,25.0
2025,13,00-0040236,Kyle Monangai,RB,CHI,19.0,8.652700100287463,A_normalized_signals,718,12,9.0,36.0,27.0
2025,13,00-0037840,Kyren Williams,RB,LA,13.2,12.999456245409784,A_normalized_signals,718,12,21.0,22.0,1.0
2025,13,00-0040238,LeQuint Allen Jr.,RB,JAX,0.0,2.8955416255374256,A_normalized_signals,718,12,72.0,70.0,2.0
2025,13,00-0037563,Malik Davis,RB,DAL,10.7,2.6044501655918193,A_normalized_signals,718,12,32.0,71.0,39.0
2025,13,00-0036924,Michael Carter,RB,ARI,11.4,5.66768044455215,A_normalized_signals,718,12,27.0,51.0,24.0
2025,13,00-0034791,Nick Chubb,RB,HOU,9.4,4.681125591227906,A_normalized_signals,718,12,38.0,59.0,21.0
2025,13,00-0040198,Ollie Gordon II,RB,MIA,1.0,4.985859619588048,A_normalized_signals,718,12,69.0,55.0,14.0
2025,13,00-0040784,Quinshon Judkins,RB,CLE,13.9,13.263582933494652,A_normalized_signals,718,12,19.0,21.0,2.0
2025,13,00-0040730,RJ Harvey,RB,DEN,21.2,8.414663625927535,A_normalized_signals,718,12,2.0,37.0,35.0
2025,13,00-0037256,Rachaad White,RB,TB,5.9,7.695113367254282,A_normalized_signals,718,12,48.0,42.0,6.0
2025,13,00-0031687,Raheem Mostert,RB,LV,0.6,3.505479463065159,A_normalized_signals,718,12,70.0,64.0,6.0
2025,13,00-0039796,Rasheen Ali,RB,BAL,1.7,1.536743583092921,A_normalized_signals,718,12,65.0,79.0,14.0
2025,13,00-0039875,Ray Davis,RB,BUF,6.2,2.052740864535702,A_normalized_signals,718,12,47.0,72.0,25.0
2025,13,00-0036187,Reggie Gilliam,RB,BUF,0.0,1.4612636024885868,A_normalized_signals,718,12,72.0,80.0,8.0
2025,13,00-0036875,Rhamondre Stevenson,RB,NE,11.0,9.452268271713137,A_normalized_signals,718,12,31.0,34.0,3.0
2025,13,00-0036139,Rico Dowdle,RB,CAR,9.9,16.244440568260597,A_normalized_signals,718,12,36.0,8.0,28.0
2025,13,00-0033526,Samaje Perine,RB,CIN,7.4,6.514923284971695,A_normalized_signals,718,12,43.0,49.0,6.0
2025,13,00-0034844,Saquon Barkley,RB,PHI,5.6,13.330015139893069,A_normalized_signals,718,12,50.0,20.0,30.0
2025,13,00-0038951,Sean Tucker,RB,TB,0.0,10.9829879174288,A_normalized_signals,718,12,72.0,27.0,45.0
2025,13,00-0039364,Sione Vaki,RB,DET,0.0,1.4575183034092802,A_normalized_signals,718,12,72.0,81.0,9.0
2025,13,00-0039757,Terrell Jennings,RB,NE,0.0,4.975381213147446,A_normalized_signals,718,12,72.0,56.0,16.0
2025,13,00-0035261,Tony Pollard,RB,TEN,7.3,11.234111088964651,A_normalized_signals,718,12,44.0,26.0,18.0
2025,13,00-0036973,Travis Etienne,RB,JAX,5.1,14.107578434545664,A_normalized_signals,718,12,53.0,16.0,37.0
2025,13,00-0035594,Travis Homer,RB,CHI,0.0,1.3307870327150644,A_normalized_signals,718,12,72.0,83.0,11.0
2025,13,00-0040734,TreVeyon Henderson,RB,NE,11.6,16.118193179977062,A_normalized_signals,718,12,25.0,9.0,16.0
2025,13,00-0040644,Trevor Etienne,RB,CAR,1.4,1.4575183034092802,A_normalized_signals,718,12,67.0,81.0,14.0
2025,13,00-0035537,Ty Johnson,RB,BUF,5.5,4.74888424011064,A_normalized_signals,718,12,51.0,58.0,7.0
2025,13,00-0039032,Tyjae Spears,RB,TEN,8.4,7.474148436127937,A_normalized_signals,718,12,41.0,44.0,3.0
2025,13,00-0037263,Tyler Allgeier,RB,ATL,13.5,8.40226339387367,A_normalized_signals,718,12,20.0,38.0,18.0
2025,13,00-0037085,Tyler Badie,RB,DEN,4.8,2.01626078242506,A_normalized_signals,718,12,55.0,73.0,18.0
2025,13,00-0037120,Tyler Goodson,RB,IND,0.0,1.671992953667469,A_normalized_signals,718,12,72.0,76.0,4.0
2025,13,00-0039384,Tyrone Tracy Jr.,RB,NYG,4.3,11.712655859989871,A_normalized_signals,718,12,57.0,24.0,33.0
2025,13,00-0039746,Will Shipley,RB,PHI,2.1,2.917593230092556,A_normalized_signals,718,12,63.0,69.0,6.0
2025,13,00-0040583,Woody Marks,RB,HOU,7.7,14.179008997702633,A_normalized_signals,718,12,42.0,15.0,27.0
2025,13,00-0039165,Zach Charbonnet,RB,SEA,11.2,8.063074021429026,A_normalized_signals,718,12,29.0,40.0,11.0
2025,13,00-0038440,Zavier Scott,RB,MIN,3.1,4.02773415686007,A_normalized_signals,718,12,59.0,62.0,3.0
2025,14,00-0033293,Aaron Jones,RB,MIN,7.6,12.918175473600828,A_normalized_signals,804,13,34.0,24.0,10.0
2025,14,00-0032104,Ameer Abdullah,RB,IND,2.9,1.6822551095725835,A_normalized_signals,804,13,56.0,73.0,17.0
2025,14,00-0040122,Ashton Jeanty,RB,LV,5.8,18.34602564027561,A_normalized_signals,804,13,42.0,5.0,37.0
2025,14,00-0037157,Bam Knight,RB,ARI,6.4,13.11552562314393,A_normalized_signals,804,13,40.0,21.0,19.0
2025,14,00-0040719,Bhayshul Tuten,RB,JAX,0.5,8.247993526854826,A_normalized_signals,804,13,67.0,37.0,30.0
2025,14,00-0038542,Bijan Robinson,RB,ATL,11.4,19.08987837342835,A_normalized_signals,804,13,23.0,4.0,19.0
2025,14,00-0039738,Blake Corum,RB,LA,26.1,8.714335332697344,A_normalized_signals,804,13,3.0,34.0,31.0
2025,14,00-0040078,Brashard Smith,RB,KC,0.7,2.7557153280794493,A_normalized_signals,804,13,65.0,63.0,2.0
2025,14,00-0038120,Breece Hall,RB,NYJ,4.3,14.334447765725393,A_normalized_signals,804,13,46.0,15.0,31.0
2025,14,00-0039603,British Brooks,RB,HOU,0.0,1.856344262133437,A_normalized_signals,804,13,71.0,72.0,1.0
2025,14,00-0039361,Bucky Irving,RB,TB,16.1,16.481397302477767,A_normalized_signals,804,13,13.0,10.0,3.0
2025,14,00-0038597,Chase Brown,RB,CIN,18.5,16.804450149127632,A_normalized_signals,804,13,6.0,9.0,3.0
2025,14,00-0038685,Chris Brooks,RB,GB,1.6,3.6040223168922756,A_normalized_signals,804,13,60.0,58.0,2.0
2025,14,00-0038611,Chris Rodriguez Jr.,RB,WAS,5.2,8.979884321258819,A_normalized_signals,804,13,43.0,33.0,10.0
2025,14,00-0036275,D'Andre Swift,RB,CHI,11.2,10.039506349299947,A_normalized_signals,804,13,25.0,30.0,5.0
2025,14,00-0033854,Dare Ogunbowale,RB,HOU,6.5,1.5713104654717351,A_normalized_signals,804,13,38.0,74.0,36.0
2025,14,00-0035685,David Montgomery,RB,DET,14.3,7.989164319698603,A_normalized_signals,804,13,19.0,40.0,21.0
2025,14,00-0039040,De'Von Achane,RB,MIA,17.5,20.84609486894098,A_normalized_signals,804,13,9.0,2.0,7.0
2025,14,00-0032764,Derrick Henry,RB,BAL,11.2,15.873620620018562,A_normalized_signals,804,13,25.0,11.0,14.0
2025,14,00-0040202,Devin Neal,RB,NO,15.4,8.334712060240001,A_normalized_signals,804,13,15.0,36.0,21.0
2025,14,00-0039407,Dylan Laube,RB,LV,0.0,1.189192925592513,A_normalized_signals,804,13,71.0,79.0,8.0
2025,14,00-0040162,Dylan Sampson,RB,CLE,11.8,5.878544619186258,A_normalized_signals,804,13,22.0,49.0,27.0
2025,14,00-0038797,Emanuel Wilson,RB,GB,1.0,11.547930902673226,A_normalized_signals,804,13,64.0,28.0,36.0
2025,14,00-0038397,Evan Hull,RB,NO,2.0,3.9593366069090448,A_normalized_signals,804,13,59.0,56.0,3.0
2025,14,00-0037617,Hassan Haskins,RB,LAC,0.0,4.33963020297883,A_normalized_signals,804,13,71.0,53.0,18.0
2025,14,00-0038738,Hunter Luepke,RB,DAL,0.0,2.6600172511688402,A_normalized_signals,804,13,71.0,66.0,5.0
2025,14,00-0039798,Isaiah Davis,RB,NYJ,2.2,2.8367073043267768,A_normalized_signals,804,13,58.0,62.0,4.0
2025,14,00-0037197,Isiah Pacheco,RB,KC,3.0,7.793904601225372,A_normalized_signals,804,13,53.0,42.0,11.0
2025,14,00-0038896,Jacob Saylors,RB,DET,0.0,1.189192925592513,A_normalized_signals,804,13,71.0,79.0,8.0
2025,14,00-0040242,Jacory Croskey-Merritt,RB,WAS,3.2,6.338368519887796,A_normalized_signals,804,13,51.0,44.0,7.0
2025,14,00-0039139,Jahmyr Gibbs,RB,DET,37.0,20.44820668000046,A_normalized_signals,804,13,1.0,3.0,2.0
2025,14,00-0038794,Jaleel McLaughlin,RB,DEN,4.1,5.760242587866433,A_normalized_signals,804,13,47.0,50.0,3.0
2025,14,00-0037248,James Cook,RB,BUF,13.1,17.34971047422127,A_normalized_signals,804,13,21.0,7.0,14.0
2025,14,00-0036997,Javonte Williams,RB,DAL,14.7,15.326717190090875,A_normalized_signals,804,13,17.0,12.0,5.0
2025,14,00-0037228,Jaylen Warren,RB,PIT,15.2,11.786960680155012,A_normalized_signals,804,13,16.0,27.0,11.0
2025,14,00-0039874,Jaylen Wright,RB,MIA,16.7,2.8777534307489128,A_normalized_signals,804,13,11.0,61.0,50.0
2025,14,00-0033955,Jeremy McNichols,RB,WAS,1.2,5.351279276611251,A_normalized_signals,804,13,62.0,51.0,11.0
2025,14,00-0037267,Jerome Ford,RB,CLE,3.0,2.5664348917827695,A_normalized_signals,804,13,53.0,68.0,15.0
2025,14,00-0036223,Jonathan Taylor,RB,IND,13.4,21.60634395256797,A_normalized_signals,804,13,20.0,1.0,19.0
2025,14,00-0037525,Jordan Mason,RB,MIN,11.2,8.027452940477819,A_normalized_signals,804,13,25.0,39.0,14.0
2025,14,00-0035700,Josh Jacobs,RB,GB,17.2,13.01995292343153,A_normalized_signals,804,13,10.0,23.0,13.0
2025,14,00-0037594,Julius Chestnut,RB,TEN,0.0,1.9010226988572958,A_normalized_signals,804,13,71.0,71.0,0.0
2025,14,00-0040142,Kaleb Johnson,RB,PIT,0.4,3.5624755140648547,A_normalized_signals,804,13,68.0,59.0,9.0
2025,14,00-0033923,Kareem Hunt,RB,KC,9.0,17.204593257649844,A_normalized_signals,804,13,29.0,8.0,21.0
2025,14,00-0038454,Keaton Mitchell,RB,BAL,7.6,6.2915830394140695,A_normalized_signals,804,13,34.0,45.0,11.0
2025,14,00-0036842,Kene Nwangwu,RB,NYJ,0.0,1.189192925592513,A_normalized_signals,804,13,71.0,79.0,8.0
2025,14,00-0038134,Kenneth Walker III,RB,SEA,3.8,13.111869651997072,A_normalized_signals,804,13,49.0,22.0,27.0
2025,14,00-0036919,Kenny Gainwell,RB,PIT,16.2,13.119417300641802,A_normalized_signals,804,13,12.0,20.0,8.0
2025,14,00-0036906,Khalil Herbert,RB,NYJ,0.0,1.189192925592513,A_normalized_signals,804,13,71.0,79.0,8.0
2025,14,00-0039391,Kimani Vidal,RB,LAC,11.4,13.247627299311402,A_normalized_signals,804,13,23.0,19.0,4.0
2025,14,00-0040236,Kyle Monangai,RB,CHI,6.7,11.326726501845233,A_normalized_signals,804,13,36.0,29.0,7.0
2025,14,00-0037840,Kyren Williams,RB,LA,17.7,14.16352246411327,A_normalized_signals,804,13,8.0,16.0,8.0
2025,14,00-0040238,LeQuint Allen Jr.,RB,JAX,2.8,2.7084643698664777,A_normalized_signals,804,13,57.0,65.0,8.0
2025,14,00-0037563,Malik Davis,RB,DAL,0.6,4.069785405599337,A_normalized_signals,804,13,66.0,55.0,11.0
2025,14,00-0036924,Michael Carter,RB,ARI,5.1,7.960079770102747,A_normalized_signals,804,13,44.0,41.0,3.0
2025,14,00-0034791,Nick Chubb,RB,HOU,0.3,5.945982093043017,A_normalized_signals,804,13,70.0,48.0,22.0
2025,14,00-0040198,Ollie Gordon II,RB,MIA,7.7,4.949788137922424,A_normalized_signals,804,13,33.0,52.0,19.0
2025,14,00-0040666,Omarion Hampton,RB,LAC,14.7,18.138227394688155,A_normalized_signals,804,13,17.0,6.0,11.0
2025,14,00-0033376,Patrick Ricard,RB,BAL,0.0,1.4995381172194322,A_normalized_signals,804,13,71.0,75.0,4.0
2025,14,00-0040784,Quinshon Judkins,RB,CLE,9.4,14.88433974923705,A_normalized_signals,804,13,28.0,13.0,15.0
2025,14,00-0040730,RJ Harvey,RB,DEN,22.0,12.122507752102297,A_normalized_signals,804,13,4.0,25.0,21.0
2025,14,00-0037256,Rachaad White,RB,TB,6.5,6.271416895906812,A_normalized_signals,804,13,38.0,46.0,8.0
2025,14,00-0031687,Raheem Mostert,RB,LV,1.2,3.656255286790266,A_normalized_signals,804,13,62.0,57.0,5.0
2025,14,00-0039796,Rasheen Ali,RB,BAL,3.3,2.603528768175783,A_normalized_signals,804,13,50.0,67.0,17.0
2025,14,00-0039875,Ray Davis,RB,BUF,0.0,2.4373617387657793,A_normalized_signals,804,13,71.0,70.0,1.0
2025,14,00-0036187,Reggie Gilliam,RB,BUF,0.0,1.4986712017646318,A_normalized_signals,804,13,71.0,76.0,5.0
2025,14,00-0040649,Robbie Ouzts,RB,SEA,0.0,1.189192925592513,A_normalized_signals,804,13,71.0,79.0,8.0
2025,14,00-0037557,Ronnie Rivers,RB,LA,4.1,1.189192925592513,A_normalized_signals,804,13,47.0,79.0,32.0
2025,14,00-0033526,Samaje Perine,RB,CIN,4.8,8.34788203388515,A_normalized_signals,804,13,45.0,35.0,10.0
2025,14,00-0034844,Saquon Barkley,RB,PHI,18.2,14.539590760987691,A_normalized_signals,804,13,7.0,14.0,7.0
2025,14,00-0038951,Sean Tucker,RB,TB,8.9,9.824939488068207,A_normalized_signals,804,13,30.0,31.0,1.0
2025,14,00-0039364,Sione Vaki,RB,DET,0.0,1.4597536438693588,A_normalized_signals,804,13,71.0,77.0,6.0
2025,14,00-0038555,Tank Bigsby,RB,PHI,0.4,2.745806742396506,A_normalized_signals,804,13,68.0,64.0,4.0
2025,14,00-0035261,Tony Pollard,RB,TEN,28.1,12.092960151448674,A_normalized_signals,804,13,2.0,26.0,24.0
2025,14,00-0036973,Travis Etienne,RB,JAX,21.2,13.254998983368523,A_normalized_signals,804,13,5.0,18.0,13.0
2025,14,00-0035594,Travis Homer,RB,CHI,0.0,1.4001786302684585,A_normalized_signals,804,13,71.0,78.0,7.0
2025,14,00-0035537,Ty Johnson,RB,BUF,5.9,6.103608938322253,A_normalized_signals,804,13,41.0,47.0,6.0
2025,14,00-0039032,Tyjae Spears,RB,TEN,6.7,7.216812434841802,A_normalized_signals,804,13,36.0,43.0,7.0
2025,14,00-0037263,Tyler Allgeier,RB,ATL,8.7,8.119294174612913,A_normalized_signals,804,13,31.0,38.0,7.0
2025,14,00-0037085,Tyler Badie,RB,DEN,3.1,2.469349613668009,A_normalized_signals,804,13,52.0,69.0,17.0
2025,14,00-0039746,Will Shipley,RB,PHI,1.3,2.9674223079008444,A_normalized_signals,804,13,61.0,60.0,1.0
2025,14,00-0040583,Woody Marks,RB,HOU,15.6,13.303665647620207,A_normalized_signals,804,13,14.0,17.0,3.0
2025,14,00-0039165,Zach Charbonnet,RB,SEA,8.6,9.398279904873927,A_normalized_signals,804,13,32.0,32.0,0.0
2025,14,00-0038440,Zavier Scott,RB,MIN,3.0,4.173763485177993,A_normalized_signals,804,13,53.0,54.0,1.0
2025,15,00-0033293,Aaron Jones,RB,MIN,9.5,10.10562018912789,A_normalized_signals,888,14,30.0,34.0,4.0
2025,15,00-0032104,Ameer Abdullah,RB,IND,9.7,2.1316730485441555,A_normalized_signals,888,14,29.0,77.0,48.0
2025,15,00-0040122,Ashton Jeanty,RB,LV,8.2,17.94016830455407,A_normalized_signals,888,14,33.0,2.0,31.0
2025,15,00-0039373,Audric Estimé,RB,NO,8.0,2.8563346304712907,A_normalized_signals,888,14,35.0,69.0,34.0
2025,15,00-0037157,Bam Knight,RB,ARI,-0.2,12.682005492242487,A_normalized_signals,888,14,91.0,22.0,69.0
2025,15,00-0040719,Bhayshul Tuten,RB,JAX,9.3,5.56849386249625,A_normalized_signals,888,14,31.0,52.0,21.0
2025,15,00-0038542,Bijan Robinson,RB,ATL,31.5,15.078405126328606,A_normalized_signals,888,14,1.0,7.0,6.0
2025,15,00-0039738,Blake Corum,RB,LA,13.1,9.57335015306144,A_normalized_signals,888,14,19.0,35.0,16.0
2025,15,00-0038488,Brady Russell,RB,SEA,0.0,1.2282463040436833,A_normalized_signals,888,14,78.0,87.0,9.0
2025,15,00-0040078,Brashard Smith,RB,KC,0.1,2.3256955717395624,A_normalized_signals,888,14,77.0,75.0,2.0
2025,15,00-0038120,Breece Hall,RB,NYJ,5.7,14.873692956035908,A_normalized_signals,888,14,43.0,11.0,32.0
2025,15,00-0037746,Brian Robinson,RB,SF,2.1,5.496519564322589,A_normalized_signals,888,14,63.0,53.0,10.0
2025,15,00-0039603,British Brooks,RB,HOU,0.0,1.7687589092800806,A_normalized_signals,888,14,78.0,82.0,4.0
2025,15,00-0037329,Brittain Brown,RB,CHI,0.0,4.9446751584333555,A_normalized_signals,888,14,78.0,58.0,20.0
2025,15,00-0039361,Bucky Irving,RB,TB,8.1,13.377309077854157,A_normalized_signals,888,14,34.0,19.0,15.0
2025,15,00-0038597,Chase Brown,RB,CIN,16.0,14.994867691868013,A_normalized_signals,888,14,13.0,9.0,4.0
2025,15,00-0034681,Chase Edmonds,RB,WAS,0.0,1.2282463040436833,A_normalized_signals,888,14,78.0,87.0,9.0
2025,15,00-0038685,Chris Brooks,RB,GB,2.6,3.455868064841166,A_normalized_signals,888,14,59.0,63.0,4.0
2025,15,00-0033280,Christian McCaffrey,RB,SF,15.7,17.832012726482947,A_normalized_signals,888,14,14.0,3.0,11.0
2025,15,00-0036555,Chuba Hubbard,RB,CAR,4.8,8.164917830765418,A_normalized_signals,888,14,48.0,42.0,6.0
2025,15,00-0036275,D'Andre Swift,RB,CHI,22.6,9.524623894229913,A_normalized_signals,888,14,7.0,36.0,29.0
2025,15,00-0033854,Dare Ogunbowale,RB,HOU,6.4,2.0221226767345675,A_normalized_signals,888,14,40.0,78.0,38.0
2025,15,00-0035685,David Montgomery,RB,DET,9.2,8.012681207028075,A_normalized_signals,888,14,32.0,43.0,11.0
2025,15,00-0039040,De'Von Achane,RB,MIA,18.7,14.140979467462326,A_normalized_signals,888,14,10.0,14.0,4.0
2025,15,00-0032764,Derrick Henry,RB,BAL,10.0,13.521584868230695,A_normalized_signals,888,14,27.0,16.0,11.0
2025,15,00-0040202,Devin Neal,RB,NO,10.2,10.4530484957434,A_normalized_signals,888,14,26.0,32.0,6.0
2025,15,00-0035250,Devin Singletary,RB,NYG,2.4,10.742479712758598,A_normalized_signals,888,14,61.0,30.0,31.0
2025,15,00-0039407,Dylan Laube,RB,LV,0.4,1.2282463040436833,A_normalized_signals,888,14,72.0,87.0,15.0
2025,15,00-0038797,Emanuel Wilson,RB,GB,0.3,7.93668987504551,A_normalized_signals,888,14,75.0,44.0,31.0
2025,15,00-0038705,Emari Demercado,RB,ARI,2.1,8.429644921504755,A_normalized_signals,888,14,63.0,39.0,24.0
2025,15,00-0038397,Evan Hull,RB,NO,1.2,3.1470566588555187,A_normalized_signals,888,14,68.0,66.0,2.0
2025,15,00-0038738,Hunter Luepke,RB,DAL,5.0,2.4496494719548694,A_normalized_signals,888,14,47.0,73.0,26.0
2025,15,00-0039798,Isaiah Davis,RB,NYJ,13.5,2.808871709321827,A_normalized_signals,888,14,17.0,70.0,53.0
2025,15,00-0037197,Isiah Pacheco,RB,KC,2.1,6.027784781548501,A_normalized_signals,888,14,63.0,49.0,14.0
2025,15,00-0040242,Jacory Croskey-Merritt,RB,WAS,15.6,5.216512502528846,A_normalized_signals,888,14,15.0,56.0,41.0
2025,15,00-0039139,Jahmyr Gibbs,RB,DET,9.8,20.20480155115789,A_normalized_signals,888,14,28.0,1.0,27.0
2025,15,00-0038794,Jaleel McLaughlin,RB,DEN,0.4,6.0634439719738475,A_normalized_signals,888,14,72.0,48.0,24.0
2025,15,00-0037248,James Cook,RB,BUF,31.1,15.060753331883221,A_normalized_signals,888,14,3.0,8.0,5.0
2025,15,00-0036997,Javonte Williams,RB,DAL,15.1,14.686849098188357,A_normalized_signals,888,14,16.0,12.0,4.0
2025,15,00-0037228,Jaylen Warren,RB,PIT,7.8,12.658858274937195,A_normalized_signals,888,14,36.0,23.0,13.0
2025,15,00-0039874,Jaylen Wright,RB,MIA,2.1,5.990502976927519,A_normalized_signals,888,14,63.0,50.0,13.0
2025,15,00-0033955,Jeremy McNichols,RB,WAS,3.2,4.026378753909089,A_normalized_signals,888,14,53.0,60.0,7.0
2025,15,00-0036223,Jonathan Taylor,RB,IND,13.1,17.263060879089508,A_normalized_signals,888,14,19.0,4.0,15.0
2025,15,00-0037525,Jordan Mason,RB,MIN,2.9,8.365763711653711,A_normalized_signals,888,14,56.0,40.0,16.0
2025,15,00-0035700,Josh Jacobs,RB,GB,23.2,11.600438015168642,A_normalized_signals,888,14,6.0,26.0,20.0
2025,15,00-0037594,Julius Chestnut,RB,TEN,0.0,1.8296365308963287,A_normalized_signals,888,14,78.0,81.0,3.0
2025,15,00-0040142,Kaleb Johnson,RB,PIT,0.4,3.514209496928367,A_normalized_signals,888,14,72.0,62.0,10.0
2025,15,00-0040205,Kalel Mullings,RB,TEN,0.3,1.2282463040436833,A_normalized_signals,888,14,75.0,87.0,12.0
2025,15,00-0033923,Kareem Hunt,RB,KC,3.0,12.828461378417556,A_normalized_signals,888,14,55.0,21.0,34.0
2025,15,00-0038454,Keaton Mitchell,RB,BAL,6.6,4.72583420398859,A_normalized_signals,888,14,39.0,59.0,20.0
2025,15,00-0038134,Kenneth Walker III,RB,SEA,2.9,11.393353994561277,A_normalized_signals,888,14,56.0,27.0,29.0
2025,15,00-0036919,Kenny Gainwell,RB,PIT,19.6,10.555060498097614,A_normalized_signals,888,14,9.0,31.0,22.0
2025,15,00-0036906,Khalil Herbert,RB,NYJ,0.5,1.2282463040436833,A_normalized_signals,888,14,71.0,87.0,16.0
2025,15,00-0039391,Kimani Vidal,RB,LAC,5.8,10.107607511092198,A_normalized_signals,888,14,41.0,33.0,8.0
2025,15,00-0040236,Kyle Monangai,RB,CHI,3.3,10.858364711772557,A_normalized_signals,888,14,52.0,28.0,24.0
2025,15,00-0037840,Kyren Williams,RB,LA,21.8,12.06476307746892,A_normalized_signals,888,14,8.0,25.0,17.0
2025,15,00-0040238,LeQuint Allen Jr.,RB,JAX,2.6,1.8741986528404457,A_normalized_signals,888,14,59.0,79.0,20.0
2025,15,00-0037563,Malik Davis,RB,DAL,11.7,3.7604911973263064,A_normalized_signals,888,14,23.0,61.0,38.0
2025,15,00-0036924,Michael Carter,RB,ARI,13.4,7.4425348503361874,A_normalized_signals,888,14,18.0,45.0,27.0
2025,15,00-0040198,Ollie Gordon II,RB,MIA,0.0,5.387398680988208,A_normalized_signals,888,14,78.0,55.0,23.0
2025,15,00-0040666,Omarion Hampton,RB,LAC,7.5,15.128467150754208,A_normalized_signals,888,14,37.0,6.0,31.0
2025,15,00-0040784,Quinshon Judkins,RB,CLE,4.7,14.004100038956516,A_normalized_signals,888,14,50.0,15.0,35.0
2025,15,00-0040730,RJ Harvey,RB,DEN,12.5,14.947643384619969,A_normalized_signals,888,14,21.0,10.0,11.0
2025,15,00-0037256,Rachaad White,RB,TB,3.6,5.724308080149202,A_normalized_signals,888,14,51.0,51.0,0.0
2025,15,00-0031687,Raheem Mostert,RB,LV,1.2,2.6554526003102974,A_normalized_signals,888,14,68.0,71.0,3.0
2025,15,00-0039796,Rasheen Ali,RB,BAL,11.2,3.201843641349048,A_normalized_signals,888,14,24.0,65.0,41.0
2025,15,00-0039875,Ray Davis,RB,BUF,2.3,2.2461008391292396,A_normalized_signals,888,14,62.0,76.0,14.0
2025,15,00-0036187,Reggie Gilliam,RB,BUF,0.0,1.4987891815470653,A_normalized_signals,888,14,78.0,84.0,6.0
2025,15,00-0036875,Rhamondre Stevenson,RB,NE,10.7,8.306515003313965,A_normalized_signals,888,14,25.0,41.0,16.0
2025,15,00-0036139,Rico Dowdle,RB,CAR,12.4,13.501776760973094,A_normalized_signals,888,14,22.0,18.0,4.0
2025,15,00-0037557,Ronnie Rivers,RB,LA,0.0,2.919166856386705,A_normalized_signals,888,14,78.0,67.0,11.0
2025,15,00-0033526,Samaje Perine,RB,CIN,5.3,6.500474796951397,A_normalized_signals,888,14,46.0,47.0,1.0
2025,15,00-0034844,Saquon Barkley,RB,PHI,17.2,15.13728968976004,A_normalized_signals,888,14,12.0,5.0,7.0
2025,15,00-0038951,Sean Tucker,RB,TB,6.7,5.430347402408912,A_normalized_signals,888,14,38.0,54.0,16.0
2025,15,00-0039364,Sione Vaki,RB,DET,0.0,1.4466107834803081,A_normalized_signals,888,14,78.0,85.0,7.0
2025,15,00-0040208,Tahj Brooks,RB,CIN,0.0,2.343559171871241,A_normalized_signals,888,14,78.0,74.0,4.0
2025,15,00-0038555,Tank Bigsby,RB,PHI,5.7,2.542740489019362,A_normalized_signals,888,14,43.0,72.0,29.0
2025,15,00-0035261,Tony Pollard,RB,TEN,18.2,13.354783777397369,A_normalized_signals,888,14,11.0,20.0,9.0
2025,15,00-0036973,Travis Etienne,RB,JAX,31.5,12.220079091363784,A_normalized_signals,888,14,1.0,24.0,23.0
2025,15,00-0035291,Trayveon Williams,RB,CLE,2.7,2.9119835515682952,A_normalized_signals,888,14,58.0,68.0,10.0
2025,15,00-0040734,TreVeyon Henderson,RB,NE,30.1,14.587516551319004,A_normalized_signals,888,14,4.0,13.0,9.0
2025,15,00-0040644,Trevor Etienne,RB,CAR,0.0,1.8354250008143689,A_normalized_signals,888,14,78.0,80.0,2.0
2025,15,00-0035537,Ty Johnson,RB,BUF,5.8,5.048603706255651,A_normalized_signals,888,14,41.0,57.0,16.0
2025,15,00-0039032,Tyjae Spears,RB,TEN,5.6,6.605213333562374,A_normalized_signals,888,14,45.0,46.0,1.0
2025,15,00-0037263,Tyler Allgeier,RB,ATL,1.8,8.757031399149493,A_normalized_signals,888,14,67.0,37.0,30.0
2025,15,00-0037085,Tyler Badie,RB,DEN,1.1,3.250759045593251,A_normalized_signals,888,14,70.0,64.0,6.0
2025,15,00-0037120,Tyler Goodson,RB,IND,0.0,1.4466107834803081,A_normalized_signals,888,14,78.0,85.0,7.0
2025,15,00-0039384,Tyrone Tracy Jr.,RB,NYG,24.7,10.81576632965468,A_normalized_signals,888,14,5.0,29.0,24.0
2025,15,00-0039746,Will Shipley,RB,PHI,0.0,1.7120296218306519,A_normalized_signals,888,14,78.0,83.0,5.0
2025,15,00-0040583,Woody Marks,RB,HOU,4.8,13.509415792616336,A_normalized_signals,888,14,48.0,17.0,31.0
2025,15,00-0039165,Zach Charbonnet,RB,SEA,3.1,8.676141945727025,A_normalized_signals,888,14,54.0,38.0,16.0
2025,16,00-0033293,Aaron Jones,RB,MIN,11.3,10.311258355693832,A_normalized_signals,979,15,28.0,33.0,5.0
2025,16,00-0032104,Ameer Abdullah,RB,IND,1.4,4.4692097960439465,A_normalized_signals,979,15,66.0,64.0,2.0
2025,16,00-0040122,Ashton Jeanty,RB,LV,31.8,17.59368828354725,A_normalized_signals,979,15,3.0,6.0,3.0
2025,16,00-0039373,Audric Estimé,RB,NO,6.6,4.849517082016335,A_normalized_signals,979,15,45.0,60.0,15.0
2025,16,00-0038542,Bijan Robinson,RB,ATL,29.8,21.44108761815836,A_normalized_signals,979,15,4.0,1.0,3.0
2025,16,00-0039738,Blake Corum,RB,LA,13.1,12.06418258424346,A_normalized_signals,979,15,22.0,28.0,6.0
2025,16,00-0038488,Brady Russell,RB,SEA,0.0,1.3967030821435245,A_normalized_signals,979,15,82.0,86.0,4.0
2025,16,00-0040078,Brashard Smith,RB,KC,1.4,2.022563153821428,A_normalized_signals,979,15,66.0,79.0,13.0
2025,16,00-0038120,Breece Hall,RB,NYJ,8.3,13.327247468056537,A_normalized_signals,979,15,37.0,23.0,14.0
2025,16,00-0037746,Brian Robinson,RB,SF,2.0,5.234348081714485,A_normalized_signals,979,15,64.0,56.0,8.0
2025,16,00-0039603,British Brooks,RB,HOU,0.0,1.2407746537129865,A_normalized_signals,979,15,82.0,87.0,5.0
2025,16,00-0039361,Bucky Irving,RB,TB,7.1,14.117465661012893,A_normalized_signals,979,15,43.0,18.0,25.0
2025,16,00-0038597,Chase Brown,RB,CIN,32.9,15.58824831789694,A_normalized_signals,979,15,1.0,13.0,12.0
2025,16,00-0038685,Chris Brooks,RB,GB,0.4,3.115359896982,A_normalized_signals,979,15,78.0,72.0,6.0
2025,16,00-0038611,Chris Rodriguez Jr.,RB,WAS,13.9,10.111083671686032,A_normalized_signals,979,15,20.0,34.0,14.0
2025,16,00-0033280,Christian McCaffrey,RB,SF,32.6,17.683341689418285,A_normalized_signals,979,15,2.0,5.0,3.0
2025,16,00-0036555,Chuba Hubbard,RB,CAR,4.4,9.764813224834668,A_normalized_signals,979,15,53.0,36.0,17.0
2025,16,00-0040556,Corey Kiner,RB,ARI,3.2,2.937971510930509,A_normalized_signals,979,15,55.0,74.0,19.0
2025,16,00-0036275,D'Andre Swift,RB,CHI,9.0,13.947962384890443,A_normalized_signals,979,15,35.0,19.0,16.0
2025,16,00-0033854,Dare Ogunbowale,RB,HOU,0.9,4.669823245323479,A_normalized_signals,979,15,75.0,61.0,14.0
2025,16,00-0035685,David Montgomery,RB,DET,1.4,10.046283638709632,A_normalized_signals,979,15,66.0,35.0,31.0
2025,16,00-0039040,De'Von Achane,RB,MIA,18.0,15.68641981469054,A_normalized_signals,979,15,14.0,12.0,2.0
2025,16,00-0036425,DeeJay Dallas,RB,JAX,0.0,1.5700179370400251,A_normalized_signals,979,15,82.0,85.0,3.0
2025,16,00-0032764,Derrick Henry,RB,BAL,24.8,12.63868573614439,A_normalized_signals,979,15,8.0,25.0,17.0
2025,16,00-0035250,Devin Singletary,RB,NYG,5.6,8.84277788873768,A_normalized_signals,979,15,49.0,41.0,8.0
2025,16,00-0039407,Dylan Laube,RB,LV,0.0,2.106147739044253,A_normalized_signals,979,15,82.0,78.0,4.0
2025,16,00-0038797,Emanuel Wilson,RB,GB,8.2,3.253489574435745,A_normalized_signals,979,15,40.0,71.0,31.0
2025,16,00-0038705,Emari Demercado,RB,ARI,3.0,6.877668157803197,A_normalized_signals,979,15,57.0,49.0,8.0
2025,16,00-0038397,Evan Hull,RB,NO,0.3,3.654828782894168,A_normalized_signals,979,15,79.0,65.0,14.0
2025,16,00-0037617,Hassan Haskins,RB,LAC,1.4,3.541039929058672,A_normalized_signals,979,15,66.0,68.0,2.0
2025,16,00-0038738,Hunter Luepke,RB,DAL,2.4,2.745389400673346,A_normalized_signals,979,15,58.0,76.0,18.0
2025,16,00-0039798,Isaiah Davis,RB,NYJ,10.0,5.185625366511219,A_normalized_signals,979,15,31.0,57.0,26.0
2025,16,00-0037197,Isiah Pacheco,RB,KC,13.5,7.2006405668133855,A_normalized_signals,979,15,21.0,48.0,27.0
2025,16,00-0038896,Jacob Saylors,RB,DET,0.0,1.2407746537129865,A_normalized_signals,979,15,82.0,87.0,5.0
2025,16,00-0040242,Jacory Croskey-Merritt,RB,WAS,8.5,7.276262112091501,A_normalized_signals,979,15,36.0,46.0,10.0
2025,16,00-0039139,Jahmyr Gibbs,RB,DET,22.8,18.577656409388805,A_normalized_signals,979,15,10.0,2.0,8.0
2025,16,00-0038794,Jaleel McLaughlin,RB,DEN,3.7,4.541966818411692,A_normalized_signals,979,15,54.0,62.0,8.0
2025,16,00-0037248,James Cook,RB,BUF,26.4,17.720484625609203,A_normalized_signals,979,15,6.0,4.0,2.0
2025,16,00-0036997,Javonte Williams,RB,DAL,6.3,15.829221105390598,A_normalized_signals,979,15,47.0,11.0,36.0
2025,16,00-0039405,Jawhar Jordan,RB,HOU,12.0,13.430642001382271,A_normalized_signals,979,15,26.0,21.0,5.0
2025,16,00-0037228,Jaylen Warren,RB,PIT,29.1,13.577705599672925,A_normalized_signals,979,15,5.0,20.0,15.0
2025,16,00-0039874,Jaylen Wright,RB,MIA,12.3,7.481449604457929,A_normalized_signals,979,15,23.0,44.0,21.0
2025,16,00-0033955,Jeremy McNichols,RB,WAS,3.2,4.510664157107992,A_normalized_signals,979,15,55.0,63.0,8.0
2025,16,00-0036223,Jonathan Taylor,RB,IND,16.9,18.564830807672447,A_normalized_signals,979,15,15.0,3.0,12.0
2025,16,00-0037525,Jordan Mason,RB,MIN,2.1,8.644092963420137,A_normalized_signals,979,15,63.0,42.0,21.0
2025,16,00-0035700,Josh Jacobs,RB,GB,6.8,15.840161106363068,A_normalized_signals,979,15,44.0,10.0,34.0
2025,16,00-0037594,Julius Chestnut,RB,TEN,0.1,1.2407746537129865,A_normalized_signals,979,15,81.0,87.0,6.0
2025,16,00-0040205,Kalel Mullings,RB,TEN,0.0,1.6581992476286527,A_normalized_signals,979,15,82.0,84.0,2.0
2025,16,00-0033923,Kareem Hunt,RB,KC,0.2,10.56402770693529,A_normalized_signals,979,15,80.0,32.0,48.0
2025,16,00-0038454,Keaton Mitchell,RB,BAL,1.3,7.253815702282377,A_normalized_signals,979,15,70.0,47.0,23.0
2025,16,00-0036842,Kene Nwangwu,RB,NYJ,0.0,1.2407746537129865,A_normalized_signals,979,15,82.0,87.0,5.0
2025,16,00-0038134,Kenneth Walker III,RB,SEA,25.4,9.637360326756268,A_normalized_signals,979,15,7.0,37.0,30.0
2025,16,00-0036919,Kenny Gainwell,RB,PIT,23.8,12.97721846016054,A_normalized_signals,979,15,9.0,24.0,15.0
2025,16,00-0039391,Kimani Vidal,RB,LAC,1.1,11.97881851332603,A_normalized_signals,979,15,73.0,29.0,44.0
2025,16,00-0040236,Kyle Monangai,RB,CHI,12.3,10.906099611061592,A_normalized_signals,979,15,23.0,30.0,7.0
2025,16,00-0037840,Kyren Williams,RB,LA,11.5,14.569748270642993,A_normalized_signals,979,15,27.0,17.0,10.0
2025,16,00-0040238,LeQuint Allen Jr.,RB,JAX,1.0,2.824125279356838,A_normalized_signals,979,15,74.0,75.0,1.0
2025,16,00-0037563,Malik Davis,RB,DAL,2.3,6.8575557137135315,A_normalized_signals,979,15,59.0,50.0,9.0
2025,16,00-0036924,Michael Carter,RB,ARI,6.5,10.82139263290241,A_normalized_signals,979,15,46.0,31.0,15.0
2025,16,00-0034791,Nick Chubb,RB,HOU,5.2,5.389685088957286,A_normalized_signals,979,15,52.0,54.0,2.0
2025,16,00-0040198,Ollie Gordon II,RB,MIA,-0.1,3.614293051517166,A_normalized_signals,979,15,91.0,67.0,24.0
2025,16,00-0040666,Omarion Hampton,RB,LAC,16.5,12.343786176043892,A_normalized_signals,979,15,17.0,27.0,10.0
2025,16,00-0040784,Quinshon Judkins,RB,CLE,10.1,15.131568804798562,A_normalized_signals,979,15,30.0,16.0,14.0
2025,16,00-0040730,RJ Harvey,RB,DEN,22.1,17.045732565603007,A_normalized_signals,979,15,11.0,7.0,4.0
2025,16,00-0037256,Rachaad White,RB,TB,8.0,5.713987069889197,A_normalized_signals,979,15,41.0,52.0,11.0
2025,16,00-0031687,Raheem Mostert,RB,LV,1.9,1.9822600843061084,A_normalized_signals,979,15,65.0,81.0,16.0
2025,16,00-0040466,Raheim Sanders,RB,CLE,5.6,5.503645202164379,A_normalized_signals,979,15,49.0,53.0,4.0
2025,16,00-0039796,Rasheen Ali,RB,BAL,2.2,5.02502810746362,A_normalized_signals,979,15,60.0,58.0,2.0
2025,16,00-0039875,Ray Davis,RB,BUF,5.4,2.9960339027960448,A_normalized_signals,979,15,51.0,73.0,22.0
2025,16,00-0036875,Rhamondre Stevenson,RB,NE,15.8,9.083154585448,A_normalized_signals,979,15,18.0,40.0,22.0
2025,16,00-0036139,Rico Dowdle,RB,CAR,8.3,12.352079178666905,A_normalized_signals,979,15,37.0,26.0,11.0
2025,16,00-0037557,Ronnie Rivers,RB,LA,0.0,2.582449294342907,A_normalized_signals,979,15,82.0,77.0,5.0
2025,16,00-0033526,Samaje Perine,RB,CIN,12.1,9.11996896296393,A_normalized_signals,979,15,25.0,39.0,14.0
2025,16,00-0034844,Saquon Barkley,RB,PHI,19.2,16.50362865832568,A_normalized_signals,979,15,13.0,9.0,4.0
2025,16,00-0038951,Sean Tucker,RB,TB,6.3,5.328092867998222,A_normalized_signals,979,15,47.0,55.0,8.0
2025,16,00-0040208,Tahj Brooks,RB,CIN,0.7,2.0153241624426355,A_normalized_signals,979,15,77.0,80.0,3.0
2025,16,00-0038555,Tank Bigsby,RB,PHI,9.7,4.931777675288618,A_normalized_signals,979,15,33.0,59.0,26.0
2025,16,00-0035261,Tony Pollard,RB,TEN,10.2,16.710053790692115,A_normalized_signals,979,15,29.0,8.0,21.0
2025,16,00-0036973,Travis Etienne,RB,JAX,16.6,15.494116724824728,A_normalized_signals,979,15,16.0,14.0,2.0
2025,16,00-0035291,Trayveon Williams,RB,CLE,9.5,3.2696153214531485,A_normalized_signals,979,15,34.0,70.0,36.0
2025,16,00-0040734,TreVeyon Henderson,RB,NE,2.2,15.213759933451072,A_normalized_signals,979,15,60.0,15.0,45.0
2025,16,00-0040644,Trevor Etienne,RB,CAR,0.0,1.7402991669387955,A_normalized_signals,979,15,82.0,83.0,1.0
2025,16,00-0035537,Ty Johnson,RB,BUF,7.6,5.851964760713824,A_normalized_signals,979,15,42.0,51.0,9.0
2025,16,00-0039032,Tyjae Spears,RB,TEN,21.5,7.426228059008231,A_normalized_signals,979,15,12.0,45.0,33.0
2025,16,00-0037263,Tyler Allgeier,RB,ATL,8.3,8.07110512294447,A_normalized_signals,979,15,37.0,43.0,6.0
2025,16,00-0037085,Tyler Badie,RB,DEN,1.2,3.614676089989789,A_normalized_signals,979,15,72.0,66.0,6.0
2025,16,00-0037120,Tyler Goodson,RB,IND,0.9,1.2407746537129865,A_normalized_signals,979,15,75.0,87.0,12.0
2025,16,00-0039384,Tyrone Tracy Jr.,RB,NYG,9.8,13.421030948830786,A_normalized_signals,979,15,32.0,22.0,10.0
2025,16,00-0039746,Will Shipley,RB,PHI,1.3,1.9320680433852886,A_normalized_signals,979,15,70.0,82.0,12.0
2025,16,00-0039165,Zach Charbonnet,RB,SEA,15.4,9.363919645249771,A_normalized_signals,979,15,19.0,38.0,19.0
2025,16,00-0038440,Zavier Scott,RB,MIN,2.2,3.4628498981708686,A_normalized_signals,979,15,60.0,69.0,9.0
2025,17,00-0033293,Aaron Jones,RB,MIN,15.3,12.494555765064868,A_normalized_signals,1070,16,16.0,27.0,11.0
2025,17,00-0032104,Ameer Abdullah,RB,IND,1.4,4.642674407701038,A_normalized_signals,1070,16,66.0,62.0,4.0
2025,17,00-0040122,Ashton Jeanty,RB,LV,9.3,19.09878962642485,A_normalized_signals,1070,16,23.0,3.0,20.0
2025,17,00-0039373,Audric Estimé,RB,NO,16.8,5.350606700110577,A_normalized_signals,1070,16,14.0,57.0,43.0
2025,17,00-0038542,Bijan Robinson,RB,ATL,39.9,20.445500536226984,A_normalized_signals,1070,16,2.0,1.0,1.0
2025,17,00-0039738,Blake Corum,RB,LA,1.8,12.06062595995824,A_normalized_signals,1070,16,65.0,28.0,37.0
2025,17,00-0040078,Brashard Smith,RB,KC,9.5,2.336644153379124,A_normalized_signals,1070,16,22.0,79.0,57.0
2025,17,00-0038120,Breece Hall,RB,NYJ,20.9,13.055327310623067,A_normalized_signals,1070,16,9.0,22.0,13.0
2025,17,00-0037746,Brian Robinson,RB,SF,3.8,4.889615762228158,A_normalized_signals,1070,16,49.0,59.0,10.0
2025,17,00-0039361,Bucky Irving,RB,TB,8.3,12.552559386292186,A_normalized_signals,1070,16,28.0,26.0,2.0
2025,17,00-0036414,Cam Akers,RB,SEA,0.0,3.5416878030250287,A_normalized_signals,1070,16,82.0,70.0,12.0
2025,17,00-0038597,Chase Brown,RB,CIN,29.1,17.21051488868088,A_normalized_signals,1070,16,3.0,8.0,5.0
2025,17,00-0034681,Chase Edmonds,RB,WAS,0.0,1.157235655170151,A_normalized_signals,1070,16,82.0,90.0,8.0
2025,17,00-0038685,Chris Brooks,RB,GB,2.1,2.4981671161925476,A_normalized_signals,1070,16,62.0,76.0,14.0
2025,17,00-0033280,Christian McCaffrey,RB,SF,28.1,18.864188298285626,A_normalized_signals,1070,16,4.0,4.0,0.0
2025,17,00-0036555,Chuba Hubbard,RB,CAR,4.8,9.563817862867833,A_normalized_signals,1070,16,44.0,38.0,6.0
2025,17,00-0040556,Corey Kiner,RB,ARI,0.2,4.62759743993985,A_normalized_signals,1070,16,77.0,63.0,14.0
2025,17,00-0036275,D'Andre Swift,RB,CHI,21.9,13.769368378702993,A_normalized_signals,1070,16,8.0,17.0,9.0
2025,17,00-0035628,D'Ernest Johnson,RB,NE,0.5,2.171429018660337,A_normalized_signals,1070,16,71.0,80.0,9.0
2025,17,00-0035685,David Montgomery,RB,DET,6.0,8.826324390434342,A_normalized_signals,1070,16,39.0,42.0,3.0
2025,17,00-0039040,De'Von Achane,RB,MIA,14.2,14.945541567534557,A_normalized_signals,1070,16,17.0,15.0,2.0
2025,17,00-0036425,DeeJay Dallas,RB,JAX,2.1,1.4740105151704639,A_normalized_signals,1070,16,62.0,86.0,24.0
2025,17,00-0032764,Derrick Henry,RB,BAL,45.6,13.759599231901833,A_normalized_signals,1070,16,1.0,18.0,17.0
2025,17,00-0035250,Devin Singletary,RB,NYG,17.0,9.343631672655048,A_normalized_signals,1070,16,13.0,40.0,27.0
2025,17,00-0039407,Dylan Laube,RB,LV,0.0,1.9939072039549992,A_normalized_signals,1070,16,82.0,81.0,1.0
2025,17,00-0040162,Dylan Sampson,RB,CLE,5.7,7.780563685458824,A_normalized_signals,1070,16,41.0,44.0,3.0
2025,17,00-0038797,Emanuel Wilson,RB,GB,3.4,4.723142402698649,A_normalized_signals,1070,16,53.0,61.0,8.0
2025,17,00-0038705,Emari Demercado,RB,ARI,4.0,5.432835647024497,A_normalized_signals,1070,16,46.0,56.0,10.0
2025,17,00-0038397,Evan Hull,RB,NO,0.3,3.748978714965674,A_normalized_signals,1070,16,75.0,68.0,7.0
2025,17,00-0037617,Hassan Haskins,RB,LAC,0.0,2.563106400106447,A_normalized_signals,1070,16,82.0,75.0,7.0
2025,17,00-0038738,Hunter Luepke,RB,DAL,5.4,3.221651617356669,A_normalized_signals,1070,16,43.0,71.0,28.0
2025,17,00-0039798,Isaiah Davis,RB,NYJ,3.0,7.235931893563922,A_normalized_signals,1070,16,56.0,47.0,9.0
2025,17,00-0037197,Isiah Pacheco,RB,KC,3.2,11.372049485925126,A_normalized_signals,1070,16,54.0,30.0,24.0
2025,17,00-0040242,Jacory Croskey-Merritt,RB,WAS,22.5,9.527853523096452,A_normalized_signals,1070,16,7.0,39.0,32.0
2025,17,00-0039139,Jahmyr Gibbs,RB,DET,8.4,20.098344095500664,A_normalized_signals,1070,16,27.0,2.0,25.0
2025,17,00-0038794,Jaleel McLaughlin,RB,DEN,4.0,4.323590457724382,A_normalized_signals,1070,16,46.0,64.0,18.0
2025,17,00-0037248,James Cook,RB,BUF,8.7,18.469217519778212,A_normalized_signals,1070,16,25.0,5.0,20.0
2025,17,00-0036755,Jaret Patterson,RB,LAC,0.1,6.060995387840631,A_normalized_signals,1070,16,80.0,53.0,27.0
2025,17,00-0036997,Javonte Williams,RB,DAL,11.4,13.379537027781787,A_normalized_signals,1070,16,19.0,20.0,1.0
2025,17,00-0039405,Jawhar Jordan,RB,HOU,3.6,13.60471855738153,A_normalized_signals,1070,16,52.0,19.0,33.0
2025,17,00-0037228,Jaylen Warren,RB,PIT,6.4,14.963632828303808,A_normalized_signals,1070,16,37.0,14.0,23.0
2025,17,00-0039874,Jaylen Wright,RB,MIA,5.6,10.017873128943144,A_normalized_signals,1070,16,42.0,36.0,6.0
2025,17,00-0033955,Jeremy McNichols,RB,WAS,4.0,4.300877687331474,A_normalized_signals,1070,16,46.0,65.0,19.0
2025,17,00-0036223,Jonathan Taylor,RB,IND,17.4,18.1175667929148,A_normalized_signals,1070,16,12.0,6.0,6.0
2025,17,00-0035700,Josh Jacobs,RB,GB,1.3,15.02738050480218,A_normalized_signals,1070,16,67.0,13.0,54.0
2025,17,00-0037594,Julius Chestnut,RB,TEN,0.0,1.3589990212599028,A_normalized_signals,1070,16,82.0,88.0,6.0
2025,17,00-0040205,Kalel Mullings,RB,TEN,0.4,1.6008890685918653,A_normalized_signals,1070,16,74.0,85.0,11.0
2025,17,00-0033923,Kareem Hunt,RB,KC,3.8,7.437073275586811,A_normalized_signals,1070,16,49.0,46.0,3.0
2025,17,00-0038454,Keaton Mitchell,RB,BAL,5.8,6.446413674547704,A_normalized_signals,1070,16,40.0,50.0,10.0
2025,17,00-0036842,Kene Nwangwu,RB,NYJ,3.1,1.157235655170151,A_normalized_signals,1070,16,55.0,90.0,35.0
2025,17,00-0038134,Kenneth Walker III,RB,SEA,7.7,11.068421040158968,A_normalized_signals,1070,16,32.0,31.0,1.0
2025,17,00-0036919,Kenny Gainwell,RB,PIT,6.8,15.20169316737964,A_normalized_signals,1070,16,34.0,12.0,22.0
2025,17,00-0036906,Khalil Herbert,RB,NYJ,0.5,1.6541879777147177,A_normalized_signals,1070,16,71.0,83.0,12.0
2025,17,00-0040236,Kyle Monangai,RB,CHI,7.7,10.18195686180736,A_normalized_signals,1070,16,32.0,34.0,2.0
2025,17,00-0037840,Kyren Williams,RB,LA,16.0,14.426620739166626,A_normalized_signals,1070,16,15.0,16.0,1.0
2025,17,00-0040238,LeQuint Allen Jr.,RB,JAX,0.3,3.559458086299771,A_normalized_signals,1070,16,75.0,69.0,6.0
2025,17,00-0037563,Malik Davis,RB,DAL,10.3,6.9452505151420105,A_normalized_signals,1070,16,21.0,48.0,27.0
2025,17,00-0036924,Michael Carter,RB,ARI,6.3,10.757195947170192,A_normalized_signals,1070,16,38.0,33.0,5.0
2025,17,00-0034791,Nick Chubb,RB,HOU,0.1,5.438712086758364,A_normalized_signals,1070,16,80.0,55.0,25.0
2025,17,00-0040198,Ollie Gordon II,RB,MIA,0.0,3.1884262988046745,A_normalized_signals,1070,16,82.0,72.0,10.0
2025,17,00-0040666,Omarion Hampton,RB,LAC,20.0,12.936403592933406,A_normalized_signals,1070,16,10.0,23.0,13.0
2025,17,00-0033376,Patrick Ricard,RB,BAL,0.0,1.445937458383688,A_normalized_signals,1070,16,82.0,87.0,5.0
2025,17,00-0040730,RJ Harvey,RB,DEN,18.6,16.278046584778366,A_normalized_signals,1070,16,11.0,10.0,1.0
2025,17,00-0037256,Rachaad White,RB,TB,3.7,6.2007794017462885,A_normalized_signals,1070,16,51.0,51.0,0.0
2025,17,00-0040466,Raheim Sanders,RB,CLE,4.1,7.55714779622034,A_normalized_signals,1070,16,45.0,45.0,0.0
2025,17,00-0039796,Rasheen Ali,RB,BAL,2.8,4.766900465921533,A_normalized_signals,1070,16,58.0,60.0,2.0
2025,17,00-0039875,Ray Davis,RB,BUF,2.6,3.0570195405622984,A_normalized_signals,1070,16,59.0,73.0,14.0
2025,17,00-0036187,Reggie Gilliam,RB,BUF,0.0,1.157235655170151,A_normalized_signals,1070,16,82.0,90.0,8.0
2025,17,00-0036875,Rhamondre Stevenson,RB,NE,27.2,10.932190702023357,A_normalized_signals,1070,16,5.0,32.0,27.0
2025,17,00-0036139,Rico Dowdle,RB,CAR,9.3,11.834616905879184,A_normalized_signals,1070,16,23.0,29.0,6.0
2025,17,00-0037557,Ronnie Rivers,RB,LA,0.5,2.468767151155068,A_normalized_signals,1070,16,71.0,78.0,7.0
2025,17,00-0033526,Samaje Perine,RB,CIN,8.3,9.173327104082546,A_normalized_signals,1070,16,28.0,41.0,13.0
2025,17,00-0034844,Saquon Barkley,RB,PHI,6.8,16.994346946093373,A_normalized_signals,1070,16,34.0,9.0,25.0
2025,17,00-0038951,Sean Tucker,RB,TB,0.8,6.612827269223166,A_normalized_signals,1070,16,70.0,49.0,21.0
2025,17,00-0039364,Sione Vaki,RB,DET,0.0,1.157235655170151,A_normalized_signals,1070,16,82.0,90.0,8.0
2025,17,00-0040208,Tahj Brooks,RB,CIN,2.9,2.49548298522877,A_normalized_signals,1070,16,57.0,77.0,20.0
2025,17,00-0038555,Tank Bigsby,RB,PHI,1.9,6.177391581455934,A_normalized_signals,1070,16,64.0,52.0,12.0
2025,17,00-0035261,Tony Pollard,RB,TEN,11.5,15.750703728846428,A_normalized_signals,1070,16,18.0,11.0,7.0
2025,17,00-0036973,Travis Etienne,RB,JAX,11.2,17.60324820819901,A_normalized_signals,1070,16,20.0,7.0,13.0
2025,17,00-0035594,Travis Homer,RB,CHI,0.0,1.3272703386787188,A_normalized_signals,1070,16,82.0,89.0,7.0
2025,17,00-0035291,Trayveon Williams,RB,CLE,1.0,5.08154964056042,A_normalized_signals,1070,16,69.0,58.0,11.0
2025,17,00-0040734,TreVeyon Henderson,RB,NE,8.2,12.576270412680158,A_normalized_signals,1070,16,30.0,25.0,5.0
2025,17,00-0040644,Trevor Etienne,RB,CAR,0.0,1.6454585068388334,A_normalized_signals,1070,16,82.0,84.0,2.0
2025,17,00-0037276,Ty Chandler,RB,MIN,2.4,1.157235655170151,A_normalized_signals,1070,16,60.0,90.0,30.0
2025,17,00-0035537,Ty Johnson,RB,BUF,7.8,5.940669008425472,A_normalized_signals,1070,16,31.0,54.0,23.0
2025,17,00-0039032,Tyjae Spears,RB,TEN,1.1,9.776548476327612,A_normalized_signals,1070,16,68.0,37.0,31.0
2025,17,00-0037263,Tyler Allgeier,RB,ATL,2.3,7.916168754646878,A_normalized_signals,1070,16,61.0,43.0,18.0
2025,17,00-0037085,Tyler Badie,RB,DEN,0.0,2.9164494008003006,A_normalized_signals,1070,16,82.0,74.0,8.0
2025,17,00-0039384,Tyrone Tracy Jr.,RB,NYG,6.7,13.174932320461485,A_normalized_signals,1070,16,36.0,21.0,15.0
2025,17,00-0039746,Will Shipley,RB,PHI,0.2,1.7176336977558955,A_normalized_signals,1070,16,77.0,82.0,5.0
2025,17,00-0040583,Woody Marks,RB,HOU,8.5,12.73804036806773,A_normalized_signals,1070,16,26.0,24.0,2.0
2025,17,00-0039165,Zach Charbonnet,RB,SEA,26.2,10.078925640183932,A_normalized_signals,1070,16,6.0,35.0,29.0
2025,17,00-0038040,Zamir White,RB,LV,0.2,4.093972744813145,A_normalized_signals,1070,16,77.0,66.0,11.0
2025,17,00-0038440,Zavier Scott,RB,MIN,0.0,3.8140191615774106,A_normalized_signals,1070,16,82.0,67.0,15.0
2025,18,00-0036265,AJ Dillon,RB,PHI,1.3,3.434380055524443,A_normalized_signals,1164,17,72.0,65.0,7.0
2025,18,00-0032104,Ameer Abdullah,RB,IND,4.5,3.6135621372077273,A_normalized_signals,1164,17,51.0,61.0,10.0
2025,18,00-0040122,Ashton Jeanty,RB,LV,12.4,17.4772416572755,A_normalized_signals,1164,17,16.0,4.0,12.0
2025,18,00-0039373,Audric Estimé,RB,NO,15.6,8.38888280266171,A_normalized_signals,1164,17,12.0,29.0,17.0
2025,18,00-0040719,Bhayshul Tuten,RB,JAX,8.3,4.836570256024192,A_normalized_signals,1164,17,25.0,50.0,25.0
2025,18,00-0038542,Bijan Robinson,RB,ATL,7.3,21.832177434217474,A_normalized_signals,1164,17,29.0,1.0,28.0
2025,18,00-0039738,Blake Corum,RB,LA,7.9,8.370934238275382,A_normalized_signals,1164,17,27.0,30.0,3.0
2025,18,00-0040078,Brashard Smith,RB,KC,7.8,3.4478326022714847,A_normalized_signals,1164,17,28.0,64.0,36.0
2025,18,00-0037746,Brian Robinson,RB,SF,0.9,4.571478315916291,A_normalized_signals,1164,17,76.0,52.0,24.0
2025,18,00-0039603,British Brooks,RB,HOU,6.3,1.070586905148774,A_normalized_signals,1164,17,39.0,87.0,48.0
2025,18,00-0039361,Bucky Irving,RB,TB,10.8,12.695490062336107,A_normalized_signals,1164,17,20.0,15.0,5.0
2025,18,00-0036414,Cam Akers,RB,SEA,0.0,2.478710643071541,A_normalized_signals,1164,17,81.0,71.0,10.0
2025,18,00-0038597,Chase Brown,RB,CIN,19.0,16.498287543142226,A_normalized_signals,1164,17,7.0,5.0,2.0
2025,18,00-0038685,Chris Brooks,RB,GB,6.1,2.6081633124563073,A_normalized_signals,1164,17,40.0,68.0,28.0
2025,18,00-0038611,Chris Rodriguez Jr.,RB,WAS,15.3,10.57965795365023,A_normalized_signals,1164,17,13.0,25.0,12.0
2025,18,00-0033280,Christian McCaffrey,RB,SF,11.7,18.196241748684354,A_normalized_signals,1164,17,18.0,3.0,15.0
2025,18,00-0036555,Chuba Hubbard,RB,CAR,3.7,6.8156558056608905,A_normalized_signals,1164,17,55.0,39.0,16.0
2025,18,00-0040556,Corey Kiner,RB,ARI,4.8,3.4928345018312283,A_normalized_signals,1164,17,48.0,62.0,14.0
2025,18,00-0036275,D'Andre Swift,RB,CHI,5.8,12.7960935841219,A_normalized_signals,1164,17,44.0,14.0,30.0
2025,18,00-0035628,D'Ernest Johnson,RB,NE,1.3,2.4352864285516356,A_normalized_signals,1164,17,72.0,73.0,1.0
2025,18,00-0040179,DJ Giddens,RB,IND,3.0,2.5246939674062667,A_normalized_signals,1164,17,58.0,70.0,12.0
2025,18,00-0037258,Dameon Pierce,RB,KC,1.0,2.109120946609775,A_normalized_signals,1164,17,75.0,74.0,1.0
2025,18,00-0033854,Dare Ogunbowale,RB,HOU,1.9,4.54602803427078,A_normalized_signals,1164,17,68.0,53.0,15.0
2025,18,00-0035685,David Montgomery,RB,DET,6.5,8.041852284990869,A_normalized_signals,1164,17,35.0,32.0,3.0
2025,18,00-0036425,DeeJay Dallas,RB,JAX,0.0,1.845713508436851,A_normalized_signals,1164,17,81.0,76.0,5.0
2025,18,00-0032764,Derrick Henry,RB,BAL,12.6,15.28941031957746,A_normalized_signals,1164,17,15.0,7.0,8.0
2025,18,00-0035250,Devin Singletary,RB,NYG,8.6,7.925626107106334,A_normalized_signals,1164,17,24.0,33.0,9.0
2025,18,00-0039407,Dylan Laube,RB,LV,0.0,1.7597836538540266,A_normalized_signals,1164,17,81.0,79.0,2.0
2025,18,00-0040162,Dylan Sampson,RB,CLE,6.4,7.067668747915319,A_normalized_signals,1164,17,37.0,36.0,1.0
2025,18,00-0038797,Emanuel Wilson,RB,GB,5.8,4.892204829013647,A_normalized_signals,1164,17,44.0,49.0,5.0
2025,18,00-0038705,Emari Demercado,RB,ARI,6.7,5.436613105309738,A_normalized_signals,1164,17,33.0,46.0,13.0
2025,18,00-0038397,Evan Hull,RB,NO,1.1,3.4529072700689785,A_normalized_signals,1164,17,74.0,63.0,11.0
2025,18,00-0037617,Hassan Haskins,RB,LAC,0.3,1.7744309389012403,A_normalized_signals,1164,17,77.0,78.0,1.0
2025,18,00-0038738,Hunter Luepke,RB,DAL,2.6,4.029233950123352,A_normalized_signals,1164,17,63.0,57.0,6.0
2025,18,00-0040242,Jacory Croskey-Merritt,RB,WAS,2.9,12.23223681965468,A_normalized_signals,1164,17,60.0,16.0,44.0
2025,18,00-0039139,Jahmyr Gibbs,RB,DET,20.3,15.142665364541372,A_normalized_signals,1164,17,5.0,8.0,3.0
2025,18,00-0038794,Jaleel McLaughlin,RB,DEN,6.8,4.414222687962534,A_normalized_signals,1164,17,31.0,55.0,24.0
2025,18,00-0037248,James Cook,RB,BUF,1.5,16.265317455876044,A_normalized_signals,1164,17,71.0,6.0,65.0
2025,18,00-0036755,Jaret Patterson,RB,LAC,6.7,3.8906050202626368,A_normalized_signals,1164,17,33.0,59.0,26.0
2025,18,00-0039405,Jawhar Jordan,RB,HOU,0.3,10.117016385688443,A_normalized_signals,1164,17,77.0,27.0,50.0
2025,18,00-0040586,Jaydon Blue,RB,DAL,12.4,4.692526872186677,A_normalized_signals,1164,17,16.0,51.0,35.0
2025,18,00-0037228,Jaylen Warren,RB,PIT,14.9,12.136372040471331,A_normalized_signals,1164,17,14.0,18.0,4.0
2025,18,00-0039874,Jaylen Wright,RB,MIA,6.0,5.631410743534797,A_normalized_signals,1164,17,42.0,45.0,3.0
2025,18,00-0033955,Jeremy McNichols,RB,WAS,2.1,4.919271810660739,A_normalized_signals,1164,17,64.0,48.0,16.0
2025,18,00-0036223,Jonathan Taylor,RB,IND,5.9,19.150779290753064,A_normalized_signals,1164,17,43.0,2.0,41.0
2025,18,00-0037525,Jordan Mason,RB,MIN,9.4,6.487527871683838,A_normalized_signals,1164,17,23.0,40.0,17.0
2025,18,00-0037594,Julius Chestnut,RB,TEN,0.0,1.2012940098641331,A_normalized_signals,1164,17,81.0,85.0,4.0
2025,18,00-0033923,Kareem Hunt,RB,KC,6.5,5.990476832721592,A_normalized_signals,1164,17,35.0,43.0,8.0
2025,18,00-0038454,Keaton Mitchell,RB,BAL,0.2,6.866931511541334,A_normalized_signals,1164,17,80.0,38.0,42.0
2025,18,00-0036842,Kene Nwangwu,RB,NYJ,1.8,2.586742505729544,A_normalized_signals,1164,17,69.0,69.0,0.0
2025,18,00-0038134,Kenneth Walker III,RB,SEA,17.3,10.14589053957859,A_normalized_signals,1164,17,10.0,26.0,16.0
2025,18,00-0036919,Kenny Gainwell,RB,PIT,21.4,12.193219448938528,A_normalized_signals,1164,17,4.0,17.0,13.0
2025,18,00-0036906,Khalil Herbert,RB,NYJ,5.6,2.0507242710393743,A_normalized_signals,1164,17,46.0,75.0,29.0
2025,18,00-0039391,Kimani Vidal,RB,LAC,2.0,7.240401721333389,A_normalized_signals,1164,17,66.0,35.0,31.0
2025,18,00-0040236,Kyle Monangai,RB,CHI,3.9,9.221158226070713,A_normalized_signals,1164,17,54.0,28.0,26.0
2025,18,00-0037840,Kyren Williams,RB,LA,11.1,14.519537013792483,A_normalized_signals,1164,17,19.0,10.0,9.0
2025,18,00-0036924,Michael Carter,RB,ARI,6.9,11.848998260475783,A_normalized_signals,1164,17,30.0,22.0,8.0
2025,18,00-0034367,Nyheim Hines,RB,NO,0.0,1.3306332490691304,A_normalized_signals,1164,17,81.0,84.0,3.0
2025,18,00-0040198,Ollie Gordon II,RB,MIA,2.1,1.7462062698656222,A_normalized_signals,1164,17,64.0,80.0,16.0
2025,18,00-0033376,Patrick Ricard,RB,BAL,1.8,1.20066675661905,A_normalized_signals,1164,17,69.0,86.0,17.0
2025,18,00-0040730,RJ Harvey,RB,DEN,4.3,13.544167513710919,A_normalized_signals,1164,17,52.0,11.0,41.0
2025,18,00-0037256,Rachaad White,RB,TB,6.1,4.49596222522558,A_normalized_signals,1164,17,40.0,54.0,14.0
2025,18,00-0040466,Raheim Sanders,RB,CLE,4.3,7.045148429852231,A_normalized_signals,1164,17,52.0,37.0,15.0
2025,18,00-0039796,Rasheen Ali,RB,BAL,0.0,4.1065335094244775,A_normalized_signals,1164,17,81.0,56.0,25.0
2025,18,00-0039875,Ray Davis,RB,BUF,25.4,3.094255476399945,A_normalized_signals,1164,17,3.0,66.0,63.0
2025,18,00-0036187,Reggie Gilliam,RB,BUF,3.6,1.070586905148774,A_normalized_signals,1164,17,56.0,87.0,31.0
2025,18,00-0036875,Rhamondre Stevenson,RB,NE,35.3,10.599827023049652,A_normalized_signals,1164,17,1.0,24.0,23.0
2025,18,00-0036139,Rico Dowdle,RB,CAR,5.0,12.009720642115141,A_normalized_signals,1164,17,47.0,20.0,27.0
2025,18,00-0037557,Ronnie Rivers,RB,LA,0.0,1.3442106330575347,A_normalized_signals,1164,17,81.0,83.0,2.0
2025,18,00-0033526,Samaje Perine,RB,CIN,8.2,7.7943682707331625,A_normalized_signals,1164,17,26.0,34.0,8.0
2025,18,00-0038951,Sean Tucker,RB,TB,-0.4,5.094134942310356,A_normalized_signals,1164,17,91.0,47.0,44.0
2025,18,00-0039364,Sione Vaki,RB,DET,0.0,1.070586905148774,A_normalized_signals,1164,17,81.0,87.0,6.0
2025,18,00-0038555,Tank Bigsby,RB,PHI,17.6,5.957107972735295,A_normalized_signals,1164,17,9.0,44.0,35.0
2025,18,00-0035261,Tony Pollard,RB,TEN,9.5,13.215818344829405,A_normalized_signals,1164,17,22.0,12.0,10.0
2025,18,00-0036973,Travis Etienne,RB,JAX,4.8,14.891945749823059,A_normalized_signals,1164,17,48.0,9.0,39.0
2025,18,00-0035594,Travis Homer,RB,CHI,0.0,1.070586905148774,A_normalized_signals,1164,17,81.0,87.0,6.0
2025,18,00-0035291,Trayveon Williams,RB,CLE,3.0,3.956734041643104,A_normalized_signals,1164,17,58.0,58.0,0.0
2025,18,00-0040734,TreVeyon Henderson,RB,NE,17.3,11.47199083553333,A_normalized_signals,1164,17,10.0,23.0,13.0
2025,18,00-0040644,Trevor Etienne,RB,CAR,0.0,1.070586905148774,A_normalized_signals,1164,17,81.0,87.0,6.0
2025,18,00-0037276,Ty Chandler,RB,MIN,6.4,2.913561806513153,A_normalized_signals,1164,17,37.0,67.0,30.0
2025,18,00-0035537,Ty Johnson,RB,BUF,19.6,6.047244851394509,A_normalized_signals,1164,17,6.0,41.0,35.0
2025,18,00-0039032,Tyjae Spears,RB,TEN,9.7,8.112112171773138,A_normalized_signals,1164,17,21.0,31.0,10.0
2025,18,00-0037263,Tyler Allgeier,RB,ATL,2.9,6.029312928765411,A_normalized_signals,1164,17,60.0,42.0,18.0
2025,18,00-0037085,Tyler Badie,RB,DEN,4.6,1.5766373658587065,A_normalized_signals,1164,17,50.0,82.0,32.0
2025,18,00-0037120,Tyler Goodson,RB,IND,0.3,1.8178893746059246,A_normalized_signals,1164,17,77.0,77.0,0.0
2025,18,00-0039384,Tyrone Tracy Jr.,RB,NYG,29.9,13.086066977039929,A_normalized_signals,1164,17,2.0,13.0,11.0
2025,18,00-0039746,Will Shipley,RB,PHI,3.3,1.6749727514125232,A_normalized_signals,1164,17,57.0,81.0,24.0
2025,18,00-0040583,Woody Marks,RB,HOU,6.8,11.884873154241072,A_normalized_signals,1164,17,31.0,21.0,10.0
2025,18,00-0039165,Zach Charbonnet,RB,SEA,18.7,12.023995261535253,A_normalized_signals,1164,17,8.0,19.0,11.0
2025,18,00-0038040,Zamir White,RB,LV,2.0,3.6588350783492265,A_normalized_signals,1164,17,66.0,60.0,6.0
2025,18,00-0038440,Zavier Scott,RB,MIN,2.7,2.465658560369617,A_normalized_signals,1164,17,62.0,72.0,10.0
2025,7,00-0033906,Alvin Kamara,RB,NO,5.9,14.260399973068798,B_raw_features,243,6,36.0,19.0,17.0
2025,7,00-0032104,Ameer Abdullah,RB,IND,3.7,2.3068262056824724,B_raw_features,243,6,46.0,70.0,24.0
2025,7,00-0040122,Ashton Jeanty,RB,LV,4.4,20.22366704786847,B_raw_features,243,6,42.0,5.0,37.0
2025,7,00-0037157,Bam Knight,RB,ARI,9.4,5.9478243203957675,B_raw_features,243,6,23.0,49.0,26.0
2025,7,00-0040719,Bhayshul Tuten,RB,JAX,2.2,4.826456666632486,B_raw_features,243,6,55.0,55.0,0.0
2025,7,00-0038542,Bijan Robinson,RB,ATL,21.2,19.635200722577437,B_raw_features,243,6,5.0,6.0,1.0
2025,7,00-0039738,Blake Corum,RB,LA,5.3,6.891561501536355,B_raw_features,243,6,39.0,45.0,6.0
2025,7,00-0038488,Brady Russell,RB,SEA,0.0,1.006570972330965,B_raw_features,243,6,72.0,75.0,3.0
2025,7,00-0040078,Brashard Smith,RB,KC,13.1,5.3608662509067,B_raw_features,243,6,14.0,53.0,39.0
2025,7,00-0038120,Breece Hall,RB,NYJ,7.2,17.790913063649608,B_raw_features,243,6,29.0,9.0,20.0
2025,7,00-0037746,Brian Robinson,RB,SF,3.6,4.594941291758997,B_raw_features,243,6,47.0,57.0,10.0
2025,7,00-0040715,Cam Skattebo,RB,NYG,18.4,20.361244094781803,B_raw_features,243,6,11.0,4.0,7.0
2025,7,00-0038597,Chase Brown,RB,CIN,12.0,11.106483979251522,B_raw_features,243,6,19.0,30.0,11.0
2025,7,00-0038685,Chris Brooks,RB,GB,0.0,1.785722290974513,B_raw_features,243,6,72.0,73.0,1.0
2025,7,00-0038611,Chris Rodriguez Jr.,RB,WAS,7.2,7.114783267778878,B_raw_features,243,6,29.0,43.0,14.0
2025,7,00-0033280,Christian McCaffrey,RB,SF,39.1,23.670730825130313,B_raw_features,243,6,1.0,1.0,0.0
2025,7,00-0036555,Chuba Hubbard,RB,CAR,7.5,14.380787824878219,B_raw_features,243,6,27.0,18.0,9.0
2025,7,00-0036275,D'Andre Swift,RB,CHI,20.8,15.479717917605916,B_raw_features,243,6,6.0,16.0,10.0
2025,7,00-0033854,Dare Ogunbowale,RB,HOU,0.0,1.006570972330965,B_raw_features,243,6,72.0,75.0,3.0
2025,7,00-0035685,David Montgomery,RB,DET,5.9,10.575185099546285,B_raw_features,243,6,36.0,32.0,4.0
2025,7,00-0039040,De'Von Achane,RB,MIA,12.8,16.874003327086914,B_raw_features,243,6,15.0,11.0,4.0
2025,7,00-0040202,Devin Neal,RB,NO,0.1,2.632536363723122,B_raw_features,243,6,71.0,64.0,7.0
2025,7,00-0035250,Devin Singletary,RB,NYG,0.2,6.117520229802564,B_raw_features,243,6,70.0,47.0,23.0
2025,7,00-0039407,Dylan Laube,RB,LV,1.4,1.006570972330965,B_raw_features,243,6,63.0,75.0,12.0
2025,7,00-0040162,Dylan Sampson,RB,CLE,2.7,3.9094545767534266,B_raw_features,243,6,51.0,62.0,11.0
2025,7,00-0038797,Emanuel Wilson,RB,GB,2.5,6.973569279149509,B_raw_features,243,6,52.0,44.0,8.0
2025,7,00-0039299,George Holani,RB,SEA,0.0,1.006570972330965,B_raw_features,243,6,72.0,75.0,3.0
2025,7,00-0037617,Hassan Haskins,RB,LAC,2.5,4.779929264161117,B_raw_features,243,6,52.0,56.0,4.0
2025,7,00-0038738,Hunter Luepke,RB,DAL,1.3,2.4537115841762844,B_raw_features,243,6,65.0,66.0,1.0
2025,7,00-0039363,Isaac Guerendo,RB,SF,0.0,1.006570972330965,B_raw_features,243,6,72.0,75.0,3.0
2025,7,00-0039798,Isaiah Davis,RB,NYJ,5.2,4.508406979635648,B_raw_features,243,6,40.0,58.0,18.0
2025,7,00-0037197,Isiah Pacheco,RB,KC,12.4,10.436565222501457,B_raw_features,243,6,17.0,33.0,16.0
2025,7,00-0036158,J.K. Dobbins,RB,DEN,9.0,15.604834938755353,B_raw_features,243,6,24.0,14.0,10.0
2025,7,00-0038896,Jacob Saylors,RB,DET,0.0,1.7994648392215171,B_raw_features,243,6,72.0,72.0,0.0
2025,7,00-0040242,Jacory Croskey-Merritt,RB,WAS,4.2,12.708856688739813,B_raw_features,243,6,44.0,24.0,20.0
2025,7,00-0039139,Jahmyr Gibbs,RB,DET,36.8,14.18330031754263,B_raw_features,243,6,2.0,20.0,18.0
2025,7,00-0036997,Javonte Williams,RB,DAL,18.8,17.42759328281511,B_raw_features,243,6,9.0,10.0,1.0
2025,7,00-0040586,Jaydon Blue,RB,DAL,4.4,3.8389390716780936,B_raw_features,243,6,42.0,63.0,21.0
2025,7,00-0037228,Jaylen Warren,RB,PIT,19.8,15.584879630436985,B_raw_features,243,6,7.0,15.0,8.0
2025,7,00-0033955,Jeremy McNichols,RB,WAS,6.5,4.4785374239395415,B_raw_features,243,6,34.0,60.0,26.0
2025,7,00-0037267,Jerome Ford,RB,CLE,3.0,6.025963858039571,B_raw_features,243,6,50.0,48.0,2.0
2025,7,00-0036223,Jonathan Taylor,RB,IND,34.2,18.724117855152993,B_raw_features,243,6,3.0,7.0,4.0
2025,7,00-0037525,Jordan Mason,RB,MIN,11.7,14.71187655208929,B_raw_features,243,6,20.0,17.0,3.0
2025,7,00-0035700,Josh Jacobs,RB,GB,18.8,21.04123351705384,B_raw_features,243,6,9.0,3.0,6.0
2025,7,00-0037594,Julius Chestnut,RB,TEN,0.0,2.3088643839668643,B_raw_features,243,6,72.0,69.0,3.0
2025,7,00-0033923,Kareem Hunt,RB,KC,1.8,8.734891618014752,B_raw_features,243,6,58.0,38.0,20.0
2025,7,00-0038551,Kendre Miller,RB,NO,0.7,9.359143446447383,B_raw_features,243,6,68.0,37.0,31.0
2025,7,00-0036842,Kene Nwangwu,RB,NYJ,0.0,1.006570972330965,B_raw_features,243,6,72.0,75.0,3.0
2025,7,00-0038134,Kenneth Walker III,RB,SEA,6.6,12.637270304591528,B_raw_features,243,6,33.0,25.0,8.0
2025,7,00-0036919,Kenny Gainwell,RB,PIT,3.5,12.330225805604758,B_raw_features,243,6,48.0,26.0,22.0
2025,7,00-0039391,Kimani Vidal,RB,LAC,7.5,8.356320573993822,B_raw_features,243,6,27.0,40.0,13.0
2025,7,00-0040236,Kyle Monangai,RB,CHI,17.4,5.49450245870456,B_raw_features,243,6,12.0,52.0,40.0
2025,7,00-0037840,Kyren Williams,RB,LA,8.5,15.754858300167433,B_raw_features,243,6,25.0,12.0,13.0
2025,7,00-0040238,LeQuint Allen Jr.,RB,JAX,1.4,2.312515532834265,B_raw_features,243,6,63.0,68.0,5.0
2025,7,00-0036924,Michael Carter,RB,ARI,5.6,11.709877571945476,B_raw_features,243,6,38.0,28.0,10.0
2025,7,00-0034791,Nick Chubb,RB,HOU,2.1,11.91426350141843,B_raw_features,243,6,56.0,27.0,29.0
2025,7,00-0034367,Nyheim Hines,RB,LAC,0.0,1.006570972330965,B_raw_features,243,6,72.0,75.0,3.0
2025,7,00-0040198,Ollie Gordon II,RB,MIA,2.3,4.499540114140563,B_raw_features,243,6,54.0,59.0,5.0
2025,7,00-0040784,Quinshon Judkins,RB,CLE,26.4,17.97616435799927,B_raw_features,243,6,4.0,8.0,4.0
2025,7,00-0040730,RJ Harvey,RB,DEN,7.2,10.040589323653537,B_raw_features,243,6,29.0,34.0,5.0
2025,7,00-0037256,Rachaad White,RB,TB,8.4,14.01615927539246,B_raw_features,243,6,26.0,21.0,5.0
2025,7,00-0031687,Raheem Mostert,RB,LV,1.2,5.599183653971315,B_raw_features,243,6,66.0,50.0,16.0
2025,7,00-0036875,Rhamondre Stevenson,RB,NE,16.8,9.87907363965133,B_raw_features,243,6,13.0,35.0,22.0
2025,7,00-0036139,Rico Dowdle,RB,CAR,10.6,21.108063244740105,B_raw_features,243,6,21.0,2.0,19.0
2025,7,00-0039021,Roschon Johnson,RB,CHI,1.1,1.5139317745226462,B_raw_features,243,6,67.0,74.0,7.0
2025,7,00-0033526,Samaje Perine,RB,CIN,3.1,5.544675670383439,B_raw_features,243,6,49.0,51.0,2.0
2025,7,00-0034844,Saquon Barkley,RB,PHI,5.2,13.274254845941904,B_raw_features,243,6,40.0,22.0,18.0
2025,7,00-0038951,Sean Tucker,RB,TB,1.6,4.445906754545979,B_raw_features,243,6,60.0,61.0,1.0
2025,7,00-0040208,Tahj Brooks,RB,CIN,0.0,2.582234249543223,B_raw_features,243,6,72.0,65.0,7.0
2025,7,00-0038555,Tank Bigsby,RB,PHI,2.0,1.006570972330965,B_raw_features,243,6,57.0,75.0,18.0
2025,7,00-0035261,Tony Pollard,RB,TEN,12.1,12.824191168373575,B_raw_features,243,6,18.0,23.0,5.0
2025,7,00-0036973,Travis Etienne,RB,JAX,6.5,15.621033721697604,B_raw_features,243,6,34.0,13.0,21.0
2025,7,00-0040734,TreVeyon Henderson,RB,NE,0.5,8.732589700864569,B_raw_features,243,6,69.0,39.0,30.0
2025,7,00-0040644,Trevor Etienne,RB,CAR,0.0,5.009071837018624,B_raw_features,243,6,72.0,54.0,18.0
2025,7,00-0039032,Tyjae Spears,RB,TEN,7.0,6.202146342353107,B_raw_features,243,6,32.0,46.0,14.0
2025,7,00-0037263,Tyler Allgeier,RB,ATL,1.6,9.401930017397648,B_raw_features,243,6,60.0,36.0,24.0
2025,7,00-0037085,Tyler Badie,RB,DEN,3.9,2.279141272851163,B_raw_features,243,6,45.0,71.0,26.0
2025,7,00-0039384,Tyrone Tracy Jr.,RB,NYG,10.6,7.720608040799164,B_raw_features,243,6,21.0,41.0,20.0
2025,7,00-0039746,Will Shipley,RB,PHI,1.7,2.316683772287818,B_raw_features,243,6,59.0,67.0,8.0
2025,7,00-0040583,Woody Marks,RB,HOU,12.5,11.577973130339187,B_raw_features,243,6,16.0,29.0,13.0
2025,7,00-0039165,Zach Charbonnet,RB,SEA,19.5,10.832368375310589,B_raw_features,243,6,8.0,31.0,23.0
2025,7,00-0038440,Zavier Scott,RB,MIN,1.6,7.710380702900555,B_raw_features,243,6,60.0,42.0,18.0
2025,8,00-0033293,Aaron Jones,RB,MIN,5.0,6.6078463773325105,B_raw_features,325,7,41.0,33.0,8.0
2025,8,00-0033906,Alvin Kamara,RB,NO,6.5,12.599418109235323,B_raw_features,325,7,35.0,22.0,13.0
2025,8,00-0032104,Ameer Abdullah,RB,IND,1.8,3.0161781147953612,B_raw_features,325,7,51.0,57.0,6.0
2025,8,00-0038542,Bijan Robinson,RB,ATL,7.8,17.748570854547715,B_raw_features,325,7,32.0,7.0,25.0
2025,8,00-0040078,Brashard Smith,RB,KC,0.8,8.609566609987075,B_raw_features,325,7,59.0,31.0,28.0
2025,8,00-0038120,Breece Hall,RB,NYJ,32.86,13.927252023556898,B_raw_features,325,7,4.0,17.0,13.0
2025,8,00-0037746,Brian Robinson,RB,SF,0.0,4.60136690133073,B_raw_features,325,7,69.0,47.0,22.0
2025,8,00-0039603,British Brooks,RB,HOU,0.0,2.205649090344026,B_raw_features,325,7,69.0,61.0,8.0
2025,8,00-0040715,Cam Skattebo,RB,NYG,10.0,17.37756051164085,B_raw_features,325,7,24.0,8.0,16.0
2025,8,00-0038597,Chase Brown,RB,CIN,25.5,11.811910382479374,B_raw_features,325,7,5.0,26.0,21.0
2025,8,00-0038685,Chris Brooks,RB,GB,0.0,1.576414002994229,B_raw_features,325,7,69.0,68.0,1.0
2025,8,00-0038611,Chris Rodriguez Jr.,RB,WAS,0.2,6.3371421185284875,B_raw_features,325,7,64.0,37.0,27.0
2025,8,00-0033280,Christian McCaffrey,RB,SF,9.8,23.87265518145993,B_raw_features,325,7,25.0,1.0,24.0
2025,8,00-0036555,Chuba Hubbard,RB,CAR,9.4,12.964859551197579,B_raw_features,325,7,26.0,19.0,7.0
2025,8,00-0036275,D'Andre Swift,RB,CHI,15.1,16.653843304499144,B_raw_features,325,7,15.0,10.0,5.0
2025,8,00-0037258,Dameon Pierce,RB,HOU,0.0,5.125071078305494,B_raw_features,325,7,69.0,46.0,23.0
2025,8,00-0033854,Dare Ogunbowale,RB,HOU,2.7,1.0956573845123578,B_raw_features,325,7,48.0,71.0,23.0
2025,8,00-0039040,De'Von Achane,RB,MIA,20.1,14.982666529493965,B_raw_features,325,7,7.0,14.0,7.0
2025,8,00-0032764,Derrick Henry,RB,BAL,19.1,15.984914588693739,B_raw_features,325,7,9.0,12.0,3.0
2025,8,00-0040202,Devin Neal,RB,NO,4.1,1.9972608899962734,B_raw_features,325,7,45.0,63.0,18.0
2025,8,00-0035250,Devin Singletary,RB,NYG,3.8,3.725594621475295,B_raw_features,325,7,46.0,55.0,9.0
2025,8,00-0040162,Dylan Sampson,RB,CLE,7.9,3.9254531688160426,B_raw_features,325,7,31.0,54.0,23.0
2025,8,00-0038797,Emanuel Wilson,RB,GB,11.7,6.595537997750532,B_raw_features,325,7,21.0,34.0,13.0
2025,8,00-0038738,Hunter Luepke,RB,DAL,0.2,1.5922243533035227,B_raw_features,325,7,64.0,67.0,3.0
2025,8,00-0039798,Isaiah Davis,RB,NYJ,15.9,3.996174313303637,B_raw_features,325,7,14.0,53.0,39.0
2025,8,00-0037197,Isiah Pacheco,RB,KC,5.8,11.977154863043431,B_raw_features,325,7,38.0,24.0,14.0
2025,8,00-0036158,J.K. Dobbins,RB,DEN,14.1,14.568710047804581,B_raw_features,325,7,17.0,16.0,1.0
2025,8,00-0040242,Jacory Croskey-Merritt,RB,WAS,2.5,12.791087786029355,B_raw_features,325,7,49.0,21.0,28.0
2025,8,00-0037248,James Cook,RB,BUF,33.6,16.765700174472435,B_raw_features,325,7,2.0,9.0,7.0
2025,8,00-0036997,Javonte Williams,RB,DAL,17.9,17.850026850503795,B_raw_features,325,7,10.0,6.0,4.0
2025,8,00-0040586,Jaydon Blue,RB,DAL,2.9,4.318089789560591,B_raw_features,325,7,47.0,49.0,2.0
2025,8,00-0037228,Jaylen Warren,RB,PIT,9.3,16.4353123731506,B_raw_features,325,7,28.0,11.0,17.0
2025,8,00-0033955,Jeremy McNichols,RB,WAS,11.8,4.298276493750955,B_raw_features,325,7,20.0,51.0,31.0
2025,8,00-0037267,Jerome Ford,RB,CLE,0.9,5.404071391273399,B_raw_features,325,7,58.0,44.0,14.0
2025,8,00-0036223,Jonathan Taylor,RB,IND,37.4,20.807717765978524,B_raw_features,325,7,1.0,2.0,1.0
2025,8,00-0037525,Jordan Mason,RB,MIN,1.6,14.721250907579396,B_raw_features,325,7,52.0,15.0,37.0
2025,8,00-0035700,Josh Jacobs,RB,GB,13.5,18.877513266485273,B_raw_features,325,7,19.0,4.0,15.0
2025,8,00-0040429,Josh Williams,RB,TB,1.1,0.9204731825255562,B_raw_features,325,7,57.0,72.0,15.0
2025,8,00-0037594,Julius Chestnut,RB,TEN,0.5,1.2498376557962958,B_raw_features,325,7,62.0,69.0,7.0
2025,8,00-0034975,Justice Hill,RB,BAL,0.2,6.056870431264976,B_raw_features,325,7,64.0,41.0,23.0
2025,8,00-0033923,Kareem Hunt,RB,KC,17.2,6.387155504149449,B_raw_features,325,7,11.0,36.0,25.0
2025,8,00-0038454,Keaton Mitchell,RB,BAL,4.3,2.6627439073631267,B_raw_features,325,7,44.0,58.0,14.0
2025,8,00-0036919,Kenny Gainwell,RB,PIT,5.5,11.686767293964168,B_raw_features,325,7,39.0,27.0,12.0
2025,8,00-0039391,Kimani Vidal,RB,LAC,19.7,13.586683500230379,B_raw_features,325,7,8.0,18.0,10.0
2025,8,00-0040236,Kyle Monangai,RB,CHI,2.4,7.8760099892545625,B_raw_features,325,7,50.0,32.0,18.0
2025,8,00-0037563,Malik Davis,RB,DAL,0.3,0.9204731825255562,B_raw_features,325,7,63.0,72.0,9.0
2025,8,00-0040547,Nate Carter,RB,ATL,1.4,5.697646389762123,B_raw_features,325,7,56.0,43.0,13.0
2025,8,00-0034791,Nick Chubb,RB,HOU,8.9,9.251681706078866,B_raw_features,325,7,29.0,30.0,1.0
2025,8,00-0034367,Nyheim Hines,RB,LAC,-0.2,0.9204731825255562,B_raw_features,325,7,77.0,72.0,5.0
2025,8,00-0040198,Ollie Gordon II,RB,MIA,13.6,4.315314040052181,B_raw_features,325,7,18.0,50.0,32.0
2025,8,00-0040784,Quinshon Judkins,RB,CLE,4.7,18.75721647233528,B_raw_features,325,7,42.0,5.0,37.0
2025,8,00-0040730,RJ Harvey,RB,DEN,24.1,5.136253983738101,B_raw_features,325,7,6.0,45.0,39.0
2025,8,00-0037256,Rachaad White,RB,TB,8.1,15.57271657307993,B_raw_features,325,7,30.0,13.0,17.0
2025,8,00-0039796,Rasheen Ali,RB,BAL,0.0,0.9204731825255562,B_raw_features,325,7,69.0,72.0,3.0
2025,8,00-0039875,Ray Davis,RB,BUF,1.6,2.147837463025798,B_raw_features,325,7,52.0,62.0,10.0
2025,8,00-0036187,Reggie Gilliam,RB,BUF,0.0,0.9204731825255562,B_raw_features,325,7,69.0,72.0,3.0
2025,8,00-0036875,Rhamondre Stevenson,RB,NE,5.9,12.941936641956318,B_raw_features,325,7,37.0,20.0,17.0
2025,8,00-0036139,Rico Dowdle,RB,CAR,5.4,20.147691331223076,B_raw_features,325,7,40.0,3.0,37.0
2025,8,00-0033526,Samaje Perine,RB,CIN,17.0,6.4673655433896124,B_raw_features,325,7,13.0,35.0,22.0
2025,8,00-0034844,Saquon Barkley,RB,PHI,33.4,11.85220608475642,B_raw_features,325,7,3.0,25.0,22.0
2025,8,00-0038951,Sean Tucker,RB,TB,10.2,4.579119690240204,B_raw_features,325,7,23.0,48.0,25.0
2025,8,00-0040208,Tahj Brooks,RB,CIN,0.0,1.9769018233813878,B_raw_features,325,7,69.0,64.0,5.0
2025,8,00-0038555,Tank Bigsby,RB,PHI,10.4,1.235544594661619,B_raw_features,325,7,22.0,70.0,48.0
2025,8,00-0039757,Terrell Jennings,RB,NE,1.5,4.2046315835280454,B_raw_features,325,7,55.0,52.0,3.0
2025,8,00-0035261,Tony Pollard,RB,TEN,6.3,11.368197232830909,B_raw_features,325,7,36.0,28.0,8.0
2025,8,00-0035594,Travis Homer,RB,CHI,0.0,0.9204731825255562,B_raw_features,325,7,69.0,72.0,3.0
2025,8,00-0040734,TreVeyon Henderson,RB,NE,7.5,6.155186722801508,B_raw_features,325,7,33.0,39.0,6.0
2025,8,00-0040644,Trevor Etienne,RB,CAR,1.6,3.122861437761019,B_raw_features,325,7,52.0,56.0,4.0
2025,8,00-0035537,Ty Johnson,RB,BUF,0.6,2.5317545573459883,B_raw_features,325,7,60.0,59.0,1.0
2025,8,00-0039032,Tyjae Spears,RB,TEN,17.2,6.085357400907813,B_raw_features,325,7,11.0,40.0,29.0
2025,8,00-0037263,Tyler Allgeier,RB,ATL,9.4,9.706972731555542,B_raw_features,325,7,26.0,29.0,3.0
2025,8,00-0037085,Tyler Badie,RB,DEN,0.6,2.217118869783628,B_raw_features,325,7,60.0,60.0,0.0
2025,8,00-0037120,Tyler Goodson,RB,IND,0.2,1.9562641196392,B_raw_features,325,7,64.0,65.0,1.0
2025,8,00-0039384,Tyrone Tracy Jr.,RB,NYG,7.3,6.193024415150823,B_raw_features,325,7,34.0,38.0,4.0
2025,8,00-0039746,Will Shipley,RB,PHI,0.2,1.7211279089908122,B_raw_features,325,7,64.0,66.0,2.0
2025,8,00-0040583,Woody Marks,RB,HOU,15.1,12.10544513038357,B_raw_features,325,7,15.0,23.0,8.0
2025,8,00-0038440,Zavier Scott,RB,MIN,4.4,5.79960284286949,B_raw_features,325,7,43.0,42.0,1.0
2025,9,00-0033293,Aaron Jones,RB,MIN,11.8,8.602295633194096,B_raw_features,402,8,19.0,30.0,11.0
2025,9,00-0033906,Alvin Kamara,RB,NO,2.7,12.782224652724096,B_raw_features,402,8,46.0,19.0,27.0
2025,9,00-0032104,Ameer Abdullah,RB,IND,1.5,3.338812299164684,B_raw_features,402,8,57.0,56.0,1.0
2025,9,00-0040122,Ashton Jeanty,RB,LV,19.9,16.03711089373209,B_raw_features,402,8,5.0,7.0,2.0
2025,9,00-0037157,Bam Knight,RB,ARI,6.7,10.864782430329926,B_raw_features,402,8,33.0,26.0,7.0
2025,9,00-0040719,Bhayshul Tuten,RB,JAX,9.6,6.2248236717039305,B_raw_features,402,8,23.0,41.0,18.0
2025,9,00-0038542,Bijan Robinson,RB,ATL,17.6,15.193624889923958,B_raw_features,402,8,7.0,10.0,3.0
2025,9,00-0039738,Blake Corum,RB,LA,5.8,6.917572065938382,B_raw_features,402,8,35.0,37.0,2.0
2025,9,00-0040078,Brashard Smith,RB,KC,0.7,7.467464424338288,B_raw_features,402,8,60.0,34.0,26.0
2025,9,00-0037746,Brian Robinson,RB,SF,11.3,2.873758129443905,B_raw_features,402,8,21.0,58.0,37.0
2025,9,00-0039603,British Brooks,RB,HOU,0.0,1.4191449268323952,B_raw_features,402,8,65.0,68.0,3.0
2025,9,00-0038597,Chase Brown,RB,CIN,19.2,13.333370823382975,B_raw_features,402,8,6.0,15.0,9.0
2025,9,00-0038685,Chris Brooks,RB,GB,4.4,1.3601628625050912,B_raw_features,402,8,40.0,70.0,30.0
2025,9,00-0038611,Chris Rodriguez Jr.,RB,WAS,12.5,4.5831235438497515,B_raw_features,402,8,17.0,49.0,32.0
2025,9,00-0033280,Christian McCaffrey,RB,SF,34.3,20.211831894225337,B_raw_features,402,8,1.0,1.0,0.0
2025,9,00-0036555,Chuba Hubbard,RB,CAR,1.7,11.202058968081431,B_raw_features,402,8,56.0,24.0,32.0
2025,9,00-0033854,Dare Ogunbowale,RB,HOU,1.2,1.67083548069242,B_raw_features,402,8,58.0,65.0,7.0
2025,9,00-0035685,David Montgomery,RB,DET,13.0,11.193781288153042,B_raw_features,402,8,15.0,25.0,10.0
2025,9,00-0039040,De'Von Achane,RB,MIA,16.6,17.474142857762146,B_raw_features,402,8,10.0,4.0,6.0
2025,9,00-0032764,Derrick Henry,RB,BAL,13.1,19.017316397184434,B_raw_features,402,8,14.0,2.0,12.0
2025,9,00-0040202,Devin Neal,RB,NO,2.2,2.2441621212869785,B_raw_features,402,8,52.0,61.0,9.0
2025,9,00-0035250,Devin Singletary,RB,NYG,7.1,2.9767258766889952,B_raw_features,402,8,31.0,57.0,26.0
2025,9,00-0039407,Dylan Laube,RB,LV,0.0,2.1130555239903717,B_raw_features,402,8,65.0,62.0,3.0
2025,9,00-0038797,Emanuel Wilson,RB,GB,2.7,7.809778862742435,B_raw_features,402,8,46.0,33.0,13.0
2025,9,00-0038705,Emari Demercado,RB,ARI,8.8,3.4830062713945207,B_raw_features,402,8,26.0,52.0,26.0
2025,9,00-0039299,George Holani,RB,SEA,0.9,1.3115042672449646,B_raw_features,402,8,59.0,71.0,12.0
2025,9,00-0038738,Hunter Luepke,RB,DAL,0.0,1.5949260709696107,B_raw_features,402,8,65.0,66.0,1.0
2025,9,00-0039363,Isaac Guerendo,RB,SF,0.0,1.3115042672449646,B_raw_features,402,8,65.0,71.0,6.0
2025,9,00-0036158,J.K. Dobbins,RB,DEN,6.9,13.758394038459558,B_raw_features,402,8,32.0,13.0,19.0
2025,9,00-0038896,Jacob Saylors,RB,DET,0.0,1.2971389904087562,B_raw_features,402,8,65.0,80.0,15.0
2025,9,00-0040242,Jacory Croskey-Merritt,RB,WAS,5.1,11.54253463515387,B_raw_features,402,8,38.0,23.0,15.0
2025,9,00-0039139,Jahmyr Gibbs,RB,DET,5.8,14.581703911540817,B_raw_features,402,8,35.0,12.0,23.0
2025,9,00-0037248,James Cook,RB,BUF,13.5,13.146517606134317,B_raw_features,402,8,13.0,16.0,3.0
2025,9,00-0036755,Jaret Patterson,RB,LAC,4.4,6.443681944354148,B_raw_features,402,8,40.0,39.0,1.0
2025,9,00-0036997,Javonte Williams,RB,DAL,9.3,17.35871470117277,B_raw_features,402,8,24.0,5.0,19.0
2025,9,00-0037228,Jaylen Warren,RB,PIT,16.9,14.724027283419082,B_raw_features,402,8,9.0,11.0,2.0
2025,9,00-0033955,Jeremy McNichols,RB,WAS,0.0,5.2431801719583655,B_raw_features,402,8,65.0,46.0,19.0
2025,9,00-0036223,Jonathan Taylor,RB,IND,7.7,16.78836664806984,B_raw_features,402,8,29.0,6.0,23.0
2025,9,00-0037525,Jordan Mason,RB,MIN,4.7,12.11607089243955,B_raw_features,402,8,39.0,21.0,18.0
2025,9,00-0035700,Josh Jacobs,RB,GB,20.0,15.7478775701493,B_raw_features,402,8,4.0,8.0,4.0
2025,9,00-0037594,Julius Chestnut,RB,TEN,0.0,1.3652241529729152,B_raw_features,402,8,65.0,69.0,4.0
2025,9,00-0034975,Justice Hill,RB,BAL,3.5,3.8918101945959456,B_raw_features,402,8,42.0,51.0,9.0
2025,9,00-0040142,Kaleb Johnson,RB,PIT,2.3,4.896724744488547,B_raw_features,402,8,51.0,48.0,3.0
2025,9,00-0033923,Kareem Hunt,RB,KC,12.5,5.766232346535343,B_raw_features,402,8,17.0,44.0,27.0
2025,9,00-0038454,Keaton Mitchell,RB,BAL,2.8,3.3479210482036925,B_raw_features,402,8,45.0,55.0,10.0
2025,9,00-0038134,Kenneth Walker III,RB,SEA,8.1,11.934920685907972,B_raw_features,402,8,27.0,22.0,5.0
2025,9,00-0036919,Kenny Gainwell,RB,PIT,7.4,6.7527317804767755,B_raw_features,402,8,30.0,38.0,8.0
2025,9,00-0039391,Kimani Vidal,RB,LAC,3.0,17.740980685698812,B_raw_features,402,8,44.0,3.0,41.0
2025,9,00-0040236,Kyle Monangai,RB,CHI,22.8,8.20305008110702,B_raw_features,402,8,3.0,32.0,29.0
2025,9,00-0037840,Kyren Williams,RB,LA,17.4,15.548549918654665,B_raw_features,402,8,8.0,9.0,1.0
2025,9,00-0040238,LeQuint Allen Jr.,RB,JAX,2.1,1.6784475880097645,B_raw_features,402,8,53.0,64.0,11.0
2025,9,00-0037563,Malik Davis,RB,DAL,0.3,1.5020456280068366,B_raw_features,402,8,63.0,67.0,4.0
2025,9,00-0034791,Nick Chubb,RB,HOU,3.4,9.650398876243184,B_raw_features,402,8,43.0,29.0,14.0
2025,9,00-0040198,Ollie Gordon II,RB,MIA,1.9,6.2179437330553675,B_raw_features,402,8,54.0,42.0,12.0
2025,9,00-0040730,RJ Harvey,RB,DEN,16.6,5.361618943681554,B_raw_features,402,8,10.0,45.0,35.0
2025,9,00-0031687,Raheem Mostert,RB,LV,2.4,4.908788859401418,B_raw_features,402,8,50.0,47.0,3.0
2025,9,00-0039796,Rasheen Ali,RB,BAL,0.0,1.3115042672449646,B_raw_features,402,8,65.0,71.0,6.0
2025,9,00-0039875,Ray Davis,RB,BUF,0.0,4.373336121135862,B_raw_features,402,8,65.0,50.0,15.0
2025,9,00-0036187,Reggie Gilliam,RB,BUF,0.0,1.3115042672449646,B_raw_features,402,8,65.0,71.0,6.0
2025,9,00-0036139,Rico Dowdle,RB,CAR,28.1,12.936483678499838,B_raw_features,402,8,2.0,17.0,15.0
2025,9,00-0040649,Robbie Ouzts,RB,SEA,0.0,1.3115042672449646,B_raw_features,402,8,65.0,71.0,6.0
2025,9,00-0033526,Samaje Perine,RB,CIN,0.5,8.492554270575214,B_raw_features,402,8,62.0,31.0,31.0
2025,9,00-0039364,Sione Vaki,RB,DET,0.0,1.3115042672449646,B_raw_features,402,8,65.0,71.0,6.0
2025,9,00-0040208,Tahj Brooks,RB,CIN,0.1,1.3115042672449646,B_raw_features,402,8,64.0,71.0,7.0
2025,9,00-0039757,Terrell Jennings,RB,NE,11.4,3.3876597586871062,B_raw_features,402,8,20.0,54.0,34.0
2025,9,00-0035261,Tony Pollard,RB,TEN,7.8,12.342019577615357,B_raw_features,402,8,28.0,20.0,8.0
2025,9,00-0036973,Travis Etienne,RB,JAX,16.5,13.675243305555334,B_raw_features,402,8,12.0,14.0,2.0
2025,9,00-0035594,Travis Homer,RB,CHI,0.0,1.3115042672449646,B_raw_features,402,8,65.0,71.0,6.0
2025,9,00-0040734,TreVeyon Henderson,RB,NE,12.7,6.3675144934427355,B_raw_features,402,8,16.0,40.0,24.0
2025,9,00-0040644,Trevor Etienne,RB,CAR,0.0,2.6319482663113076,B_raw_features,402,8,65.0,59.0,6.0
2025,9,00-0036984,Trey Sermon,RB,PIT,0.0,1.3115042672449646,B_raw_features,402,8,65.0,71.0,6.0
2025,9,00-0035537,Ty Johnson,RB,BUF,10.0,3.4747833875276957,B_raw_features,402,8,22.0,53.0,31.0
2025,9,00-0039032,Tyjae Spears,RB,TEN,9.2,9.823528817470295,B_raw_features,402,8,25.0,28.0,3.0
2025,9,00-0037263,Tyler Allgeier,RB,ATL,0.6,7.434312133780088,B_raw_features,402,8,61.0,35.0,26.0
2025,9,00-0037085,Tyler Badie,RB,DEN,2.6,1.9560741028454849,B_raw_features,402,8,49.0,63.0,14.0
2025,9,00-0037120,Tyler Goodson,RB,IND,1.8,2.509782796240662,B_raw_features,402,8,55.0,60.0,5.0
2025,9,00-0039384,Tyrone Tracy Jr.,RB,NYG,6.7,7.339597718510568,B_raw_features,402,8,33.0,36.0,3.0
2025,9,00-0040583,Woody Marks,RB,HOU,2.7,10.79555029679784,B_raw_features,402,8,46.0,27.0,19.0
2025,9,00-0039165,Zach Charbonnet,RB,SEA,5.6,12.894054588838024,B_raw_features,402,8,37.0,18.0,19.0
2025,9,00-0038440,Zavier Scott,RB,MIN,0.0,5.866936862947838,B_raw_features,402,8,65.0,43.0,22.0
2025,10,00-0033293,Aaron Jones,RB,MIN,15.9,8.402192498757794,B_raw_features,482,9,12.0,36.0,24.0
2025,10,00-0033906,Alvin Kamara,RB,NO,14.5,10.588464533813543,B_raw_features,482,9,17.0,27.0,10.0
2025,10,00-0032104,Ameer Abdullah,RB,IND,1.8,3.191034055800967,B_raw_features,482,9,54.0,63.0,9.0
2025,10,00-0040122,Ashton Jeanty,RB,LV,15.3,16.0297817971241,B_raw_features,482,9,14.0,6.0,8.0
2025,10,00-0037157,Bam Knight,RB,ARI,4.3,12.024947757016491,B_raw_features,482,9,43.0,22.0,21.0
2025,10,00-0040719,Bhayshul Tuten,RB,JAX,2.0,6.962913762553606,B_raw_features,482,9,53.0,39.0,14.0
2025,10,00-0038542,Bijan Robinson,RB,ATL,10.8,16.585492332559646,B_raw_features,482,9,25.0,5.0,20.0
2025,10,00-0039738,Blake Corum,RB,LA,5.6,8.426141956824718,B_raw_features,482,9,40.0,35.0,5.0
2025,10,00-0038488,Brady Russell,RB,SEA,0.0,1.170558700395732,B_raw_features,482,9,69.0,74.0,5.0
2025,10,00-0038120,Breece Hall,RB,NYJ,19.5,14.274134847113777,B_raw_features,482,9,7.0,14.0,7.0
2025,10,00-0037746,Brian Robinson,RB,SF,11.5,3.666423254389952,B_raw_features,482,9,22.0,58.0,36.0
2025,10,00-0038685,Chris Brooks,RB,GB,0.0,1.622265117120439,B_raw_features,482,9,69.0,73.0,4.0
2025,10,00-0038611,Chris Rodriguez Jr.,RB,WAS,7.6,4.946087957610728,B_raw_features,482,9,36.0,51.0,15.0
2025,10,00-0033280,Christian McCaffrey,RB,SF,17.6,21.136650355955233,B_raw_features,482,9,10.0,1.0,9.0
2025,10,00-0036555,Chuba Hubbard,RB,CAR,2.5,9.933670023925428,B_raw_features,482,9,49.0,32.0,17.0
2025,10,00-0036275,D'Andre Swift,RB,CHI,14.8,14.254401333868802,B_raw_features,482,9,16.0,15.0,1.0
2025,10,00-0035628,D'Ernest Johnson,RB,NE,0.1,1.8194670408885705,B_raw_features,482,9,66.0,71.0,5.0
2025,10,00-0037258,Dameon Pierce,RB,HOU,0.0,3.4727882684230407,B_raw_features,482,9,69.0,59.0,10.0
2025,10,00-0035685,David Montgomery,RB,DET,8.1,9.949109425981973,B_raw_features,482,9,33.0,31.0,2.0
2025,10,00-0039040,De'Von Achane,RB,MIA,40.5,17.91314774360514,B_raw_features,482,9,2.0,2.0,0.0
2025,10,00-0032764,Derrick Henry,RB,BAL,11.4,17.280380319470083,B_raw_features,482,9,23.0,3.0,20.0
2025,10,00-0040202,Devin Neal,RB,NO,6.1,3.34292868127812,B_raw_features,482,9,38.0,61.0,23.0
2025,10,00-0035250,Devin Singletary,RB,NYG,10.3,4.877742000720842,B_raw_features,482,9,28.0,52.0,24.0
2025,10,00-0039407,Dylan Laube,RB,LV,0.0,2.172487423603248,B_raw_features,482,9,69.0,68.0,1.0
2025,10,00-0040162,Dylan Sampson,RB,CLE,0.9,5.624090592305141,B_raw_features,482,9,58.0,47.0,11.0
2025,10,00-0038797,Emanuel Wilson,RB,GB,1.4,9.539772445356887,B_raw_features,482,9,57.0,33.0,24.0
2025,10,00-0038705,Emari Demercado,RB,ARI,13.4,5.828299615045737,B_raw_features,482,9,19.0,46.0,27.0
2025,10,00-0039299,George Holani,RB,SEA,9.1,1.7257276585689998,B_raw_features,482,9,30.0,72.0,42.0
2025,10,00-0039798,Isaiah Davis,RB,NYJ,2.1,5.870989440886651,B_raw_features,482,9,52.0,45.0,7.0
2025,10,00-0036158,J.K. Dobbins,RB,DEN,9.4,13.493176062636104,B_raw_features,482,9,29.0,20.0,9.0
2025,10,00-0040242,Jacory Croskey-Merritt,RB,WAS,3.0,10.065518568246953,B_raw_features,482,9,48.0,30.0,18.0
2025,10,00-0039139,Jahmyr Gibbs,RB,DET,38.2,14.145185312110021,B_raw_features,482,9,3.0,18.0,15.0
2025,10,00-0037248,James Cook,RB,BUF,12.7,15.268189392787464,B_raw_features,482,9,21.0,10.0,11.0
2025,10,00-0036755,Jaret Patterson,RB,LAC,0.1,7.2037668748808645,B_raw_features,482,9,66.0,38.0,28.0
2025,10,00-0037228,Jaylen Warren,RB,PIT,11.1,17.07094087405369,B_raw_features,482,9,24.0,4.0,20.0
2025,10,00-0039874,Jaylen Wright,RB,MIA,1.7,6.729033064724887,B_raw_features,482,9,55.0,40.0,15.0
2025,10,00-0033955,Jeremy McNichols,RB,WAS,3.9,3.9832391336371176,B_raw_features,482,9,45.0,54.0,9.0
2025,10,00-0037267,Jerome Ford,RB,CLE,0.1,3.711246684806759,B_raw_features,482,9,66.0,57.0,9.0
2025,10,00-0036223,Jonathan Taylor,RB,IND,49.6,15.575615732519616,B_raw_features,482,9,1.0,7.0,6.0
2025,10,00-0037525,Jordan Mason,RB,MIN,4.1,10.586085663904093,B_raw_features,482,9,44.0,28.0,16.0
2025,10,00-0035700,Josh Jacobs,RB,GB,21.7,15.537999046395226,B_raw_features,482,9,6.0,8.0,2.0
2025,10,00-0034975,Justice Hill,RB,BAL,8.3,4.125586039475222,B_raw_features,482,9,32.0,53.0,21.0
2025,10,00-0040142,Kaleb Johnson,RB,PIT,0.3,4.949496085152084,B_raw_features,482,9,65.0,50.0,15.0
2025,10,00-0038454,Keaton Mitchell,RB,BAL,3.1,3.260593982677205,B_raw_features,482,9,47.0,62.0,15.0
2025,10,00-0036842,Kene Nwangwu,RB,NYJ,0.0,1.170558700395732,B_raw_features,482,9,69.0,74.0,5.0
2025,10,00-0038134,Kenneth Walker III,RB,SEA,8.0,11.702776250878966,B_raw_features,482,9,35.0,24.0,11.0
2025,10,00-0036919,Kenny Gainwell,RB,PIT,2.4,6.2258079022877775,B_raw_features,482,9,51.0,42.0,9.0
2025,10,00-0039391,Kimani Vidal,RB,LAC,17.8,13.690070931486996,B_raw_features,482,9,8.0,19.0,11.0
2025,10,00-0040236,Kyle Monangai,RB,CHI,8.8,14.162217577827077,B_raw_features,482,9,31.0,17.0,14.0
2025,10,00-0037840,Kyren Williams,RB,LA,22.4,14.251917993999712,B_raw_features,482,9,5.0,16.0,11.0
2025,10,00-0040238,LeQuint Allen Jr.,RB,JAX,1.6,2.4110034407833103,B_raw_features,482,9,56.0,65.0,9.0
2025,10,00-0036924,Michael Carter,RB,ARI,0.4,11.704422172488535,B_raw_features,482,9,62.0,23.0,39.0
2025,10,00-0034791,Nick Chubb,RB,HOU,6.2,10.13156295423192,B_raw_features,482,9,37.0,29.0,8.0
2025,10,00-0040198,Ollie Gordon II,RB,MIA,-0.3,6.158608204630449,B_raw_features,482,9,78.0,43.0,35.0
2025,10,00-0040784,Quinshon Judkins,RB,CLE,10.5,14.495226147400968,B_raw_features,482,9,26.0,13.0,13.0
2025,10,00-0040730,RJ Harvey,RB,DEN,3.8,5.966256630794969,B_raw_features,482,9,46.0,44.0,2.0
2025,10,00-0037256,Rachaad White,RB,TB,10.4,15.421827329991826,B_raw_features,482,9,27.0,9.0,18.0
2025,10,00-0031687,Raheem Mostert,RB,LV,2.5,2.909501388060969,B_raw_features,482,9,49.0,64.0,15.0
2025,10,00-0039875,Ray Davis,RB,BUF,0.8,3.788571663533534,B_raw_features,482,9,59.0,56.0,3.0
2025,10,00-0036139,Rico Dowdle,RB,CAR,15.3,13.27192861699472,B_raw_features,482,9,14.0,21.0,7.0
2025,10,00-0040649,Robbie Ouzts,RB,SEA,0.0,1.170558700395732,B_raw_features,482,9,69.0,74.0,5.0
2025,10,00-0034844,Saquon Barkley,RB,PHI,13.1,14.708396087068461,B_raw_features,482,9,20.0,12.0,8.0
2025,10,00-0038951,Sean Tucker,RB,TB,6.1,6.57331208285602,B_raw_features,482,9,38.0,41.0,3.0
2025,10,00-0039364,Sione Vaki,RB,DET,0.4,1.170558700395732,B_raw_features,482,9,62.0,74.0,12.0
2025,10,00-0038555,Tank Bigsby,RB,PHI,0.7,3.4216051257113653,B_raw_features,482,9,60.0,60.0,0.0
2025,10,00-0039757,Terrell Jennings,RB,NE,0.5,5.30496121046178,B_raw_features,482,9,61.0,48.0,13.0
2025,10,00-0036973,Travis Etienne,RB,JAX,15.7,15.037780354731106,B_raw_features,482,9,13.0,11.0,2.0
2025,10,00-0040734,TreVeyon Henderson,RB,NE,28.0,8.348193849503879,B_raw_features,482,9,4.0,37.0,33.0
2025,10,00-0040644,Trevor Etienne,RB,CAR,0.0,1.8695086710727242,B_raw_features,482,9,69.0,69.0,0.0
2025,10,00-0036984,Trey Sermon,RB,PIT,0.0,1.170558700395732,B_raw_features,482,9,69.0,74.0,5.0
2025,10,00-0035537,Ty Johnson,RB,BUF,4.6,3.8435368036660047,B_raw_features,482,9,42.0,55.0,13.0
2025,10,00-0037263,Tyler Allgeier,RB,ATL,17.7,5.1140882475883975,B_raw_features,482,9,9.0,49.0,40.0
2025,10,00-0037085,Tyler Badie,RB,DEN,0.0,2.214530612388777,B_raw_features,482,9,69.0,67.0,2.0
2025,10,00-0037120,Tyler Goodson,RB,IND,0.4,2.230429190967629,B_raw_features,482,9,62.0,66.0,4.0
2025,10,00-0039384,Tyrone Tracy Jr.,RB,NYG,8.1,8.707426173538986,B_raw_features,482,9,33.0,34.0,1.0
2025,10,00-0039746,Will Shipley,RB,PHI,5.4,1.8352565756416457,B_raw_features,482,9,41.0,70.0,29.0
2025,10,00-0040583,Woody Marks,RB,HOU,16.1,11.536343758471526,B_raw_features,482,9,11.0,25.0,14.0
2025,10,00-0039165,Zach Charbonnet,RB,SEA,14.3,10.711155130929754,B_raw_features,482,9,18.0,26.0,8.0
2025,11,00-0033293,Aaron Jones,RB,MIN,11.1,11.20249198911199,B_raw_features,560,10,22.0,26.0,4.0
2025,11,00-0040122,Ashton Jeanty,RB,LV,9.4,16.07942051516841,B_raw_features,560,10,30.0,6.0,24.0
2025,11,00-0037157,Bam Knight,RB,ARI,14.5,10.993483181186045,B_raw_features,560,10,18.0,28.0,10.0
2025,11,00-0040719,Bhayshul Tuten,RB,JAX,13.4,7.154352808123868,B_raw_features,560,10,19.0,44.0,25.0
2025,11,00-0038542,Bijan Robinson,RB,ATL,30.3,15.385188000554173,B_raw_features,560,10,4.0,13.0,9.0
2025,11,00-0039738,Blake Corum,RB,LA,1.5,8.694514479457403,B_raw_features,560,10,62.0,34.0,28.0
2025,11,00-0038488,Brady Russell,RB,SEA,0.0,0.9648767899104385,B_raw_features,560,10,74.0,77.0,3.0
2025,11,00-0040078,Brashard Smith,RB,KC,2.8,7.430779532151761,B_raw_features,560,10,55.0,42.0,13.0
2025,11,00-0038120,Breece Hall,RB,NYJ,8.4,15.630534842207592,B_raw_features,560,10,33.0,11.0,22.0
2025,11,00-0037746,Brian Robinson,RB,SF,2.4,5.841449280655297,B_raw_features,560,10,57.0,49.0,8.0
2025,11,00-0038597,Chase Brown,RB,CIN,18.7,16.819449214196922,B_raw_features,560,10,12.0,5.0,7.0
2025,11,00-0038685,Chris Brooks,RB,GB,0.8,1.6357461166722496,B_raw_features,560,10,67.0,71.0,4.0
2025,11,00-0038611,Chris Rodriguez Jr.,RB,WAS,9.5,6.011303243797783,B_raw_features,560,10,29.0,48.0,19.0
2025,11,00-0033280,Christian McCaffrey,RB,SF,35.1,20.144653546591016,B_raw_features,560,10,1.0,2.0,1.0
2025,11,00-0036555,Chuba Hubbard,RB,CAR,3.8,7.095591364532297,B_raw_features,560,10,50.0,46.0,4.0
2025,11,00-0036275,D'Andre Swift,RB,CHI,9.0,14.93477756173939,B_raw_features,560,10,31.0,17.0,14.0
2025,11,00-0035628,D'Ernest Johnson,RB,NE,0.6,1.7219640278754547,B_raw_features,560,10,68.0,70.0,2.0
2025,11,00-0033854,Dare Ogunbowale,RB,HOU,1.9,1.9768699070027524,B_raw_features,560,10,59.0,67.0,8.0
2025,11,00-0035685,David Montgomery,RB,DET,4.7,11.557665783071812,B_raw_features,560,10,46.0,25.0,21.0
2025,11,00-0039040,De'Von Achane,RB,MIA,21.5,20.514586813593645,B_raw_features,560,10,6.0,1.0,5.0
2025,11,00-0032764,Derrick Henry,RB,BAL,20.2,15.296897568835288,B_raw_features,560,10,8.0,15.0,7.0
2025,11,00-0035250,Devin Singletary,RB,NYG,17.7,7.607872634575088,B_raw_features,560,10,14.0,41.0,27.0
2025,11,00-0039407,Dylan Laube,RB,LV,0.0,2.492092438541861,B_raw_features,560,10,74.0,62.0,12.0
2025,11,00-0040162,Dylan Sampson,RB,CLE,1.9,4.9213534821042115,B_raw_features,560,10,59.0,51.0,8.0
2025,11,00-0038797,Emanuel Wilson,RB,GB,11.9,7.945503726206508,B_raw_features,560,10,21.0,37.0,16.0
2025,11,00-0038705,Emari Demercado,RB,ARI,4.0,7.37065223046771,B_raw_features,560,10,48.0,43.0,5.0
2025,11,00-0039299,George Holani,RB,SEA,0.6,3.682504226454661,B_raw_features,560,10,68.0,59.0,9.0
2025,11,00-0038738,Hunter Luepke,RB,DAL,7.1,1.5635363525407993,B_raw_features,560,10,40.0,73.0,33.0
2025,11,00-0039798,Isaiah Davis,RB,NYJ,1.1,6.499175134711081,B_raw_features,560,10,64.0,47.0,17.0
2025,11,00-0038896,Jacob Saylors,RB,DET,0.0,0.9648767899104385,B_raw_features,560,10,74.0,77.0,3.0
2025,11,00-0040242,Jacory Croskey-Merritt,RB,WAS,4.3,8.587510584141901,B_raw_features,560,10,47.0,35.0,12.0
2025,11,00-0039139,Jahmyr Gibbs,RB,DET,19.6,15.18997146999687,B_raw_features,560,10,10.0,16.0,6.0
2025,11,00-0038794,Jaleel McLaughlin,RB,DEN,8.4,2.1662882882080536,B_raw_features,560,10,33.0,63.0,30.0
2025,11,00-0037248,James Cook,RB,BUF,20.4,15.76099508620014,B_raw_features,560,10,7.0,9.0,2.0
2025,11,00-0036997,Javonte Williams,RB,DAL,10.3,15.755710813080402,B_raw_features,560,10,26.0,10.0,16.0
2025,11,00-0037228,Jaylen Warren,RB,PIT,8.7,17.096209462567302,B_raw_features,560,10,32.0,4.0,28.0
2025,11,00-0039874,Jaylen Wright,RB,MIA,0.4,4.921007230522461,B_raw_features,560,10,71.0,52.0,19.0
2025,11,00-0033955,Jeremy McNichols,RB,WAS,4.9,4.8979881792957745,B_raw_features,560,10,45.0,53.0,8.0
2025,11,00-0037267,Jerome Ford,RB,CLE,0.2,2.5599920181410174,B_raw_features,560,10,72.0,61.0,11.0
2025,11,00-0037525,Jordan Mason,RB,MIN,10.5,7.700632440032181,B_raw_features,560,10,24.0,39.0,15.0
2025,11,00-0035700,Josh Jacobs,RB,GB,4.0,17.19860049473473,B_raw_features,560,10,48.0,3.0,45.0
2025,11,00-0037594,Julius Chestnut,RB,TEN,0.0,1.612947628781676,B_raw_features,560,10,74.0,72.0,2.0
2025,11,00-0040142,Kaleb Johnson,RB,PIT,1.5,3.333188648525952,B_raw_features,560,10,62.0,60.0,2.0
2025,11,00-0033923,Kareem Hunt,RB,KC,13.2,9.554660219774554,B_raw_features,560,10,20.0,32.0,12.0
2025,11,00-0038454,Keaton Mitchell,RB,BAL,7.4,4.054842042406214,B_raw_features,560,10,39.0,56.0,17.0
2025,11,00-0036842,Kene Nwangwu,RB,NYJ,0.0,0.9648767899104385,B_raw_features,560,10,74.0,77.0,3.0
2025,11,00-0038134,Kenneth Walker III,RB,SEA,20.1,11.020183434004707,B_raw_features,560,10,9.0,27.0,18.0
2025,11,00-0036919,Kenny Gainwell,RB,PIT,29.5,5.635533759938775,B_raw_features,560,10,5.0,50.0,45.0
2025,11,00-0039391,Kimani Vidal,RB,LAC,3.2,14.338463445313662,B_raw_features,560,10,54.0,18.0,36.0
2025,11,00-0040236,Kyle Monangai,RB,CHI,10.7,12.315349329468681,B_raw_features,560,10,23.0,22.0,1.0
2025,11,00-0037840,Kyren Williams,RB,LA,16.6,13.766365525694715,B_raw_features,560,10,15.0,19.0,4.0
2025,11,00-0040238,LeQuint Allen Jr.,RB,JAX,3.6,1.7820520937749262,B_raw_features,560,10,51.0,68.0,17.0
2025,11,00-0037563,Malik Davis,RB,DAL,2.0,1.7424325996277448,B_raw_features,560,10,58.0,69.0,11.0
2025,11,00-0036924,Michael Carter,RB,ARI,7.8,7.143923222489121,B_raw_features,560,10,38.0,45.0,7.0
2025,11,00-0034791,Nick Chubb,RB,HOU,1.7,8.756436618264273,B_raw_features,560,10,61.0,33.0,28.0
2025,11,00-0040198,Ollie Gordon II,RB,MIA,10.5,4.711114408473561,B_raw_features,560,10,24.0,54.0,30.0
2025,11,00-0033376,Patrick Ricard,RB,BAL,0.0,1.4304783422457326,B_raw_features,560,10,74.0,76.0,2.0
2025,11,00-0040784,Quinshon Judkins,RB,CLE,5.9,15.357155709152,B_raw_features,560,10,43.0,14.0,29.0
2025,11,00-0040730,RJ Harvey,RB,DEN,8.0,7.694072436417461,B_raw_features,560,10,37.0,40.0,3.0
2025,11,00-0037256,Rachaad White,RB,TB,8.2,13.286148585900925,B_raw_features,560,10,36.0,20.0,16.0
2025,11,00-0031687,Raheem Mostert,RB,LV,3.3,2.0613247645266366,B_raw_features,560,10,53.0,65.0,12.0
2025,11,00-0039796,Rasheen Ali,RB,BAL,2.5,0.9648767899104385,B_raw_features,560,10,56.0,77.0,21.0
2025,11,00-0039875,Ray Davis,RB,BUF,0.0,3.9604340277606944,B_raw_features,560,10,74.0,57.0,17.0
2025,11,00-0036187,Reggie Gilliam,RB,BUF,0.0,0.9648767899104385,B_raw_features,560,10,74.0,77.0,3.0
2025,11,00-0036139,Rico Dowdle,RB,CAR,15.0,15.589333787601914,B_raw_features,560,10,16.0,12.0,4.0
2025,11,00-0039021,Roschon Johnson,RB,CHI,0.0,1.5439280241037012,B_raw_features,560,10,74.0,74.0,0.0
2025,11,00-0034844,Saquon Barkley,RB,PHI,10.0,15.870021456483212,B_raw_features,560,10,27.0,8.0,19.0
2025,11,00-0038951,Sean Tucker,RB,TB,34.0,7.7848041412090785,B_raw_features,560,10,2.0,38.0,36.0
2025,11,00-0040208,Tahj Brooks,RB,CIN,0.5,1.528291527343949,B_raw_features,560,10,70.0,75.0,5.0
2025,11,00-0038555,Tank Bigsby,RB,PHI,3.4,4.470222965143528,B_raw_features,560,10,52.0,55.0,3.0
2025,11,00-0035261,Tony Pollard,RB,TEN,5.6,12.082869622343354,B_raw_features,560,10,44.0,23.0,21.0
2025,11,00-0036973,Travis Etienne,RB,JAX,19.3,15.896097890853248,B_raw_features,560,10,11.0,7.0,4.0
2025,11,00-0035594,Travis Homer,RB,CHI,-0.2,0.9648767899104385,B_raw_features,560,10,83.0,77.0,6.0
2025,11,00-0035291,Trayveon Williams,RB,LAC,0.9,0.9648767899104385,B_raw_features,560,10,66.0,77.0,11.0
2025,11,00-0040734,TreVeyon Henderson,RB,NE,32.3,12.418555646491082,B_raw_features,560,10,3.0,21.0,18.0
2025,11,00-0040644,Trevor Etienne,RB,CAR,0.2,1.9861976801826566,B_raw_features,560,10,72.0,66.0,6.0
2025,11,00-0035537,Ty Johnson,RB,BUF,15.0,3.8672083091637175,B_raw_features,560,10,16.0,58.0,42.0
2025,11,00-0039032,Tyjae Spears,RB,TEN,8.4,10.903948936560814,B_raw_features,560,10,33.0,29.0,4.0
2025,11,00-0037263,Tyler Allgeier,RB,ATL,9.6,8.19854314831494,B_raw_features,560,10,28.0,36.0,8.0
2025,11,00-0037085,Tyler Badie,RB,DEN,1.0,2.1047103324916296,B_raw_features,560,10,65.0,64.0,1.0
2025,11,00-0039384,Tyrone Tracy Jr.,RB,NYG,17.9,9.925331570624069,B_raw_features,560,10,13.0,30.0,17.0
2025,11,00-0040583,Woody Marks,RB,HOU,6.1,11.861093216307696,B_raw_features,560,10,42.0,24.0,18.0
2025,11,00-0039165,Zach Charbonnet,RB,SEA,6.7,9.621862143457381,B_raw_features,560,10,41.0,31.0,10.0
2025,12,00-0033293,Aaron Jones,RB,MIN,8.7,13.053043615448802,B_raw_features,643,11,27.0,21.0,6.0
2025,12,00-0033906,Alvin Kamara,RB,NO,3.5,11.032296953755171,B_raw_features,643,11,47.0,28.0,19.0
2025,12,00-0032104,Ameer Abdullah,RB,IND,0.0,2.593173736892455,B_raw_features,643,11,62.0,59.0,3.0
2025,12,00-0040122,Ashton Jeanty,RB,LV,24.8,16.9036916547046,B_raw_features,643,11,4.0,8.0,4.0
2025,12,00-0037157,Bam Knight,RB,ARI,13.2,10.386614255900293,B_raw_features,643,11,16.0,31.0,15.0
2025,12,00-0040719,Bhayshul Tuten,RB,JAX,1.7,8.745069474873176,B_raw_features,643,11,53.0,36.0,17.0
2025,12,00-0038542,Bijan Robinson,RB,ATL,12.7,18.645703350390058,B_raw_features,643,11,19.0,5.0,14.0
2025,12,00-0039738,Blake Corum,RB,LA,2.4,8.381552467873998,B_raw_features,643,11,50.0,37.0,13.0
2025,12,00-0038488,Brady Russell,RB,SEA,0.0,1.113652973341169,B_raw_features,643,11,62.0,70.0,8.0
2025,12,00-0040078,Brashard Smith,RB,KC,6.6,3.4503712721370956,B_raw_features,643,11,34.0,52.0,18.0
2025,12,00-0038120,Breece Hall,RB,NYJ,15.9,15.383003511739574,B_raw_features,643,11,13.0,11.0,2.0
2025,12,00-0037746,Brian Robinson,RB,SF,5.4,7.967073033638602,B_raw_features,643,11,39.0,38.0,1.0
2025,12,00-0039603,British Brooks,RB,HOU,0.0,2.4078177516793837,B_raw_features,643,11,62.0,61.0,1.0
2025,12,00-0038597,Chase Brown,RB,CIN,15.0,19.09443807161626,B_raw_features,643,11,14.0,4.0,10.0
2025,12,00-0038685,Chris Brooks,RB,GB,3.6,2.1009388714031263,B_raw_features,643,11,46.0,64.0,18.0
2025,12,00-0033280,Christian McCaffrey,RB,SF,27.2,20.77062094113135,B_raw_features,643,11,2.0,2.0,0.0
2025,12,00-0036555,Chuba Hubbard,RB,CAR,8.3,5.1092721275518045,B_raw_features,643,11,29.0,48.0,19.0
2025,12,00-0036360,Clyde Edwards-Helaire,RB,KC,3.7,2.6508046720163243,B_raw_features,643,11,45.0,58.0,13.0
2025,12,00-0036275,D'Andre Swift,RB,CHI,3.9,13.674581253450611,B_raw_features,643,11,44.0,18.0,26.0
2025,12,00-0033854,Dare Ogunbowale,RB,HOU,0.0,2.1236609514059097,B_raw_features,643,11,62.0,63.0,1.0
2025,12,00-0035685,David Montgomery,RB,DET,6.7,10.619040624371015,B_raw_features,643,11,33.0,29.0,4.0
2025,12,00-0032764,Derrick Henry,RB,BAL,22.8,14.908360849809302,B_raw_features,643,11,5.0,17.0,12.0
2025,12,00-0040202,Devin Neal,RB,NO,11.1,4.620981325861925,B_raw_features,643,11,22.0,49.0,27.0
2025,12,00-0035250,Devin Singletary,RB,NYG,4.7,11.809964312504864,B_raw_features,643,11,42.0,24.0,18.0
2025,12,00-0039407,Dylan Laube,RB,LV,0.0,1.113652973341169,B_raw_features,643,11,62.0,70.0,8.0
2025,12,00-0040162,Dylan Sampson,RB,CLE,16.2,4.464577964265696,B_raw_features,643,11,11.0,51.0,40.0
2025,12,00-0038797,Emanuel Wilson,RB,GB,26.5,7.724520361319151,B_raw_features,643,11,3.0,41.0,38.0
2025,12,00-0038738,Hunter Luepke,RB,DAL,1.7,2.4749248891871893,B_raw_features,643,11,53.0,60.0,7.0
2025,12,00-0039798,Isaiah Davis,RB,NYJ,0.7,6.0852833829066695,B_raw_features,643,11,57.0,43.0,14.0
2025,12,00-0038896,Jacob Saylors,RB,DET,0.0,1.113652973341169,B_raw_features,643,11,62.0,70.0,8.0
2025,12,00-0039139,Jahmyr Gibbs,RB,DET,55.4,16.09853805022038,B_raw_features,643,11,1.0,10.0,9.0
2025,12,00-0037248,James Cook,RB,BUF,21.9,16.107624850049184,B_raw_features,643,11,7.0,9.0,2.0
2025,12,00-0036997,Javonte Williams,RB,DAL,12.1,15.24114921850109,B_raw_features,643,11,20.0,14.0,6.0
2025,12,00-0037228,Jaylen Warren,RB,PIT,12.8,15.095558508453518,B_raw_features,643,11,18.0,16.0,2.0
2025,12,00-0037267,Jerome Ford,RB,CLE,-0.3,1.9841070246364962,B_raw_features,643,11,75.0,66.0,9.0
2025,12,00-0036223,Jonathan Taylor,RB,IND,8.6,20.97817159523376,B_raw_features,643,11,28.0,1.0,27.0
2025,12,00-0037525,Jordan Mason,RB,MIN,4.2,7.854666126236978,B_raw_features,643,11,43.0,39.0,4.0
2025,12,00-0037594,Julius Chestnut,RB,TEN,0.3,1.7122368741470393,B_raw_features,643,11,60.0,68.0,8.0
2025,12,00-0034975,Justice Hill,RB,BAL,0.0,3.2349880117463696,B_raw_features,643,11,62.0,54.0,8.0
2025,12,00-0033923,Kareem Hunt,RB,KC,22.0,15.22079668031227,B_raw_features,643,11,6.0,15.0,9.0
2025,12,00-0038454,Keaton Mitchell,RB,BAL,2.9,5.732863653770544,B_raw_features,643,11,48.0,45.0,3.0
2025,12,00-0036842,Kene Nwangwu,RB,NYJ,0.0,1.113652973341169,B_raw_features,643,11,62.0,70.0,8.0
2025,12,00-0038134,Kenneth Walker III,RB,SEA,13.1,11.569394747586221,B_raw_features,643,11,17.0,25.0,8.0
2025,12,00-0036919,Kenny Gainwell,RB,PIT,18.2,9.326213644020621,B_raw_features,643,11,9.0,34.0,25.0
2025,12,00-0040236,Kyle Monangai,RB,CHI,10.8,12.906010125988267,B_raw_features,643,11,24.0,22.0,2.0
2025,12,00-0037840,Kyren Williams,RB,LA,5.8,15.260511968332173,B_raw_features,643,11,37.0,13.0,24.0
2025,12,00-0040238,LeQuint Allen Jr.,RB,JAX,0.2,3.2201296718365406,B_raw_features,643,11,61.0,55.0,6.0
2025,12,00-0037563,Malik Davis,RB,DAL,2.4,2.672962522833755,B_raw_features,643,11,50.0,57.0,7.0
2025,12,00-0036924,Michael Carter,RB,ARI,8.8,5.85743610292852,B_raw_features,643,11,26.0,44.0,18.0
2025,12,00-0034791,Nick Chubb,RB,HOU,2.5,6.476021450767661,B_raw_features,643,11,49.0,42.0,7.0
2025,12,00-0038458,Owen Wright,RB,TB,0.6,1.113652973341169,B_raw_features,643,11,58.0,70.0,12.0
2025,12,00-0040784,Quinshon Judkins,RB,CLE,16.7,13.60792306721208,B_raw_features,643,11,10.0,19.0,9.0
2025,12,00-0037256,Rachaad White,RB,TB,5.2,10.260681572664271,B_raw_features,643,11,40.0,33.0,7.0
2025,12,00-0031687,Raheem Mostert,RB,LV,5.0,3.1501044911331055,B_raw_features,643,11,41.0,56.0,15.0
2025,12,00-0039875,Ray Davis,RB,BUF,0.0,2.0065285889362126,B_raw_features,643,11,62.0,65.0,3.0
2025,12,00-0036187,Reggie Gilliam,RB,BUF,1.2,1.113652973341169,B_raw_features,643,11,55.0,70.0,15.0
2025,12,00-0036875,Rhamondre Stevenson,RB,NE,2.0,11.173965550453481,B_raw_features,643,11,52.0,27.0,25.0
2025,12,00-0036139,Rico Dowdle,RB,CAR,11.4,20.400097638238538,B_raw_features,643,11,21.0,3.0,18.0
2025,12,00-0034844,Saquon Barkley,RB,PHI,14.4,15.363804262817082,B_raw_features,643,11,15.0,12.0,3.0
2025,12,00-0038951,Sean Tucker,RB,TB,5.6,12.632185982533349,B_raw_features,643,11,38.0,23.0,15.0
2025,12,00-0040208,Tahj Brooks,RB,CIN,0.5,1.863286419384561,B_raw_features,643,11,59.0,67.0,8.0
2025,12,00-0038555,Tank Bigsby,RB,PHI,0.8,4.594474094953043,B_raw_features,643,11,56.0,50.0,6.0
2025,12,00-0039757,Terrell Jennings,RB,NE,0.0,5.3625594971139625,B_raw_features,643,11,62.0,46.0,16.0
2025,12,00-0035261,Tony Pollard,RB,TEN,8.1,11.538454216459654,B_raw_features,643,11,31.0,26.0,5.0
2025,12,00-0036973,Travis Etienne,RB,JAX,20.6,17.743625004890447,B_raw_features,643,11,8.0,6.0,2.0
2025,12,00-0040734,TreVeyon Henderson,RB,NE,11.1,17.669719114615937,B_raw_features,643,11,22.0,7.0,15.0
2025,12,00-0040644,Trevor Etienne,RB,CAR,0.0,1.5069807713662868,B_raw_features,643,11,62.0,69.0,7.0
2025,12,00-0035537,Ty Johnson,RB,BUF,8.2,5.116905589494429,B_raw_features,643,11,30.0,47.0,17.0
2025,12,00-0039032,Tyjae Spears,RB,TEN,6.5,10.332274612988146,B_raw_features,643,11,35.0,32.0,3.0
2025,12,00-0037263,Tyler Allgeier,RB,ATL,5.9,7.738984873137588,B_raw_features,643,11,36.0,40.0,4.0
2025,12,00-0037120,Tyler Goodson,RB,IND,0.0,2.151191095668549,B_raw_features,643,11,62.0,62.0,0.0
2025,12,00-0039384,Tyrone Tracy Jr.,RB,NYG,16.0,10.424239937393676,B_raw_features,643,11,12.0,30.0,18.0
2025,12,00-0039746,Will Shipley,RB,PHI,0.0,3.2588175155709034,B_raw_features,643,11,62.0,53.0,9.0
2025,12,00-0040583,Woody Marks,RB,HOU,7.9,13.487708275743078,B_raw_features,643,11,32.0,20.0,12.0
2025,12,00-0039165,Zach Charbonnet,RB,SEA,9.5,8.777186264960086,B_raw_features,643,11,25.0,35.0,10.0
2025,13,00-0033293,Aaron Jones,RB,MIN,6.5,14.416155942901995,B_raw_features,718,12,45.0,18.0,27.0
2025,13,00-0032104,Ameer Abdullah,RB,IND,0.0,2.0594226276823226,B_raw_features,718,12,72.0,73.0,1.0
2025,13,00-0040122,Ashton Jeanty,RB,LV,12.1,17.587122319111362,B_raw_features,718,12,24.0,9.0,15.0
2025,13,00-0037157,Bam Knight,RB,ARI,18.8,11.653940351711785,B_raw_features,718,12,10.0,28.0,18.0
2025,13,00-0040719,Bhayshul Tuten,RB,JAX,8.9,7.326687336176042,B_raw_features,718,12,40.0,47.0,7.0
2025,13,00-0038542,Bijan Robinson,RB,ATL,30.3,16.060872585074964,B_raw_features,718,12,1.0,14.0,13.0
2025,13,00-0039738,Blake Corum,RB,LA,14.1,8.449380531482028,B_raw_features,718,12,18.0,41.0,23.0
2025,13,00-0040078,Brashard Smith,RB,KC,0.0,3.623539100223193,B_raw_features,718,12,72.0,65.0,7.0
2025,13,00-0038120,Breece Hall,RB,NYJ,15.6,14.403401054184144,B_raw_features,718,12,16.0,19.0,3.0
2025,13,00-0037746,Brian Robinson,RB,SF,2.6,7.867668946972189,B_raw_features,718,12,61.0,45.0,16.0
2025,13,00-0039361,Bucky Irving,RB,TB,16.1,16.272457811397754,B_raw_features,718,12,15.0,13.0,2.0
2025,13,00-0038597,Chase Brown,RB,CIN,18.3,19.068625434858905,B_raw_features,718,12,11.0,5.0,6.0
2025,13,00-0038685,Chris Brooks,RB,GB,2.9,3.1900390377451404,B_raw_features,718,12,60.0,68.0,8.0
2025,13,00-0038611,Chris Rodriguez Jr.,RB,WAS,10.1,9.000099264826208,B_raw_features,718,12,34.0,39.0,5.0
2025,13,00-0033280,Christian McCaffrey,RB,SF,17.4,19.64289161862912,B_raw_features,718,12,12.0,4.0,8.0
2025,13,00-0036555,Chuba Hubbard,RB,CAR,20.4,5.858456778813206,B_raw_features,718,12,6.0,52.0,46.0
2025,13,00-0036275,D'Andre Swift,RB,CHI,20.8,10.901730120921465,B_raw_features,718,12,3.0,32.0,29.0
2025,13,00-0033854,Dare Ogunbowale,RB,HOU,0.0,1.6593875700871905,B_raw_features,718,12,72.0,77.0,5.0
2025,13,00-0035685,David Montgomery,RB,DET,12.8,8.173203292941055,B_raw_features,718,12,22.0,43.0,21.0
2025,13,00-0039040,De'Von Achane,RB,MIA,19.4,21.86970034903711,B_raw_features,718,12,7.0,2.0,5.0
2025,13,00-0032764,Derrick Henry,RB,BAL,17.4,16.808151231830895,B_raw_features,718,12,12.0,10.0,2.0
2025,13,00-0040202,Devin Neal,RB,NO,9.9,6.635822734033729,B_raw_features,718,12,36.0,50.0,14.0
2025,13,00-0035250,Devin Singletary,RB,NYG,19.2,10.572321904892112,B_raw_features,718,12,8.0,33.0,25.0
2025,13,00-0039407,Dylan Laube,RB,LV,0.0,1.0394890464749509,B_raw_features,718,12,72.0,84.0,12.0
2025,13,00-0040162,Dylan Sampson,RB,CLE,2.3,5.729423484363894,B_raw_features,718,12,62.0,53.0,9.0
2025,13,00-0038797,Emanuel Wilson,RB,GB,1.4,11.336295038306076,B_raw_features,718,12,67.0,29.0,38.0
2025,13,00-0036569,Gary Brightwell,RB,CIN,0.0,1.0394890464749509,B_raw_features,718,12,72.0,84.0,12.0
2025,13,00-0039363,Isaac Guerendo,RB,SF,0.0,1.0394890464749509,B_raw_features,718,12,72.0,84.0,12.0
2025,13,00-0039798,Isaiah Davis,RB,NYJ,0.0,3.369075995268585,B_raw_features,718,12,72.0,67.0,5.0
2025,13,00-0037197,Isiah Pacheco,RB,KC,5.3,9.73234981313503,B_raw_features,718,12,52.0,35.0,17.0
2025,13,00-0040242,Jacory Croskey-Merritt,RB,WAS,2.0,7.618574457644477,B_raw_features,718,12,64.0,46.0,18.0
2025,13,00-0039139,Jahmyr Gibbs,RB,DET,11.6,22.08679597705144,B_raw_features,718,12,25.0,1.0,24.0
2025,13,00-0038794,Jaleel McLaughlin,RB,DEN,4.0,5.575160833169892,B_raw_features,718,12,58.0,54.0,4.0
2025,13,00-0037248,James Cook,RB,BUF,20.7,16.328677928272175,B_raw_features,718,12,4.0,12.0,8.0
2025,13,00-0036755,Jaret Patterson,RB,LAC,11.4,4.284418696951889,B_raw_features,718,12,27.0,62.0,35.0
2025,13,00-0036997,Javonte Williams,RB,DAL,17.0,15.324460951208568,B_raw_features,718,12,14.0,17.0,3.0
2025,13,00-0037228,Jaylen Warren,RB,PIT,12.4,12.8583239170972,B_raw_features,718,12,23.0,23.0,0.0
2025,13,00-0039874,Jaylen Wright,RB,MIA,1.6,3.7945535634482583,B_raw_features,718,12,66.0,63.0,3.0
2025,13,00-0033955,Jeremy McNichols,RB,WAS,5.0,4.377569230579151,B_raw_features,718,12,54.0,60.0,6.0
2025,13,00-0037267,Jerome Ford,RB,CLE,4.7,1.6152702782992123,B_raw_features,718,12,56.0,79.0,23.0
2025,13,00-0036223,Jonathan Taylor,RB,IND,15.1,20.571599610356348,B_raw_features,718,12,17.0,3.0,14.0
2025,13,00-0037525,Jordan Mason,RB,MIN,5.8,7.325082165606497,B_raw_features,718,12,49.0,48.0,1.0
2025,13,00-0035700,Josh Jacobs,RB,GB,10.1,15.374117352356047,B_raw_features,718,12,34.0,16.0,18.0
2025,13,00-0037594,Julius Chestnut,RB,TEN,0.0,1.992394009919507,B_raw_features,718,12,72.0,75.0,3.0
2025,13,00-0040142,Kaleb Johnson,RB,PIT,0.3,3.6005008666111076,B_raw_features,718,12,71.0,66.0,5.0
2025,13,00-0033923,Kareem Hunt,RB,KC,9.0,18.3369886588089,B_raw_features,718,12,39.0,6.0,33.0
2025,13,00-0038454,Keaton Mitchell,RB,BAL,11.1,5.353826838201112,B_raw_features,718,12,30.0,56.0,26.0
2025,13,00-0038134,Kenneth Walker III,RB,SEA,10.4,12.490018949502621,B_raw_features,718,12,33.0,25.0,8.0
2025,13,00-0036919,Kenny Gainwell,RB,PIT,6.5,11.27143086990666,B_raw_features,718,12,45.0,30.0,15.0
2025,13,00-0039391,Kimani Vidal,RB,LAC,20.7,11.140809945512151,B_raw_features,718,12,4.0,31.0,27.0
2025,13,00-0040236,Kyle Monangai,RB,CHI,19.0,9.345094841093639,B_raw_features,718,12,9.0,36.0,27.0
2025,13,00-0037840,Kyren Williams,RB,LA,13.2,14.126349280169634,B_raw_features,718,12,21.0,21.0,0.0
2025,13,00-0040238,LeQuint Allen Jr.,RB,JAX,0.0,3.0703432733124543,B_raw_features,718,12,72.0,69.0,3.0
2025,13,00-0037563,Malik Davis,RB,DAL,10.7,2.7683442765184134,B_raw_features,718,12,32.0,71.0,39.0
2025,13,00-0036924,Michael Carter,RB,ARI,11.4,6.060880693172362,B_raw_features,718,12,27.0,51.0,24.0
2025,13,00-0034791,Nick Chubb,RB,HOU,9.4,5.012705773614685,B_raw_features,718,12,38.0,59.0,21.0
2025,13,00-0040198,Ollie Gordon II,RB,MIA,1.0,5.403167219223526,B_raw_features,718,12,69.0,55.0,14.0
2025,13,00-0040784,Quinshon Judkins,RB,CLE,13.9,14.23233094957915,B_raw_features,718,12,19.0,20.0,1.0
2025,13,00-0040730,RJ Harvey,RB,DEN,21.2,9.135722652803604,B_raw_features,718,12,2.0,38.0,36.0
2025,13,00-0037256,Rachaad White,RB,TB,5.9,8.1748511820199,B_raw_features,718,12,48.0,42.0,6.0
2025,13,00-0031687,Raheem Mostert,RB,LV,0.6,3.6824357232670835,B_raw_features,718,12,70.0,64.0,6.0
2025,13,00-0039796,Rasheen Ali,RB,BAL,1.7,1.6548154819216832,B_raw_features,718,12,65.0,78.0,13.0
2025,13,00-0039875,Ray Davis,RB,BUF,6.2,2.0263806365486636,B_raw_features,718,12,47.0,74.0,27.0
2025,13,00-0036187,Reggie Gilliam,RB,BUF,0.0,1.4990428059333825,B_raw_features,718,12,72.0,82.0,10.0
2025,13,00-0036875,Rhamondre Stevenson,RB,NE,11.0,10.138357922390979,B_raw_features,718,12,31.0,34.0,3.0
2025,13,00-0036139,Rico Dowdle,RB,CAR,9.9,17.68543324265266,B_raw_features,718,12,36.0,8.0,28.0
2025,13,00-0033526,Samaje Perine,RB,CIN,7.4,7.128708453447361,B_raw_features,718,12,43.0,49.0,6.0
2025,13,00-0034844,Saquon Barkley,RB,PHI,5.6,14.12159832956106,B_raw_features,718,12,50.0,22.0,28.0
2025,13,00-0038951,Sean Tucker,RB,TB,0.0,11.970686709034041,B_raw_features,718,12,72.0,27.0,45.0
2025,13,00-0039364,Sione Vaki,RB,DET,0.0,1.5016079024659195,B_raw_features,718,12,72.0,81.0,9.0
2025,13,00-0039757,Terrell Jennings,RB,NE,0.0,5.350783183462046,B_raw_features,718,12,72.0,57.0,15.0
2025,13,00-0035261,Tony Pollard,RB,TEN,7.3,12.04647697132979,B_raw_features,718,12,44.0,26.0,18.0
2025,13,00-0036973,Travis Etienne,RB,JAX,5.1,16.429608856743727,B_raw_features,718,12,53.0,11.0,42.0
2025,13,00-0035594,Travis Homer,RB,CHI,0.0,1.2987031500771864,B_raw_features,718,12,72.0,83.0,11.0
2025,13,00-0040734,TreVeyon Henderson,RB,NE,11.6,17.685495124146552,B_raw_features,718,12,25.0,7.0,18.0
2025,13,00-0040644,Trevor Etienne,RB,CAR,1.4,1.543254408298856,B_raw_features,718,12,67.0,80.0,13.0
2025,13,00-0035537,Ty Johnson,RB,BUF,5.5,5.16004398845434,B_raw_features,718,12,51.0,58.0,7.0
2025,13,00-0039032,Tyjae Spears,RB,TEN,8.4,8.140673609446816,B_raw_features,718,12,41.0,44.0,3.0
2025,13,00-0037263,Tyler Allgeier,RB,ATL,13.5,9.175441421754503,B_raw_features,718,12,20.0,37.0,17.0
2025,13,00-0037085,Tyler Badie,RB,DEN,4.8,2.1203691285057027,B_raw_features,718,12,55.0,72.0,17.0
2025,13,00-0037120,Tyler Goodson,RB,IND,0.0,1.7431170854146814,B_raw_features,718,12,72.0,76.0,4.0
2025,13,00-0039384,Tyrone Tracy Jr.,RB,NYG,4.3,12.521732750962277,B_raw_features,718,12,57.0,24.0,33.0
2025,13,00-0039746,Will Shipley,RB,PHI,2.1,3.013561061805601,B_raw_features,718,12,63.0,70.0,7.0
2025,13,00-0040583,Woody Marks,RB,HOU,7.7,15.521098171674517,B_raw_features,718,12,42.0,15.0,27.0
2025,13,00-0039165,Zach Charbonnet,RB,SEA,11.2,8.828635562887765,B_raw_features,718,12,29.0,40.0,11.0
2025,13,00-0038440,Zavier Scott,RB,MIN,3.1,4.312479684176127,B_raw_features,718,12,59.0,61.0,2.0
2025,14,00-0033293,Aaron Jones,RB,MIN,7.6,13.155645182397818,B_raw_features,804,13,34.0,19.0,15.0
2025,14,00-0032104,Ameer Abdullah,RB,IND,2.9,1.739058464217237,B_raw_features,804,13,56.0,73.0,17.0
2025,14,00-0040122,Ashton Jeanty,RB,LV,5.8,18.525690599804147,B_raw_features,804,13,42.0,5.0,37.0
2025,14,00-0037157,Bam Knight,RB,ARI,6.4,12.902673897762533,B_raw_features,804,13,40.0,23.0,17.0
2025,14,00-0040719,Bhayshul Tuten,RB,JAX,0.5,8.303143732179034,B_raw_features,804,13,67.0,37.0,30.0
2025,14,00-0038542,Bijan Robinson,RB,ATL,11.4,18.72746487785167,B_raw_features,804,13,23.0,4.0,19.0
2025,14,00-0039738,Blake Corum,RB,LA,26.1,8.882345465351793,B_raw_features,804,13,3.0,34.0,31.0
2025,14,00-0040078,Brashard Smith,RB,KC,0.7,2.6938182193965012,B_raw_features,804,13,65.0,65.0,0.0
2025,14,00-0038120,Breece Hall,RB,NYJ,4.3,14.331088041228883,B_raw_features,804,13,46.0,15.0,31.0
2025,14,00-0039603,British Brooks,RB,HOU,0.0,1.974604578095221,B_raw_features,804,13,71.0,72.0,1.0
2025,14,00-0039361,Bucky Irving,RB,TB,16.1,16.37146762707627,B_raw_features,804,13,13.0,10.0,3.0
2025,14,00-0038597,Chase Brown,RB,CIN,18.5,16.73985920800567,B_raw_features,804,13,6.0,9.0,3.0
2025,14,00-0038685,Chris Brooks,RB,GB,1.6,3.599820136936858,B_raw_features,804,13,60.0,59.0,1.0
2025,14,00-0038611,Chris Rodriguez Jr.,RB,WAS,5.2,8.91169200156927,B_raw_features,804,13,43.0,33.0,10.0
2025,14,00-0036275,D'Andre Swift,RB,CHI,11.2,9.850765130179699,B_raw_features,804,13,25.0,30.0,5.0
2025,14,00-0033854,Dare Ogunbowale,RB,HOU,6.5,1.5487286012985146,B_raw_features,804,13,38.0,75.0,37.0
2025,14,00-0035685,David Montgomery,RB,DET,14.3,8.005503308660371,B_raw_features,804,13,19.0,40.0,21.0
2025,14,00-0039040,De'Von Achane,RB,MIA,17.5,20.441189462169834,B_raw_features,804,13,9.0,2.0,7.0
2025,14,00-0032764,Derrick Henry,RB,BAL,11.2,16.01266788900206,B_raw_features,804,13,25.0,11.0,14.0
2025,14,00-0040202,Devin Neal,RB,NO,15.4,8.31146535243913,B_raw_features,804,13,15.0,36.0,21.0
2025,14,00-0039407,Dylan Laube,RB,LV,0.0,1.2038491873103254,B_raw_features,804,13,71.0,79.0,8.0
2025,14,00-0040162,Dylan Sampson,RB,CLE,11.8,5.777860052833393,B_raw_features,804,13,22.0,50.0,28.0
2025,14,00-0038797,Emanuel Wilson,RB,GB,1.0,11.42885589658582,B_raw_features,804,13,64.0,28.0,36.0
2025,14,00-0038397,Evan Hull,RB,NO,2.0,3.9812327982253493,B_raw_features,804,13,59.0,56.0,3.0
2025,14,00-0037617,Hassan Haskins,RB,LAC,0.0,4.421026060976953,B_raw_features,804,13,71.0,53.0,18.0
2025,14,00-0038738,Hunter Luepke,RB,DAL,0.0,2.6140305318548207,B_raw_features,804,13,71.0,67.0,4.0
2025,14,00-0039798,Isaiah Davis,RB,NYJ,2.2,2.9112610310159854,B_raw_features,804,13,58.0,60.0,2.0
2025,14,00-0037197,Isiah Pacheco,RB,KC,3.0,7.727989176113224,B_raw_features,804,13,53.0,42.0,11.0
2025,14,00-0038896,Jacob Saylors,RB,DET,0.0,1.2038491873103254,B_raw_features,804,13,71.0,79.0,8.0
2025,14,00-0040242,Jacory Croskey-Merritt,RB,WAS,3.2,6.470638634997238,B_raw_features,804,13,51.0,44.0,7.0
2025,14,00-0039139,Jahmyr Gibbs,RB,DET,37.0,19.943404155266766,B_raw_features,804,13,1.0,3.0,2.0
2025,14,00-0038794,Jaleel McLaughlin,RB,DEN,4.1,5.863177725931371,B_raw_features,804,13,47.0,49.0,2.0
2025,14,00-0037248,James Cook,RB,BUF,13.1,16.990363320014726,B_raw_features,804,13,21.0,8.0,13.0
2025,14,00-0036997,Javonte Williams,RB,DAL,14.7,15.61342768921572,B_raw_features,804,13,17.0,12.0,5.0
2025,14,00-0037228,Jaylen Warren,RB,PIT,15.2,11.77949953603139,B_raw_features,804,13,16.0,27.0,11.0
2025,14,00-0039874,Jaylen Wright,RB,MIA,16.7,2.8691207568344836,B_raw_features,804,13,11.0,62.0,51.0
2025,14,00-0033955,Jeremy McNichols,RB,WAS,1.2,5.276647028027105,B_raw_features,804,13,62.0,51.0,11.0
2025,14,00-0037267,Jerome Ford,RB,CLE,3.0,2.5729804499999425,B_raw_features,804,13,53.0,68.0,15.0
2025,14,00-0036223,Jonathan Taylor,RB,IND,13.4,21.867098399894957,B_raw_features,804,13,20.0,1.0,19.0
2025,14,00-0037525,Jordan Mason,RB,MIN,11.2,8.053823161471481,B_raw_features,804,13,25.0,38.0,13.0
2025,14,00-0035700,Josh Jacobs,RB,GB,17.2,12.97864735883255,B_raw_features,804,13,10.0,21.0,11.0
2025,14,00-0037594,Julius Chestnut,RB,TEN,0.0,1.9871127125715293,B_raw_features,804,13,71.0,71.0,0.0
2025,14,00-0040142,Kaleb Johnson,RB,PIT,0.4,3.768365728340903,B_raw_features,804,13,68.0,57.0,11.0
2025,14,00-0033923,Kareem Hunt,RB,KC,9.0,17.344746232492504,B_raw_features,804,13,29.0,7.0,22.0
2025,14,00-0038454,Keaton Mitchell,RB,BAL,7.6,6.143837743552181,B_raw_features,804,13,34.0,46.0,12.0
2025,14,00-0036842,Kene Nwangwu,RB,NYJ,0.0,1.2038491873103254,B_raw_features,804,13,71.0,79.0,8.0
2025,14,00-0038134,Kenneth Walker III,RB,SEA,3.8,12.960742140401162,B_raw_features,804,13,49.0,22.0,27.0
2025,14,00-0036919,Kenny Gainwell,RB,PIT,16.2,12.700577511221402,B_raw_features,804,13,12.0,24.0,12.0
2025,14,00-0036906,Khalil Herbert,RB,NYJ,0.0,1.2038491873103254,B_raw_features,804,13,71.0,79.0,8.0
2025,14,00-0039391,Kimani Vidal,RB,LAC,11.4,13.209769217765603,B_raw_features,804,13,23.0,18.0,5.0
2025,14,00-0040236,Kyle Monangai,RB,CHI,6.7,11.19777830764161,B_raw_features,804,13,36.0,29.0,7.0
2025,14,00-0037840,Kyren Williams,RB,LA,17.7,14.292706960899832,B_raw_features,804,13,8.0,16.0,8.0
2025,14,00-0040238,LeQuint Allen Jr.,RB,JAX,2.8,2.737899818987659,B_raw_features,804,13,57.0,64.0,7.0
2025,14,00-0037563,Malik Davis,RB,DAL,0.6,4.0462647030646695,B_raw_features,804,13,66.0,55.0,11.0
2025,14,00-0036924,Michael Carter,RB,ARI,5.1,7.781048262796078,B_raw_features,804,13,44.0,41.0,3.0
2025,14,00-0034791,Nick Chubb,RB,HOU,0.3,5.932212112702569,B_raw_features,804,13,70.0,47.0,23.0
2025,14,00-0040198,Ollie Gordon II,RB,MIA,7.7,4.993759804990411,B_raw_features,804,13,33.0,52.0,19.0
2025,14,00-0040666,Omarion Hampton,RB,LAC,14.7,17.890051868953332,B_raw_features,804,13,17.0,6.0,11.0
2025,14,00-0033376,Patrick Ricard,RB,BAL,0.0,1.5559054835281279,B_raw_features,804,13,71.0,74.0,3.0
2025,14,00-0040784,Quinshon Judkins,RB,CLE,9.4,15.088543985400658,B_raw_features,804,13,28.0,13.0,15.0
2025,14,00-0040730,RJ Harvey,RB,DEN,22.0,12.272132026436092,B_raw_features,804,13,4.0,26.0,22.0
2025,14,00-0037256,Rachaad White,RB,TB,6.5,6.174420902772247,B_raw_features,804,13,38.0,45.0,7.0
2025,14,00-0031687,Raheem Mostert,RB,LV,1.2,3.668937796411243,B_raw_features,804,13,62.0,58.0,4.0
2025,14,00-0039796,Rasheen Ali,RB,BAL,3.3,2.667065529396853,B_raw_features,804,13,50.0,66.0,16.0
2025,14,00-0039875,Ray Davis,RB,BUF,0.0,2.3685184211700245,B_raw_features,804,13,71.0,70.0,1.0
2025,14,00-0036187,Reggie Gilliam,RB,BUF,0.0,1.5360127382159452,B_raw_features,804,13,71.0,76.0,5.0
2025,14,00-0040649,Robbie Ouzts,RB,SEA,0.0,1.2038491873103254,B_raw_features,804,13,71.0,79.0,8.0
2025,14,00-0037557,Ronnie Rivers,RB,LA,4.1,1.2038491873103254,B_raw_features,804,13,47.0,79.0,32.0
2025,14,00-0033526,Samaje Perine,RB,CIN,4.8,8.329096953991792,B_raw_features,804,13,45.0,35.0,10.0
2025,14,00-0034844,Saquon Barkley,RB,PHI,18.2,14.718320972393903,B_raw_features,804,13,7.0,14.0,7.0
2025,14,00-0038951,Sean Tucker,RB,TB,8.9,9.571940439501917,B_raw_features,804,13,30.0,31.0,1.0
2025,14,00-0039364,Sione Vaki,RB,DET,0.0,1.5112187061101725,B_raw_features,804,13,71.0,77.0,6.0
2025,14,00-0038555,Tank Bigsby,RB,PHI,0.4,2.760457835764294,B_raw_features,804,13,68.0,63.0,5.0
2025,14,00-0035261,Tony Pollard,RB,TEN,28.1,12.39788305525596,B_raw_features,804,13,2.0,25.0,23.0
2025,14,00-0036973,Travis Etienne,RB,JAX,21.2,13.14496516372311,B_raw_features,804,13,5.0,20.0,15.0
2025,14,00-0035594,Travis Homer,RB,CHI,0.0,1.3792582657777361,B_raw_features,804,13,71.0,78.0,7.0
2025,14,00-0035537,Ty Johnson,RB,BUF,5.9,5.894138215194906,B_raw_features,804,13,41.0,48.0,7.0
2025,14,00-0039032,Tyjae Spears,RB,TEN,6.7,7.0980794532978635,B_raw_features,804,13,36.0,43.0,7.0
2025,14,00-0037263,Tyler Allgeier,RB,ATL,8.7,8.010469175121147,B_raw_features,804,13,31.0,39.0,8.0
2025,14,00-0037085,Tyler Badie,RB,DEN,3.1,2.4599338982701022,B_raw_features,804,13,52.0,69.0,17.0
2025,14,00-0039746,Will Shipley,RB,PHI,1.3,2.9058577969331094,B_raw_features,804,13,61.0,61.0,0.0
2025,14,00-0040583,Woody Marks,RB,HOU,15.6,13.768219307139276,B_raw_features,804,13,14.0,17.0,3.0
2025,14,00-0039165,Zach Charbonnet,RB,SEA,8.6,9.341570128911712,B_raw_features,804,13,32.0,32.0,0.0
2025,14,00-0038440,Zavier Scott,RB,MIN,3.0,4.149839878994382,B_raw_features,804,13,53.0,54.0,1.0
2025,15,00-0033293,Aaron Jones,RB,MIN,9.5,10.644149256049296,B_raw_features,888,14,30.0,33.0,3.0
2025,15,00-0032104,Ameer Abdullah,RB,IND,9.7,2.223760864745304,B_raw_features,888,14,29.0,77.0,48.0
2025,15,00-0040122,Ashton Jeanty,RB,LV,8.2,20.14169966047659,B_raw_features,888,14,33.0,2.0,31.0
2025,15,00-0039373,Audric Estimé,RB,NO,8.0,3.0975888235947346,B_raw_features,888,14,35.0,68.0,33.0
2025,15,00-0037157,Bam Knight,RB,ARI,-0.2,13.345475599304025,B_raw_features,888,14,91.0,23.0,68.0
2025,15,00-0040719,Bhayshul Tuten,RB,JAX,9.3,5.8237922761469925,B_raw_features,888,14,31.0,53.0,22.0
2025,15,00-0038542,Bijan Robinson,RB,ATL,31.5,16.010771040008777,B_raw_features,888,14,1.0,8.0,7.0
2025,15,00-0039738,Blake Corum,RB,LA,13.1,10.07748190460829,B_raw_features,888,14,19.0,35.0,16.0
2025,15,00-0038488,Brady Russell,RB,SEA,0.0,1.2480298540497916,B_raw_features,888,14,78.0,87.0,9.0
2025,15,00-0040078,Brashard Smith,RB,KC,0.1,2.401350141024063,B_raw_features,888,14,77.0,74.0,3.0
2025,15,00-0038120,Breece Hall,RB,NYJ,5.7,15.88055348202195,B_raw_features,888,14,43.0,10.0,33.0
2025,15,00-0037746,Brian Robinson,RB,SF,2.1,5.892304187057444,B_raw_features,888,14,63.0,52.0,11.0
2025,15,00-0039603,British Brooks,RB,HOU,0.0,1.9332676207379618,B_raw_features,888,14,78.0,81.0,3.0
2025,15,00-0037329,Brittain Brown,RB,CHI,0.0,5.2075233387335285,B_raw_features,888,14,78.0,58.0,20.0
2025,15,00-0039361,Bucky Irving,RB,TB,8.1,14.052035355189417,B_raw_features,888,14,34.0,19.0,15.0
2025,15,00-0038597,Chase Brown,RB,CIN,16.0,15.77384780489191,B_raw_features,888,14,13.0,11.0,2.0
2025,15,00-0034681,Chase Edmonds,RB,WAS,0.0,1.2480298540497916,B_raw_features,888,14,78.0,87.0,9.0
2025,15,00-0038685,Chris Brooks,RB,GB,2.6,3.540872218470893,B_raw_features,888,14,59.0,63.0,4.0
2025,15,00-0033280,Christian McCaffrey,RB,SF,15.7,19.549848601591393,B_raw_features,888,14,14.0,3.0,11.0
2025,15,00-0036555,Chuba Hubbard,RB,CAR,4.8,8.540476414832202,B_raw_features,888,14,48.0,43.0,5.0
2025,15,00-0036275,D'Andre Swift,RB,CHI,22.6,9.989975703897874,B_raw_features,888,14,7.0,36.0,29.0
2025,15,00-0033854,Dare Ogunbowale,RB,HOU,6.4,2.11765646045766,B_raw_features,888,14,40.0,78.0,38.0
2025,15,00-0035685,David Montgomery,RB,DET,9.2,8.59574881714896,B_raw_features,888,14,32.0,42.0,10.0
2025,15,00-0039040,De'Von Achane,RB,MIA,18.7,14.994450522961653,B_raw_features,888,14,10.0,14.0,4.0
2025,15,00-0032764,Derrick Henry,RB,BAL,10.0,14.895612909579558,B_raw_features,888,14,27.0,15.0,12.0
2025,15,00-0040202,Devin Neal,RB,NO,10.2,11.084753595201255,B_raw_features,888,14,26.0,32.0,6.0
2025,15,00-0035250,Devin Singletary,RB,NYG,2.4,11.356832872900647,B_raw_features,888,14,61.0,30.0,31.0
2025,15,00-0039407,Dylan Laube,RB,LV,0.4,1.2480298540497916,B_raw_features,888,14,72.0,87.0,15.0
2025,15,00-0038797,Emanuel Wilson,RB,GB,0.3,8.310759295406184,B_raw_features,888,14,75.0,44.0,31.0
2025,15,00-0038705,Emari Demercado,RB,ARI,2.1,8.86299840553207,B_raw_features,888,14,63.0,40.0,23.0
2025,15,00-0038397,Evan Hull,RB,NO,1.2,3.3395439327758547,B_raw_features,888,14,68.0,65.0,3.0
2025,15,00-0038738,Hunter Luepke,RB,DAL,5.0,2.6028824989752324,B_raw_features,888,14,47.0,72.0,25.0
2025,15,00-0039798,Isaiah Davis,RB,NYJ,13.5,2.9124827155618105,B_raw_features,888,14,17.0,70.0,53.0
2025,15,00-0037197,Isiah Pacheco,RB,KC,2.1,6.3414777535257905,B_raw_features,888,14,63.0,50.0,13.0
2025,15,00-0040242,Jacory Croskey-Merritt,RB,WAS,15.6,5.623849806141303,B_raw_features,888,14,15.0,56.0,41.0
2025,15,00-0039139,Jahmyr Gibbs,RB,DET,9.8,21.401699649146416,B_raw_features,888,14,28.0,1.0,27.0
2025,15,00-0038794,Jaleel McLaughlin,RB,DEN,0.4,6.385638202912691,B_raw_features,888,14,72.0,48.0,24.0
2025,15,00-0037248,James Cook,RB,BUF,31.1,16.3070197284895,B_raw_features,888,14,3.0,5.0,2.0
2025,15,00-0036997,Javonte Williams,RB,DAL,15.1,15.686040943219842,B_raw_features,888,14,16.0,12.0,4.0
2025,15,00-0037228,Jaylen Warren,RB,PIT,7.8,13.504431041274406,B_raw_features,888,14,36.0,22.0,14.0
2025,15,00-0039874,Jaylen Wright,RB,MIA,2.1,6.349260398055517,B_raw_features,888,14,63.0,49.0,14.0
2025,15,00-0033955,Jeremy McNichols,RB,WAS,3.2,4.102247229190173,B_raw_features,888,14,53.0,60.0,7.0
2025,15,00-0036223,Jonathan Taylor,RB,IND,13.1,18.44680313894483,B_raw_features,888,14,19.0,4.0,15.0
2025,15,00-0037525,Jordan Mason,RB,MIN,2.9,8.922901198356413,B_raw_features,888,14,56.0,39.0,17.0
2025,15,00-0035700,Josh Jacobs,RB,GB,23.2,12.329046497029152,B_raw_features,888,14,6.0,26.0,20.0
2025,15,00-0037594,Julius Chestnut,RB,TEN,0.0,1.9509457449875531,B_raw_features,888,14,78.0,80.0,2.0
2025,15,00-0040142,Kaleb Johnson,RB,PIT,0.4,3.76978510715813,B_raw_features,888,14,72.0,62.0,10.0
2025,15,00-0040205,Kalel Mullings,RB,TEN,0.3,1.2480298540497916,B_raw_features,888,14,75.0,87.0,12.0
2025,15,00-0033923,Kareem Hunt,RB,KC,3.0,14.042359515623058,B_raw_features,888,14,55.0,20.0,35.0
2025,15,00-0038454,Keaton Mitchell,RB,BAL,6.6,4.946475497018527,B_raw_features,888,14,39.0,59.0,20.0
2025,15,00-0038134,Kenneth Walker III,RB,SEA,2.9,12.182967727374256,B_raw_features,888,14,56.0,27.0,29.0
2025,15,00-0036919,Kenny Gainwell,RB,PIT,19.6,11.29847839466884,B_raw_features,888,14,9.0,31.0,22.0
2025,15,00-0036906,Khalil Herbert,RB,NYJ,0.5,1.2480298540497916,B_raw_features,888,14,71.0,87.0,16.0
2025,15,00-0039391,Kimani Vidal,RB,LAC,5.8,10.626141833568369,B_raw_features,888,14,41.0,34.0,7.0
2025,15,00-0040236,Kyle Monangai,RB,CHI,3.3,11.5091489522312,B_raw_features,888,14,52.0,28.0,24.0
2025,15,00-0037840,Kyren Williams,RB,LA,21.8,12.884421956631837,B_raw_features,888,14,8.0,25.0,17.0
2025,15,00-0040238,LeQuint Allen Jr.,RB,JAX,2.6,1.9757983293250085,B_raw_features,888,14,59.0,79.0,20.0
2025,15,00-0037563,Malik Davis,RB,DAL,11.7,4.003917976803447,B_raw_features,888,14,23.0,61.0,38.0
2025,15,00-0036924,Michael Carter,RB,ARI,13.4,7.855703685526704,B_raw_features,888,14,18.0,45.0,27.0
2025,15,00-0040198,Ollie Gordon II,RB,MIA,0.0,5.774896440594743,B_raw_features,888,14,78.0,55.0,23.0
2025,15,00-0040666,Omarion Hampton,RB,LAC,7.5,16.03633601051872,B_raw_features,888,14,37.0,7.0,30.0
2025,15,00-0040784,Quinshon Judkins,RB,CLE,4.7,14.870522854614816,B_raw_features,888,14,50.0,16.0,34.0
2025,15,00-0040730,RJ Harvey,RB,DEN,12.5,15.912907525653521,B_raw_features,888,14,21.0,9.0,12.0
2025,15,00-0037256,Rachaad White,RB,TB,3.6,6.0815941219434775,B_raw_features,888,14,51.0,51.0,0.0
2025,15,00-0031687,Raheem Mostert,RB,LV,1.2,2.7125531310805,B_raw_features,888,14,68.0,71.0,3.0
2025,15,00-0039796,Rasheen Ali,RB,BAL,11.2,3.4180399263455503,B_raw_features,888,14,24.0,64.0,40.0
2025,15,00-0039875,Ray Davis,RB,BUF,2.3,2.269127879944288,B_raw_features,888,14,62.0,76.0,14.0
2025,15,00-0036187,Reggie Gilliam,RB,BUF,0.0,1.5328319056903408,B_raw_features,888,14,78.0,84.0,6.0
2025,15,00-0036875,Rhamondre Stevenson,RB,NE,10.7,8.814927139199236,B_raw_features,888,14,25.0,41.0,16.0
2025,15,00-0036139,Rico Dowdle,RB,CAR,12.4,14.459098546251576,B_raw_features,888,14,22.0,18.0,4.0
2025,15,00-0037557,Ronnie Rivers,RB,LA,0.0,3.0260299551015017,B_raw_features,888,14,78.0,69.0,9.0
2025,15,00-0033526,Samaje Perine,RB,CIN,5.3,6.9996041529250155,B_raw_features,888,14,46.0,46.0,0.0
2025,15,00-0034844,Saquon Barkley,RB,PHI,17.2,16.049683953745454,B_raw_features,888,14,12.0,6.0,6.0
2025,15,00-0038951,Sean Tucker,RB,TB,6.7,5.800769621309004,B_raw_features,888,14,38.0,54.0,16.0
2025,15,00-0039364,Sione Vaki,RB,DET,0.0,1.4897741937526974,B_raw_features,888,14,78.0,85.0,7.0
2025,15,00-0040208,Tahj Brooks,RB,CIN,0.0,2.3855131096398683,B_raw_features,888,14,78.0,75.0,3.0
2025,15,00-0038555,Tank Bigsby,RB,PHI,5.7,2.598989106818521,B_raw_features,888,14,43.0,73.0,30.0
2025,15,00-0035261,Tony Pollard,RB,TEN,18.2,14.013862411125483,B_raw_features,888,14,11.0,21.0,10.0
2025,15,00-0036973,Travis Etienne,RB,JAX,31.5,12.991438965440187,B_raw_features,888,14,1.0,24.0,23.0
2025,15,00-0035291,Trayveon Williams,RB,CLE,2.7,3.14870572505576,B_raw_features,888,14,58.0,67.0,9.0
2025,15,00-0040734,TreVeyon Henderson,RB,NE,30.1,15.471233974249284,B_raw_features,888,14,4.0,13.0,9.0
2025,15,00-0040644,Trevor Etienne,RB,CAR,0.0,1.8676531083309136,B_raw_features,888,14,78.0,82.0,4.0
2025,15,00-0035537,Ty Johnson,RB,BUF,5.8,5.384548735212254,B_raw_features,888,14,41.0,57.0,16.0
2025,15,00-0039032,Tyjae Spears,RB,TEN,5.6,6.968662798797736,B_raw_features,888,14,45.0,47.0,2.0
2025,15,00-0037263,Tyler Allgeier,RB,ATL,1.8,9.33819147391559,B_raw_features,888,14,67.0,37.0,30.0
2025,15,00-0037085,Tyler Badie,RB,DEN,1.1,3.2860166703959077,B_raw_features,888,14,70.0,66.0,4.0
2025,15,00-0037120,Tyler Goodson,RB,IND,0.0,1.4532981712741548,B_raw_features,888,14,78.0,86.0,8.0
2025,15,00-0039384,Tyrone Tracy Jr.,RB,NYG,24.7,11.459886334675486,B_raw_features,888,14,5.0,29.0,24.0
2025,15,00-0039746,Will Shipley,RB,PHI,0.0,1.786964643747152,B_raw_features,888,14,78.0,83.0,5.0
2025,15,00-0040583,Woody Marks,RB,HOU,4.8,14.740610603959778,B_raw_features,888,14,48.0,17.0,31.0
2025,15,00-0039165,Zach Charbonnet,RB,SEA,3.1,9.232892856388245,B_raw_features,888,14,54.0,38.0,16.0
2025,16,00-0033293,Aaron Jones,RB,MIN,11.3,9.996676489338302,B_raw_features,979,15,28.0,33.0,5.0
2025,16,00-0032104,Ameer Abdullah,RB,IND,1.4,4.225918524225061,B_raw_features,979,15,66.0,64.0,2.0
2025,16,00-0040122,Ashton Jeanty,RB,LV,31.8,17.975493526761973,B_raw_features,979,15,3.0,3.0,0.0
2025,16,00-0039373,Audric Estimé,RB,NO,6.6,4.446853693190716,B_raw_features,979,15,45.0,60.0,15.0
2025,16,00-0038542,Bijan Robinson,RB,ATL,29.8,19.94710247053789,B_raw_features,979,15,4.0,1.0,3.0
2025,16,00-0039738,Blake Corum,RB,LA,13.1,10.722289894794404,B_raw_features,979,15,22.0,29.0,7.0
2025,16,00-0038488,Brady Russell,RB,SEA,0.0,1.4102813378569514,B_raw_features,979,15,82.0,86.0,4.0
2025,16,00-0040078,Brashard Smith,RB,KC,1.4,2.1269640984002245,B_raw_features,979,15,66.0,78.0,12.0
2025,16,00-0038120,Breece Hall,RB,NYJ,8.3,13.11777149341707,B_raw_features,979,15,37.0,19.0,18.0
2025,16,00-0037746,Brian Robinson,RB,SF,2.0,5.107764085461226,B_raw_features,979,15,64.0,55.0,9.0
2025,16,00-0039603,British Brooks,RB,HOU,0.0,1.249342325337203,B_raw_features,979,15,82.0,87.0,5.0
2025,16,00-0039361,Bucky Irving,RB,TB,7.1,13.398128906037723,B_raw_features,979,15,43.0,18.0,25.0
2025,16,00-0038597,Chase Brown,RB,CIN,32.9,14.401927735430313,B_raw_features,979,15,1.0,14.0,13.0
2025,16,00-0038685,Chris Brooks,RB,GB,0.4,2.936585895826878,B_raw_features,979,15,78.0,72.0,6.0
2025,16,00-0038611,Chris Rodriguez Jr.,RB,WAS,13.9,9.659496152999509,B_raw_features,979,15,20.0,34.0,14.0
2025,16,00-0033280,Christian McCaffrey,RB,SF,32.6,18.042923352920425,B_raw_features,979,15,2.0,2.0,0.0
2025,16,00-0036555,Chuba Hubbard,RB,CAR,4.4,9.04799363445032,B_raw_features,979,15,53.0,37.0,16.0
2025,16,00-0040556,Corey Kiner,RB,ARI,3.2,2.7860691855438318,B_raw_features,979,15,55.0,74.0,19.0
2025,16,00-0036275,D'Andre Swift,RB,CHI,9.0,12.566630538519403,B_raw_features,979,15,35.0,22.0,13.0
2025,16,00-0033854,Dare Ogunbowale,RB,HOU,0.9,4.427619343887898,B_raw_features,979,15,75.0,61.0,14.0
2025,16,00-0035685,David Montgomery,RB,DET,1.4,9.184405743858676,B_raw_features,979,15,66.0,36.0,30.0
2025,16,00-0039040,De'Von Achane,RB,MIA,18.0,14.410470641424324,B_raw_features,979,15,14.0,13.0,1.0
2025,16,00-0036425,DeeJay Dallas,RB,JAX,0.0,1.6729682762479738,B_raw_features,979,15,82.0,84.0,2.0
2025,16,00-0032764,Derrick Henry,RB,BAL,24.8,11.924007299265847,B_raw_features,979,15,8.0,25.0,17.0
2025,16,00-0035250,Devin Singletary,RB,NYG,5.6,8.321850357268472,B_raw_features,979,15,49.0,41.0,8.0
2025,16,00-0039407,Dylan Laube,RB,LV,0.0,2.117433620401177,B_raw_features,979,15,82.0,80.0,2.0
2025,16,00-0038797,Emanuel Wilson,RB,GB,8.2,3.188794023208003,B_raw_features,979,15,40.0,71.0,31.0
2025,16,00-0038705,Emari Demercado,RB,ARI,3.0,6.39083158080385,B_raw_features,979,15,57.0,50.0,7.0
2025,16,00-0038397,Evan Hull,RB,NO,0.3,3.677564892955311,B_raw_features,979,15,79.0,65.0,14.0
2025,16,00-0037617,Hassan Haskins,RB,LAC,1.4,3.490246286920057,B_raw_features,979,15,66.0,66.0,0.0
2025,16,00-0038738,Hunter Luepke,RB,DAL,2.4,2.6619986844324286,B_raw_features,979,15,58.0,76.0,18.0
2025,16,00-0039798,Isaiah Davis,RB,NYJ,10.0,4.839283368149842,B_raw_features,979,15,31.0,58.0,27.0
2025,16,00-0037197,Isiah Pacheco,RB,KC,13.5,7.201026881654609,B_raw_features,979,15,21.0,44.0,23.0
2025,16,00-0038896,Jacob Saylors,RB,DET,0.0,1.249342325337203,B_raw_features,979,15,82.0,87.0,5.0
2025,16,00-0040242,Jacory Croskey-Merritt,RB,WAS,8.5,6.933361351282392,B_raw_features,979,15,36.0,47.0,11.0
2025,16,00-0039139,Jahmyr Gibbs,RB,DET,22.8,17.336983451708544,B_raw_features,979,15,10.0,6.0,4.0
2025,16,00-0038794,Jaleel McLaughlin,RB,DEN,3.7,4.33653114661946,B_raw_features,979,15,54.0,63.0,9.0
2025,16,00-0037248,James Cook,RB,BUF,26.4,17.408688358353754,B_raw_features,979,15,6.0,5.0,1.0
2025,16,00-0036997,Javonte Williams,RB,DAL,6.3,14.903983242580589,B_raw_features,979,15,47.0,10.0,37.0
2025,16,00-0039405,Jawhar Jordan,RB,HOU,12.0,12.632081926438747,B_raw_features,979,15,26.0,21.0,5.0
2025,16,00-0037228,Jaylen Warren,RB,PIT,29.1,13.030496637783601,B_raw_features,979,15,5.0,20.0,15.0
2025,16,00-0039874,Jaylen Wright,RB,MIA,12.3,7.053878510846705,B_raw_features,979,15,23.0,45.0,22.0
2025,16,00-0033955,Jeremy McNichols,RB,WAS,3.2,4.388284919837197,B_raw_features,979,15,55.0,62.0,7.0
2025,16,00-0036223,Jonathan Taylor,RB,IND,16.9,17.959934781833212,B_raw_features,979,15,15.0,4.0,11.0
2025,16,00-0037525,Jordan Mason,RB,MIN,2.1,8.321206232374434,B_raw_features,979,15,63.0,42.0,21.0
2025,16,00-0035700,Josh Jacobs,RB,GB,6.8,14.82680754099009,B_raw_features,979,15,44.0,12.0,32.0
2025,16,00-0037594,Julius Chestnut,RB,TEN,0.1,1.249342325337203,B_raw_features,979,15,81.0,87.0,6.0
2025,16,00-0040205,Kalel Mullings,RB,TEN,0.0,1.7273182670598262,B_raw_features,979,15,82.0,83.0,1.0
2025,16,00-0033923,Kareem Hunt,RB,KC,0.2,10.31214301298073,B_raw_features,979,15,80.0,31.0,49.0
2025,16,00-0038454,Keaton Mitchell,RB,BAL,1.3,6.6452963115469155,B_raw_features,979,15,70.0,48.0,22.0
2025,16,00-0036842,Kene Nwangwu,RB,NYJ,0.0,1.249342325337203,B_raw_features,979,15,82.0,87.0,5.0
2025,16,00-0038134,Kenneth Walker III,RB,SEA,25.4,9.533731820159222,B_raw_features,979,15,7.0,35.0,28.0
2025,16,00-0036919,Kenny Gainwell,RB,PIT,23.8,12.113053350256195,B_raw_features,979,15,9.0,24.0,15.0
2025,16,00-0039391,Kimani Vidal,RB,LAC,1.1,11.136256208286628,B_raw_features,979,15,73.0,28.0,45.0
2025,16,00-0040236,Kyle Monangai,RB,CHI,12.3,10.426393987977557,B_raw_features,979,15,23.0,30.0,7.0
2025,16,00-0037840,Kyren Williams,RB,LA,11.5,13.445962334441797,B_raw_features,979,15,27.0,17.0,10.0
2025,16,00-0040238,LeQuint Allen Jr.,RB,JAX,1.0,2.8070853991718114,B_raw_features,979,15,74.0,73.0,1.0
2025,16,00-0037563,Malik Davis,RB,DAL,2.3,6.468688276257685,B_raw_features,979,15,59.0,49.0,10.0
2025,16,00-0036924,Michael Carter,RB,ARI,6.5,10.232144405064428,B_raw_features,979,15,46.0,32.0,14.0
2025,16,00-0034791,Nick Chubb,RB,HOU,5.2,5.1510503755159025,B_raw_features,979,15,52.0,54.0,2.0
2025,16,00-0040198,Ollie Gordon II,RB,MIA,-0.1,3.48021829941708,B_raw_features,979,15,91.0,67.0,24.0
2025,16,00-0040666,Omarion Hampton,RB,LAC,16.5,11.710119458396782,B_raw_features,979,15,17.0,26.0,9.0
2025,16,00-0040784,Quinshon Judkins,RB,CLE,10.1,14.90193288316046,B_raw_features,979,15,30.0,11.0,19.0
2025,16,00-0040730,RJ Harvey,RB,DEN,22.1,16.26688985167187,B_raw_features,979,15,11.0,7.0,4.0
2025,16,00-0037256,Rachaad White,RB,TB,8.0,5.326008588768053,B_raw_features,979,15,41.0,52.0,11.0
2025,16,00-0031687,Raheem Mostert,RB,LV,1.9,1.9915245157947292,B_raw_features,979,15,65.0,81.0,16.0
2025,16,00-0040466,Raheim Sanders,RB,CLE,5.6,5.154700731547958,B_raw_features,979,15,49.0,53.0,4.0
2025,16,00-0039796,Rasheen Ali,RB,BAL,2.2,4.728658705558606,B_raw_features,979,15,60.0,59.0,1.0
2025,16,00-0039875,Ray Davis,RB,BUF,5.4,2.7796914682409684,B_raw_features,979,15,51.0,75.0,24.0
2025,16,00-0036875,Rhamondre Stevenson,RB,NE,15.8,8.723946299449425,B_raw_features,979,15,18.0,40.0,22.0
2025,16,00-0036139,Rico Dowdle,RB,CAR,8.3,11.642574656438283,B_raw_features,979,15,37.0,27.0,10.0
2025,16,00-0037557,Ronnie Rivers,RB,LA,0.0,2.55282025051165,B_raw_features,979,15,82.0,77.0,5.0
2025,16,00-0033526,Samaje Perine,RB,CIN,12.1,8.934453298363165,B_raw_features,979,15,25.0,39.0,14.0
2025,16,00-0034844,Saquon Barkley,RB,PHI,19.2,15.937640864260334,B_raw_features,979,15,13.0,8.0,5.0
2025,16,00-0038951,Sean Tucker,RB,TB,6.3,4.966711538047272,B_raw_features,979,15,47.0,57.0,10.0
2025,16,00-0040208,Tahj Brooks,RB,CIN,0.7,2.124836947214359,B_raw_features,979,15,77.0,79.0,2.0
2025,16,00-0038555,Tank Bigsby,RB,PHI,9.7,4.983800074313388,B_raw_features,979,15,33.0,56.0,23.0
2025,16,00-0035261,Tony Pollard,RB,TEN,10.2,15.65355091998911,B_raw_features,979,15,29.0,9.0,20.0
2025,16,00-0036973,Travis Etienne,RB,JAX,16.6,14.131635910102514,B_raw_features,979,15,16.0,15.0,1.0
2025,16,00-0035291,Trayveon Williams,RB,CLE,9.5,3.236864832646792,B_raw_features,979,15,34.0,70.0,36.0
2025,16,00-0040734,TreVeyon Henderson,RB,NE,2.2,14.003630161880276,B_raw_features,979,15,60.0,16.0,44.0
2025,16,00-0040644,Trevor Etienne,RB,CAR,0.0,1.6610223855624417,B_raw_features,979,15,82.0,85.0,3.0
2025,16,00-0035537,Ty Johnson,RB,BUF,7.6,5.509229464892988,B_raw_features,979,15,42.0,51.0,9.0
2025,16,00-0039032,Tyjae Spears,RB,TEN,21.5,7.006229070443355,B_raw_features,979,15,12.0,46.0,34.0
2025,16,00-0037263,Tyler Allgeier,RB,ATL,8.3,7.564551702044882,B_raw_features,979,15,37.0,43.0,6.0
2025,16,00-0037085,Tyler Badie,RB,DEN,1.2,3.379061107787577,B_raw_features,979,15,72.0,68.0,4.0
2025,16,00-0037120,Tyler Goodson,RB,IND,0.9,1.249342325337203,B_raw_features,979,15,75.0,87.0,12.0
2025,16,00-0039384,Tyrone Tracy Jr.,RB,NYG,9.8,12.539446236614067,B_raw_features,979,15,32.0,23.0,9.0
2025,16,00-0039746,Will Shipley,RB,PHI,1.3,1.8120484796457985,B_raw_features,979,15,70.0,82.0,12.0
2025,16,00-0039165,Zach Charbonnet,RB,SEA,15.4,9.026597922559537,B_raw_features,979,15,19.0,38.0,19.0
2025,16,00-0038440,Zavier Scott,RB,MIN,2.2,3.363963726388828,B_raw_features,979,15,60.0,69.0,9.0
2025,17,00-0033293,Aaron Jones,RB,MIN,15.3,12.180109066934316,B_raw_features,1070,16,16.0,25.0,9.0
2025,17,00-0032104,Ameer Abdullah,RB,IND,1.4,4.322598604355988,B_raw_features,1070,16,66.0,62.0,4.0
2025,17,00-0040122,Ashton Jeanty,RB,LV,9.3,18.439021854827757,B_raw_features,1070,16,23.0,4.0,19.0
2025,17,00-0039373,Audric Estimé,RB,NO,16.8,4.95632411226496,B_raw_features,1070,16,14.0,58.0,44.0
2025,17,00-0038542,Bijan Robinson,RB,ATL,39.9,18.758028482327276,B_raw_features,1070,16,2.0,2.0,0.0
2025,17,00-0039738,Blake Corum,RB,LA,1.8,10.847687815646742,B_raw_features,1070,16,65.0,30.0,35.0
2025,17,00-0040078,Brashard Smith,RB,KC,9.5,2.346652414198017,B_raw_features,1070,16,22.0,79.0,57.0
2025,17,00-0038120,Breece Hall,RB,NYJ,20.9,13.215216347766791,B_raw_features,1070,16,9.0,17.0,8.0
2025,17,00-0037746,Brian Robinson,RB,SF,3.8,5.061962159289139,B_raw_features,1070,16,49.0,57.0,8.0
2025,17,00-0039361,Bucky Irving,RB,TB,8.3,12.09467284374688,B_raw_features,1070,16,28.0,26.0,2.0
2025,17,00-0036414,Cam Akers,RB,SEA,0.0,3.252705659054095,B_raw_features,1070,16,82.0,70.0,12.0
2025,17,00-0038597,Chase Brown,RB,CIN,29.1,15.538833835388546,B_raw_features,1070,16,3.0,9.0,6.0
2025,17,00-0034681,Chase Edmonds,RB,WAS,0.0,1.1721144217668271,B_raw_features,1070,16,82.0,90.0,8.0
2025,17,00-0038685,Chris Brooks,RB,GB,2.1,2.50972207900686,B_raw_features,1070,16,62.0,77.0,15.0
2025,17,00-0033280,Christian McCaffrey,RB,SF,28.1,19.74060496765992,B_raw_features,1070,16,4.0,1.0,3.0
2025,17,00-0036555,Chuba Hubbard,RB,CAR,4.8,8.938822082510459,B_raw_features,1070,16,44.0,39.0,5.0
2025,17,00-0040556,Corey Kiner,RB,ARI,0.2,4.634764223331553,B_raw_features,1070,16,77.0,61.0,16.0
2025,17,00-0036275,D'Andre Swift,RB,CHI,21.9,13.013437652206603,B_raw_features,1070,16,8.0,18.0,10.0
2025,17,00-0035628,D'Ernest Johnson,RB,NE,0.5,2.270089487221097,B_raw_features,1070,16,71.0,80.0,9.0
2025,17,00-0035685,David Montgomery,RB,DET,6.0,8.388201275108802,B_raw_features,1070,16,39.0,42.0,3.0
2025,17,00-0039040,De'Von Achane,RB,MIA,14.2,13.513037428944706,B_raw_features,1070,16,17.0,16.0,1.0
2025,17,00-0036425,DeeJay Dallas,RB,JAX,2.1,1.522805935119071,B_raw_features,1070,16,62.0,86.0,24.0
2025,17,00-0032764,Derrick Henry,RB,BAL,45.6,12.999175159014477,B_raw_features,1070,16,1.0,19.0,18.0
2025,17,00-0035250,Devin Singletary,RB,NYG,17.0,8.824408672771531,B_raw_features,1070,16,13.0,40.0,27.0
2025,17,00-0039407,Dylan Laube,RB,LV,0.0,2.0482956610062946,B_raw_features,1070,16,82.0,81.0,1.0
2025,17,00-0040162,Dylan Sampson,RB,CLE,5.7,6.966078819737889,B_raw_features,1070,16,41.0,46.0,5.0
2025,17,00-0038797,Emanuel Wilson,RB,GB,3.4,4.63485393894908,B_raw_features,1070,16,53.0,60.0,7.0
2025,17,00-0038705,Emari Demercado,RB,ARI,4.0,5.343716039385844,B_raw_features,1070,16,46.0,55.0,9.0
2025,17,00-0038397,Evan Hull,RB,NO,0.3,3.7755153726325417,B_raw_features,1070,16,75.0,67.0,8.0
2025,17,00-0037617,Hassan Haskins,RB,LAC,0.0,2.638859223471538,B_raw_features,1070,16,82.0,75.0,7.0
2025,17,00-0038738,Hunter Luepke,RB,DAL,5.4,3.1105784191568127,B_raw_features,1070,16,43.0,72.0,29.0
2025,17,00-0039798,Isaiah Davis,RB,NYJ,3.0,6.605701521203299,B_raw_features,1070,16,56.0,48.0,8.0
2025,17,00-0037197,Isiah Pacheco,RB,KC,3.2,11.415251610076915,B_raw_features,1070,16,54.0,28.0,26.0
2025,17,00-0040242,Jacory Croskey-Merritt,RB,WAS,22.5,9.060544483518958,B_raw_features,1070,16,7.0,37.0,30.0
2025,17,00-0039139,Jahmyr Gibbs,RB,DET,8.4,18.723837525303317,B_raw_features,1070,16,27.0,3.0,24.0
2025,17,00-0038794,Jaleel McLaughlin,RB,DEN,4.0,4.139719748279571,B_raw_features,1070,16,46.0,65.0,19.0
2025,17,00-0037248,James Cook,RB,BUF,8.7,17.962443719007073,B_raw_features,1070,16,25.0,5.0,20.0
2025,17,00-0036755,Jaret Patterson,RB,LAC,0.1,5.853459940045721,B_raw_features,1070,16,80.0,53.0,27.0
2025,17,00-0036997,Javonte Williams,RB,DAL,11.4,12.924373860537214,B_raw_features,1070,16,19.0,21.0,2.0
2025,17,00-0039405,Jawhar Jordan,RB,HOU,3.6,12.930219855497732,B_raw_features,1070,16,52.0,20.0,32.0
2025,17,00-0037228,Jaylen Warren,RB,PIT,6.4,13.81646684975314,B_raw_features,1070,16,37.0,13.0,24.0
2025,17,00-0039874,Jaylen Wright,RB,MIA,5.6,9.399962317424864,B_raw_features,1070,16,42.0,36.0,6.0
2025,17,00-0033955,Jeremy McNichols,RB,WAS,4.0,4.292343319613419,B_raw_features,1070,16,46.0,64.0,18.0
2025,17,00-0036223,Jonathan Taylor,RB,IND,17.4,17.65569953547398,B_raw_features,1070,16,12.0,6.0,6.0
2025,17,00-0035700,Josh Jacobs,RB,GB,1.3,14.20986829912747,B_raw_features,1070,16,67.0,12.0,55.0
2025,17,00-0037594,Julius Chestnut,RB,TEN,0.0,1.3633129831718145,B_raw_features,1070,16,82.0,88.0,6.0
2025,17,00-0040205,Kalel Mullings,RB,TEN,0.4,1.6011320763600183,B_raw_features,1070,16,74.0,84.0,10.0
2025,17,00-0033923,Kareem Hunt,RB,KC,3.8,7.514435074790667,B_raw_features,1070,16,49.0,44.0,5.0
2025,17,00-0038454,Keaton Mitchell,RB,BAL,5.8,6.205279629326641,B_raw_features,1070,16,40.0,50.0,10.0
2025,17,00-0036842,Kene Nwangwu,RB,NYJ,3.1,1.1721144217668271,B_raw_features,1070,16,55.0,90.0,35.0
2025,17,00-0038134,Kenneth Walker III,RB,SEA,7.7,10.410189359821699,B_raw_features,1070,16,32.0,31.0,1.0
2025,17,00-0036919,Kenny Gainwell,RB,PIT,6.8,13.720025526331309,B_raw_features,1070,16,34.0,14.0,20.0
2025,17,00-0036906,Khalil Herbert,RB,NYJ,0.5,1.7037627974560752,B_raw_features,1070,16,71.0,82.0,11.0
2025,17,00-0040236,Kyle Monangai,RB,CHI,7.7,9.970342203621918,B_raw_features,1070,16,32.0,33.0,1.0
2025,17,00-0037840,Kyren Williams,RB,LA,16.0,13.516447298514272,B_raw_features,1070,16,15.0,15.0,0.0
2025,17,00-0040238,LeQuint Allen Jr.,RB,JAX,0.3,3.515358049877849,B_raw_features,1070,16,75.0,69.0,6.0
2025,17,00-0037563,Malik Davis,RB,DAL,10.3,6.89844691625268,B_raw_features,1070,16,21.0,47.0,26.0
2025,17,00-0036924,Michael Carter,RB,ARI,6.3,10.401258008203737,B_raw_features,1070,16,38.0,32.0,6.0
2025,17,00-0034791,Nick Chubb,RB,HOU,0.1,5.179746174076648,B_raw_features,1070,16,80.0,56.0,24.0
2025,17,00-0040198,Ollie Gordon II,RB,MIA,0.0,3.1539796849586184,B_raw_features,1070,16,82.0,71.0,11.0
2025,17,00-0040666,Omarion Hampton,RB,LAC,20.0,12.35005052072739,B_raw_features,1070,16,10.0,24.0,14.0
2025,17,00-0033376,Patrick Ricard,RB,BAL,0.0,1.5086646164233302,B_raw_features,1070,16,82.0,87.0,5.0
2025,17,00-0040730,RJ Harvey,RB,DEN,18.6,15.131376175568075,B_raw_features,1070,16,11.0,10.0,1.0
2025,17,00-0037256,Rachaad White,RB,TB,3.7,5.9140511396109305,B_raw_features,1070,16,51.0,52.0,1.0
2025,17,00-0040466,Raheim Sanders,RB,CLE,4.1,7.435628173002824,B_raw_features,1070,16,45.0,45.0,0.0
2025,17,00-0039796,Rasheen Ali,RB,BAL,2.8,4.296354052820736,B_raw_features,1070,16,58.0,63.0,5.0
2025,17,00-0039875,Ray Davis,RB,BUF,2.6,2.923101143115623,B_raw_features,1070,16,59.0,73.0,14.0
2025,17,00-0036187,Reggie Gilliam,RB,BUF,0.0,1.1721144217668271,B_raw_features,1070,16,82.0,90.0,8.0
2025,17,00-0036875,Rhamondre Stevenson,RB,NE,27.2,9.968622675286737,B_raw_features,1070,16,5.0,34.0,29.0
2025,17,00-0036139,Rico Dowdle,RB,CAR,9.3,11.276349500948575,B_raw_features,1070,16,23.0,29.0,6.0
2025,17,00-0037557,Ronnie Rivers,RB,LA,0.5,2.4344002251277774,B_raw_features,1070,16,71.0,78.0,7.0
2025,17,00-0033526,Samaje Perine,RB,CIN,8.3,8.811038066126384,B_raw_features,1070,16,28.0,41.0,13.0
2025,17,00-0034844,Saquon Barkley,RB,PHI,6.8,16.968326723644243,B_raw_features,1070,16,34.0,7.0,27.0
2025,17,00-0038951,Sean Tucker,RB,TB,0.8,6.36046999609519,B_raw_features,1070,16,70.0,49.0,21.0
2025,17,00-0039364,Sione Vaki,RB,DET,0.0,1.1721144217668271,B_raw_features,1070,16,82.0,90.0,8.0
2025,17,00-0040208,Tahj Brooks,RB,CIN,2.9,2.525307268519604,B_raw_features,1070,16,57.0,76.0,19.0
2025,17,00-0038555,Tank Bigsby,RB,PHI,1.9,6.108145447596389,B_raw_features,1070,16,64.0,51.0,13.0
2025,17,00-0035261,Tony Pollard,RB,TEN,11.5,14.45064159266831,B_raw_features,1070,16,18.0,11.0,7.0
2025,17,00-0036973,Travis Etienne,RB,JAX,11.2,16.03026754183471,B_raw_features,1070,16,20.0,8.0,12.0
2025,17,00-0035594,Travis Homer,RB,CHI,0.0,1.310572514698496,B_raw_features,1070,16,82.0,89.0,7.0
2025,17,00-0035291,Trayveon Williams,RB,CLE,1.0,4.805232394230457,B_raw_features,1070,16,69.0,59.0,10.0
2025,17,00-0040734,TreVeyon Henderson,RB,NE,8.2,11.734271016310785,B_raw_features,1070,16,30.0,27.0,3.0
2025,17,00-0040644,Trevor Etienne,RB,CAR,0.0,1.5667928977909653,B_raw_features,1070,16,82.0,85.0,3.0
2025,17,00-0037276,Ty Chandler,RB,MIN,2.4,1.1721144217668271,B_raw_features,1070,16,60.0,90.0,30.0
2025,17,00-0035537,Ty Johnson,RB,BUF,7.8,5.5420568221170425,B_raw_features,1070,16,31.0,54.0,23.0
2025,17,00-0039032,Tyjae Spears,RB,TEN,1.1,8.997345942385358,B_raw_features,1070,16,68.0,38.0,30.0
2025,17,00-0037263,Tyler Allgeier,RB,ATL,2.3,7.734324110661126,B_raw_features,1070,16,61.0,43.0,18.0
2025,17,00-0037085,Tyler Badie,RB,DEN,0.0,2.843450262082215,B_raw_features,1070,16,82.0,74.0,8.0
2025,17,00-0039384,Tyrone Tracy Jr.,RB,NYG,6.7,12.546559415666449,B_raw_features,1070,16,36.0,22.0,14.0
2025,17,00-0039746,Will Shipley,RB,PHI,0.2,1.6469499280434876,B_raw_features,1070,16,77.0,83.0,6.0
2025,17,00-0040583,Woody Marks,RB,HOU,8.5,12.54576064577524,B_raw_features,1070,16,26.0,23.0,3.0
2025,17,00-0039165,Zach Charbonnet,RB,SEA,26.2,9.694767042525791,B_raw_features,1070,16,6.0,35.0,29.0
2025,17,00-0038040,Zamir White,RB,LV,0.2,4.061638945627404,B_raw_features,1070,16,77.0,66.0,11.0
2025,17,00-0038440,Zavier Scott,RB,MIN,0.0,3.749626747598211,B_raw_features,1070,16,82.0,68.0,14.0
2025,18,00-0036265,AJ Dillon,RB,PHI,1.3,3.515862224187753,B_raw_features,1164,17,72.0,65.0,7.0
2025,18,00-0032104,Ameer Abdullah,RB,IND,4.5,3.6758206353454215,B_raw_features,1164,17,51.0,62.0,11.0
2025,18,00-0040122,Ashton Jeanty,RB,LV,12.4,17.854695945891752,B_raw_features,1164,17,16.0,4.0,12.0
2025,18,00-0039373,Audric Estimé,RB,NO,15.6,8.56258964289897,B_raw_features,1164,17,12.0,30.0,18.0
2025,18,00-0040719,Bhayshul Tuten,RB,JAX,8.3,4.968135178934025,B_raw_features,1164,17,25.0,50.0,25.0
2025,18,00-0038542,Bijan Robinson,RB,ATL,7.3,22.22150907194159,B_raw_features,1164,17,29.0,1.0,28.0
2025,18,00-0039738,Blake Corum,RB,LA,7.9,8.637618802102686,B_raw_features,1164,17,27.0,29.0,2.0
2025,18,00-0040078,Brashard Smith,RB,KC,7.8,3.5581292121628585,B_raw_features,1164,17,28.0,64.0,36.0
2025,18,00-0037746,Brian Robinson,RB,SF,0.9,4.850431191448932,B_raw_features,1164,17,76.0,51.0,25.0
2025,18,00-0039603,British Brooks,RB,HOU,6.3,1.086415746505671,B_raw_features,1164,17,39.0,87.0,48.0
2025,18,00-0039361,Bucky Irving,RB,TB,10.8,13.20120954813736,B_raw_features,1164,17,20.0,14.0,6.0
2025,18,00-0036414,Cam Akers,RB,SEA,0.0,2.482359366326091,B_raw_features,1164,17,81.0,73.0,8.0
2025,18,00-0038597,Chase Brown,RB,CIN,19.0,17.04769841956564,B_raw_features,1164,17,7.0,5.0,2.0
2025,18,00-0038685,Chris Brooks,RB,GB,6.1,2.5992227076443704,B_raw_features,1164,17,40.0,70.0,30.0
2025,18,00-0038611,Chris Rodriguez Jr.,RB,WAS,15.3,11.126169859819164,B_raw_features,1164,17,13.0,24.0,11.0
2025,18,00-0033280,Christian McCaffrey,RB,SF,11.7,20.225131025279993,B_raw_features,1164,17,18.0,3.0,15.0
2025,18,00-0036555,Chuba Hubbard,RB,CAR,3.7,7.126203092145618,B_raw_features,1164,17,55.0,39.0,16.0
2025,18,00-0040556,Corey Kiner,RB,ARI,4.8,3.7177739468856594,B_raw_features,1164,17,48.0,60.0,12.0
2025,18,00-0036275,D'Andre Swift,RB,CHI,5.8,13.052246079718293,B_raw_features,1164,17,44.0,15.0,29.0
2025,18,00-0035628,D'Ernest Johnson,RB,NE,1.3,2.4983677951473013,B_raw_features,1164,17,72.0,72.0,0.0
2025,18,00-0040179,DJ Giddens,RB,IND,3.0,2.616325252589479,B_raw_features,1164,17,58.0,69.0,11.0
2025,18,00-0037258,Dameon Pierce,RB,KC,1.0,2.1779409782969634,B_raw_features,1164,17,75.0,74.0,1.0
2025,18,00-0033854,Dare Ogunbowale,RB,HOU,1.9,4.665486934888304,B_raw_features,1164,17,68.0,53.0,15.0
2025,18,00-0035685,David Montgomery,RB,DET,6.5,8.471130483508627,B_raw_features,1164,17,35.0,31.0,4.0
2025,18,00-0036425,DeeJay Dallas,RB,JAX,0.0,1.9426338029551053,B_raw_features,1164,17,81.0,76.0,5.0
2025,18,00-0032764,Derrick Henry,RB,BAL,12.6,16.505079417320644,B_raw_features,1164,17,15.0,7.0,8.0
2025,18,00-0035250,Devin Singletary,RB,NYG,8.6,8.112606777716229,B_raw_features,1164,17,24.0,33.0,9.0
2025,18,00-0039407,Dylan Laube,RB,LV,0.0,1.8395952185783806,B_raw_features,1164,17,81.0,79.0,2.0
2025,18,00-0040162,Dylan Sampson,RB,CLE,6.4,7.248034791991056,B_raw_features,1164,17,37.0,37.0,0.0
2025,18,00-0038797,Emanuel Wilson,RB,GB,5.8,5.061469933580243,B_raw_features,1164,17,44.0,49.0,5.0
2025,18,00-0038705,Emari Demercado,RB,ARI,6.7,5.601631737533506,B_raw_features,1164,17,33.0,46.0,13.0
2025,18,00-0038397,Evan Hull,RB,NO,1.1,3.5807489779444257,B_raw_features,1164,17,74.0,63.0,11.0
2025,18,00-0037617,Hassan Haskins,RB,LAC,0.3,1.8908197882145548,B_raw_features,1164,17,77.0,77.0,0.0
2025,18,00-0038738,Hunter Luepke,RB,DAL,2.6,4.136186641800216,B_raw_features,1164,17,63.0,57.0,6.0
2025,18,00-0040242,Jacory Croskey-Merritt,RB,WAS,2.9,12.772760953274634,B_raw_features,1164,17,60.0,16.0,44.0
2025,18,00-0039139,Jahmyr Gibbs,RB,DET,20.3,15.62489094366112,B_raw_features,1164,17,5.0,8.0,3.0
2025,18,00-0038794,Jaleel McLaughlin,RB,DEN,6.8,4.513121981409039,B_raw_features,1164,17,31.0,55.0,24.0
2025,18,00-0037248,James Cook,RB,BUF,1.5,16.896416786554504,B_raw_features,1164,17,71.0,6.0,65.0
2025,18,00-0036755,Jaret Patterson,RB,LAC,6.7,4.159761456467765,B_raw_features,1164,17,33.0,56.0,23.0
2025,18,00-0039405,Jawhar Jordan,RB,HOU,0.3,10.420198754050693,B_raw_features,1164,17,77.0,26.0,51.0
2025,18,00-0040586,Jaydon Blue,RB,DAL,12.4,4.795282863320435,B_raw_features,1164,17,16.0,52.0,36.0
2025,18,00-0037228,Jaylen Warren,RB,PIT,14.9,12.501704053932983,B_raw_features,1164,17,14.0,17.0,3.0
2025,18,00-0039874,Jaylen Wright,RB,MIA,6.0,5.754232252084936,B_raw_features,1164,17,42.0,45.0,3.0
2025,18,00-0033955,Jeremy McNichols,RB,WAS,2.1,5.130497501675695,B_raw_features,1164,17,64.0,48.0,16.0
2025,18,00-0036223,Jonathan Taylor,RB,IND,5.9,20.242878512564392,B_raw_features,1164,17,43.0,2.0,41.0
2025,18,00-0037525,Jordan Mason,RB,MIN,9.4,6.786367424498505,B_raw_features,1164,17,23.0,40.0,17.0
2025,18,00-0037594,Julius Chestnut,RB,TEN,0.0,1.2059051698717438,B_raw_features,1164,17,81.0,86.0,5.0
2025,18,00-0033923,Kareem Hunt,RB,KC,6.5,6.14491581242903,B_raw_features,1164,17,35.0,44.0,9.0
2025,18,00-0038454,Keaton Mitchell,RB,BAL,0.2,7.146933870714918,B_raw_features,1164,17,80.0,38.0,42.0
2025,18,00-0036842,Kene Nwangwu,RB,NYJ,1.8,2.7646472727908016,B_raw_features,1164,17,69.0,68.0,1.0
2025,18,00-0038134,Kenneth Walker III,RB,SEA,17.3,10.304589631718583,B_raw_features,1164,17,10.0,27.0,17.0
2025,18,00-0036919,Kenny Gainwell,RB,PIT,21.4,12.302945789463443,B_raw_features,1164,17,4.0,20.0,16.0
2025,18,00-0036906,Khalil Herbert,RB,NYJ,5.6,2.0588624463881313,B_raw_features,1164,17,46.0,75.0,29.0
2025,18,00-0039391,Kimani Vidal,RB,LAC,2.0,7.441690292325718,B_raw_features,1164,17,66.0,35.0,31.0
2025,18,00-0040236,Kyle Monangai,RB,CHI,3.9,9.614133001673373,B_raw_features,1164,17,54.0,28.0,26.0
2025,18,00-0037840,Kyren Williams,RB,LA,11.1,15.15029054937994,B_raw_features,1164,17,19.0,10.0,9.0
2025,18,00-0036924,Michael Carter,RB,ARI,6.9,12.077422789650543,B_raw_features,1164,17,30.0,22.0,8.0
2025,18,00-0034367,Nyheim Hines,RB,NO,0.0,1.2776511038031588,B_raw_features,1164,17,81.0,84.0,3.0
2025,18,00-0040198,Ollie Gordon II,RB,MIA,2.1,1.8269984611167873,B_raw_features,1164,17,64.0,80.0,16.0
2025,18,00-0033376,Patrick Ricard,RB,BAL,1.8,1.2230485937065398,B_raw_features,1164,17,69.0,85.0,16.0
2025,18,00-0040730,RJ Harvey,RB,DEN,4.3,13.985341260150854,B_raw_features,1164,17,52.0,11.0,41.0
2025,18,00-0037256,Rachaad White,RB,TB,6.1,4.6078378308770915,B_raw_features,1164,17,40.0,54.0,14.0
2025,18,00-0040466,Raheim Sanders,RB,CLE,4.3,7.340190880110669,B_raw_features,1164,17,52.0,36.0,16.0
2025,18,00-0039796,Rasheen Ali,RB,BAL,0.0,4.1040643987923495,B_raw_features,1164,17,81.0,58.0,23.0
2025,18,00-0039875,Ray Davis,RB,BUF,25.4,3.2015137429664993,B_raw_features,1164,17,3.0,66.0,63.0
2025,18,00-0036187,Reggie Gilliam,RB,BUF,3.6,1.086415746505671,B_raw_features,1164,17,56.0,87.0,31.0
2025,18,00-0036875,Rhamondre Stevenson,RB,NE,35.3,10.680286790954463,B_raw_features,1164,17,1.0,25.0,24.0
2025,18,00-0036139,Rico Dowdle,RB,CAR,5.0,12.276417543674565,B_raw_features,1164,17,47.0,21.0,26.0
2025,18,00-0037557,Ronnie Rivers,RB,LA,0.0,1.3537876414892924,B_raw_features,1164,17,81.0,83.0,2.0
2025,18,00-0033526,Samaje Perine,RB,CIN,8.2,8.11170752447958,B_raw_features,1164,17,26.0,34.0,8.0
2025,18,00-0038951,Sean Tucker,RB,TB,-0.4,5.391352891293473,B_raw_features,1164,17,91.0,47.0,44.0
2025,18,00-0039364,Sione Vaki,RB,DET,0.0,1.086415746505671,B_raw_features,1164,17,81.0,87.0,6.0
2025,18,00-0038555,Tank Bigsby,RB,PHI,17.6,6.302652256974082,B_raw_features,1164,17,9.0,42.0,33.0
2025,18,00-0035261,Tony Pollard,RB,TEN,9.5,13.62452407596593,B_raw_features,1164,17,22.0,12.0,10.0
2025,18,00-0036973,Travis Etienne,RB,JAX,4.8,15.354448311188154,B_raw_features,1164,17,48.0,9.0,39.0
2025,18,00-0035594,Travis Homer,RB,CHI,0.0,1.086415746505671,B_raw_features,1164,17,81.0,87.0,6.0
2025,18,00-0035291,Trayveon Williams,RB,CLE,3.0,4.019205937691645,B_raw_features,1164,17,58.0,59.0,1.0
2025,18,00-0040734,TreVeyon Henderson,RB,NE,17.3,11.9008827677326,B_raw_features,1164,17,10.0,23.0,13.0
2025,18,00-0040644,Trevor Etienne,RB,CAR,0.0,1.086415746505671,B_raw_features,1164,17,81.0,87.0,6.0
2025,18,00-0037276,Ty Chandler,RB,MIN,6.4,3.027805011146119,B_raw_features,1164,17,37.0,67.0,30.0
2025,18,00-0035537,Ty Johnson,RB,BUF,19.6,6.346599607338673,B_raw_features,1164,17,6.0,41.0,35.0
2025,18,00-0039032,Tyjae Spears,RB,TEN,9.7,8.3293421663443,B_raw_features,1164,17,21.0,32.0,11.0
2025,18,00-0037263,Tyler Allgeier,RB,ATL,2.9,6.255100664399285,B_raw_features,1164,17,60.0,43.0,17.0
2025,18,00-0037085,Tyler Badie,RB,DEN,4.6,1.6633397724336119,B_raw_features,1164,17,50.0,82.0,32.0
2025,18,00-0037120,Tyler Goodson,RB,IND,0.3,1.842671275435031,B_raw_features,1164,17,77.0,78.0,1.0
2025,18,00-0039384,Tyrone Tracy Jr.,RB,NYG,29.9,13.617561117893025,B_raw_features,1164,17,2.0,13.0,11.0
2025,18,00-0039746,Will Shipley,RB,PHI,3.3,1.6952430423551075,B_raw_features,1164,17,57.0,81.0,24.0
2025,18,00-0040583,Woody Marks,RB,HOU,6.8,12.413106267613582,B_raw_features,1164,17,31.0,19.0,12.0
2025,18,00-0039165,Zach Charbonnet,RB,SEA,18.7,12.484144964339281,B_raw_features,1164,17,8.0,18.0,10.0
2025,18,00-0038040,Zamir White,RB,LV,2.0,3.70771163503013,B_raw_features,1164,17,66.0,61.0,5.0
2025,18,00-0038440,Zavier Scott,RB,MIN,2.7,2.5274435464752925,B_raw_features,1164,17,62.0,71.0,9.0
2025,7,00-0035676,A.J. Brown,WR,PHI,28.1,12.15480970827894,A_normalized_signals,388,6,4.0,19.0,15.0
2025,7,00-0030035,Adam Thielen,WR,MIN,2.0,4.606226340940227,A_normalized_signals,388,6,91.0,81.0,10.0
2025,7,00-0039890,Adonai Mitchell,WR,IND,1.8,4.439141073024873,A_normalized_signals,388,6,93.0,85.0,8.0
2025,7,00-0037664,Alec Pierce,WR,IND,14.8,10.083414084099509,A_normalized_signals,388,6,19.0,36.0,17.0
2025,7,00-0035602,Alex Bachman,WR,LV,0.0,0.9762452047996736,A_normalized_signals,388,6,100.0,129.0,29.0
2025,7,00-0034521,Allen Lazard,WR,NYJ,3.6,3.0386686437980712,A_normalized_signals,388,6,73.0,98.0,25.0
2025,7,00-0036963,Amon-Ra St. Brown,WR,DET,20.6,18.122376607223142,A_normalized_signals,388,6,12.0,3.0,9.0
2025,7,00-0038619,Andrei Iosivas,WR,CIN,7.9,5.474199691697879,A_normalized_signals,388,6,44.0,71.0,27.0
2025,7,00-0039816,Anthony Gould,WR,IND,1.3,1.470305995294011,A_normalized_signals,388,6,96.0,110.0,14.0
2025,7,00-0040582,Arian Smith,WR,NYJ,1.0,3.3557017139564023,A_normalized_signals,388,6,99.0,96.0,3.0
2025,7,00-0040432,Beaux Collins,WR,NYG,0.0,1.2696488652877014,A_normalized_signals,388,6,100.0,126.0,26.0
2025,7,00-0036862,Ben Skowronek,WR,PIT,0.0,0.9424746948505099,A_normalized_signals,388,6,100.0,130.0,30.0
2025,7,00-0037091,Bo Melton,WR,GB,0.0,0.6439102494024254,A_normalized_signals,388,6,100.0,136.0,36.0
2025,7,00-0031236,Brandin Cooks,WR,NO,1.3,3.874991827619553,A_normalized_signals,388,6,96.0,91.0,5.0
2025,7,00-0039893,Brian Thomas Jr.,WR,JAX,6.1,15.347937295125167,A_normalized_signals,388,6,58.0,8.0,50.0
2025,7,00-0038840,Brycen Tremayne,WR,CAR,0.0,4.958599680551005,A_normalized_signals,388,6,100.0,77.0,23.0
2025,7,00-0039394,Casey Washington,WR,ATL,2.7,4.866901139735129,A_normalized_signals,388,6,82.0,79.0,3.0
2025,7,00-0036358,CeeDee Lamb,WR,DAL,22.0,15.512176227186988,A_normalized_signals,388,6,9.0,6.0,3.0
2025,7,00-0038576,Charlie Jones,WR,CIN,0.0,1.470305995294011,A_normalized_signals,388,6,100.0,110.0,10.0
2025,7,00-0040705,Chimere Dike,WR,TEN,16.9,3.435734516655809,A_normalized_signals,388,6,14.0,94.0,80.0
2025,7,00-0032398,Chris Moore,WR,WAS,7.9,6.093482284555117,A_normalized_signals,388,6,44.0,69.0,25.0
2025,7,00-0037239,Chris Olave,WR,NO,26.8,14.877050896062652,A_normalized_signals,388,6,5.0,9.0,4.0
2025,7,00-0033908,Cooper Kupp,WR,SEA,4.2,10.394323713980146,A_normalized_signals,388,6,68.0,31.0,37.0
2025,7,00-0034348,Courtland Sutton,WR,DEN,14.7,9.542319682715288,A_normalized_signals,388,6,20.0,40.0,20.0
2025,7,00-0034827,DJ Moore,WR,CHI,8.2,11.102693063489188,A_normalized_signals,388,6,38.0,24.0,14.0
2025,7,00-0035640,DK Metcalf,WR,PIT,8.0,14.810998984795066,A_normalized_signals,388,6,41.0,10.0,31.0
2025,7,00-0037093,Dareke Young,WR,SEA,0.0,0.8718715305793996,A_normalized_signals,388,6,100.0,133.0,33.0
2025,7,00-0036309,Darnell Mooney,WR,ATL,9.8,6.203380743755301,A_normalized_signals,388,6,30.0,67.0,37.0
2025,7,00-0031381,Davante Adams,WR,LA,26.5,10.911940353808323,A_normalized_signals,388,6,6.0,25.0,19.0
2025,7,00-0038621,DeMario Douglas,WR,NE,4.7,7.70208858884826,A_normalized_signals,388,6,64.0,54.0,10.0
2025,7,00-0036912,DeVonta Smith,WR,PHI,33.3,8.517398518961059,A_normalized_signals,388,6,2.0,48.0,46.0
2025,7,00-0036620,Dee Eskridge,WR,MIA,6.5,0.8904756253821584,A_normalized_signals,388,6,55.0,131.0,76.0
2025,7,00-0032775,Demarcus Robinson,WR,SF,0.0,5.460068054641855,A_normalized_signals,388,6,100.0,73.0,27.0
2025,7,00-0038573,Derius Davis,WR,LAC,0.0,1.5983135252266196,A_normalized_signals,388,6,100.0,108.0,8.0
2025,7,00-0036331,Devin Duvernay,WR,CHI,0.0,1.470305995294011,A_normalized_signals,388,6,100.0,110.0,10.0
2025,7,00-0040581,Dont'e Thornton Jr.,WR,LV,0.0,4.196028795724536,A_normalized_signals,388,6,100.0,89.0,11.0
2025,7,00-0038393,Dontayvion Wicks,WR,GB,1.5,7.033909682409292,A_normalized_signals,388,6,95.0,61.0,34.0
2025,7,00-0037238,Drake London,WR,ATL,8.2,18.170414337932606,A_normalized_signals,388,6,38.0,2.0,36.0
2025,7,00-0036626,Dyami Brown,WR,JAX,7.0,7.06296209881322,A_normalized_signals,388,6,52.0,60.0,8.0
2025,7,00-0040563,Efton Chism III,WR,NE,0.0,1.470305995294011,A_normalized_signals,388,6,100.0,110.0,10.0
2025,7,00-0040170,Elic Ayomanor,WR,TEN,4.9,9.341557708326032,A_normalized_signals,388,6,62.0,41.0,21.0
2025,7,00-0040129,Emeka Egbuka,WR,TB,9.8,12.708431610400318,A_normalized_signals,388,6,30.0,15.0,15.0
2025,7,00-0040259,Gage Larvadain,WR,CLE,0.0,1.4389074759817033,A_normalized_signals,388,6,100.0,125.0,25.0
2025,7,00-0037247,George Pickens,WR,DAL,12.2,16.08856817290077,A_normalized_signals,388,6,25.0,5.0,20.0
2025,7,00-0035500,Greg Dortch,WR,ARI,2.5,5.320870531657656,A_normalized_signals,388,6,85.0,75.0,10.0
2025,7,00-0035645,Gunner Olszewski,WR,NYG,0.0,1.470305995294011,A_normalized_signals,388,6,100.0,110.0,10.0
2025,7,00-0040669,Isaac TeSlaa,WR,DET,0.0,3.700634160980649,A_normalized_signals,388,6,100.0,92.0,8.0
2025,7,00-0039451,Isaiah Williams,WR,NYJ,0.0,1.470305995294011,A_normalized_signals,388,6,100.0,110.0,10.0
2025,7,00-0036900,Ja'Marr Chase,WR,CIN,38.1,16.680256790760087,A_normalized_signals,388,6,1.0,4.0,3.0
2025,7,00-0040729,Jack Bech,WR,LV,3.3,1.796727970598647,A_normalized_signals,388,6,76.0,106.0,30.0
2025,7,00-0038752,Jake Bobo,WR,SEA,1.3,1.1199499623127167,A_normalized_signals,388,6,96.0,128.0,32.0
2025,7,00-0037291,Jalen Nailor,WR,MIN,5.7,7.649257325830045,A_normalized_signals,388,6,60.0,55.0,5.0
2025,7,00-0037666,Jalen Tolbert,WR,DAL,2.6,2.983603939891859,A_normalized_signals,388,6,84.0,99.0,15.0
2025,7,00-0038938,Jalin Hyatt,WR,NYG,0.0,5.464427494936174,A_normalized_signals,388,6,100.0,72.0,28.0
2025,7,00-0033572,Jamal Agnew,WR,ATL,0.0,1.470305995294011,A_normalized_signals,388,6,100.0,110.0,10.0
2025,7,00-0039379,Jamari Thrash,WR,CLE,3.3,4.524467568298936,A_normalized_signals,388,6,76.0,83.0,7.0
2025,7,00-0037240,Jameson Williams,WR,DET,0.0,10.119219500288521,A_normalized_signals,388,6,100.0,35.0,65.0
2025,7,00-0036259,Jauan Jennings,WR,SF,7.1,6.457082115077929,A_normalized_signals,388,6,51.0,65.0,14.0
2025,7,00-0038543,Jaxon Smith-Njigba,WR,SEA,26.3,20.04616605996322,A_normalized_signals,388,6,7.0,1.0,6.0
2025,7,00-0040130,Jayden Higgins,WR,HOU,0.0,4.309835800553496,A_normalized_signals,388,6,100.0,87.0,13.0
2025,7,00-0036613,Jaylen Waddle,WR,MIA,2.5,13.350978837671947,A_normalized_signals,388,6,85.0,13.0,72.0
2025,7,00-0040164,Jaylin Lane,WR,WAS,9.0,7.183645417966227,A_normalized_signals,388,6,34.0,59.0,25.0
2025,7,00-0040138,Jaylin Noel,WR,HOU,11.7,3.4867905744130714,A_normalized_signals,388,6,26.0,93.0,67.0
2025,7,00-0036407,Jerry Jeudy,WR,CLE,3.7,7.757744338934471,A_normalized_signals,388,6,70.0,52.0,18.0
2025,7,00-0040218,Jimmy Horn Jr.,WR,CAR,2.5,8.55541997492407,A_normalized_signals,388,6,85.0,47.0,38.0
2025,7,00-0038994,Jordan Addison,WR,MIN,21.8,11.55986720798382,A_normalized_signals,388,6,10.0,22.0,12.0
2025,7,00-0039751,Jordan Whittington,WR,LA,2.9,4.887685649597506,A_normalized_signals,388,6,80.0,78.0,2.0
2025,7,00-0033943,Josh Reynolds,WR,NYJ,5.9,5.434335959227271,A_normalized_signals,388,6,59.0,74.0,15.0
2025,7,00-0033857,JuJu Smith-Schuster,WR,KC,6.5,6.136288628246852,A_normalized_signals,388,6,55.0,68.0,13.0
2025,7,00-0036322,Justin Jefferson,WR,MIN,12.9,15.393502578232898,A_normalized_signals,388,6,24.0,7.0,17.0
2025,7,00-0037801,KaVontae Turpin,WR,DAL,2.7,8.630869082726242,A_normalized_signals,388,6,82.0,46.0,36.0
2025,7,00-0032464,Kalif Raymond,WR,DET,4.7,1.2467984832685608,A_normalized_signals,388,6,64.0,127.0,63.0
2025,7,00-0039589,Kameron Johnson,WR,TB,0.0,3.9951161805385107,A_normalized_signals,388,6,100.0,90.0,10.0
2025,7,00-0038608,Kayshon Boutte,WR,NE,13.5,10.32733000231838,A_normalized_signals,388,6,22.0,32.0,10.0
2025,7,00-0040534,Ke'Shawn Williams,WR,PIT,0.0,1.470305995294011,A_normalized_signals,388,6,100.0,110.0,10.0
2025,7,00-0030279,Keenan Allen,WR,LAC,28.9,9.690738448864545,A_normalized_signals,388,6,3.0,38.0,35.0
2025,7,00-0033307,Kendrick Bourne,WR,SF,3.4,10.819727427515781,A_normalized_signals,388,6,75.0,27.0,48.0
2025,7,00-0034854,KhaDarel Hodge,WR,ATL,0.0,0.8327326319668835,A_normalized_signals,388,6,100.0,134.0,34.0
2025,7,00-0040590,Konata Mumpfield,WR,LA,7.5,4.217572526180129,A_normalized_signals,388,6,49.0,88.0,39.0
2025,7,00-0040131,Kyle Williams,WR,NE,0.0,2.3621891780525184,A_normalized_signals,388,6,100.0,102.0,2.0
2025,7,00-0039915,Ladd McConkey,WR,LAC,15.7,9.900378348121132,A_normalized_signals,388,6,17.0,37.0,20.0
2025,7,00-0035406,Lil'Jordan Humphrey,WR,NYG,0.0,11.186970433292254,A_normalized_signals,388,6,100.0,23.0,77.0
2025,7,00-0039355,Luke McCaffrey,WR,WAS,0.0,6.775890833467184,A_normalized_signals,388,6,100.0,63.0,37.0
2025,7,00-0040735,Luther Burden III,WR,CHI,3.1,7.217880129560159,A_normalized_signals,388,6,79.0,58.0,21.0
2025,7,00-0033555,Mack Hollins,WR,NE,7.3,6.91675704952282,A_normalized_signals,388,6,50.0,62.0,12.0
2025,7,00-0039920,Malachi Corley,WR,CLE,3.7,2.5669893322961155,A_normalized_signals,388,6,70.0,100.0,30.0
2025,7,00-0038465,Malik Heath,WR,GB,0.0,1.5043730306476273,A_normalized_signals,388,6,100.0,109.0,9.0
2025,7,00-0034867,Malik Turner,WR,SF,0.0,1.8031943293771464,A_normalized_signals,388,6,100.0,104.0,4.0
2025,7,00-0039880,Malik Washington,WR,MIA,8.0,8.322310096703909,A_normalized_signals,388,6,41.0,50.0,9.0
2025,7,00-0035662,Marquise Brown,WR,KC,9.4,9.562314649400761,A_normalized_signals,388,6,33.0,39.0,6.0
2025,7,00-0039849,Marvin Harrison Jr.,WR,ARI,7.8,9.123291896427073,A_normalized_signals,388,6,46.0,43.0,3.0
2025,7,00-0038976,Marvin Mims Jr.,WR,DEN,15.8,9.260592002453576,A_normalized_signals,388,6,15.0,42.0,27.0
2025,7,00-0039623,Mason Tipton,WR,NO,0.0,1.470305995294011,A_normalized_signals,388,6,100.0,110.0,10.0
2025,7,00-0040667,Matthew Golden,WR,GB,7.7,12.604678848105292,A_normalized_signals,388,6,48.0,16.0,32.0
2025,7,00-0036252,Michael Pittman,WR,IND,18.8,8.490082710758522,A_normalized_signals,388,6,13.0,49.0,36.0
2025,7,00-0038559,Michael Wilson,WR,ARI,7.0,7.41982507698974,A_normalized_signals,388,6,52.0,57.0,5.0
2025,7,00-0031408,Mike Evans,WR,TB,0.0,12.512383871242866,A_normalized_signals,388,6,100.0,17.0,83.0
2025,7,00-0040506,Myles Price,WR,MIN,0.0,1.470305995294011,A_normalized_signals,388,6,100.0,110.0,10.0
2025,7,00-0036182,Nick Westbrook-Ikhine,WR,MIA,4.6,0.8846504892455982,A_normalized_signals,388,6,66.0,132.0,66.0
2025,7,00-0036554,Nico Collins,WR,HOU,6.7,13.62013786415754,A_normalized_signals,388,6,54.0,12.0,42.0
2025,7,00-0038519,Nikko Remigio,WR,KC,0.0,1.470305995294011,A_normalized_signals,388,6,100.0,110.0,10.0
2025,7,00-0035208,Olamide Zaccheaus,WR,CHI,2.9,8.95594272901204,A_normalized_signals,388,6,80.0,44.0,36.0
2025,7,00-0038606,Parker Washington,WR,JAX,10.2,5.922292268999602,A_normalized_signals,388,6,29.0,70.0,41.0
2025,7,00-0040134,Pat Bryant,WR,DEN,1.6,0.6158786381347294,A_normalized_signals,388,6,94.0,137.0,43.0
2025,7,00-0038544,Quentin Johnston,WR,LAC,11.0,11.671890456239026,A_normalized_signals,388,6,27.0,21.0,6.0
2025,7,00-0037545,Rashid Shaheed,WR,NO,8.0,12.22922654876211,A_normalized_signals,388,6,41.0,18.0,23.0
2025,7,00-0039739,Roman Wilson,WR,PIT,3.7,4.584859497909997,A_normalized_signals,388,6,70.0,82.0,12.0
2025,7,00-0039919,Rome Odunze,WR,CHI,5.1,10.544461521281667,A_normalized_signals,388,6,61.0,29.0,32.0
2025,7,00-0037816,Romeo Doubs,WR,GB,13.2,10.610622827452886,A_normalized_signals,388,6,23.0,28.0,5.0
2025,7,00-0039410,Ryan Flournoy,WR,DAL,0.0,10.397260496798452,A_normalized_signals,388,6,100.0,30.0,70.0
2025,7,00-0038824,Ryan Miller,WR,TB,2.4,1.439100222944662,A_normalized_signals,388,6,89.0,124.0,35.0
2025,7,00-0040009,Savion Williams,WR,GB,0.0,2.518187707738985,A_normalized_signals,388,6,100.0,101.0,1.0
2025,7,00-0035298,Scott Miller,WR,PIT,1.9,1.979510189031278,A_normalized_signals,388,6,92.0,103.0,11.0
2025,7,00-0036646,Simi Fehoko,WR,ARI,0.0,1.470305995294011,A_normalized_signals,388,6,100.0,110.0,10.0
2025,7,00-0038090,Skyy Moore,WR,SF,2.5,0.6965736700472795,A_normalized_signals,388,6,85.0,135.0,50.0
2025,7,00-0031588,Stefon Diggs,WR,NE,13.9,14.777720002748481,A_normalized_signals,388,6,21.0,11.0,10.0
2025,7,00-0032385,Sterling Shepard,WR,TB,9.5,8.75615611597303,A_normalized_signals,388,6,32.0,45.0,13.0
2025,7,00-0040154,Tai Felton,WR,MIN,0.0,0.505492668363098,A_normalized_signals,388,6,100.0,138.0,38.0
2025,7,00-0036410,Tee Higgins,WR,CIN,21.6,10.210138335505054,A_normalized_signals,388,6,11.0,34.0,23.0
2025,7,00-0040124,Tetairoa McMillan,WR,CAR,6.3,13.270678464050055,A_normalized_signals,388,6,57.0,14.0,43.0
2025,7,00-0040237,Tez Johnson,WR,TB,15.8,7.483837537018593,A_normalized_signals,388,6,15.0,56.0,41.0
2025,7,00-0033375,Tim Patrick,WR,JAX,3.2,4.362290417981797,A_normalized_signals,388,6,78.0,86.0,8.0
2025,7,00-0040648,Tory Horton,WR,SEA,0.0,4.464990252097026,A_normalized_signals,388,6,100.0,84.0,16.0
2025,7,00-0040727,Tre Harris,WR,LAC,4.3,1.7728366993221725,A_normalized_signals,388,6,67.0,107.0,40.0
2025,7,00-0038563,Tre Tucker,WR,LV,8.3,10.265495234439165,A_normalized_signals,388,6,37.0,33.0,4.0
2025,7,00-0039868,Troy Franklin,WR,DEN,10.9,7.715925983860872,A_normalized_signals,388,6,28.0,53.0,25.0
2025,7,00-0036427,Tyler Johnson,WR,NYJ,9.0,3.348274478596948,A_normalized_signals,388,6,34.0,97.0,63.0
2025,7,00-0032211,Tyler Lockett,WR,TEN,3.8,5.045658046662202,A_normalized_signals,388,6,69.0,76.0,7.0
2025,7,00-0038104,Tyquan Thornton,WR,KC,4.9,8.119017315757844,A_normalized_signals,388,6,62.0,51.0,11.0
2025,7,00-0036415,Van Jefferson,WR,TEN,8.1,3.4019818715765116,A_normalized_signals,388,6,40.0,95.0,55.0
2025,7,00-0038117,Wan'Dale Robinson,WR,NYG,15.5,10.887447834173194,A_normalized_signals,388,6,18.0,26.0,8.0
2025,7,00-0038496,Xavier Gipson,WR,PHI,0.0,1.470305995294011,A_normalized_signals,388,6,100.0,110.0,10.0
2025,7,00-0038618,Xavier Hutchinson,WR,HOU,2.3,6.752169133798796,A_normalized_signals,388,6,90.0,64.0,26.0
2025,7,00-0039342,Xavier Legette,WR,CAR,24.2,4.662614314946286,A_normalized_signals,388,6,8.0,80.0,72.0
2025,7,00-0038359,Xavier Smith,WR,LA,3.5,1.470305995294011,A_normalized_signals,388,6,74.0,110.0,36.0
2025,7,00-0039521,Xavier Weaver,WR,ARI,0.0,1.8031943293771464,A_normalized_signals,388,6,100.0,104.0,4.0
2025,7,00-0039894,Xavier Worthy,WR,KC,7.8,12.072877178109968,A_normalized_signals,388,6,46.0,20.0,26.0
2025,7,00-0033891,Zay Jones,WR,ARI,8.7,6.206379939639623,A_normalized_signals,388,6,36.0,66.0,30.0
2025,8,00-0030035,Adam Thielen,WR,MIN,0.0,3.7038873166280504,A_normalized_signals,526,7,93.0,78.0,15.0
2025,8,00-0039890,Adonai Mitchell,WR,IND,0.0,3.3853206930843855,A_normalized_signals,526,7,93.0,82.0,11.0
2025,8,00-0037664,Alec Pierce,WR,IND,8.9,11.159727233577899,A_normalized_signals,526,7,41.0,21.0,20.0
2025,8,00-0034521,Allen Lazard,WR,NYJ,1.5,3.576680282214057,A_normalized_signals,526,7,84.0,80.0,4.0
2025,8,00-0038619,Andrei Iosivas,WR,CIN,0.0,6.245887381347259,A_normalized_signals,526,7,93.0,57.0,36.0
2025,8,00-0039816,Anthony Gould,WR,IND,0.0,0.5152374205226087,A_normalized_signals,526,7,93.0,115.0,22.0
2025,8,00-0040582,Arian Smith,WR,NYJ,3.3,2.8351440738634044,A_normalized_signals,526,7,69.0,87.0,18.0
2025,8,00-0035021,Ashton Dulin,WR,IND,0.2,3.42901410396216,A_normalized_signals,526,7,92.0,81.0,11.0
2025,8,00-0040432,Beaux Collins,WR,NYG,2.8,1.5023927649745998,A_normalized_signals,526,7,71.0,96.0,25.0
2025,8,00-0036862,Ben Skowronek,WR,PIT,2.3,0.9656964621712169,A_normalized_signals,526,7,76.0,110.0,34.0
2025,8,00-0037091,Bo Melton,WR,GB,0.0,0.688110318799457,A_normalized_signals,526,7,93.0,112.0,19.0
2025,8,00-0031236,Brandin Cooks,WR,NO,5.2,3.6555875706876355,A_normalized_signals,526,7,60.0,79.0,19.0
2025,8,00-0034419,Braxton Berrios,WR,HOU,8.8,2.8289144115745026,A_normalized_signals,526,7,42.0,88.0,46.0
2025,8,00-0038840,Brycen Tremayne,WR,CAR,0.0,2.3421463958804063,A_normalized_signals,526,7,93.0,90.0,3.0
2025,8,00-0037837,Calvin Austin III,WR,PIT,6.8,7.158585305254855,A_normalized_signals,526,7,52.0,50.0,2.0
2025,8,00-0039394,Casey Washington,WR,ATL,3.5,4.309984364023803,A_normalized_signals,526,7,66.0,70.0,4.0
2025,8,00-0036358,CeeDee Lamb,WR,DAL,14.6,15.893073622849965,A_normalized_signals,526,7,19.0,3.0,16.0
2025,8,00-0038576,Charlie Jones,WR,CIN,0.0,1.1955347762755857,A_normalized_signals,526,7,93.0,98.0,5.0
2025,8,00-0040705,Chimere Dike,WR,TEN,16.4,7.571153936863277,A_normalized_signals,526,7,15.0,47.0,32.0
2025,8,00-0037239,Chris Olave,WR,NO,14.0,15.561450100404429,A_normalized_signals,526,7,24.0,4.0,20.0
2025,8,00-0034348,Courtland Sutton,WR,DEN,10.7,9.34810995179848,A_normalized_signals,526,7,35.0,32.0,3.0
2025,8,00-0033282,Curtis Samuel,WR,BUF,0.0,5.47005250740059,A_normalized_signals,526,7,93.0,63.0,30.0
2025,8,00-0034827,DJ Moore,WR,CHI,11.6,10.285566793023435,A_normalized_signals,526,7,30.0,27.0,3.0
2025,8,00-0035640,DK Metcalf,WR,PIT,16.5,12.594822738424886,A_normalized_signals,526,7,12.0,12.0,0.0
2025,8,00-0035535,Darius Slayton,WR,NYG,4.6,8.806463132201355,A_normalized_signals,526,7,63.0,37.0,26.0
2025,8,00-0036309,Darnell Mooney,WR,ATL,2.1,7.070859161516116,A_normalized_signals,526,7,77.0,51.0,26.0
2025,8,00-0035359,David Sills,WR,ATL,3.4,3.1606088744178624,A_normalized_signals,526,7,67.0,84.0,17.0
2025,8,00-0030564,DeAndre Hopkins,WR,BAL,2.4,4.423471764277212,A_normalized_signals,526,7,74.0,69.0,5.0
2025,8,00-0038621,DeMario Douglas,WR,NE,5.7,7.236822697654483,A_normalized_signals,526,7,58.0,49.0,9.0
2025,8,00-0036912,DeVonta Smith,WR,PHI,14.4,15.36768421287943,A_normalized_signals,526,7,20.0,5.0,15.0
2025,8,00-0036620,Dee Eskridge,WR,MIA,0.0,1.5772027166789337,A_normalized_signals,526,7,93.0,95.0,2.0
2025,8,00-0035719,Deebo Samuel Sr.,WR,WAS,4.2,16.46000637712217,A_normalized_signals,526,7,64.0,2.0,62.0
2025,8,00-0032775,Demarcus Robinson,WR,SF,2.5,4.535390118855421,A_normalized_signals,526,7,73.0,67.0,6.0
2025,8,00-0038573,Derius Davis,WR,LAC,0.0,0.688110318799457,A_normalized_signals,526,7,93.0,112.0,19.0
2025,8,00-0039424,Devaughn Vele,WR,NO,2.0,3.7651181528570934,A_normalized_signals,526,7,78.0,76.0,2.0
2025,8,00-0036331,Devin Duvernay,WR,CHI,1.2,1.1955347762755857,A_normalized_signals,526,7,86.0,98.0,12.0
2025,8,00-0040170,Elic Ayomanor,WR,TEN,9.2,7.969697603619817,A_normalized_signals,526,7,40.0,44.0,4.0
2025,8,00-0036980,Elijah Moore,WR,BUF,2.4,3.8321677270553183,A_normalized_signals,526,7,74.0,75.0,1.0
2025,8,00-0040129,Emeka Egbuka,WR,TB,6.5,10.039010697460231,A_normalized_signals,526,7,54.0,28.0,26.0
2025,8,00-0040259,Gage Larvadain,WR,CLE,0.3,1.7693365876649683,A_normalized_signals,526,7,91.0,93.0,2.0
2025,8,00-0037247,George Pickens,WR,DAL,14.8,12.552842259854195,A_normalized_signals,526,7,18.0,13.0,5.0
2025,8,00-0035645,Gunner Olszewski,WR,NYG,0.0,1.1955347762755857,A_normalized_signals,526,7,93.0,98.0,5.0
2025,8,00-0040782,Isaiah Bond,WR,CLE,0.0,7.4222035753245645,A_normalized_signals,526,7,93.0,48.0,45.0
2025,8,00-0039451,Isaiah Williams,WR,NYJ,8.6,1.1955347762755857,A_normalized_signals,526,7,44.0,98.0,54.0
2025,8,00-0036900,Ja'Marr Chase,WR,CIN,21.1,19.349427485497547,A_normalized_signals,526,7,4.0,1.0,3.0
2025,8,00-0037741,Jahan Dotson,WR,PHI,11.0,2.199349994805085,A_normalized_signals,526,7,34.0,91.0,57.0
2025,8,00-0040277,Jahdae Walker,WR,CHI,0.0,1.1955347762755857,A_normalized_signals,526,7,93.0,98.0,5.0
2025,8,00-0039491,Jalen Coker,WR,CAR,6.6,3.0252511119930725,A_normalized_signals,526,7,53.0,85.0,32.0
2025,8,00-0037291,Jalen Nailor,WR,MIN,0.0,6.522592152974447,A_normalized_signals,526,7,93.0,55.0,38.0
2025,8,00-0037666,Jalen Tolbert,WR,DAL,12.7,2.7398341077792927,A_normalized_signals,526,7,28.0,89.0,61.0
2025,8,00-0033572,Jamal Agnew,WR,ATL,0.0,1.1955347762755857,A_normalized_signals,526,7,93.0,98.0,5.0
2025,8,00-0039379,Jamari Thrash,WR,CLE,5.1,4.780509300170763,A_normalized_signals,526,7,61.0,65.0,4.0
2025,8,00-0036259,Jauan Jennings,WR,SF,8.5,6.899507273010368,A_normalized_signals,526,7,45.0,53.0,8.0
2025,8,00-0040130,Jayden Higgins,WR,HOU,13.4,4.467101955510826,A_normalized_signals,526,7,26.0,68.0,42.0
2025,8,00-0036613,Jaylen Waddle,WR,MIA,20.9,11.448952166617708,A_normalized_signals,526,7,5.0,18.0,13.0
2025,8,00-0040164,Jaylin Lane,WR,WAS,1.0,6.734611800613142,A_normalized_signals,526,7,87.0,54.0,33.0
2025,8,00-0040138,Jaylin Noel,WR,HOU,11.3,5.748588703549207,A_normalized_signals,526,7,33.0,60.0,27.0
2025,8,00-0036407,Jerry Jeudy,WR,CLE,0.0,8.010538880756798,A_normalized_signals,526,7,93.0,43.0,50.0
2025,8,00-0040218,Jimmy Horn Jr.,WR,CAR,0.9,6.915627888747155,A_normalized_signals,526,7,88.0,52.0,36.0
2025,8,00-0038994,Jordan Addison,WR,MIN,11.6,11.71304218571292,A_normalized_signals,526,7,30.0,15.0,15.0
2025,8,00-0038997,Josh Downs,WR,IND,12.9,10.676319920537466,A_normalized_signals,526,7,27.0,23.0,4.0
2025,8,00-0033857,JuJu Smith-Schuster,WR,KC,4.9,6.174405128421563,A_normalized_signals,526,7,62.0,58.0,4.0
2025,8,00-0036322,Justin Jefferson,WR,MIN,14.4,14.529734048189368,A_normalized_signals,526,7,20.0,6.0,14.0
2025,8,00-0037801,KaVontae Turpin,WR,DAL,0.8,5.612960615213508,A_normalized_signals,526,7,90.0,61.0,29.0
2025,8,00-0039589,Kameron Johnson,WR,TB,0.0,4.094415729056943,A_normalized_signals,526,7,93.0,72.0,21.0
2025,8,00-0038608,Kayshon Boutte,WR,NE,16.5,9.331750548664358,A_normalized_signals,526,7,12.0,33.0,21.0
2025,8,00-0040534,Ke'Shawn Williams,WR,PIT,0.0,1.1955347762755857,A_normalized_signals,526,7,93.0,98.0,5.0
2025,8,00-0030279,Keenan Allen,WR,LAC,8.4,11.200286842767031,A_normalized_signals,526,7,46.0,20.0,26.0
2025,8,00-0033307,Kendrick Bourne,WR,SF,7.4,10.646649424771732,A_normalized_signals,526,7,49.0,24.0,25.0
2025,8,00-0039901,Keon Coleman,WR,BUF,6.0,10.301607135698399,A_normalized_signals,526,7,56.0,26.0,30.0
2025,8,00-0034854,KhaDarel Hodge,WR,ATL,6.1,0.8790766585895773,A_normalized_signals,526,7,55.0,111.0,56.0
2025,8,00-0037261,Khalil Shakir,WR,BUF,20.8,11.68376612335335,A_normalized_signals,526,7,6.0,16.0,10.0
2025,8,00-0039915,Ladd McConkey,WR,LAC,20.8,12.408743517740602,A_normalized_signals,526,7,6.0,14.0,8.0
2025,8,00-0039355,Luke McCaffrey,WR,WAS,5.4,4.218972503466869,A_normalized_signals,526,7,59.0,71.0,12.0
2025,8,00-0040735,Luther Burden III,WR,CHI,0.9,5.2573488341309105,A_normalized_signals,526,7,88.0,64.0,24.0
2025,8,00-0033555,Mack Hollins,WR,NE,15.9,6.393117272425256,A_normalized_signals,526,7,16.0,56.0,40.0
2025,8,00-0039920,Malachi Corley,WR,CLE,3.1,3.8807483156279536,A_normalized_signals,526,7,70.0,74.0,4.0
2025,8,00-0038465,Malik Heath,WR,GB,5.9,0.5914510524067871,A_normalized_signals,526,7,57.0,114.0,57.0
2025,8,00-0039880,Malik Washington,WR,MIA,13.6,8.923541687387761,A_normalized_signals,526,7,25.0,36.0,11.0
2025,8,00-0035662,Marquise Brown,WR,KC,0.0,8.337913641638279,A_normalized_signals,526,7,93.0,42.0,51.0
2025,8,00-0038976,Marvin Mims Jr.,WR,DEN,1.8,8.567156269702181,A_normalized_signals,526,7,79.0,40.0,39.0
2025,8,00-0039623,Mason Tipton,WR,NO,0.0,1.1931677768879965,A_normalized_signals,526,7,93.0,108.0,15.0
2025,8,00-0040667,Matthew Golden,WR,GB,3.4,10.5978596847395,A_normalized_signals,526,7,67.0,25.0,42.0
2025,8,00-0036252,Michael Pittman,WR,IND,23.5,8.958947768439801,A_normalized_signals,526,7,3.0,35.0,32.0
2025,8,00-0040506,Myles Price,WR,MIN,0.0,1.1955347762755857,A_normalized_signals,526,7,93.0,98.0,5.0
2025,8,00-0036182,Nick Westbrook-Ikhine,WR,MIA,2.8,2.982471382647036,A_normalized_signals,526,7,71.0,86.0,15.0
2025,8,00-0038519,Nikko Remigio,WR,KC,0.0,1.1955347762755857,A_normalized_signals,526,7,93.0,98.0,5.0
2025,8,00-0035208,Olamide Zaccheaus,WR,CHI,10.3,7.884602825009158,A_normalized_signals,526,7,37.0,45.0,8.0
2025,8,00-0040134,Pat Bryant,WR,DEN,12.0,1.7157986125327418,A_normalized_signals,526,7,29.0,94.0,65.0
2025,8,00-0039067,Rashee Rice,WR,KC,25.5,14.354072315539407,A_normalized_signals,526,7,2.0,7.0,5.0
2025,8,00-0037545,Rashid Shaheed,WR,NO,16.5,11.460809784484221,A_normalized_signals,526,7,12.0,17.0,5.0
2025,8,00-0036550,Rashod Bateman,WR,BAL,7.1,3.719539628462361,A_normalized_signals,526,7,51.0,77.0,26.0
2025,8,00-0039739,Roman Wilson,WR,PIT,17.4,4.038598570308868,A_normalized_signals,526,7,10.0,73.0,63.0
2025,8,00-0039919,Rome Odunze,WR,CHI,18.4,9.739755141382265,A_normalized_signals,526,7,8.0,30.0,22.0
2025,8,00-0037816,Romeo Doubs,WR,GB,7.4,14.118036904817071,A_normalized_signals,526,7,49.0,8.0,41.0
2025,8,00-0039410,Ryan Flournoy,WR,DAL,1.7,8.468270700660257,A_normalized_signals,526,7,81.0,41.0,40.0
2025,8,00-0040009,Savion Williams,WR,GB,7.9,1.8782012749292303,A_normalized_signals,526,7,47.0,92.0,45.0
2025,8,00-0038090,Skyy Moore,WR,SF,0.0,1.4120873016296165,A_normalized_signals,526,7,93.0,97.0,4.0
2025,8,00-0031588,Stefon Diggs,WR,NE,10.4,12.81621672523371,A_normalized_signals,526,7,36.0,11.0,25.0
2025,8,00-0032385,Sterling Shepard,WR,TB,1.8,8.743216268339562,A_normalized_signals,526,7,79.0,38.0,41.0
2025,8,00-0036410,Tee Higgins,WR,CIN,11.4,10.954868926045762,A_normalized_signals,526,7,32.0,22.0,10.0
2025,8,00-0035659,Terry McLaurin,WR,WAS,14.4,9.781074938990372,A_normalized_signals,526,7,20.0,29.0,9.0
2025,8,00-0040124,Tetairoa McMillan,WR,CAR,16.9,11.205735412032041,A_normalized_signals,526,7,11.0,19.0,8.0
2025,8,00-0040237,Tez Johnson,WR,TB,9.3,9.28583532665012,A_normalized_signals,526,7,39.0,34.0,5.0
2025,8,00-0040727,Tre Harris,WR,LAC,8.8,3.256146149713029,A_normalized_signals,526,7,42.0,83.0,41.0
2025,8,00-0039868,Troy Franklin,WR,DEN,26.9,7.787476204676344,A_normalized_signals,526,7,1.0,46.0,45.0
2025,8,00-0036630,Tylan Wallace,WR,BAL,1.6,1.037043963843579,A_normalized_signals,526,7,82.0,109.0,27.0
2025,8,00-0036427,Tyler Johnson,WR,NYJ,15.4,4.569636485892647,A_normalized_signals,526,7,17.0,66.0,49.0
2025,8,00-0036415,Van Jefferson,WR,TEN,1.6,5.887806534749394,A_normalized_signals,526,7,82.0,59.0,23.0
2025,8,00-0038117,Wan'Dale Robinson,WR,NYG,7.8,13.448254204130862,A_normalized_signals,526,7,48.0,10.0,38.0
2025,8,00-0038496,Xavier Gipson,WR,PHI,1.3,1.1955347762755857,A_normalized_signals,526,7,85.0,98.0,13.0
2025,8,00-0038618,Xavier Hutchinson,WR,HOU,17.9,5.569137495430343,A_normalized_signals,526,7,9.0,62.0,53.0
2025,8,00-0039342,Xavier Legette,WR,CAR,3.7,8.605791348804692,A_normalized_signals,526,7,65.0,39.0,26.0
2025,8,00-0039894,Xavier Worthy,WR,KC,10.3,9.684615240710817,A_normalized_signals,526,7,37.0,31.0,6.0
2025,8,00-0039064,Zay Flowers,WR,BAL,14.1,13.563641228697222,A_normalized_signals,526,7,23.0,9.0,14.0
2025,9,00-0039890,Adonai Mitchell,WR,IND,1.7,2.939998424002274,A_normalized_signals,641,8,84.0,99.0,15.0
2025,9,00-0037664,Alec Pierce,WR,IND,17.5,10.58465856775498,A_normalized_signals,641,8,16.0,36.0,20.0
2025,9,00-0035602,Alex Bachman,WR,LV,0.0,0.8035304098770599,A_normalized_signals,641,8,94.0,126.0,32.0
2025,9,00-0036963,Amon-Ra St. Brown,WR,DET,18.7,18.54972097562519,A_normalized_signals,641,8,11.0,4.0,7.0
2025,9,00-0038619,Andrei Iosivas,WR,CIN,18.0,4.953383190906436,A_normalized_signals,641,8,13.0,79.0,66.0
2025,9,00-0035021,Ashton Dulin,WR,IND,0.0,2.9599867949961647,A_normalized_signals,641,8,94.0,98.0,4.0
2025,9,00-0036862,Ben Skowronek,WR,PIT,0.0,0.8857563567055747,A_normalized_signals,641,8,94.0,124.0,30.0
2025,9,00-0031236,Brandin Cooks,WR,NO,3.6,3.4560192043565983,A_normalized_signals,641,8,67.0,92.0,25.0
2025,9,00-0034419,Braxton Berrios,WR,HOU,0.0,5.261384304540563,A_normalized_signals,641,8,94.0,74.0,20.0
2025,9,00-0039893,Brian Thomas Jr.,WR,JAX,8.5,13.142992735103851,A_normalized_signals,641,8,47.0,16.0,31.0
2025,9,00-0038840,Brycen Tremayne,WR,CAR,1.8,0.8035304098770599,A_normalized_signals,641,8,82.0,126.0,44.0
2025,9,00-0037837,Calvin Austin III,WR,PIT,10.6,8.529250657720072,A_normalized_signals,641,8,35.0,51.0,16.0
2025,9,00-0034418,Cedrick Wilson Jr.,WR,MIA,1.7,2.6267457256024236,A_normalized_signals,641,8,84.0,101.0,17.0
2025,9,00-0036358,CeeDee Lamb,WR,DAL,15.5,15.105685711252914,A_normalized_signals,641,8,22.0,9.0,13.0
2025,9,00-0038576,Charlie Jones,WR,CIN,0.0,1.4084032273121663,A_normalized_signals,641,8,94.0,109.0,15.0
2025,9,00-0040705,Chimere Dike,WR,TEN,1.5,9.90153665915948,A_normalized_signals,641,8,88.0,42.0,46.0
2025,9,00-0037239,Chris Olave,WR,NO,8.7,15.951107152808252,A_normalized_signals,641,8,45.0,7.0,38.0
2025,9,00-0034775,Christian Kirk,WR,HOU,6.6,8.343154378475862,A_normalized_signals,641,8,52.0,54.0,2.0
2025,9,00-0038124,Christian Watson,WR,GB,7.8,7.997830373729813,A_normalized_signals,641,8,49.0,57.0,8.0
2025,9,00-0035891,Cody White,WR,SEA,13.0,1.4084032273121663,A_normalized_signals,641,8,29.0,109.0,80.0
2025,9,00-0034348,Courtland Sutton,WR,DEN,10.0,8.901163782924495,A_normalized_signals,641,8,36.0,48.0,12.0
2025,9,00-0033282,Curtis Samuel,WR,BUF,1.6,3.0836087537094263,A_normalized_signals,641,8,87.0,97.0,10.0
2025,9,00-0034827,DJ Moore,WR,CHI,22.98,12.068646068318493,A_normalized_signals,641,8,4.0,24.0,20.0
2025,9,00-0035640,DK Metcalf,WR,PIT,2.6,12.508377706765778,A_normalized_signals,641,8,77.0,21.0,56.0
2025,9,00-0035535,Darius Slayton,WR,NYG,11.2,9.535607781421687,A_normalized_signals,641,8,34.0,44.0,10.0
2025,9,00-0036309,Darnell Mooney,WR,ATL,2.5,5.138302908397962,A_normalized_signals,641,8,79.0,76.0,3.0
2025,9,00-0031381,Davante Adams,WR,LA,23.0,14.003205466973409,A_normalized_signals,641,8,3.0,12.0,9.0
2025,9,00-0035359,David Sills,WR,ATL,0.0,4.847399602154102,A_normalized_signals,641,8,94.0,82.0,12.0
2025,9,00-0030564,DeAndre Hopkins,WR,BAL,0.0,5.347377864376643,A_normalized_signals,641,8,94.0,73.0,21.0
2025,9,00-0038621,DeMario Douglas,WR,NE,20.0,7.845711321011374,A_normalized_signals,641,8,10.0,60.0,50.0
2025,9,00-0036620,Dee Eskridge,WR,MIA,0.0,1.8498021340533228,A_normalized_signals,641,8,94.0,106.0,12.0
2025,9,00-0035719,Deebo Samuel Sr.,WR,WAS,9.4,13.108093609665037,A_normalized_signals,641,8,38.0,17.0,21.0
2025,9,00-0032775,Demarcus Robinson,WR,SF,0.0,4.2797386806792606,A_normalized_signals,641,8,94.0,87.0,7.0
2025,9,00-0038573,Derius Davis,WR,LAC,0.0,0.8827018963615751,A_normalized_signals,641,8,94.0,125.0,31.0
2025,9,00-0036331,Devin Duvernay,WR,CHI,0.0,1.1963471339576979,A_normalized_signals,641,8,94.0,122.0,28.0
2025,9,00-0037238,Drake London,WR,ATL,38.8,18.787001271814212,A_normalized_signals,641,8,1.0,3.0,2.0
2025,9,00-0036626,Dyami Brown,WR,JAX,5.9,8.172539675299253,A_normalized_signals,641,8,58.0,56.0,2.0
2025,9,00-0040563,Efton Chism III,WR,NE,0.0,1.4084032273121663,A_normalized_signals,641,8,94.0,109.0,15.0
2025,9,00-0040170,Elic Ayomanor,WR,TEN,7.6,8.71589367547061,A_normalized_signals,641,8,50.0,49.0,1.0
2025,9,00-0036980,Elijah Moore,WR,BUF,3.8,3.443018437234648,A_normalized_signals,641,8,63.0,93.0,30.0
2025,9,00-0037247,George Pickens,WR,DAL,13.9,14.749456817247063,A_normalized_signals,641,8,27.0,11.0,16.0
2025,9,00-0035500,Greg Dortch,WR,ARI,0.9,5.12843452148304,A_normalized_signals,641,8,93.0,77.0,16.0
2025,9,00-0035645,Gunner Olszewski,WR,NYG,9.4,1.4084032273121663,A_normalized_signals,641,8,38.0,109.0,71.0
2025,9,00-0036900,Ja'Marr Chase,WR,CIN,17.1,22.969922108950136,A_normalized_signals,641,8,17.0,1.0,16.0
2025,9,00-0040729,Jack Bech,WR,LV,0.0,4.51234872587259,A_normalized_signals,641,8,94.0,85.0,9.0
2025,9,00-0040277,Jahdae Walker,WR,CHI,0.0,1.4084032273121663,A_normalized_signals,641,8,94.0,109.0,15.0
2025,9,00-0034960,Jakobi Meyers,WR,LV,6.3,10.812278674367494,A_normalized_signals,641,8,53.0,34.0,19.0
2025,9,00-0039491,Jalen Coker,WR,CAR,1.9,5.54706444373771,A_normalized_signals,641,8,81.0,71.0,10.0
2025,9,00-0037291,Jalen Nailor,WR,MIN,2.6,4.945222715409843,A_normalized_signals,641,8,77.0,80.0,3.0
2025,9,00-0038938,Jalin Hyatt,WR,NYG,0.0,4.028393160430896,A_normalized_signals,641,8,94.0,89.0,5.0
2025,9,00-0033572,Jamal Agnew,WR,ATL,0.0,1.4084032273121663,A_normalized_signals,641,8,94.0,109.0,15.0
2025,9,00-0037240,Jameson Williams,WR,DET,16.6,6.14925854146282,A_normalized_signals,641,8,20.0,66.0,46.0
2025,9,00-0036259,Jauan Jennings,WR,SF,14.1,9.092537601289832,A_normalized_signals,641,8,26.0,45.0,19.0
2025,9,00-0038543,Jaxon Smith-Njigba,WR,SEA,22.0,22.472732519529416,A_normalized_signals,641,8,7.0,2.0,5.0
2025,9,00-0040130,Jayden Higgins,WR,HOU,1.4,6.355487794546864,A_normalized_signals,641,8,90.0,63.0,27.0
2025,9,00-0036613,Jaylen Waddle,WR,MIA,14.2,11.310690440529356,A_normalized_signals,641,8,25.0,29.0,4.0
2025,9,00-0040164,Jaylin Lane,WR,WAS,5.9,6.329927545550005,A_normalized_signals,641,8,58.0,65.0,7.0
2025,9,00-0040138,Jaylin Noel,WR,HOU,-0.3,9.697183466159963,A_normalized_signals,641,8,127.0,43.0,84.0
2025,9,00-0040218,Jimmy Horn Jr.,WR,CAR,1.8,5.876937498892689,A_normalized_signals,641,8,82.0,68.0,14.0
2025,9,00-0038994,Jordan Addison,WR,MIN,8.4,11.916985249535427,A_normalized_signals,641,8,48.0,25.0,23.0
2025,9,00-0040172,Jordan Watkins,WR,SF,2.9,3.8306420820772313,A_normalized_signals,641,8,74.0,90.0,16.0
2025,9,00-0038997,Josh Downs,WR,IND,17.7,11.262102329448057,A_normalized_signals,641,8,15.0,31.0,16.0
2025,9,00-0033857,JuJu Smith-Schuster,WR,KC,1.2,6.780082478969769,A_normalized_signals,641,8,92.0,62.0,30.0
2025,9,00-0036322,Justin Jefferson,WR,MIN,16.7,15.729433588824481,A_normalized_signals,641,8,19.0,8.0,11.0
2025,9,00-0037801,KaVontae Turpin,WR,DAL,3.3,5.111725097751095,A_normalized_signals,641,8,68.0,78.0,10.0
2025,9,00-0032464,Kalif Raymond,WR,DET,0.0,1.980777194271279,A_normalized_signals,641,8,94.0,104.0,10.0
2025,9,00-0038608,Kayshon Boutte,WR,NE,0.0,12.254405765713328,A_normalized_signals,641,8,94.0,22.0,72.0
2025,9,00-0040534,Ke'Shawn Williams,WR,PIT,0.0,1.4084032273121663,A_normalized_signals,641,8,94.0,109.0,15.0
2025,9,00-0040184,KeAndre Lambert-Smith,WR,LAC,0.0,0.9135661349309778,A_normalized_signals,641,8,94.0,123.0,29.0
2025,9,00-0030279,Keenan Allen,WR,LAC,6.1,11.363480660578206,A_normalized_signals,641,8,55.0,28.0,27.0
2025,9,00-0033307,Kendrick Bourne,WR,SF,5.4,8.387766755438445,A_normalized_signals,641,8,60.0,53.0,7.0
2025,9,00-0039901,Keon Coleman,WR,BUF,3.7,9.971424729170458,A_normalized_signals,641,8,65.0,40.0,25.0
2025,9,00-0034854,KhaDarel Hodge,WR,ATL,0.0,3.4136783619920648,A_normalized_signals,641,8,94.0,94.0,0.0
2025,9,00-0037261,Khalil Shakir,WR,BUF,11.3,13.103746082897263,A_normalized_signals,641,8,33.0,18.0,15.0
2025,9,00-0040131,Kyle Williams,WR,NE,0.0,2.732050078044823,A_normalized_signals,641,8,94.0,100.0,6.0
2025,9,00-0040075,LaJohntay Wester,WR,BAL,0.0,1.4084032273121663,A_normalized_signals,641,8,94.0,109.0,15.0
2025,9,00-0039915,Ladd McConkey,WR,LAC,9.6,16.189831747367478,A_normalized_signals,641,8,37.0,6.0,31.0
2025,9,00-0039355,Luke McCaffrey,WR,WAS,0.0,4.704680686734688,A_normalized_signals,641,8,94.0,83.0,11.0
2025,9,00-0033555,Mack Hollins,WR,NE,2.9,9.06628913308655,A_normalized_signals,641,8,74.0,46.0,28.0
2025,9,00-0038465,Malik Heath,WR,GB,2.1,2.2021631250602915,A_normalized_signals,641,8,80.0,102.0,22.0
2025,9,00-0039880,Malik Washington,WR,MIA,9.1,11.007658950998415,A_normalized_signals,641,8,43.0,33.0,10.0
2025,9,00-0035662,Marquise Brown,WR,KC,9.3,6.349656296020932,A_normalized_signals,641,8,40.0,64.0,24.0
2025,9,00-0039849,Marvin Harrison Jr.,WR,ARI,22.6,7.9055725730321615,A_normalized_signals,641,8,6.0,59.0,53.0
2025,9,00-0036176,Mason Kinsey,WR,TEN,0.0,1.4084032273121663,A_normalized_signals,641,8,94.0,109.0,15.0
2025,9,00-0040667,Matthew Golden,WR,GB,2.9,8.528469249654282,A_normalized_signals,641,8,74.0,52.0,22.0
2025,9,00-0036252,Michael Pittman,WR,IND,20.5,12.150057486566485,A_normalized_signals,641,8,9.0,23.0,14.0
2025,9,00-0038559,Michael Wilson,WR,ARI,9.1,7.781786741034999,A_normalized_signals,641,8,43.0,61.0,18.0
2025,9,00-0038839,Mitchell Tinsley,WR,CIN,3.7,3.405385466887486,A_normalized_signals,641,8,65.0,95.0,30.0
2025,9,00-0040506,Myles Price,WR,MIN,0.0,1.4084032273121663,A_normalized_signals,641,8,94.0,109.0,15.0
2025,9,00-0036182,Nick Westbrook-Ikhine,WR,MIA,4.2,4.149713658749282,A_normalized_signals,641,8,61.0,88.0,27.0
2025,9,00-0036554,Nico Collins,WR,HOU,14.5,11.159008808889222,A_normalized_signals,641,8,24.0,32.0,8.0
2025,9,00-0038519,Nikko Remigio,WR,KC,0.0,1.4084032273121663,A_normalized_signals,641,8,94.0,109.0,15.0
2025,9,00-0035208,Olamide Zaccheaus,WR,CHI,17.8,8.908940446232748,A_normalized_signals,641,8,14.0,47.0,33.0
2025,9,00-0038606,Parker Washington,WR,JAX,17.0,10.471886521575936,A_normalized_signals,641,8,18.0,37.0,19.0
2025,9,00-0040134,Pat Bryant,WR,DEN,4.0,5.79183229758617,A_normalized_signals,641,8,62.0,69.0,7.0
2025,9,00-0039075,Puka Nacua,WR,LA,22.8,13.97259477134753,A_normalized_signals,641,8,5.0,13.0,8.0
2025,9,00-0038544,Quentin Johnston,WR,LAC,15.3,11.273919484847138,A_normalized_signals,641,8,23.0,30.0,7.0
2025,9,00-0039067,Rashee Rice,WR,KC,18.6,18.412256230058503,A_normalized_signals,641,8,12.0,5.0,7.0
2025,9,00-0037545,Rashid Shaheed,WR,NO,11.8,11.869782087405445,A_normalized_signals,641,8,31.0,26.0,5.0
2025,9,00-0036550,Rashod Bateman,WR,BAL,9.3,5.168168868326973,A_normalized_signals,641,8,40.0,75.0,35.0
2025,9,00-0034407,Ray-Ray McCloud,WR,NYG,1.5,4.351480211920423,A_normalized_signals,641,8,88.0,86.0,2.0
2025,9,00-0039739,Roman Wilson,WR,PIT,1.4,5.481495977589038,A_normalized_signals,641,8,90.0,72.0,18.0
2025,9,00-0039919,Rome Odunze,WR,CHI,0.0,10.700350640893868,A_normalized_signals,641,8,94.0,35.0,59.0
2025,9,00-0037816,Romeo Doubs,WR,GB,16.1,12.727609252882502,A_normalized_signals,641,8,21.0,19.0,2.0
2025,9,00-0039410,Ryan Flournoy,WR,DAL,9.2,3.783037882379793,A_normalized_signals,641,8,42.0,91.0,49.0
2025,9,00-0040009,Savion Williams,WR,GB,3.2,1.936380655414331,A_normalized_signals,641,8,69.0,105.0,36.0
2025,9,00-0036646,Simi Fehoko,WR,ARI,0.0,1.4084032273121663,A_normalized_signals,641,8,94.0,109.0,15.0
2025,9,00-0038090,Skyy Moore,WR,SF,3.1,1.621854720858096,A_normalized_signals,641,8,72.0,107.0,35.0
2025,9,00-0031588,Stefon Diggs,WR,NE,12.8,10.443674167019173,A_normalized_signals,641,8,30.0,38.0,8.0
2025,9,00-0040154,Tai Felton,WR,MIN,0.0,1.4084032273121663,A_normalized_signals,641,8,94.0,109.0,15.0
2025,9,00-0036410,Tee Higgins,WR,CIN,31.1,10.002796517068472,A_normalized_signals,641,8,2.0,39.0,37.0
2025,9,00-0040124,Tetairoa McMillan,WR,CAR,8.6,13.369542778871665,A_normalized_signals,641,8,46.0,15.0,31.0
2025,9,00-0040648,Tory Horton,WR,SEA,20.8,4.663371288065499,A_normalized_signals,641,8,8.0,84.0,76.0
2025,9,00-0040727,Tre Harris,WR,LAC,3.8,5.68713063902864,A_normalized_signals,641,8,63.0,70.0,7.0
2025,9,00-0038563,Tre Tucker,WR,LV,6.8,12.651566024036578,A_normalized_signals,641,8,51.0,20.0,31.0
2025,9,00-0039868,Troy Franklin,WR,DEN,6.3,11.679583798323824,A_normalized_signals,641,8,53.0,27.0,26.0
2025,9,00-0036630,Tylan Wallace,WR,BAL,0.0,2.0203629375135366,A_normalized_signals,641,8,94.0,103.0,9.0
2025,9,00-0032211,Tyler Lockett,WR,LV,0.0,4.944998634821581,A_normalized_signals,641,8,94.0,81.0,13.0
2025,9,00-0038104,Tyquan Thornton,WR,KC,0.0,6.144234997841965,A_normalized_signals,641,8,94.0,67.0,27.0
2025,9,00-0038679,Tyrell Shavers,WR,BUF,1.7,3.168835227510142,A_normalized_signals,641,8,84.0,96.0,12.0
2025,9,00-0036415,Van Jefferson,WR,TEN,3.1,8.307625054147099,A_normalized_signals,641,8,72.0,55.0,17.0
2025,9,00-0038117,Wan'Dale Robinson,WR,NYG,13.6,13.445328967343954,A_normalized_signals,641,8,28.0,14.0,14.0
2025,9,00-0038618,Xavier Hutchinson,WR,HOU,6.0,7.913103959617505,A_normalized_signals,641,8,56.0,58.0,2.0
2025,9,00-0039342,Xavier Legette,WR,CAR,3.2,8.570031277270598,A_normalized_signals,641,8,69.0,50.0,19.0
2025,9,00-0038359,Xavier Smith,WR,LA,3.2,1.4430249744432424,A_normalized_signals,641,8,69.0,108.0,39.0
2025,9,00-0039894,Xavier Worthy,WR,KC,6.0,9.935380055669789,A_normalized_signals,641,8,56.0,41.0,15.0
2025,9,00-0039064,Zay Flowers,WR,BAL,11.4,15.024907601795613,A_normalized_signals,641,8,32.0,10.0,22.0
2025,10,00-0035676,A.J. Brown,WR,PHI,3.3,14.022600174594889,A_normalized_signals,768,9,66.0,13.0,53.0
2025,10,00-0030035,Adam Thielen,WR,MIN,3.6,3.898578638237217,A_normalized_signals,768,9,62.0,82.0,20.0
2025,10,00-0037664,Alec Pierce,WR,IND,18.4,13.108184761453572,A_normalized_signals,768,9,15.0,16.0,1.0
2025,10,00-0035602,Alex Bachman,WR,LV,0.0,1.263849599968369,A_normalized_signals,768,9,94.0,111.0,17.0
2025,10,00-0036963,Amon-Ra St. Brown,WR,DET,16.8,18.142381473458535,A_normalized_signals,768,9,18.0,3.0,15.0
2025,10,00-0040582,Arian Smith,WR,NYJ,1.3,3.2360730414877086,A_normalized_signals,768,9,88.0,93.0,5.0
2025,10,00-0035021,Ashton Dulin,WR,IND,2.2,0.5277921029806699,A_normalized_signals,768,9,79.0,127.0,48.0
2025,10,00-0036841,Austin Trammell,WR,JAX,5.3,2.0975010770424873,A_normalized_signals,768,9,55.0,107.0,52.0
2025,10,00-0036862,Ben Skowronek,WR,PIT,0.0,0.854914370764084,A_normalized_signals,768,9,94.0,125.0,31.0
2025,10,00-0037091,Bo Melton,WR,GB,4.8,0.8291150815823997,A_normalized_signals,768,9,59.0,126.0,67.0
2025,10,00-0034419,Braxton Berrios,WR,HOU,0.0,3.1255314401059913,A_normalized_signals,768,9,94.0,96.0,2.0
2025,10,00-0037837,Calvin Austin III,WR,PIT,3.4,7.810627219834341,A_normalized_signals,768,9,64.0,51.0,13.0
2025,10,00-0038979,Cedric Tillman,WR,CLE,3.1,5.813305998731611,A_normalized_signals,768,9,69.0,66.0,3.0
2025,10,00-0032398,Chris Moore,WR,WAS,0.0,6.893161020709014,A_normalized_signals,768,9,94.0,57.0,37.0
2025,10,00-0037239,Chris Olave,WR,NO,21.4,13.028091750517465,A_normalized_signals,768,9,5.0,17.0,12.0
2025,10,00-0034775,Christian Kirk,WR,HOU,1.3,8.516972527687908,A_normalized_signals,768,9,88.0,47.0,41.0
2025,10,00-0038124,Christian Watson,WR,GB,6.5,8.741937306705717,A_normalized_signals,768,9,46.0,44.0,2.0
2025,10,00-0035891,Cody White,WR,SEA,0.0,3.4767703693958674,A_normalized_signals,768,9,94.0,89.0,5.0
2025,10,00-0033908,Cooper Kupp,WR,SEA,9.4,7.705911912542398,A_normalized_signals,768,9,35.0,52.0,17.0
2025,10,00-0034348,Courtland Sutton,WR,DEN,5.4,11.195347973039198,A_normalized_signals,768,9,53.0,31.0,22.0
2025,10,00-0033282,Curtis Samuel,WR,BUF,3.1,2.6059837933219603,A_normalized_signals,768,9,69.0,106.0,37.0
2025,10,00-0034827,DJ Moore,WR,CHI,0.0,12.912339398714995,A_normalized_signals,768,9,94.0,19.0,75.0
2025,10,00-0035640,DK Metcalf,WR,PIT,6.5,8.631856907987503,A_normalized_signals,768,9,46.0,45.0,1.0
2025,10,00-0035535,Darius Slayton,WR,NYG,12.9,9.79087799082372,A_normalized_signals,768,9,25.0,37.0,12.0
2025,10,00-0036309,Darnell Mooney,WR,ATL,2.7,5.689376185571738,A_normalized_signals,768,9,74.0,69.0,5.0
2025,10,00-0031381,Davante Adams,WR,LA,19.7,14.962100940867634,A_normalized_signals,768,9,12.0,9.0,3.0
2025,10,00-0035359,David Sills,WR,ATL,0.0,3.2274179817184767,A_normalized_signals,768,9,94.0,94.0,0.0
2025,10,00-0030564,DeAndre Hopkins,WR,BAL,3.6,3.26251215137602,A_normalized_signals,768,9,62.0,92.0,30.0
2025,10,00-0038621,DeMario Douglas,WR,NE,5.4,8.322865803345588,A_normalized_signals,768,9,53.0,49.0,4.0
2025,10,00-0036912,DeVonta Smith,WR,PHI,16.9,17.177951931272997,A_normalized_signals,768,9,17.0,4.0,13.0
2025,10,00-0035719,Deebo Samuel Sr.,WR,WAS,12.9,11.366361220153491,A_normalized_signals,768,9,25.0,29.0,4.0
2025,10,00-0032775,Demarcus Robinson,WR,SF,6.4,2.8973890032465563,A_normalized_signals,768,9,49.0,102.0,53.0
2025,10,00-0038573,Derius Davis,WR,LAC,1.3,1.263849599968369,A_normalized_signals,768,9,88.0,111.0,23.0
2025,10,00-0039424,Devaughn Vele,WR,NO,2.5,3.9787613371545905,A_normalized_signals,768,9,76.0,81.0,5.0
2025,10,00-0036331,Devin Duvernay,WR,CHI,0.0,1.246304761169522,A_normalized_signals,768,9,94.0,122.0,28.0
2025,10,00-0040241,Dominic Lovett,WR,DET,0.0,1.263849599968369,A_normalized_signals,768,9,94.0,111.0,17.0
2025,10,00-0040581,Dont'e Thornton Jr.,WR,LV,1.4,4.598444796747415,A_normalized_signals,768,9,86.0,74.0,12.0
2025,10,00-0038393,Dontayvion Wicks,WR,GB,7.8,5.145756385969802,A_normalized_signals,768,9,41.0,72.0,31.0
2025,10,00-0037238,Drake London,WR,ATL,22.4,20.54185606882051,A_normalized_signals,768,9,4.0,2.0,2.0
2025,10,00-0036626,Dyami Brown,WR,JAX,0.0,8.520137358827832,A_normalized_signals,768,9,94.0,46.0,48.0
2025,10,00-0040563,Efton Chism III,WR,NE,0.0,1.263849599968369,A_normalized_signals,768,9,94.0,111.0,17.0
2025,10,00-0036980,Elijah Moore,WR,BUF,2.8,4.265946136114996,A_normalized_signals,768,9,72.0,78.0,6.0
2025,10,00-0040129,Emeka Egbuka,WR,TB,23.5,10.825268501230571,A_normalized_signals,768,9,2.0,33.0,31.0
2025,10,00-0040259,Gage Larvadain,WR,CLE,0.0,2.9072499566940677,A_normalized_signals,768,9,94.0,101.0,7.0
2025,10,00-0037740,Garrett Wilson,WR,NYJ,0.0,16.0945445058781,A_normalized_signals,768,9,94.0,7.0,87.0
2025,10,00-0035500,Greg Dortch,WR,ARI,6.2,3.700772179444511,A_normalized_signals,768,9,50.0,84.0,34.0
2025,10,00-0035645,Gunner Olszewski,WR,NYG,0.0,1.586627080684936,A_normalized_signals,768,9,94.0,110.0,16.0
2025,10,00-0040669,Isaac TeSlaa,WR,DET,2.1,3.202248745865525,A_normalized_signals,768,9,81.0,95.0,14.0
2025,10,00-0039451,Isaiah Williams,WR,NYJ,1.4,2.616718788857749,A_normalized_signals,768,9,86.0,105.0,19.0
2025,10,00-0040729,Jack Bech,WR,LV,0.0,2.0467558090882503,A_normalized_signals,768,9,94.0,108.0,14.0
2025,10,00-0037741,Jahan Dotson,WR,PHI,0.0,5.536955164631502,A_normalized_signals,768,9,94.0,70.0,24.0
2025,10,00-0034960,Jakobi Meyers,WR,JAX,7.1,9.125788355972773,A_normalized_signals,768,9,45.0,42.0,3.0
2025,10,00-0039491,Jalen Coker,WR,CAR,5.1,4.47713463063649,A_normalized_signals,768,9,57.0,76.0,19.0
2025,10,00-0037291,Jalen Nailor,WR,MIN,23.4,4.38187832516585,A_normalized_signals,768,9,3.0,77.0,74.0
2025,10,00-0033572,Jamal Agnew,WR,ATL,0.0,1.263849599968369,A_normalized_signals,768,9,94.0,111.0,17.0
2025,10,00-0039379,Jamari Thrash,WR,CLE,0.0,5.78357912618084,A_normalized_signals,768,9,94.0,67.0,27.0
2025,10,00-0037240,Jameson Williams,WR,DET,23.9,9.398077438417133,A_normalized_signals,768,9,1.0,40.0,39.0
2025,10,00-0036259,Jauan Jennings,WR,SF,19.1,12.406396083030028,A_normalized_signals,768,9,14.0,23.0,9.0
2025,10,00-0038543,Jaxon Smith-Njigba,WR,SEA,20.3,23.75748888937091,A_normalized_signals,768,9,9.0,1.0,8.0
2025,10,00-0040130,Jayden Higgins,WR,HOU,15.2,4.485487225702804,A_normalized_signals,768,9,21.0,75.0,54.0
2025,10,00-0036613,Jaylen Waddle,WR,MIA,19.4,10.804866081684745,A_normalized_signals,768,9,13.0,35.0,22.0
2025,10,00-0040164,Jaylin Lane,WR,WAS,5.1,7.538746449635059,A_normalized_signals,768,9,57.0,54.0,3.0
2025,10,00-0040138,Jaylin Noel,WR,HOU,7.5,6.34653129565947,A_normalized_signals,768,9,43.0,64.0,21.0
2025,10,00-0036407,Jerry Jeudy,WR,CLE,19.8,6.430018550113711,A_normalized_signals,768,9,11.0,61.0,50.0
2025,10,00-0037614,John Metchie III,WR,NYJ,0.6,3.5597303705838055,A_normalized_signals,768,9,93.0,86.0,7.0
2025,10,00-0038994,Jordan Addison,WR,MIN,6.5,11.4821116072152,A_normalized_signals,768,9,46.0,27.0,19.0
2025,10,00-0038997,Josh Downs,WR,IND,1.3,11.307310609195579,A_normalized_signals,768,9,88.0,30.0,58.0
2025,10,00-0036322,Justin Jefferson,WR,MIN,7.7,16.125767571351656,A_normalized_signals,768,9,42.0,6.0,36.0
2025,10,00-0032464,Kalif Raymond,WR,DET,9.9,1.9324700844784866,A_normalized_signals,768,9,34.0,109.0,75.0
2025,10,00-0039589,Kameron Johnson,WR,TB,1.1,3.7070480071664003,A_normalized_signals,768,9,92.0,83.0,9.0
2025,10,00-0040534,Ke'Shawn Williams,WR,PIT,0.0,1.263849599968369,A_normalized_signals,768,9,94.0,111.0,17.0
2025,10,00-0030279,Keenan Allen,WR,LAC,3.9,11.647629010657813,A_normalized_signals,768,9,60.0,26.0,34.0
2025,10,00-0033307,Kendrick Bourne,WR,SF,2.9,6.6584151333758905,A_normalized_signals,768,9,71.0,59.0,12.0
2025,10,00-0039901,Keon Coleman,WR,BUF,13.6,7.6291240207120055,A_normalized_signals,768,9,24.0,53.0,29.0
2025,10,00-0034854,KhaDarel Hodge,WR,ATL,0.0,3.4837811254659545,A_normalized_signals,768,9,94.0,88.0,6.0
2025,10,00-0037261,Khalil Shakir,WR,BUF,12.8,13.247820318115588,A_normalized_signals,768,9,27.0,15.0,12.0
2025,10,00-0040590,Konata Mumpfield,WR,LA,0.0,4.062883619071357,A_normalized_signals,768,9,94.0,80.0,14.0
2025,10,00-0040131,Kyle Williams,WR,NE,14.2,2.8852030938181534,A_normalized_signals,768,9,23.0,103.0,80.0
2025,10,00-0040075,LaJohntay Wester,WR,BAL,0.0,1.263849599968369,A_normalized_signals,768,9,94.0,111.0,17.0
2025,10,00-0039915,Ladd McConkey,WR,LAC,20.7,15.003620353519217,A_normalized_signals,768,9,6.0,8.0,2.0
2025,10,00-0032951,Laquon Treadwell,WR,IND,0.0,1.263849599968369,A_normalized_signals,768,9,94.0,111.0,17.0
2025,10,00-0040735,Luther Burden III,WR,CHI,8.1,4.778931616321522,A_normalized_signals,768,9,40.0,73.0,33.0
2025,10,00-0033555,Mack Hollins,WR,NE,16.6,7.883362231407861,A_normalized_signals,768,9,19.0,50.0,31.0
2025,10,00-0039920,Malachi Corley,WR,CLE,3.2,4.063823120503723,A_normalized_signals,768,9,68.0,79.0,11.0
2025,10,00-0039880,Malik Washington,WR,MIA,9.3,11.374024297322997,A_normalized_signals,768,9,37.0,28.0,9.0
2025,10,00-0039849,Marvin Harrison Jr.,WR,ARI,12.3,9.708663899855818,A_normalized_signals,768,9,28.0,38.0,10.0
2025,10,00-0036959,Michael Bandy,WR,DEN,0.0,2.9105151991767677,A_normalized_signals,768,9,94.0,99.0,5.0
2025,10,00-0036252,Michael Pittman,WR,IND,3.9,16.507234165943764,A_normalized_signals,768,9,60.0,5.0,55.0
2025,10,00-0038559,Michael Wilson,WR,ARI,7.4,8.474136617128133,A_normalized_signals,768,9,44.0,48.0,4.0
2025,10,00-0040506,Myles Price,WR,MIN,0.0,1.263849599968369,A_normalized_signals,768,9,94.0,111.0,17.0
2025,10,00-0036182,Nick Westbrook-Ikhine,WR,MIA,1.7,6.734988929558229,A_normalized_signals,768,9,83.0,58.0,25.0
2025,10,00-0036554,Nico Collins,WR,HOU,20.6,11.934577787891874,A_normalized_signals,768,9,7.0,24.0,17.0
2025,10,00-0035208,Olamide Zaccheaus,WR,CHI,1.5,9.694833697540844,A_normalized_signals,768,9,84.0,39.0,45.0
2025,10,00-0038606,Parker Washington,WR,JAX,11.9,12.727947547515688,A_normalized_signals,768,9,31.0,20.0,11.0
2025,10,00-0040134,Pat Bryant,WR,DEN,5.3,6.265402524002839,A_normalized_signals,768,9,55.0,65.0,10.0
2025,10,00-0039075,Puka Nacua,WR,LA,17.4,12.48620991767612,A_normalized_signals,768,9,16.0,21.0,5.0
2025,10,00-0038544,Quentin Johnston,WR,LAC,9.2,10.248331437316423,A_normalized_signals,768,9,38.0,36.0,2.0
2025,10,00-0037545,Rashid Shaheed,WR,SEA,3.3,14.068217282821754,A_normalized_signals,768,9,66.0,12.0,54.0
2025,10,00-0036550,Rashod Bateman,WR,BAL,2.0,6.556583888472075,A_normalized_signals,768,9,82.0,60.0,22.0
2025,10,00-0034407,Ray-Ray McCloud,WR,NYG,0.0,3.532293852334208,A_normalized_signals,768,9,94.0,87.0,7.0
2025,10,00-0032688,Robbie Chosen,WR,WAS,2.7,7.233085011490875,A_normalized_signals,768,9,74.0,55.0,19.0
2025,10,00-0039739,Roman Wilson,WR,PIT,11.5,5.76588035739334,A_normalized_signals,768,9,32.0,68.0,36.0
2025,10,00-0039919,Rome Odunze,WR,CHI,20.6,8.832529117772976,A_normalized_signals,768,9,7.0,43.0,36.0
2025,10,00-0037816,Romeo Doubs,WR,GB,1.5,12.484255574614632,A_normalized_signals,768,9,84.0,22.0,62.0
2025,10,00-0038824,Ryan Miller,WR,TB,0.0,1.2491919262896685,A_normalized_signals,768,9,94.0,121.0,27.0
2025,10,00-0040009,Savion Williams,WR,GB,2.2,2.7572434608366034,A_normalized_signals,768,9,79.0,104.0,25.0
2025,10,00-0036646,Simi Fehoko,WR,ARI,0.0,1.263849599968369,A_normalized_signals,768,9,94.0,111.0,17.0
2025,10,00-0038090,Skyy Moore,WR,SF,2.8,3.4673779326114933,A_normalized_signals,768,9,72.0,90.0,18.0
2025,10,00-0031588,Stefon Diggs,WR,NE,15.6,11.722395425094433,A_normalized_signals,768,9,20.0,25.0,5.0
2025,10,00-0032385,Sterling Shepard,WR,TB,6.1,6.361335660299529,A_normalized_signals,768,9,51.0,62.0,11.0
2025,10,00-0040124,Tetairoa McMillan,WR,CAR,11.0,12.990644107159138,A_normalized_signals,768,9,33.0,18.0,15.0
2025,10,00-0040237,Tez Johnson,WR,TB,20.2,10.824314851270033,A_normalized_signals,768,9,10.0,34.0,24.0
2025,10,00-0036497,Tim Jones,WR,JAX,0.0,2.9105151991767677,A_normalized_signals,768,9,94.0,99.0,5.0
2025,10,00-0040727,Tre Harris,WR,LAC,2.4,5.362039211483407,A_normalized_signals,768,9,77.0,71.0,6.0
2025,10,00-0038563,Tre Tucker,WR,LV,5.5,11.07278801306884,A_normalized_signals,768,9,52.0,32.0,20.0
2025,10,00-0037742,Treylon Burks,WR,WAS,8.8,3.383843979312082,A_normalized_signals,768,9,39.0,91.0,52.0
2025,10,00-0039868,Troy Franklin,WR,DEN,15.0,14.160665553260573,A_normalized_signals,768,9,22.0,11.0,11.0
2025,10,00-0036630,Tylan Wallace,WR,BAL,0.0,1.050928054725027,A_normalized_signals,768,9,94.0,123.0,29.0
2025,10,00-0036427,Tyler Johnson,WR,NYJ,0.0,6.350653149846361,A_normalized_signals,768,9,94.0,63.0,31.0
2025,10,00-0032211,Tyler Lockett,WR,LV,9.4,3.0245615925554024,A_normalized_signals,768,9,35.0,97.0,62.0
2025,10,00-0038679,Tyrell Shavers,WR,BUF,3.4,3.564655990541631,A_normalized_signals,768,9,64.0,85.0,21.0
2025,10,00-0038117,Wan'Dale Robinson,WR,NYG,12.2,13.902826294163392,A_normalized_signals,768,9,29.0,14.0,15.0
2025,10,00-0038496,Xavier Gipson,WR,PHI,0.0,1.050928054725027,A_normalized_signals,768,9,94.0,123.0,29.0
2025,10,00-0039342,Xavier Legette,WR,CAR,0.0,9.315617018089556,A_normalized_signals,768,9,94.0,41.0,53.0
2025,10,00-0038359,Xavier Smith,WR,LA,2.4,2.928754199407297,A_normalized_signals,768,9,77.0,98.0,21.0
2025,10,00-0039064,Zay Flowers,WR,BAL,12.1,14.547762135004914,A_normalized_signals,768,9,30.0,10.0,20.0
2025,10,00-0033891,Zay Jones,WR,ARI,0.0,6.893813039889892,A_normalized_signals,768,9,94.0,56.0,38.0
2025,11,00-0035676,A.J. Brown,WR,PHI,11.9,11.742011592247852,A_normalized_signals,895,10,21.0,23.0,2.0
2025,11,00-0030035,Adam Thielen,WR,MIN,1.6,3.5740361849611952,A_normalized_signals,895,10,93.0,99.0,6.0
2025,11,00-0039890,Adonai Mitchell,WR,NYJ,2.0,2.709127746177109,A_normalized_signals,895,10,87.0,106.0,19.0
2025,11,00-0036963,Amon-Ra St. Brown,WR,DET,6.2,16.400722085535254,A_normalized_signals,895,10,51.0,6.0,45.0
2025,11,00-0038619,Andrei Iosivas,WR,CIN,5.0,7.265147102473389,A_normalized_signals,895,10,59.0,55.0,4.0
2025,11,00-0036841,Austin Trammell,WR,JAX,2.3,3.851363456863224,A_normalized_signals,895,10,79.0,95.0,16.0
2025,11,00-0036862,Ben Skowronek,WR,PIT,0.0,1.0379766147036535,A_normalized_signals,895,10,103.0,128.0,25.0
2025,11,00-0037091,Bo Melton,WR,GB,1.7,2.424391584198153,A_normalized_signals,895,10,92.0,108.0,16.0
2025,11,00-0038840,Brycen Tremayne,WR,CAR,3.7,1.2232384814837056,A_normalized_signals,895,10,67.0,117.0,50.0
2025,11,00-0037837,Calvin Austin III,WR,PIT,1.5,9.433013165646472,A_normalized_signals,895,10,97.0,40.0,57.0
2025,11,00-0034837,Calvin Ridley,WR,TEN,2.3,7.095501346545233,A_normalized_signals,895,10,79.0,58.0,21.0
2025,11,00-0038979,Cedric Tillman,WR,CLE,8.2,4.962568724798794,A_normalized_signals,895,10,39.0,78.0,39.0
2025,11,00-0036358,CeeDee Lamb,WR,DAL,17.6,15.692042200998715,A_normalized_signals,895,10,14.0,9.0,5.0
2025,11,00-0038576,Charlie Jones,WR,CIN,0.0,1.1515608399910005,A_normalized_signals,895,10,103.0,118.0,15.0
2025,11,00-0040705,Chimere Dike,WR,TEN,3.4,10.239998904761562,A_normalized_signals,895,10,70.0,35.0,35.0
2025,11,00-0032398,Chris Moore,WR,WAS,4.8,6.1090444821127505,A_normalized_signals,895,10,61.0,68.0,7.0
2025,11,00-0034775,Christian Kirk,WR,HOU,1.6,6.683887584395205,A_normalized_signals,895,10,93.0,62.0,31.0
2025,11,00-0038124,Christian Watson,WR,GB,20.6,7.909855991566589,A_normalized_signals,895,10,6.0,50.0,44.0
2025,11,00-0035891,Cody White,WR,SEA,0.0,2.590749929706853,A_normalized_signals,895,10,103.0,107.0,4.0
2025,11,00-0033908,Cooper Kupp,WR,SEA,5.3,6.816991490061885,A_normalized_signals,895,10,57.0,60.0,3.0
2025,11,00-0034348,Courtland Sutton,WR,DEN,9.9,9.386967850002561,A_normalized_signals,895,10,30.0,42.0,12.0
2025,11,00-0033282,Curtis Samuel,WR,BUF,3.9,1.630206829175251,A_normalized_signals,895,10,65.0,112.0,47.0
2025,11,00-0034827,DJ Moore,WR,CHI,3.1,10.196526670165955,A_normalized_signals,895,10,72.0,36.0,36.0
2025,11,00-0035640,DK Metcalf,WR,PIT,9.9,9.42307207007982,A_normalized_signals,895,10,30.0,41.0,11.0
2025,11,00-0036309,Darnell Mooney,WR,ATL,6.4,7.015359379768166,A_normalized_signals,895,10,48.0,59.0,11.0
2025,11,00-0031381,Davante Adams,WR,LA,7.1,15.093633502762916,A_normalized_signals,895,10,46.0,12.0,34.0
2025,11,00-0035359,David Sills,WR,ATL,2.1,2.8431932168290146,A_normalized_signals,895,10,85.0,104.0,19.0
2025,11,00-0030564,DeAndre Hopkins,WR,BAL,2.1,3.5924683205776784,A_normalized_signals,895,10,85.0,98.0,13.0
2025,11,00-0038621,DeMario Douglas,WR,NE,6.1,7.976023726600983,A_normalized_signals,895,10,52.0,49.0,3.0
2025,11,00-0036912,DeVonta Smith,WR,PHI,1.8,19.341636719650296,A_normalized_signals,895,10,90.0,3.0,87.0
2025,11,00-0035719,Deebo Samuel Sr.,WR,WAS,20.7,11.515956604793212,A_normalized_signals,895,10,5.0,24.0,19.0
2025,11,00-0032775,Demarcus Robinson,WR,SF,2.3,4.442645459284027,A_normalized_signals,895,10,79.0,85.0,6.0
2025,11,00-0038573,Derius Davis,WR,LAC,0.0,0.9674840575936291,A_normalized_signals,895,10,103.0,130.0,27.0
2025,11,00-0036331,Devin Duvernay,WR,CHI,0.0,1.5385639396441668,A_normalized_signals,895,10,103.0,113.0,10.0
2025,11,00-0038393,Dontayvion Wicks,WR,GB,1.9,5.821102518665507,A_normalized_signals,895,10,88.0,70.0,18.0
2025,11,00-0037238,Drake London,WR,ATL,18.9,17.732830593745966,A_normalized_signals,895,10,11.0,4.0,7.0
2025,11,00-0036626,Dyami Brown,WR,JAX,0.0,5.80121147238542,A_normalized_signals,895,10,103.0,71.0,32.0
2025,11,00-0040563,Efton Chism III,WR,NE,0.0,1.1515608399910005,A_normalized_signals,895,10,103.0,118.0,15.0
2025,11,00-0040170,Elic Ayomanor,WR,TEN,3.1,10.044453246382336,A_normalized_signals,895,10,72.0,37.0,35.0
2025,11,00-0040129,Emeka Egbuka,WR,TB,9.0,14.272688609999255,A_normalized_signals,895,10,38.0,15.0,23.0
2025,11,00-0040259,Gage Larvadain,WR,CLE,0.0,1.7322004864474043,A_normalized_signals,895,10,103.0,111.0,8.0
2025,11,00-0037247,George Pickens,WR,DAL,29.4,12.76488922233536,A_normalized_signals,895,10,3.0,20.0,17.0
2025,11,00-0035500,Greg Dortch,WR,ARI,18.6,3.661331358975672,A_normalized_signals,895,10,12.0,97.0,85.0
2025,11,00-0035645,Gunner Olszewski,WR,NYG,0.0,2.2280647888322456,A_normalized_signals,895,10,103.0,110.0,7.0
2025,11,00-0040669,Isaac TeSlaa,WR,DET,0.0,3.472305968473907,A_normalized_signals,895,10,103.0,101.0,2.0
2025,11,00-0040782,Isaiah Bond,WR,CLE,0.8,6.269730575196289,A_normalized_signals,895,10,100.0,65.0,35.0
2025,11,00-0039451,Isaiah Williams,WR,NYJ,1.6,4.052175108663691,A_normalized_signals,895,10,93.0,93.0,0.0
2025,11,00-0036900,Ja'Marr Chase,WR,CIN,6.0,20.86053435809157,A_normalized_signals,895,10,54.0,2.0,52.0
2025,11,00-0040729,Jack Bech,WR,LV,2.9,2.2402242027393946,A_normalized_signals,895,10,74.0,109.0,35.0
2025,11,00-0037741,Jahan Dotson,WR,PHI,6.3,4.397658723577596,A_normalized_signals,895,10,49.0,87.0,38.0
2025,11,00-0034960,Jakobi Meyers,WR,JAX,11.4,8.420747830731788,A_normalized_signals,895,10,22.0,47.0,25.0
2025,11,00-0039491,Jalen Coker,WR,CAR,9.2,6.266215671256729,A_normalized_signals,895,10,37.0,66.0,29.0
2025,11,00-0037291,Jalen Nailor,WR,MIN,2.6,6.710316943082649,A_normalized_signals,895,10,77.0,61.0,16.0
2025,11,00-0037666,Jalen Tolbert,WR,DAL,0.0,4.166234373639269,A_normalized_signals,895,10,103.0,91.0,12.0
2025,11,00-0038938,Jalin Hyatt,WR,NYG,3.8,2.9902690996610115,A_normalized_signals,895,10,66.0,103.0,37.0
2025,11,00-0033572,Jamal Agnew,WR,ATL,0.0,1.1515608399910005,A_normalized_signals,895,10,103.0,118.0,15.0
2025,11,00-0037240,Jameson Williams,WR,DET,19.7,9.155512145483428,A_normalized_signals,895,10,8.0,44.0,36.0
2025,11,00-0036259,Jauan Jennings,WR,SF,9.4,12.509304678250425,A_normalized_signals,895,10,34.0,21.0,13.0
2025,11,00-0038543,Jaxon Smith-Njigba,WR,SEA,20.6,21.553682625095327,A_normalized_signals,895,10,6.0,1.0,5.0
2025,11,00-0040130,Jayden Higgins,WR,HOU,9.5,7.508283450404105,A_normalized_signals,895,10,33.0,54.0,21.0
2025,11,00-0036613,Jaylen Waddle,WR,MIA,8.2,14.634067058219737,A_normalized_signals,895,10,39.0,13.0,26.0
2025,11,00-0040164,Jaylin Lane,WR,WAS,2.3,5.450114381889923,A_normalized_signals,895,10,79.0,74.0,5.0
2025,11,00-0040138,Jaylin Noel,WR,HOU,2.2,5.095613747878794,A_normalized_signals,895,10,83.0,76.0,7.0
2025,11,00-0036407,Jerry Jeudy,WR,CLE,5.1,9.207572812200972,A_normalized_signals,895,10,58.0,43.0,15.0
2025,11,00-0037614,John Metchie III,WR,NYJ,13.5,4.116232236127297,A_normalized_signals,895,10,18.0,92.0,74.0
2025,11,00-0038994,Jordan Addison,WR,MIN,10.0,9.79335744809014,A_normalized_signals,895,10,29.0,38.0,9.0
2025,11,00-0039751,Jordan Whittington,WR,LA,1.9,6.217122858826327,A_normalized_signals,895,10,88.0,67.0,21.0
2025,11,00-0036988,Josh Palmer,WR,BUF,3.7,5.944695063355866,A_normalized_signals,895,10,67.0,69.0,2.0
2025,11,00-0033857,JuJu Smith-Schuster,WR,KC,0.0,4.2023070915880005,A_normalized_signals,895,10,103.0,90.0,13.0
2025,11,00-0036322,Justin Jefferson,WR,MIN,11.1,15.511058377877683,A_normalized_signals,895,10,25.0,11.0,14.0
2025,11,00-0037801,KaVontae Turpin,WR,DAL,1.0,4.7141998505773115,A_normalized_signals,895,10,98.0,82.0,16.0
2025,11,00-0032464,Kalif Raymond,WR,DET,0.0,5.109890732129042,A_normalized_signals,895,10,103.0,75.0,28.0
2025,11,00-0039589,Kameron Johnson,WR,TB,0.0,1.5279692588660267,A_normalized_signals,895,10,103.0,114.0,11.0
2025,11,00-0040534,Ke'Shawn Williams,WR,PIT,0.0,1.1515608399910005,A_normalized_signals,895,10,103.0,118.0,15.0
2025,11,00-0030279,Keenan Allen,WR,LAC,9.3,8.76008666971851,A_normalized_signals,895,10,35.0,46.0,11.0
2025,11,00-0034854,KhaDarel Hodge,WR,ATL,0.0,3.718722862963273,A_normalized_signals,895,10,103.0,96.0,7.0
2025,11,00-0037261,Khalil Shakir,WR,BUF,0.7,14.339367430898148,A_normalized_signals,895,10,101.0,14.0,87.0
2025,11,00-0040131,Kyle Williams,WR,NE,0.0,3.8896564593896317,A_normalized_signals,895,10,103.0,94.0,9.0
2025,11,00-0040075,LaJohntay Wester,WR,BAL,0.0,1.1515608399910005,A_normalized_signals,895,10,103.0,118.0,15.0
2025,11,00-0039915,Ladd McConkey,WR,LAC,4.3,14.062036101111579,A_normalized_signals,895,10,62.0,16.0,46.0
2025,11,00-0040735,Luther Burden III,WR,CHI,5.7,4.248563806938719,A_normalized_signals,895,10,55.0,89.0,34.0
2025,11,00-0033555,Mack Hollins,WR,NE,10.4,11.24659239540508,A_normalized_signals,895,10,27.0,27.0,0.0
2025,11,00-0039920,Malachi Corley,WR,CLE,2.9,4.919940121928969,A_normalized_signals,895,10,74.0,80.0,6.0
2025,11,00-0039880,Malik Washington,WR,MIA,7.2,10.436955720685264,A_normalized_signals,895,10,43.0,33.0,10.0
2025,11,00-0035662,Marquise Brown,WR,KC,8.0,5.650365853516551,A_normalized_signals,895,10,41.0,73.0,32.0
2025,11,00-0038976,Marvin Mims Jr.,WR,DEN,0.2,7.7486780939071105,A_normalized_signals,895,10,102.0,51.0,51.0
2025,11,00-0036176,Mason Kinsey,WR,TEN,2.4,1.1515608399910005,A_normalized_signals,895,10,78.0,118.0,40.0
2025,11,00-0040667,Matthew Golden,WR,GB,3.4,5.768689478995589,A_normalized_signals,895,10,70.0,72.0,2.0
2025,11,00-0038559,Michael Wilson,WR,ARI,33.5,8.068416095048148,A_normalized_signals,895,10,1.0,48.0,47.0
2025,11,00-0040506,Myles Price,WR,MIN,0.0,1.1515608399910005,A_normalized_signals,895,10,103.0,118.0,15.0
2025,11,00-0036554,Nico Collins,WR,HOU,24.2,13.791217118327127,A_normalized_signals,895,10,4.0,17.0,13.0
2025,11,00-0038519,Nikko Remigio,WR,KC,0.0,1.1515608399910005,A_normalized_signals,895,10,103.0,118.0,15.0
2025,11,00-0038606,Parker Washington,WR,JAX,4.0,16.072959832064868,A_normalized_signals,895,10,64.0,7.0,57.0
2025,11,00-0040134,Pat Bryant,WR,DEN,13.2,6.311827897620249,A_normalized_signals,895,10,19.0,64.0,45.0
2025,11,00-0039075,Puka Nacua,WR,LA,16.3,10.974062368719324,A_normalized_signals,895,10,15.0,32.0,17.0
2025,11,00-0038544,Quentin Johnston,WR,LAC,0.0,11.061480634223145,A_normalized_signals,895,10,103.0,30.0,73.0
2025,11,00-0039067,Rashee Rice,WR,KC,9.8,17.706382221207832,A_normalized_signals,895,10,32.0,5.0,27.0
2025,11,00-0037545,Rashid Shaheed,WR,SEA,4.9,11.331709172466468,A_normalized_signals,895,10,60.0,25.0,35.0
2025,11,00-0039916,Ricky Pearsall,WR,SF,1.0,11.081302491664925,A_normalized_signals,895,10,98.0,28.0,70.0
2025,11,00-0032688,Robbie Chosen,WR,WAS,0.0,7.713826161146584,A_normalized_signals,895,10,103.0,52.0,51.0
2025,11,00-0039739,Roman Wilson,WR,PIT,2.7,7.2000869426359975,A_normalized_signals,895,10,76.0,57.0,19.0
2025,11,00-0039919,Rome Odunze,WR,CHI,6.1,11.076401111779434,A_normalized_signals,895,10,52.0,29.0,23.0
2025,11,00-0037816,Romeo Doubs,WR,GB,9.3,8.991595774125988,A_normalized_signals,895,10,35.0,45.0,10.0
2025,11,00-0039410,Ryan Flournoy,WR,DAL,7.2,2.7893988954949887,A_normalized_signals,895,10,43.0,105.0,62.0
2025,11,00-0038824,Ryan Miller,WR,TB,0.0,1.0379766147036535,A_normalized_signals,895,10,103.0,128.0,25.0
2025,11,00-0040009,Savion Williams,WR,GB,4.3,4.640150094984375,A_normalized_signals,895,10,62.0,83.0,21.0
2025,11,00-0038090,Skyy Moore,WR,SF,0.0,3.1830799174733313,A_normalized_signals,895,10,103.0,102.0,1.0
2025,11,00-0031588,Stefon Diggs,WR,NE,19.5,11.29742000029912,A_normalized_signals,895,10,9.0,26.0,17.0
2025,11,00-0032385,Sterling Shepard,WR,TB,10.1,6.430460405395362,A_normalized_signals,895,10,28.0,63.0,35.0
2025,11,00-0040154,Tai Felton,WR,MIN,0.0,1.1515608399910005,A_normalized_signals,895,10,103.0,118.0,15.0
2025,11,00-0036410,Tee Higgins,WR,CIN,15.3,11.939325284664262,A_normalized_signals,895,10,16.0,22.0,6.0
2025,11,00-0040124,Tetairoa McMillan,WR,CAR,33.0,15.642522189907602,A_normalized_signals,895,10,2.0,10.0,8.0
2025,11,00-0040237,Tez Johnson,WR,TB,1.6,11.021190579411567,A_normalized_signals,895,10,93.0,31.0,62.0
2025,11,00-0033375,Tim Patrick,WR,JAX,11.0,3.4728545583747845,A_normalized_signals,895,10,26.0,100.0,74.0
2025,11,00-0040727,Tre Harris,WR,LAC,2.2,5.077509937541706,A_normalized_signals,895,10,83.0,77.0,6.0
2025,11,00-0038563,Tre Tucker,WR,LV,14.7,9.524154064163806,A_normalized_signals,895,10,17.0,39.0,22.0
2025,11,00-0039868,Troy Franklin,WR,DEN,12.4,15.815514474090378,A_normalized_signals,895,10,20.0,8.0,12.0
2025,11,00-0036630,Tylan Wallace,WR,BAL,0.0,1.2396272485153808,A_normalized_signals,895,10,103.0,115.0,12.0
2025,11,00-0032211,Tyler Lockett,WR,LV,6.3,4.945232049206122,A_normalized_signals,895,10,49.0,79.0,30.0
2025,11,00-0038104,Tyquan Thornton,WR,KC,7.1,4.391495132996286,A_normalized_signals,895,10,46.0,88.0,42.0
2025,11,00-0038679,Tyrell Shavers,WR,BUF,19.0,4.407730627933224,A_normalized_signals,895,10,10.0,86.0,76.0
2025,11,00-0036415,Van Jefferson,WR,TEN,11.2,7.693605409798172,A_normalized_signals,895,10,24.0,53.0,29.0
2025,11,00-0038117,Wan'Dale Robinson,WR,NYG,7.6,13.144263629407089,A_normalized_signals,895,10,42.0,19.0,23.0
2025,11,00-0038496,Xavier Gipson,WR,PHI,0.0,1.2396272485153808,A_normalized_signals,895,10,103.0,115.0,12.0
2025,11,00-0038618,Xavier Hutchinson,WR,HOU,7.2,7.260778643428964,A_normalized_signals,895,10,43.0,56.0,13.0
2025,11,00-0039342,Xavier Legette,WR,CAR,18.3,4.821543872867316,A_normalized_signals,895,10,13.0,81.0,68.0
2025,11,00-0038359,Xavier Smith,WR,LA,1.8,4.443308050202647,A_normalized_signals,895,10,90.0,84.0,6.0
2025,11,00-0039521,Xavier Weaver,WR,ARI,3.5,1.09351482050671,A_normalized_signals,895,10,69.0,127.0,58.0
2025,11,00-0039894,Xavier Worthy,WR,KC,5.5,10.360100472136292,A_normalized_signals,895,10,56.0,34.0,22.0
2025,11,00-0039064,Zay Flowers,WR,BAL,11.3,13.784167525237859,A_normalized_signals,895,10,23.0,18.0,5.0
2025,12,00-0035676,A.J. Brown,WR,PHI,25.0,13.047043500479841,A_normalized_signals,1025,11,5.0,19.0,14.0
2025,12,00-0030035,Adam Thielen,WR,MIN,0.0,4.150489062390243,A_normalized_signals,1025,11,95.0,87.0,8.0
2025,12,00-0039890,Adonai Mitchell,WR,NYJ,6.2,3.901507224689924,A_normalized_signals,1025,11,45.0,90.0,45.0
2025,12,00-0037664,Alec Pierce,WR,IND,3.6,13.437658814003493,A_normalized_signals,1025,11,66.0,17.0,49.0
2025,12,00-0035602,Alex Bachman,WR,LV,0.0,1.3341822852996845,A_normalized_signals,1025,11,95.0,109.0,14.0
2025,12,00-0034521,Allen Lazard,WR,NYJ,1.9,4.537035173319694,A_normalized_signals,1025,11,82.0,84.0,2.0
2025,12,00-0036963,Amon-Ra St. Brown,WR,DET,29.9,15.64481050206797,A_normalized_signals,1025,11,3.0,9.0,6.0
2025,12,00-0038619,Andrei Iosivas,WR,CIN,10.6,7.836053968300759,A_normalized_signals,1025,11,31.0,50.0,19.0
2025,12,00-0039816,Anthony Gould,WR,IND,0.0,0.9590824299596094,A_normalized_signals,1025,11,95.0,126.0,31.0
2025,12,00-0040582,Arian Smith,WR,NYJ,0.8,3.082585577126955,A_normalized_signals,1025,11,92.0,95.0,3.0
2025,12,00-0035021,Ashton Dulin,WR,IND,5.8,1.5073905707435777,A_normalized_signals,1025,11,50.0,107.0,57.0
2025,12,00-0036841,Austin Trammell,WR,JAX,0.0,3.5405011184821116,A_normalized_signals,1025,11,95.0,92.0,3.0
2025,12,00-0036862,Ben Skowronek,WR,PIT,3.1,1.3341822852996845,A_normalized_signals,1025,11,71.0,109.0,38.0
2025,12,00-0038840,Brycen Tremayne,WR,CAR,0.0,2.056114206947833,A_normalized_signals,1025,11,95.0,100.0,5.0
2025,12,00-0037837,Calvin Austin III,WR,PIT,7.6,6.939896544475846,A_normalized_signals,1025,11,42.0,55.0,13.0
2025,12,00-0038979,Cedric Tillman,WR,CLE,1.5,6.0326272044463956,A_normalized_signals,1025,11,88.0,63.0,25.0
2025,12,00-0036358,CeeDee Lamb,WR,DAL,11.5,15.856581965160702,A_normalized_signals,1025,11,28.0,6.0,22.0
2025,12,00-0038576,Charlie Jones,WR,CIN,0.0,1.3341822852996845,A_normalized_signals,1025,11,95.0,109.0,14.0
2025,12,00-0040705,Chimere Dike,WR,TEN,15.4,7.902624255909344,A_normalized_signals,1025,11,18.0,49.0,31.0
2025,12,00-0033921,Chris Godwin Jr.,WR,TB,2.9,9.668805079692154,A_normalized_signals,1025,11,73.0,36.0,37.0
2025,12,00-0037239,Chris Olave,WR,NO,16.0,13.732740973982837,A_normalized_signals,1025,11,17.0,15.0,2.0
2025,12,00-0034775,Christian Kirk,WR,HOU,16.4,5.99342337574905,A_normalized_signals,1025,11,15.0,64.0,49.0
2025,12,00-0038124,Christian Watson,WR,GB,9.9,9.528195548298301,A_normalized_signals,1025,11,33.0,39.0,6.0
2025,12,00-0035891,Cody White,WR,SEA,0.0,2.627003055366482,A_normalized_signals,1025,11,95.0,98.0,3.0
2025,12,00-0033908,Cooper Kupp,WR,SEA,4.4,6.527532179739761,A_normalized_signals,1025,11,60.0,58.0,2.0
2025,12,00-0034827,DJ Moore,WR,CHI,23.4,8.382813903980121,A_normalized_signals,1025,11,6.0,47.0,41.0
2025,12,00-0035640,DK Metcalf,WR,PIT,14.4,9.806763796787564,A_normalized_signals,1025,11,22.0,34.0,12.0
2025,12,00-0034860,Dante Pettis,WR,NO,2.4,1.3341822852996845,A_normalized_signals,1025,11,77.0,109.0,32.0
2025,12,00-0040024,Darius Cooper,WR,PHI,2.7,1.3341822852996845,A_normalized_signals,1025,11,76.0,109.0,33.0
2025,12,00-0035535,Darius Slayton,WR,NYG,3.3,10.198820657277608,A_normalized_signals,1025,11,68.0,31.0,37.0
2025,12,00-0036309,Darnell Mooney,WR,ATL,16.4,8.541318012686727,A_normalized_signals,1025,11,15.0,46.0,31.0
2025,12,00-0031381,Davante Adams,WR,LA,23.2,14.421594726203928,A_normalized_signals,1025,11,7.0,13.0,6.0
2025,12,00-0035359,David Sills,WR,ATL,9.6,2.8505613548089492,A_normalized_signals,1025,11,35.0,96.0,61.0
2025,12,00-0030564,DeAndre Hopkins,WR,BAL,3.3,5.076768462252037,A_normalized_signals,1025,11,68.0,77.0,9.0
2025,12,00-0038621,DeMario Douglas,WR,NE,6.1,8.78376346469103,A_normalized_signals,1025,11,49.0,45.0,4.0
2025,12,00-0036912,DeVonta Smith,WR,PHI,14.9,13.409931433958342,A_normalized_signals,1025,11,21.0,18.0,3.0
2025,12,00-0032775,Demarcus Robinson,WR,SF,1.8,4.304144444268428,A_normalized_signals,1025,11,85.0,85.0,0.0
2025,12,00-0039424,Devaughn Vele,WR,NO,6.7,5.4781966718101724,A_normalized_signals,1025,11,43.0,71.0,28.0
2025,12,00-0036331,Devin Duvernay,WR,CHI,0.0,1.3341822852996845,A_normalized_signals,1025,11,95.0,109.0,14.0
2025,12,00-0039792,Devontez Walker,WR,BAL,4.0,1.2564002071140383,A_normalized_signals,1025,11,64.0,123.0,59.0
2025,12,00-0040581,Dont'e Thornton Jr.,WR,LV,2.4,4.203568518445605,A_normalized_signals,1025,11,77.0,86.0,9.0
2025,12,00-0038393,Dontayvion Wicks,WR,GB,5.2,5.745803434988201,A_normalized_signals,1025,11,54.0,65.0,11.0
2025,12,00-0036980,Elijah Moore,WR,BUF,0.7,5.285695493559597,A_normalized_signals,1025,11,93.0,75.0,18.0
2025,12,00-0040129,Emeka Egbuka,WR,TB,6.2,15.726442272478504,A_normalized_signals,1025,11,45.0,8.0,37.0
2025,12,00-0036196,Gabe Davis,WR,BUF,3.2,7.257299327433785,A_normalized_signals,1025,11,70.0,53.0,17.0
2025,12,00-0040259,Gage Larvadain,WR,CLE,0.0,1.4662492815465347,A_normalized_signals,1025,11,95.0,108.0,13.0
2025,12,00-0037247,George Pickens,WR,DAL,29.6,16.242232724448847,A_normalized_signals,1025,11,4.0,4.0,0.0
2025,12,00-0035500,Greg Dortch,WR,ARI,16.8,5.613939106609899,A_normalized_signals,1025,11,13.0,68.0,55.0
2025,12,00-0035645,Gunner Olszewski,WR,NYG,5.32,2.38554147368146,A_normalized_signals,1025,11,53.0,99.0,46.0
2025,12,00-0040669,Isaac TeSlaa,WR,DET,0.0,2.8368000980329815,A_normalized_signals,1025,11,95.0,97.0,2.0
2025,12,00-0040782,Isaiah Bond,WR,CLE,7.8,4.733830959880975,A_normalized_signals,1025,11,41.0,82.0,41.0
2025,12,00-0036165,Isaiah Hodgins,WR,NYG,12.2,10.526540440236747,A_normalized_signals,1025,11,26.0,27.0,1.0
2025,12,00-0039451,Isaiah Williams,WR,NYJ,0.0,6.51737377280544,A_normalized_signals,1025,11,95.0,59.0,36.0
2025,12,00-0037741,Jahan Dotson,WR,PHI,0.0,4.988381600237979,A_normalized_signals,1025,11,95.0,78.0,17.0
2025,12,00-0038752,Jake Bobo,WR,SEA,0.0,1.8701632338972,A_normalized_signals,1025,11,95.0,104.0,9.0
2025,12,00-0034960,Jakobi Meyers,WR,JAX,15.0,9.733775840763297,A_normalized_signals,1025,11,20.0,35.0,15.0
2025,12,00-0039491,Jalen Coker,WR,CAR,6.2,6.0892843263418985,A_normalized_signals,1025,11,45.0,62.0,17.0
2025,12,00-0037291,Jalen Nailor,WR,MIN,0.0,7.251663461828935,A_normalized_signals,1025,11,95.0,54.0,41.0
2025,12,00-0033572,Jamal Agnew,WR,ATL,0.0,1.3341822852996845,A_normalized_signals,1025,11,95.0,109.0,14.0
2025,12,00-0037240,Jameson Williams,WR,DET,0.0,14.500646254582115,A_normalized_signals,1025,11,95.0,12.0,83.0
2025,12,00-0036259,Jauan Jennings,WR,SF,15.1,13.562869378518677,A_normalized_signals,1025,11,19.0,16.0,3.0
2025,12,00-0038543,Jaxon Smith-Njigba,WR,SEA,37.1,19.770118844931197,A_normalized_signals,1025,11,1.0,1.0,0.0
2025,12,00-0040130,Jayden Higgins,WR,HOU,13.8,7.482916673233659,A_normalized_signals,1025,11,23.0,51.0,28.0
2025,12,00-0040138,Jaylin Noel,WR,HOU,1.9,3.147683191663892,A_normalized_signals,1025,11,82.0,94.0,12.0
2025,12,00-0036407,Jerry Jeudy,WR,CLE,4.9,10.430512016818632,A_normalized_signals,1025,11,57.0,28.0,29.0
2025,12,00-0040218,Jimmy Horn Jr.,WR,CAR,2.1,5.725929625066215,A_normalized_signals,1025,11,79.0,66.0,13.0
2025,12,00-0037614,John Metchie III,WR,NYJ,18.5,6.147279481502362,A_normalized_signals,1025,11,11.0,61.0,50.0
2025,12,00-0038994,Jordan Addison,WR,MIN,0.0,11.53376831798887,A_normalized_signals,1025,11,95.0,25.0,70.0
2025,12,00-0039751,Jordan Whittington,WR,LA,4.7,5.383557257637832,A_normalized_signals,1025,11,58.0,73.0,15.0
2025,12,00-0038997,Josh Downs,WR,IND,3.0,8.023205382701494,A_normalized_signals,1025,11,72.0,48.0,24.0
2025,12,00-0036988,Josh Palmer,WR,BUF,4.1,6.24480213140656,A_normalized_signals,1025,11,63.0,60.0,3.0
2025,12,00-0033857,JuJu Smith-Schuster,WR,KC,1.8,2.034272572728941,A_normalized_signals,1025,11,85.0,101.0,16.0
2025,12,00-0036322,Justin Jefferson,WR,MIN,8.8,15.15611736273608,A_normalized_signals,1025,11,37.0,11.0,26.0
2025,12,00-0037801,KaVontae Turpin,WR,DAL,6.2,5.25646317895996,A_normalized_signals,1025,11,45.0,76.0,31.0
2025,12,00-0032464,Kalif Raymond,WR,DET,5.7,3.3469091846260275,A_normalized_signals,1025,11,52.0,93.0,41.0
2025,12,00-0039589,Kameron Johnson,WR,TB,0.0,1.2694521744197476,A_normalized_signals,1025,11,95.0,122.0,27.0
2025,12,00-0038608,Kayshon Boutte,WR,NE,3.5,6.803073012281171,A_normalized_signals,1025,11,67.0,56.0,11.0
2025,12,00-0040534,Ke'Shawn Williams,WR,PIT,0.0,1.3341822852996845,A_normalized_signals,1025,11,95.0,109.0,14.0
2025,12,00-0037261,Khalil Shakir,WR,BUF,19.0,10.224435632855801,A_normalized_signals,1025,11,10.0,30.0,20.0
2025,12,00-0040590,Konata Mumpfield,WR,LA,4.5,3.977794176646659,A_normalized_signals,1025,11,59.0,89.0,30.0
2025,12,00-0040131,Kyle Williams,WR,NE,2.8,4.613439332581591,A_normalized_signals,1025,11,74.0,83.0,9.0
2025,12,00-0040075,LaJohntay Wester,WR,BAL,0.0,1.3341822852996845,A_normalized_signals,1025,11,95.0,109.0,14.0
2025,12,00-0032951,Laquon Treadwell,WR,IND,0.0,1.3341822852996845,A_normalized_signals,1025,11,95.0,109.0,14.0
2025,12,00-0040735,Luther Burden III,WR,CHI,9.1,5.4195990128802025,A_normalized_signals,1025,11,36.0,72.0,36.0
2025,12,00-0033555,Mack Hollins,WR,NE,5.0,9.656604298554596,A_normalized_signals,1025,11,56.0,37.0,19.0
2025,12,00-0039920,Malachi Corley,WR,CLE,1.2,4.915354780823501,A_normalized_signals,1025,11,90.0,80.0,10.0
2025,12,00-0035662,Marquise Brown,WR,KC,2.0,5.533163907389055,A_normalized_signals,1025,11,81.0,70.0,11.0
2025,12,00-0036176,Mason Kinsey,WR,TEN,0.0,1.6712068908415794,A_normalized_signals,1025,11,95.0,105.0,10.0
2025,12,00-0039623,Mason Tipton,WR,NO,6.3,1.621459909934653,A_normalized_signals,1025,11,44.0,106.0,62.0
2025,12,00-0036252,Michael Pittman,WR,IND,13.7,12.554192581396352,A_normalized_signals,1025,11,24.0,21.0,3.0
2025,12,00-0038559,Michael Wilson,WR,ARI,21.8,12.844369923992335,A_normalized_signals,1025,11,9.0,20.0,11.0
2025,12,00-0038839,Mitchell Tinsley,WR,CIN,10.9,3.558560702317706,A_normalized_signals,1025,11,30.0,91.0,61.0
2025,12,00-0040506,Myles Price,WR,MIN,0.0,1.3341822852996845,A_normalized_signals,1025,11,95.0,109.0,14.0
2025,12,00-0036554,Nico Collins,WR,HOU,8.5,17.32601448189546,A_normalized_signals,1025,11,38.0,2.0,36.0
2025,12,00-0038519,Nikko Remigio,WR,KC,0.0,1.3341822852996845,A_normalized_signals,1025,11,95.0,109.0,14.0
2025,12,00-0035208,Olamide Zaccheaus,WR,CHI,1.6,9.896000333631962,A_normalized_signals,1025,11,87.0,33.0,54.0
2025,12,00-0038606,Parker Washington,WR,JAX,18.1,11.913889719097314,A_normalized_signals,1025,11,12.0,24.0,12.0
2025,12,00-0039075,Puka Nacua,WR,LA,16.7,15.871745664338555,A_normalized_signals,1025,11,14.0,5.0,9.0
2025,12,00-0039067,Rashee Rice,WR,KC,22.1,16.42945309234269,A_normalized_signals,1025,11,8.0,3.0,5.0
2025,12,00-0037545,Rashid Shaheed,WR,SEA,0.5,9.606157321634374,A_normalized_signals,1025,11,94.0,38.0,56.0
2025,12,00-0039916,Ricky Pearsall,WR,SF,2.8,9.20286652862567,A_normalized_signals,1025,11,74.0,42.0,32.0
2025,12,00-0039739,Roman Wilson,WR,PIT,0.0,5.294456241667674,A_normalized_signals,1025,11,95.0,74.0,21.0
2025,12,00-0039919,Rome Odunze,WR,CHI,8.3,9.51142571658144,A_normalized_signals,1025,11,39.0,40.0,1.0
2025,12,00-0037816,Romeo Doubs,WR,GB,4.3,11.178566170720147,A_normalized_signals,1025,11,61.0,26.0,35.0
2025,12,00-0039410,Ryan Flournoy,WR,DAL,0.0,4.973095787653577,A_normalized_signals,1025,11,95.0,79.0,16.0
2025,12,00-0040009,Savion Williams,WR,GB,0.0,4.863181882244075,A_normalized_signals,1025,11,95.0,81.0,14.0
2025,12,00-0038090,Skyy Moore,WR,SF,0.0,1.883654065450421,A_normalized_signals,1025,11,95.0,103.0,8.0
2025,12,00-0031588,Stefon Diggs,WR,NE,4.0,13.966941238444182,A_normalized_signals,1025,11,64.0,14.0,50.0
2025,12,00-0032385,Sterling Shepard,WR,TB,4.2,7.411902742373818,A_normalized_signals,1025,11,62.0,52.0,10.0
2025,12,00-0040154,Tai Felton,WR,MIN,0.0,1.3341822852996845,A_normalized_signals,1025,11,95.0,109.0,14.0
2025,12,00-0036410,Tee Higgins,WR,CIN,8.1,12.115982321225186,A_normalized_signals,1025,11,40.0,23.0,17.0
2025,12,00-0040124,Tetairoa McMillan,WR,CAR,11.5,15.828490385439682,A_normalized_signals,1025,11,28.0,7.0,21.0
2025,12,00-0040237,Tez Johnson,WR,TB,12.3,9.955725846674401,A_normalized_signals,1025,11,25.0,32.0,7.0
2025,12,00-0033375,Tim Patrick,WR,JAX,0.0,5.633120557702727,A_normalized_signals,1025,11,95.0,67.0,28.0
2025,12,00-0038563,Tre Tucker,WR,LV,5.8,9.121315462792147,A_normalized_signals,1025,11,50.0,43.0,7.0
2025,12,00-0036630,Tylan Wallace,WR,BAL,0.0,1.173225832106316,A_normalized_signals,1025,11,95.0,125.0,30.0
2025,12,00-0032211,Tyler Lockett,WR,LV,10.2,5.579203002944795,A_normalized_signals,1025,11,32.0,69.0,37.0
2025,12,00-0038104,Tyquan Thornton,WR,KC,0.0,4.113983407928062,A_normalized_signals,1025,11,95.0,88.0,7.0
2025,12,00-0036415,Van Jefferson,WR,TEN,2.1,9.0589996429274,A_normalized_signals,1025,11,79.0,44.0,35.0
2025,12,00-0038117,Wan'Dale Robinson,WR,NYG,30.6,15.365582497717758,A_normalized_signals,1025,11,2.0,10.0,8.0
2025,12,00-0038496,Xavier Gipson,WR,PHI,1.3,1.1868257577195134,A_normalized_signals,1025,11,89.0,124.0,35.0
2025,12,00-0038618,Xavier Hutchinson,WR,HOU,0.9,9.285627304536096,A_normalized_signals,1025,11,91.0,41.0,50.0
2025,12,00-0039342,Xavier Legette,WR,CAR,5.2,6.748420622306269,A_normalized_signals,1025,11,54.0,57.0,3.0
2025,12,00-0039521,Xavier Weaver,WR,ARI,1.9,1.9037908136369888,A_normalized_signals,1025,11,82.0,102.0,20.0
2025,12,00-0039894,Xavier Worthy,WR,KC,9.9,10.418694760087263,A_normalized_signals,1025,11,33.0,29.0,4.0
2025,12,00-0039064,Zay Flowers,WR,BAL,11.9,12.423868363552746,A_normalized_signals,1025,11,27.0,22.0,5.0
2025,13,00-0035676,A.J. Brown,WR,PHI,35.2,12.484830168986115,A_normalized_signals,1151,12,1.0,23.0,22.0
2025,13,00-0039890,Adonai Mitchell,WR,NYJ,24.2,6.919395694887326,A_normalized_signals,1151,12,5.0,71.0,66.0
2025,13,00-0037664,Alec Pierce,WR,IND,17.8,10.413849895328925,A_normalized_signals,1151,12,14.0,34.0,20.0
2025,13,00-0035602,Alex Bachman,WR,LV,0.0,1.129495939563364,A_normalized_signals,1151,12,108.0,132.0,24.0
2025,13,00-0034521,Allen Lazard,WR,NYJ,2.0,4.942583944684202,A_normalized_signals,1151,12,95.0,97.0,2.0
2025,13,00-0036963,Amon-Ra St. Brown,WR,DET,0.0,15.417162478767715,A_normalized_signals,1151,12,108.0,5.0,103.0
2025,13,00-0035876,Andre Baccellia,WR,ARI,0.0,2.2513687420364126,A_normalized_signals,1151,12,108.0,123.0,15.0
2025,13,00-0038619,Andrei Iosivas,WR,CIN,9.9,9.984853649451802,A_normalized_signals,1151,12,37.0,42.0,5.0
2025,13,00-0039816,Anthony Gould,WR,IND,0.0,0.91419068290374,A_normalized_signals,1151,12,108.0,148.0,40.0
2025,13,00-0036841,Austin Trammell,WR,JAX,0.0,3.4023078378259863,A_normalized_signals,1151,12,108.0,114.0,6.0
2025,13,00-0036862,Ben Skowronek,WR,PIT,0.0,1.0239238189611144,A_normalized_signals,1151,12,108.0,145.0,37.0
2025,13,00-0037091,Bo Melton,WR,GB,1.5,2.8590219100390932,A_normalized_signals,1151,12,97.0,118.0,21.0
2025,13,00-0031236,Brandin Cooks,WR,BUF,2.3,4.453069156839956,A_normalized_signals,1151,12,88.0,103.0,15.0
2025,13,00-0039893,Brian Thomas Jr.,WR,JAX,4.8,11.009941220703764,A_normalized_signals,1151,12,65.0,29.0,36.0
2025,13,00-0038840,Brycen Tremayne,WR,CAR,0.0,1.9248887559992505,A_normalized_signals,1151,12,108.0,124.0,16.0
2025,13,00-0037837,Calvin Austin III,WR,PIT,0.0,6.460307576680537,A_normalized_signals,1151,12,108.0,75.0,33.0
2025,13,00-0038979,Cedric Tillman,WR,CLE,0.0,6.86774397905242,A_normalized_signals,1151,12,108.0,73.0,35.0
2025,13,00-0034418,Cedrick Wilson Jr.,WR,MIA,2.6,3.2859797516916007,A_normalized_signals,1151,12,83.0,115.0,32.0
2025,13,00-0036358,CeeDee Lamb,WR,DAL,24.2,14.41252584854145,A_normalized_signals,1151,12,5.0,10.0,5.0
2025,13,00-0038576,Charlie Jones,WR,CIN,0.0,1.066128479441149,A_normalized_signals,1151,12,108.0,143.0,35.0
2025,13,00-0040705,Chimere Dike,WR,TEN,1.9,6.913266750068683,A_normalized_signals,1151,12,96.0,72.0,24.0
2025,13,00-0033921,Chris Godwin Jr.,WR,TB,10.8,7.967401123193948,A_normalized_signals,1151,12,33.0,58.0,25.0
2025,13,00-0037239,Chris Olave,WR,NO,14.7,12.94684148736009,A_normalized_signals,1151,12,18.0,19.0,1.0
2025,13,00-0038124,Christian Watson,WR,GB,18.3,10.655928646154548,A_normalized_signals,1151,12,12.0,32.0,20.0
2025,13,00-0035891,Cody White,WR,SEA,3.1,1.129495939563364,A_normalized_signals,1151,12,81.0,132.0,51.0
2025,13,00-0033908,Cooper Kupp,WR,SEA,5.4,7.7760855527222885,A_normalized_signals,1151,12,60.0,60.0,0.0
2025,13,00-0034348,Courtland Sutton,WR,DEN,17.2,9.495609628910698,A_normalized_signals,1151,12,16.0,48.0,32.0
2025,13,00-0034827,DJ Moore,WR,CHI,4.7,8.070044729912006,A_normalized_signals,1151,12,67.0,56.0,11.0
2025,13,00-0035640,DK Metcalf,WR,PIT,6.2,12.691050272324375,A_normalized_signals,1151,12,54.0,21.0,33.0
2025,13,00-0034860,Dante Pettis,WR,NO,0.0,1.1328062815104842,A_normalized_signals,1151,12,108.0,131.0,23.0
2025,13,00-0035535,Darius Slayton,WR,NYG,12.1,7.285171954584057,A_normalized_signals,1151,12,24.0,67.0,43.0
2025,13,00-0036309,Darnell Mooney,WR,ATL,4.5,10.277027600981821,A_normalized_signals,1151,12,68.0,35.0,33.0
2025,13,00-0031381,Davante Adams,WR,LA,21.8,13.61794395086752,A_normalized_signals,1151,12,9.0,14.0,5.0
2025,13,00-0035359,David Sills,WR,ATL,9.5,4.4430687858080695,A_normalized_signals,1151,12,39.0,104.0,65.0
2025,13,00-0030564,DeAndre Hopkins,WR,BAL,4.5,7.093062722878276,A_normalized_signals,1151,12,68.0,68.0,0.0
2025,13,00-0038621,DeMario Douglas,WR,NE,6.3,6.112058529409564,A_normalized_signals,1151,12,53.0,81.0,28.0
2025,13,00-0036912,DeVonta Smith,WR,PHI,9.8,12.060944084625202,A_normalized_signals,1151,12,38.0,25.0,13.0
2025,13,00-0035719,Deebo Samuel Sr.,WR,WAS,11.1,13.31761750791287,A_normalized_signals,1151,12,32.0,15.0,17.0
2025,13,00-0032775,Demarcus Robinson,WR,SF,0.6,4.285497951947953,A_normalized_signals,1151,12,107.0,106.0,1.0
2025,13,00-0038573,Derius Davis,WR,LAC,0.0,1.351801161156946,A_normalized_signals,1151,12,108.0,128.0,20.0
2025,13,00-0039424,Devaughn Vele,WR,NO,23.3,6.450543112878307,A_normalized_signals,1151,12,7.0,76.0,69.0
2025,13,00-0037487,Deven Thompkins,WR,ATL,4.8,1.129495939563364,A_normalized_signals,1151,12,65.0,132.0,67.0
2025,13,00-0036331,Devin Duvernay,WR,CHI,0.0,1.129495939563364,A_normalized_signals,1151,12,108.0,132.0,24.0
2025,13,00-0039792,Devontez Walker,WR,BAL,0.0,1.3316960879055604,A_normalized_signals,1151,12,108.0,129.0,21.0
2025,13,00-0040581,Dont'e Thornton Jr.,WR,LV,2.1,4.377062746587216,A_normalized_signals,1151,12,92.0,105.0,13.0
2025,13,00-0038393,Dontayvion Wicks,WR,GB,28.0,7.475267574531875,A_normalized_signals,1151,12,3.0,63.0,60.0
2025,13,00-0038953,Dylan Drummond,WR,ATL,1.3,6.504854517543623,A_normalized_signals,1151,12,104.0,74.0,30.0
2025,13,00-0040563,Efton Chism III,WR,NE,0.0,1.129495939563364,A_normalized_signals,1151,12,108.0,132.0,24.0
2025,13,00-0040170,Elic Ayomanor,WR,TEN,1.5,10.01573237312052,A_normalized_signals,1151,12,97.0,39.0,58.0
2025,13,00-0040129,Emeka Egbuka,WR,TB,8.2,13.906315657165848,A_normalized_signals,1151,12,42.0,13.0,29.0
2025,13,00-0036196,Gabe Davis,WR,BUF,1.5,5.691563975477365,A_normalized_signals,1151,12,97.0,84.0,13.0
2025,13,00-0040259,Gage Larvadain,WR,CLE,4.3,1.066128479441149,A_normalized_signals,1151,12,70.0,143.0,73.0
2025,13,00-0037247,George Pickens,WR,DAL,14.8,15.970651371972108,A_normalized_signals,1151,12,17.0,3.0,14.0
2025,13,00-0035500,Greg Dortch,WR,ARI,3.4,9.318405558763644,A_normalized_signals,1151,12,79.0,49.0,30.0
2025,13,00-0035645,Gunner Olszewski,WR,NYG,0.0,1.5691800192391658,A_normalized_signals,1151,12,108.0,126.0,18.0
2025,13,00-0040669,Isaac TeSlaa,WR,DET,11.5,2.5897935059636006,A_normalized_signals,1151,12,26.0,120.0,94.0
2025,13,00-0040782,Isaiah Bond,WR,CLE,3.7,4.703500394094361,A_normalized_signals,1151,12,76.0,100.0,24.0
2025,13,00-0036165,Isaiah Hodgins,WR,NYG,1.4,10.582929273557212,A_normalized_signals,1151,12,103.0,33.0,70.0
2025,13,00-0039451,Isaiah Williams,WR,NYJ,0.0,3.4920793014131464,A_normalized_signals,1151,12,108.0,113.0,5.0
2025,13,00-0036900,Ja'Marr Chase,WR,CIN,18.0,15.617784778763927,A_normalized_signals,1151,12,13.0,4.0,9.0
2025,13,00-0040729,Jack Bech,WR,LV,4.2,1.4467227349919742,A_normalized_signals,1151,12,72.0,127.0,55.0
2025,13,00-0037741,Jahan Dotson,WR,PHI,2.2,3.004292712826093,A_normalized_signals,1151,12,91.0,117.0,26.0
2025,13,00-0034960,Jakobi Meyers,WR,JAX,21.3,10.090788253765847,A_normalized_signals,1151,12,11.0,38.0,27.0
2025,13,00-0039491,Jalen Coker,WR,CAR,17.4,7.686229746295664,A_normalized_signals,1151,12,15.0,61.0,46.0
2025,13,00-0037291,Jalen Nailor,WR,MIN,0.0,4.99972779460761,A_normalized_signals,1151,12,108.0,95.0,13.0
2025,13,00-0037666,Jalen Tolbert,WR,DAL,0.0,3.820388359247447,A_normalized_signals,1151,12,108.0,110.0,2.0
2025,13,00-0033572,Jamal Agnew,WR,ATL,0.0,1.129495939563364,A_normalized_signals,1151,12,108.0,132.0,24.0
2025,13,00-0036133,James Proche,WR,TEN,2.3,5.283180291420185,A_normalized_signals,1151,12,88.0,87.0,1.0
2025,13,00-0037240,Jameson Williams,WR,DET,26.9,9.994193602530553,A_normalized_signals,1151,12,4.0,41.0,37.0
2025,13,00-0036259,Jauan Jennings,WR,SF,13.9,12.506244877231936,A_normalized_signals,1151,12,19.0,22.0,3.0
2025,13,00-0038543,Jaxon Smith-Njigba,WR,SEA,4.3,19.87194926419681,A_normalized_signals,1151,12,70.0,1.0,69.0
2025,13,00-0040130,Jayden Higgins,WR,HOU,11.5,11.670821542990508,A_normalized_signals,1151,12,26.0,26.0,0.0
2025,13,00-0036613,Jaylen Waddle,WR,MIA,7.0,14.118415558840677,A_normalized_signals,1151,12,47.0,12.0,35.0
2025,13,00-0040164,Jaylin Lane,WR,WAS,0.0,5.112482634737017,A_normalized_signals,1151,12,108.0,92.0,16.0
2025,13,00-0040138,Jaylin Noel,WR,HOU,0.0,4.4663508115765245,A_normalized_signals,1151,12,108.0,102.0,6.0
2025,13,00-0036407,Jerry Jeudy,WR,CLE,5.6,11.4709244173663,A_normalized_signals,1151,12,58.0,27.0,31.0
2025,13,00-0037614,John Metchie III,WR,NYJ,5.7,8.37257968844361,A_normalized_signals,1151,12,57.0,53.0,4.0
2025,13,00-0038994,Jordan Addison,WR,MIN,8.6,7.872853404937169,A_normalized_signals,1151,12,41.0,59.0,18.0
2025,13,00-0039751,Jordan Whittington,WR,LA,0.0,4.524100867701212,A_normalized_signals,1151,12,108.0,101.0,7.0
2025,13,00-0038997,Josh Downs,WR,IND,6.4,7.471927248533498,A_normalized_signals,1151,12,51.0,64.0,13.0
2025,13,00-0033857,JuJu Smith-Schuster,WR,KC,0.0,1.7948493637653296,A_normalized_signals,1151,12,108.0,125.0,17.0
2025,13,00-0036322,Justin Jefferson,WR,MIN,2.4,13.228136132061714,A_normalized_signals,1151,12,87.0,16.0,71.0
2025,13,00-0037801,KaVontae Turpin,WR,DAL,8.1,5.5535733908560125,A_normalized_signals,1151,12,43.0,85.0,42.0
2025,13,00-0039589,Kameron Johnson,WR,TB,0.0,1.193253657571835,A_normalized_signals,1151,12,108.0,130.0,22.0
2025,13,00-0038608,Kayshon Boutte,WR,NE,13.5,5.126586734521322,A_normalized_signals,1151,12,21.0,90.0,69.0
2025,13,00-0040534,Ke'Shawn Williams,WR,PIT,0.0,1.129495939563364,A_normalized_signals,1151,12,108.0,132.0,24.0
2025,13,00-0030279,Keenan Allen,WR,LAC,7.0,9.248720217683516,A_normalized_signals,1151,12,47.0,50.0,3.0
2025,13,00-0033307,Kendrick Bourne,WR,SF,0.0,5.080459626102882,A_normalized_signals,1151,12,108.0,94.0,14.0
2025,13,00-0039901,Keon Coleman,WR,BUF,8.9,7.529168210494652,A_normalized_signals,1151,12,40.0,62.0,22.0
2025,13,00-0037261,Khalil Shakir,WR,BUF,1.5,10.207954945108856,A_normalized_signals,1151,12,97.0,36.0,61.0
2025,13,00-0040590,Konata Mumpfield,WR,LA,0.0,3.6071558855513466,A_normalized_signals,1151,12,108.0,112.0,4.0
2025,13,00-0040131,Kyle Williams,WR,NE,10.3,4.115935415778141,A_normalized_signals,1151,12,35.0,108.0,73.0
2025,13,00-0039915,Ladd McConkey,WR,LAC,13.9,9.821481212655288,A_normalized_signals,1151,12,19.0,43.0,24.0
2025,13,00-0032951,Laquon Treadwell,WR,IND,0.0,1.129495939563364,A_normalized_signals,1151,12,108.0,132.0,24.0
2025,13,00-0035406,Lil'Jordan Humphrey,WR,DEN,0.0,7.349304854913617,A_normalized_signals,1151,12,108.0,66.0,42.0
2025,13,00-0040735,Luther Burden III,WR,CHI,7.6,8.248080614867566,A_normalized_signals,1151,12,44.0,54.0,10.0
2025,13,00-0033555,Mack Hollins,WR,NE,5.3,10.873669032307369,A_normalized_signals,1151,12,61.0,30.0,31.0
2025,13,00-0039920,Malachi Corley,WR,CLE,0.9,4.797844559271491,A_normalized_signals,1151,12,106.0,99.0,7.0
2025,13,00-0038465,Malik Heath,WR,GB,0.0,2.327903907963244,A_normalized_signals,1151,12,108.0,122.0,14.0
2025,13,00-0039880,Malik Washington,WR,MIA,7.0,9.248306607359218,A_normalized_signals,1151,12,47.0,51.0,4.0
2025,13,00-0035662,Marquise Brown,WR,KC,10.0,5.118580587334123,A_normalized_signals,1151,12,36.0,91.0,55.0
2025,13,00-0039849,Marvin Harrison Jr.,WR,ARI,12.9,13.093055879358372,A_normalized_signals,1151,12,23.0,17.0,6.0
2025,13,00-0038976,Marvin Mims Jr.,WR,DEN,3.7,6.041716430457133,A_normalized_signals,1151,12,76.0,82.0,6.0
2025,13,00-0039623,Mason Tipton,WR,NO,4.9,3.0332378364158705,A_normalized_signals,1151,12,64.0,116.0,52.0
2025,13,00-0036252,Michael Pittman,WR,IND,2.3,10.132498323703139,A_normalized_signals,1151,12,88.0,37.0,51.0
2025,13,00-0038559,Michael Wilson,WR,ARI,6.6,15.370488677908966,A_normalized_signals,1151,12,50.0,6.0,44.0
2025,13,00-0038839,Mitchell Tinsley,WR,CIN,4.2,5.260693055647224,A_normalized_signals,1151,12,72.0,88.0,16.0
2025,13,00-0040506,Myles Price,WR,MIN,0.0,1.129495939563364,A_normalized_signals,1151,12,108.0,132.0,24.0
2025,13,00-0036182,Nick Westbrook-Ikhine,WR,MIA,0.0,4.825644609269151,A_normalized_signals,1151,12,108.0,98.0,10.0
2025,13,00-0036554,Nico Collins,WR,HOU,21.5,12.83283650876001,A_normalized_signals,1151,12,10.0,20.0,10.0
2025,13,00-0038519,Nikko Remigio,WR,KC,0.0,1.129495939563364,A_normalized_signals,1151,12,108.0,132.0,24.0
2025,13,00-0035208,Olamide Zaccheaus,WR,CHI,3.9,6.350490225176177,A_normalized_signals,1151,12,75.0,77.0,2.0
2025,13,00-0038606,Parker Washington,WR,JAX,3.6,10.754439414932632,A_normalized_signals,1151,12,78.0,31.0,47.0
2025,13,00-0040134,Pat Bryant,WR,DEN,7.2,6.305247033463812,A_normalized_signals,1151,12,46.0,79.0,33.0
2025,13,00-0039075,Puka Nacua,WR,LA,13.2,14.869372312390439,A_normalized_signals,1151,12,22.0,7.0,15.0
2025,13,00-0038544,Quentin Johnston,WR,LAC,11.3,9.64297235370365,A_normalized_signals,1151,12,29.0,45.0,16.0
2025,13,00-0039067,Rashee Rice,WR,KC,29.4,14.561523786299322,A_normalized_signals,1151,12,2.0,9.0,7.0
2025,13,00-0037545,Rashid Shaheed,WR,SEA,2.6,6.0056963944126815,A_normalized_signals,1151,12,83.0,83.0,0.0
2025,13,00-0036550,Rashod Bateman,WR,BAL,0.0,7.014213836316712,A_normalized_signals,1151,12,108.0,69.0,39.0
2025,13,00-0039916,Ricky Pearsall,WR,SF,3.4,6.115247932552358,A_normalized_signals,1151,12,79.0,80.0,1.0
2025,13,00-0039739,Roman Wilson,WR,PIT,0.0,5.090779938420974,A_normalized_signals,1151,12,108.0,93.0,15.0
2025,13,00-0039919,Rome Odunze,WR,CHI,2.8,12.274808362528162,A_normalized_signals,1151,12,82.0,24.0,58.0
2025,13,00-0037816,Romeo Doubs,WR,GB,12.0,7.978170632217788,A_normalized_signals,1151,12,25.0,57.0,32.0
2025,13,00-0039410,Ryan Flournoy,WR,DAL,6.4,3.617528879038624,A_normalized_signals,1151,12,51.0,111.0,60.0
2025,13,00-0038824,Ryan Miller,WR,TB,0.0,0.9690572509324271,A_normalized_signals,1151,12,108.0,147.0,39.0
2025,13,00-0038090,Skyy Moore,WR,SF,0.0,1.0239238189611144,A_normalized_signals,1151,12,108.0,145.0,37.0
2025,13,00-0031588,Stefon Diggs,WR,NE,5.6,11.255941677456079,A_normalized_signals,1151,12,58.0,28.0,30.0
2025,13,00-0032385,Sterling Shepard,WR,TB,1.5,8.520621895197902,A_normalized_signals,1151,12,97.0,52.0,45.0
2025,13,00-0040154,Tai Felton,WR,MIN,0.0,1.129495939563364,A_normalized_signals,1151,12,108.0,132.0,24.0
2025,13,00-0035659,Terry McLaurin,WR,WAS,22.6,10.001395386065914,A_normalized_signals,1151,12,8.0,40.0,32.0
2025,13,00-0040124,Tetairoa McMillan,WR,CAR,11.3,14.621489441437582,A_normalized_signals,1151,12,29.0,8.0,21.0
2025,13,00-0040237,Tez Johnson,WR,TB,1.5,9.499115892474743,A_normalized_signals,1151,12,97.0,47.0,50.0
2025,13,00-0033375,Tim Patrick,WR,JAX,2.1,5.552796302884516,A_normalized_signals,1151,12,92.0,86.0,6.0
2025,13,00-0040727,Tre Harris,WR,LAC,6.0,4.0855566571685165,A_normalized_signals,1151,12,55.0,109.0,54.0
2025,13,00-0038563,Tre Tucker,WR,LV,5.0,9.769824344900458,A_normalized_signals,1151,12,62.0,44.0,18.0
2025,13,00-0037742,Treylon Burks,WR,WAS,7.5,4.9659904855632195,A_normalized_signals,1151,12,45.0,96.0,51.0
2025,13,00-0039868,Troy Franklin,WR,DEN,4.1,14.155013588274153,A_normalized_signals,1151,12,74.0,11.0,63.0
2025,13,00-0032211,Tyler Lockett,WR,LV,2.1,8.12577181273248,A_normalized_signals,1151,12,92.0,55.0,37.0
2025,13,00-0038104,Tyquan Thornton,WR,KC,0.0,2.6175313153200968,A_normalized_signals,1151,12,108.0,119.0,11.0
2025,13,00-0036415,Van Jefferson,WR,TEN,5.0,6.3234234096853355,A_normalized_signals,1151,12,62.0,78.0,16.0
2025,13,00-0038117,Wan'Dale Robinson,WR,NYG,10.4,16.4975767421244,A_normalized_signals,1151,12,34.0,2.0,32.0
2025,13,00-0038618,Xavier Hutchinson,WR,HOU,5.9,5.195158408894656,A_normalized_signals,1151,12,56.0,89.0,33.0
2025,13,00-0039342,Xavier Legette,WR,CAR,1.1,6.954730851948952,A_normalized_signals,1151,12,105.0,70.0,35.0
2025,13,00-0040522,Xavier Restrepo,WR,TEN,2.5,7.449741419833908,A_normalized_signals,1151,12,86.0,65.0,21.0
2025,13,00-0038359,Xavier Smith,WR,LA,11.2,4.136951504547218,A_normalized_signals,1151,12,31.0,107.0,76.0
2025,13,00-0039521,Xavier Weaver,WR,ARI,0.0,2.4610947977491415,A_normalized_signals,1151,12,108.0,121.0,13.0
2025,13,00-0039894,Xavier Worthy,WR,KC,11.4,9.615896690864428,A_normalized_signals,1151,12,28.0,46.0,18.0
2025,13,00-0039064,Zay Flowers,WR,BAL,2.6,12.970313196794773,A_normalized_signals,1151,12,83.0,18.0,65.0
2025,14,00-0035676,A.J. Brown,WR,PHI,16.0,18.469132372344415,A_normalized_signals,1299,13,16.0,1.0,15.0
2025,14,00-0030035,Adam Thielen,WR,PIT,1.4,3.3483829133305676,A_normalized_signals,1299,13,93.0,92.0,1.0
2025,14,00-0039890,Adonai Mitchell,WR,NYJ,3.4,12.586982649265538,A_normalized_signals,1299,13,70.0,17.0,53.0
2025,14,00-0037664,Alec Pierce,WR,IND,13.0,9.63932612811671,A_normalized_signals,1299,13,20.0,33.0,13.0
2025,14,00-0034521,Allen Lazard,WR,NYJ,0.0,4.0885247809477505,A_normalized_signals,1299,13,100.0,84.0,16.0
2025,14,00-0036963,Amon-Ra St. Brown,WR,DET,15.2,11.041941743826232,A_normalized_signals,1299,13,17.0,25.0,8.0
2025,14,00-0035876,Andre Baccellia,WR,ARI,1.3,1.0934557510906726,A_normalized_signals,1299,13,95.0,123.0,28.0
2025,14,00-0038619,Andrei Iosivas,WR,CIN,3.7,7.360976020495741,A_normalized_signals,1299,13,66.0,52.0,14.0
2025,14,00-0039816,Anthony Gould,WR,IND,1.3,1.1680644378376024,A_normalized_signals,1299,13,95.0,111.0,16.0
2025,14,00-0036841,Austin Trammell,WR,JAX,0.0,3.069504922295555,A_normalized_signals,1299,13,100.0,96.0,4.0
2025,14,00-0036862,Ben Skowronek,WR,PIT,2.3,1.6494613845694777,A_normalized_signals,1299,13,81.0,108.0,27.0
2025,14,00-0037091,Bo Melton,WR,GB,11.5,4.430772302231012,A_normalized_signals,1299,13,23.0,80.0,57.0
2025,14,00-0039893,Brian Thomas Jr.,WR,JAX,11.7,7.8972818220845316,A_normalized_signals,1299,13,22.0,48.0,26.0
2025,14,00-0037132,Britain Covey,WR,PHI,0.0,1.1680644378376024,A_normalized_signals,1299,13,100.0,111.0,11.0
2025,14,00-0037837,Calvin Austin III,WR,PIT,4.1,4.286106924257111,A_normalized_signals,1299,13,60.0,82.0,22.0
2025,14,00-0038979,Cedric Tillman,WR,CLE,3.3,4.9939247988014,A_normalized_signals,1299,13,72.0,73.0,1.0
2025,14,00-0036358,CeeDee Lamb,WR,DAL,18.1,14.242005948636018,A_normalized_signals,1299,13,10.0,7.0,3.0
2025,14,00-0038576,Charlie Jones,WR,CIN,0.0,1.0482596819124477,A_normalized_signals,1299,13,100.0,124.0,24.0
2025,14,00-0040705,Chimere Dike,WR,TEN,13.4,7.344303461386094,A_normalized_signals,1299,13,19.0,53.0,34.0
2025,14,00-0033921,Chris Godwin Jr.,WR,TB,10.5,7.645515879553429,A_normalized_signals,1299,13,28.0,50.0,22.0
2025,14,00-0037239,Chris Olave,WR,NO,6.0,14.225191021592385,A_normalized_signals,1299,13,49.0,8.0,41.0
2025,14,00-0034775,Christian Kirk,WR,HOU,1.6,6.823918965003675,A_normalized_signals,1299,13,86.0,58.0,28.0
2025,14,00-0038124,Christian Watson,WR,GB,24.9,14.141106098242005,A_normalized_signals,1299,13,6.0,9.0,3.0
2025,14,00-0035891,Cody White,WR,SEA,1.9,1.0079872980845657,A_normalized_signals,1299,13,84.0,125.0,41.0
2025,14,00-0033908,Cooper Kupp,WR,SEA,11.5,8.1867829172044,A_normalized_signals,1299,13,23.0,46.0,23.0
2025,14,00-0034348,Courtland Sutton,WR,DEN,12.2,9.741805724073323,A_normalized_signals,1299,13,21.0,31.0,10.0
2025,14,00-0034827,DJ Moore,WR,CHI,0.6,9.220336943119548,A_normalized_signals,1299,13,98.0,38.0,60.0
2025,14,00-0035640,DK Metcalf,WR,PIT,21.8,11.870754648489566,A_normalized_signals,1299,13,7.0,20.0,13.0
2025,14,00-0034860,Dante Pettis,WR,NO,0.0,0.9473104838582632,A_normalized_signals,1299,13,100.0,126.0,26.0
2025,14,00-0040024,Darius Cooper,WR,PHI,2.9,1.6777750324407161,A_normalized_signals,1299,13,77.0,107.0,30.0
2025,14,00-0036309,Darnell Mooney,WR,ATL,1.6,8.861106379899795,A_normalized_signals,1299,13,86.0,42.0,44.0
2025,14,00-0031381,Davante Adams,WR,LA,6.9,13.180876635302207,A_normalized_signals,1299,13,45.0,11.0,34.0
2025,14,00-0035359,David Sills,WR,ATL,0.0,6.668273481829669,A_normalized_signals,1299,13,100.0,59.0,41.0
2025,14,00-0030564,DeAndre Hopkins,WR,BAL,0.0,6.5216047209124035,A_normalized_signals,1299,13,100.0,60.0,40.0
2025,14,00-0036912,DeVonta Smith,WR,PHI,7.7,10.882637846295752,A_normalized_signals,1299,13,38.0,28.0,10.0
2025,14,00-0036620,Dee Eskridge,WR,MIA,0.0,1.9204822893459257,A_normalized_signals,1299,13,100.0,105.0,5.0
2025,14,00-0035719,Deebo Samuel Sr.,WR,WAS,6.7,12.926387875309423,A_normalized_signals,1299,13,46.0,14.0,32.0
2025,14,00-0038573,Derius Davis,WR,LAC,0.0,1.303313138289242,A_normalized_signals,1299,13,100.0,110.0,10.0
2025,14,00-0039424,Devaughn Vele,WR,NO,7.0,9.009672714212737,A_normalized_signals,1299,13,44.0,40.0,4.0
2025,14,00-0037487,Deven Thompkins,WR,ATL,1.4,2.51851803922138,A_normalized_signals,1299,13,93.0,101.0,8.0
2025,14,00-0036331,Devin Duvernay,WR,CHI,3.4,1.1680644378376024,A_normalized_signals,1299,13,70.0,111.0,41.0
2025,14,00-0038953,Dylan Drummond,WR,ATL,5.1,5.699210219737086,A_normalized_signals,1299,13,54.0,65.0,11.0
2025,14,00-0040170,Elic Ayomanor,WR,TEN,8.4,8.231355384269854,A_normalized_signals,1299,13,37.0,45.0,8.0
2025,14,00-0040129,Emeka Egbuka,WR,TB,3.5,12.659635920094455,A_normalized_signals,1299,13,69.0,16.0,53.0
2025,14,00-0036196,Gabe Davis,WR,BUF,4.1,4.978391897187048,A_normalized_signals,1299,13,60.0,74.0,14.0
2025,14,00-0040259,Gage Larvadain,WR,CLE,3.8,2.4846969297401666,A_normalized_signals,1299,13,65.0,102.0,37.0
2025,14,00-0037247,George Pickens,WR,DAL,8.7,17.72334296051288,A_normalized_signals,1299,13,34.0,2.0,32.0
2025,14,00-0040669,Isaac TeSlaa,WR,DET,10.0,3.205276232677061,A_normalized_signals,1299,13,31.0,94.0,63.0
2025,14,00-0040782,Isaiah Bond,WR,CLE,0.0,5.080919428012352,A_normalized_signals,1299,13,100.0,71.0,29.0
2025,14,00-0039451,Isaiah Williams,WR,NYJ,4.4,2.594379789220345,A_normalized_signals,1299,13,57.0,100.0,43.0
2025,14,00-0036900,Ja'Marr Chase,WR,CIN,10.2,13.146516893456406,A_normalized_signals,1299,13,29.0,12.0,17.0
2025,14,00-0040729,Jack Bech,WR,LV,11.0,3.352533936198885,A_normalized_signals,1299,13,25.0,91.0,66.0
2025,14,00-0037741,Jahan Dotson,WR,PHI,1.3,3.705705970148976,A_normalized_signals,1299,13,95.0,88.0,7.0
2025,14,00-0034960,Jakobi Meyers,WR,JAX,14.8,13.109829166469215,A_normalized_signals,1299,13,18.0,13.0,5.0
2025,14,00-0038640,Jalen Brooks,WR,ARI,5.2,1.1680644378376024,A_normalized_signals,1299,13,52.0,111.0,59.0
2025,14,00-0037291,Jalen Nailor,WR,MIN,6.0,2.773589955059488,A_normalized_signals,1299,13,49.0,99.0,50.0
2025,14,00-0033572,Jamal Agnew,WR,ATL,0.0,1.1680644378376024,A_normalized_signals,1299,13,100.0,111.0,11.0
2025,14,00-0036133,James Proche,WR,TEN,0.0,3.83836196995757,A_normalized_signals,1299,13,100.0,87.0,13.0
2025,14,00-0037240,Jameson Williams,WR,DET,17.3,11.752061110677488,A_normalized_signals,1299,13,12.0,21.0,9.0
2025,14,00-0038543,Jaxon Smith-Njigba,WR,SEA,28.1,15.575976183344084,A_normalized_signals,1299,13,3.0,6.0,3.0
2025,14,00-0040130,Jayden Higgins,WR,HOU,6.4,11.142382764329422,A_normalized_signals,1299,13,47.0,24.0,23.0
2025,14,00-0039146,Jayden Reed,WR,GB,9.3,10.965248850634186,A_normalized_signals,1299,13,33.0,26.0,7.0
2025,14,00-0036613,Jaylen Waddle,WR,MIA,18.1,13.560432117425435,A_normalized_signals,1299,13,10.0,10.0,0.0
2025,14,00-0040164,Jaylin Lane,WR,WAS,0.0,2.9021777455808753,A_normalized_signals,1299,13,100.0,97.0,3.0
2025,14,00-0040138,Jaylin Noel,WR,HOU,3.3,3.10278876907723,A_normalized_signals,1299,13,72.0,95.0,23.0
2025,14,00-0036407,Jerry Jeudy,WR,CLE,16.6,8.889164941675734,A_normalized_signals,1299,13,14.0,41.0,27.0
2025,14,00-0037614,John Metchie III,WR,NYJ,7.4,11.145807869617876,A_normalized_signals,1299,13,39.0,23.0,16.0
2025,14,00-0038994,Jordan Addison,WR,MIN,10.2,8.448874767105485,A_normalized_signals,1299,13,29.0,43.0,14.0
2025,14,00-0039751,Jordan Whittington,WR,LA,1.5,2.8528356292109676,A_normalized_signals,1299,13,89.0,98.0,9.0
2025,14,00-0038997,Josh Downs,WR,IND,6.3,6.927209769505537,A_normalized_signals,1299,13,48.0,56.0,8.0
2025,14,00-0033857,JuJu Smith-Schuster,WR,KC,1.5,1.5892919977039217,A_normalized_signals,1299,13,89.0,109.0,20.0
2025,14,00-0036322,Justin Jefferson,WR,MIN,3.1,10.923545896067141,A_normalized_signals,1299,13,75.0,27.0,48.0
2025,14,00-0037801,KaVontae Turpin,WR,DAL,5.0,6.1593275061556465,A_normalized_signals,1299,13,55.0,62.0,7.0
2025,14,00-0039589,Kameron Johnson,WR,TB,0.0,1.1680644378376024,A_normalized_signals,1299,13,100.0,111.0,11.0
2025,14,00-0030279,Keenan Allen,WR,LAC,5.2,9.422383162557358,A_normalized_signals,1299,13,52.0,35.0,17.0
2025,14,00-0039901,Keon Coleman,WR,BUF,3.6,7.462571459476621,A_normalized_signals,1299,13,68.0,51.0,17.0
2025,14,00-0037261,Khalil Shakir,WR,BUF,9.6,8.424401233476557,A_normalized_signals,1299,13,32.0,44.0,12.0
2025,14,00-0040590,Konata Mumpfield,WR,LA,1.5,2.1418924641728636,A_normalized_signals,1299,13,89.0,104.0,15.0
2025,14,00-0040075,LaJohntay Wester,WR,BAL,0.0,1.1680644378376024,A_normalized_signals,1299,13,100.0,111.0,11.0
2025,14,00-0039915,Ladd McConkey,WR,LAC,2.2,10.86138159955717,A_normalized_signals,1299,13,82.0,29.0,53.0
2025,14,00-0032951,Laquon Treadwell,WR,IND,0.0,1.1680644378376024,A_normalized_signals,1299,13,100.0,111.0,11.0
2025,14,00-0035406,Lil'Jordan Humphrey,WR,DEN,5.7,5.075423543541592,A_normalized_signals,1299,13,51.0,72.0,21.0
2025,14,00-0040735,Luther Burden III,WR,CHI,11.0,9.537621634694563,A_normalized_signals,1299,13,25.0,34.0,9.0
2025,14,00-0039920,Malachi Corley,WR,CLE,0.2,3.5281217391994923,A_normalized_signals,1299,13,99.0,89.0,10.0
2025,14,00-0039880,Malik Washington,WR,MIA,4.0,9.024808691239423,A_normalized_signals,1299,13,63.0,39.0,24.0
2025,14,00-0034272,Marquez Valdes-Scantling,WR,PIT,0.0,3.8790813141445906,A_normalized_signals,1299,13,100.0,86.0,14.0
2025,14,00-0035662,Marquise Brown,WR,KC,4.5,4.676495824487644,A_normalized_signals,1299,13,56.0,78.0,22.0
2025,14,00-0038976,Marvin Mims Jr.,WR,DEN,1.7,3.8986936270902395,A_normalized_signals,1299,13,85.0,85.0,0.0
2025,14,00-0039623,Mason Tipton,WR,NO,0.0,4.883943988627296,A_normalized_signals,1299,13,100.0,75.0,25.0
2025,14,00-0040667,Matthew Golden,WR,GB,0.0,5.788159644451744,A_normalized_signals,1299,13,100.0,63.0,37.0
2025,14,00-0036252,Michael Pittman,WR,IND,16.9,7.324656006029519,A_normalized_signals,1299,13,13.0,54.0,41.0
2025,14,00-0038559,Michael Wilson,WR,ARI,37.2,15.673545896666113,A_normalized_signals,1299,13,1.0,5.0,4.0
2025,14,00-0040506,Myles Price,WR,MIN,0.0,1.1680644378376024,A_normalized_signals,1299,13,100.0,111.0,11.0
2025,14,00-0036182,Nick Westbrook-Ikhine,WR,MIA,0.0,2.4210817389290074,A_normalized_signals,1299,13,100.0,103.0,3.0
2025,14,00-0036554,Nico Collins,WR,HOU,16.1,12.735670289492926,A_normalized_signals,1299,13,15.0,15.0,0.0
2025,14,00-0033591,Noah Brown,WR,WAS,2.9,5.621740968957756,A_normalized_signals,1299,13,77.0,66.0,11.0
2025,14,00-0035208,Olamide Zaccheaus,WR,CHI,8.7,4.2045395459910795,A_normalized_signals,1299,13,34.0,83.0,49.0
2025,14,00-0040134,Pat Bryant,WR,DEN,7.2,7.843243899388865,A_normalized_signals,1299,13,41.0,49.0,8.0
2025,14,00-0039075,Puka Nacua,WR,LA,35.7,16.076961047914562,A_normalized_signals,1299,13,2.0,4.0,2.0
2025,14,00-0038544,Quentin Johnston,WR,LAC,2.8,8.181972933792073,A_normalized_signals,1299,13,79.0,47.0,32.0
2025,14,00-0039067,Rashee Rice,WR,KC,7.4,16.127126519837248,A_normalized_signals,1299,13,39.0,3.0,36.0
2025,14,00-0037545,Rashid Shaheed,WR,SEA,10.7,6.261102042106309,A_normalized_signals,1299,13,27.0,61.0,34.0
2025,14,00-0036550,Rashod Bateman,WR,BAL,4.3,4.485676722553926,A_normalized_signals,1299,13,59.0,79.0,20.0
2025,14,00-0037816,Romeo Doubs,WR,GB,0.0,9.339062133455892,A_normalized_signals,1299,13,100.0,37.0,63.0
2025,14,00-0039410,Ryan Flournoy,WR,DAL,26.5,3.5191705577117913,A_normalized_signals,1299,13,5.0,90.0,85.0
2025,14,00-0038824,Ryan Miller,WR,TB,0.0,1.1680644378376024,A_normalized_signals,1299,13,100.0,111.0,11.0
2025,14,00-0032385,Sterling Shepard,WR,TB,1.5,6.912323108817882,A_normalized_signals,1299,13,89.0,57.0,32.0
2025,14,00-0040154,Tai Felton,WR,MIN,2.0,1.1680644378376024,A_normalized_signals,1299,13,83.0,111.0,28.0
2025,14,00-0036410,Tee Higgins,WR,CIN,27.2,12.119185499785045,A_normalized_signals,1299,13,4.0,18.0,14.0
2025,14,00-0035659,Terry McLaurin,WR,WAS,7.1,12.02591194325326,A_normalized_signals,1299,13,42.0,19.0,23.0
2025,14,00-0033375,Tim Patrick,WR,JAX,18.8,5.517738174807476,A_normalized_signals,1299,13,9.0,67.0,58.0
2025,14,00-0035544,Tom Kennedy,WR,DET,0.0,7.258617657423358,A_normalized_signals,1299,13,100.0,55.0,45.0
2025,14,00-0040727,Tre Harris,WR,LAC,3.1,4.730813706560058,A_normalized_signals,1299,13,75.0,77.0,2.0
2025,14,00-0038563,Tre Tucker,WR,LV,4.4,9.3475538441728,A_normalized_signals,1299,13,57.0,36.0,21.0
2025,14,00-0034487,Trent Sherfield,WR,ARI,0.0,3.209126470593329,A_normalized_signals,1299,13,100.0,93.0,7.0
2025,14,00-0037742,Treylon Burks,WR,WAS,0.0,5.458894814987926,A_normalized_signals,1299,13,100.0,68.0,32.0
2025,14,00-0039868,Troy Franklin,WR,DEN,4.1,10.357961289446939,A_normalized_signals,1299,13,60.0,30.0,30.0
2025,14,00-0032211,Tyler Lockett,WR,LV,7.1,5.081602675450688,A_normalized_signals,1299,13,42.0,70.0,28.0
2025,14,00-0038104,Tyquan Thornton,WR,KC,3.9,1.748355627988,A_normalized_signals,1299,13,64.0,106.0,42.0
2025,14,00-0038679,Tyrell Shavers,WR,BUF,2.6,4.779916490300643,A_normalized_signals,1299,13,80.0,76.0,4.0
2025,14,00-0036415,Van Jefferson,WR,TEN,3.7,5.768571398433254,A_normalized_signals,1299,13,66.0,64.0,2.0
2025,14,00-0037745,Velus Jones Jr.,WR,SEA,3.2,1.1680644378376024,A_normalized_signals,1299,13,74.0,111.0,37.0
2025,14,00-0038618,Xavier Hutchinson,WR,HOU,0.0,5.39149015214312,A_normalized_signals,1299,13,100.0,69.0,31.0
2025,14,00-0038359,Xavier Smith,WR,LA,1.6,4.302630798092626,A_normalized_signals,1299,13,86.0,81.0,5.0
2025,14,00-0039894,Xavier Worthy,WR,KC,8.5,9.692251636086176,A_normalized_signals,1299,13,36.0,32.0,4.0
2025,14,00-0039064,Zay Flowers,WR,BAL,20.6,11.60934285502117,A_normalized_signals,1299,13,8.0,22.0,14.0
2025,15,00-0035676,A.J. Brown,WR,PHI,12.1,18.550893798421175,A_normalized_signals,1425,14,27.0,1.0,26.0
2025,15,00-0030035,Adam Thielen,WR,PIT,1.7,2.8325143616423225,A_normalized_signals,1425,14,94.0,112.0,18.0
2025,15,00-0039890,Adonai Mitchell,WR,NYJ,17.4,12.217755827027082,A_normalized_signals,1425,14,14.0,21.0,7.0
2025,15,00-0037664,Alec Pierce,WR,IND,2.6,8.798015953175275,A_normalized_signals,1425,14,86.0,46.0,40.0
2025,15,00-0034521,Allen Lazard,WR,NYJ,1.6,2.8603074183972748,A_normalized_signals,1425,14,96.0,110.0,14.0
2025,15,00-0036963,Amon-Ra St. Brown,WR,DET,41.4,11.307131191811662,A_normalized_signals,1425,14,1.0,30.0,29.0
2025,15,00-0035876,Andre Baccellia,WR,ARI,0.0,1.8503991403043172,A_normalized_signals,1425,14,103.0,121.0,18.0
2025,15,00-0038619,Andrei Iosivas,WR,CIN,0.0,7.072413412611616,A_normalized_signals,1425,14,103.0,63.0,40.0
2025,15,00-0040582,Arian Smith,WR,NYJ,0.0,2.5720777356422024,A_normalized_signals,1425,14,103.0,113.0,10.0
2025,15,00-0036862,Ben Skowronek,WR,PIT,0.0,2.9683737898436937,A_normalized_signals,1425,14,103.0,107.0,4.0
2025,15,00-0037091,Bo Melton,WR,GB,0.0,4.269520617665311,A_normalized_signals,1425,14,103.0,90.0,13.0
2025,15,00-0031236,Brandin Cooks,WR,BUF,0.0,4.691034913333839,A_normalized_signals,1425,14,103.0,84.0,19.0
2025,15,00-0039893,Brian Thomas Jr.,WR,JAX,17.1,8.346872454373477,A_normalized_signals,1425,14,15.0,50.0,35.0
2025,15,00-0037132,Britain Covey,WR,PHI,0.0,1.0806468496387638,A_normalized_signals,1425,14,103.0,130.0,27.0
2025,15,00-0038840,Brycen Tremayne,WR,CAR,0.0,1.4228146864427194,A_normalized_signals,1425,14,103.0,126.0,23.0
2025,15,00-0037837,Calvin Austin III,WR,PIT,0.0,4.847861505626151,A_normalized_signals,1425,14,103.0,82.0,21.0
2025,15,00-0036358,CeeDee Lamb,WR,DAL,17.1,13.867566741211478,A_normalized_signals,1425,14,15.0,11.0,4.0
2025,15,00-0038576,Charlie Jones,WR,CIN,0.0,1.0568691818916662,A_normalized_signals,1425,14,103.0,137.0,34.0
2025,15,00-0040705,Chimere Dike,WR,TEN,5.0,10.631875170364086,A_normalized_signals,1425,14,68.0,33.0,35.0
2025,15,00-0033921,Chris Godwin Jr.,WR,TB,12.0,9.266291787493797,A_normalized_signals,1425,14,31.0,39.0,8.0
2025,15,00-0037239,Chris Olave,WR,NO,20.5,12.13008048902612,A_normalized_signals,1425,14,9.0,24.0,15.0
2025,15,00-0038124,Christian Watson,WR,GB,5.9,14.367360718059945,A_normalized_signals,1425,14,60.0,9.0,51.0
2025,15,00-0033908,Cooper Kupp,WR,SEA,9.6,7.3389817299542415,A_normalized_signals,1425,14,40.0,58.0,18.0
2025,15,00-0034348,Courtland Sutton,WR,DEN,24.3,11.83490205592632,A_normalized_signals,1425,14,4.0,27.0,23.0
2025,15,00-0034827,DJ Moore,WR,CHI,22.9,8.612683710856038,A_normalized_signals,1425,14,7.0,49.0,42.0
2025,15,00-0035640,DK Metcalf,WR,PIT,14.5,13.883083406519452,A_normalized_signals,1425,14,23.0,10.0,13.0
2025,15,00-0040431,Dalen Cambre,WR,NYG,0.0,1.0806468496387638,A_normalized_signals,1425,14,103.0,130.0,27.0
2025,15,00-0034860,Dante Pettis,WR,NO,0.0,1.0091600662271425,A_normalized_signals,1425,14,103.0,141.0,38.0
2025,15,00-0040024,Darius Cooper,WR,PHI,4.9,1.9408954327257932,A_normalized_signals,1425,14,69.0,119.0,50.0
2025,15,00-0035535,Darius Slayton,WR,NYG,9.3,6.718381650212244,A_normalized_signals,1425,14,41.0,66.0,25.0
2025,15,00-0036309,Darnell Mooney,WR,ATL,6.5,7.527848685147821,A_normalized_signals,1425,14,57.0,56.0,1.0
2025,15,00-0031381,Davante Adams,WR,LA,11.1,11.929972797002451,A_normalized_signals,1425,14,35.0,26.0,9.0
2025,15,00-0035359,David Sills,WR,ATL,13.8,7.008937735399337,A_normalized_signals,1425,14,25.0,65.0,40.0
2025,15,00-0030564,DeAndre Hopkins,WR,BAL,4.2,4.1632507736808115,A_normalized_signals,1425,14,72.0,92.0,20.0
2025,15,00-0038621,DeMario Douglas,WR,NE,0.5,6.177389598329961,A_normalized_signals,1425,14,101.0,71.0,30.0
2025,15,00-0036912,DeVonta Smith,WR,PHI,7.0,12.432947960420872,A_normalized_signals,1425,14,54.0,19.0,35.0
2025,15,00-0036620,Dee Eskridge,WR,MIA,0.0,1.0568691818916662,A_normalized_signals,1425,14,103.0,137.0,34.0
2025,15,00-0035719,Deebo Samuel Sr.,WR,WAS,7.3,12.705916661593657,A_normalized_signals,1425,14,53.0,15.0,38.0
2025,15,00-0032775,Demarcus Robinson,WR,SF,5.6,3.64559555641836,A_normalized_signals,1425,14,62.0,97.0,35.0
2025,15,00-0039424,Devaughn Vele,WR,NO,11.9,11.0514375036568,A_normalized_signals,1425,14,32.0,31.0,1.0
2025,15,00-0037487,Deven Thompkins,WR,ATL,0.0,2.2538897302116796,A_normalized_signals,1425,14,103.0,115.0,12.0
2025,15,00-0036331,Devin Duvernay,WR,CHI,0.0,1.0734792388343388,A_normalized_signals,1425,14,103.0,136.0,33.0
2025,15,00-0038393,Dontayvion Wicks,WR,GB,1.6,8.99965839457688,A_normalized_signals,1425,14,96.0,44.0,52.0
2025,15,00-0036626,Dyami Brown,WR,JAX,0.4,4.287920784552176,A_normalized_signals,1425,14,102.0,89.0,13.0
2025,15,00-0038953,Dylan Drummond,WR,ATL,0.0,6.389310489133278,A_normalized_signals,1425,14,103.0,69.0,34.0
2025,15,00-0040170,Elic Ayomanor,WR,TEN,2.7,6.6355650608237955,A_normalized_signals,1425,14,85.0,68.0,17.0
2025,15,00-0040129,Emeka Egbuka,WR,TB,10.4,11.930353982303995,A_normalized_signals,1425,14,38.0,25.0,13.0
2025,15,00-0040259,Gage Larvadain,WR,CLE,1.8,3.4168425405880827,A_normalized_signals,1425,14,93.0,99.0,6.0
2025,15,00-0037247,George Pickens,WR,DAL,6.3,14.518911254724527,A_normalized_signals,1425,14,58.0,8.0,50.0
2025,15,00-0040669,Isaac TeSlaa,WR,DET,0.0,4.863380507288426,A_normalized_signals,1425,14,103.0,81.0,22.0
2025,15,00-0040782,Isaiah Bond,WR,CLE,10.9,4.6718827920981685,A_normalized_signals,1425,14,36.0,85.0,49.0
2025,15,00-0036165,Isaiah Hodgins,WR,NYG,1.4,7.222425355414379,A_normalized_signals,1425,14,98.0,59.0,39.0
2025,15,00-0039451,Isaiah Williams,WR,NYJ,11.3,2.120710505120191,A_normalized_signals,1425,14,34.0,117.0,83.0
2025,15,00-0036900,Ja'Marr Chase,WR,CIN,23.2,13.363584675198599,A_normalized_signals,1425,14,6.0,14.0,8.0
2025,15,00-0040729,Jack Bech,WR,LV,3.7,6.131463973635361,A_normalized_signals,1425,14,78.0,72.0,6.0
2025,15,00-0034960,Jakobi Meyers,WR,JAX,12.1,14.698541157530576,A_normalized_signals,1425,14,27.0,7.0,20.0
2025,15,00-0038640,Jalen Brooks,WR,ARI,2.9,2.1882870646496526,A_normalized_signals,1425,14,84.0,116.0,32.0
2025,15,00-0039491,Jalen Coker,WR,CAR,16.0,9.282633183429999,A_normalized_signals,1425,14,19.0,38.0,19.0
2025,15,00-0037291,Jalen Nailor,WR,MIN,19.5,3.245221395951014,A_normalized_signals,1425,14,10.0,104.0,94.0
2025,15,00-0038938,Jalin Hyatt,WR,NYG,0.0,2.566560585904132,A_normalized_signals,1425,14,103.0,114.0,11.0
2025,15,00-0036133,James Proche,WR,TEN,0.0,3.114044287038402,A_normalized_signals,1425,14,103.0,106.0,3.0
2025,15,00-0037240,Jameson Williams,WR,DET,26.4,12.630485402136358,A_normalized_signals,1425,14,3.0,16.0,13.0
2025,15,00-0036259,Jauan Jennings,WR,SF,18.7,12.373179794815758,A_normalized_signals,1425,14,12.0,20.0,8.0
2025,15,00-0038543,Jaxon Smith-Njigba,WR,SEA,18.3,16.510701207175305,A_normalized_signals,1425,14,13.0,3.0,10.0
2025,15,00-0040130,Jayden Higgins,WR,HOU,1.4,10.62935098840659,A_normalized_signals,1425,14,98.0,34.0,64.0
2025,15,00-0039146,Jayden Reed,WR,GB,10.5,11.36351885821012,A_normalized_signals,1425,14,37.0,29.0,8.0
2025,15,00-0036613,Jaylen Waddle,WR,MIA,4.6,13.692578597794585,A_normalized_signals,1425,14,70.0,12.0,58.0
2025,15,00-0040164,Jaylin Lane,WR,WAS,0.0,1.3759121790160629,A_normalized_signals,1425,14,103.0,127.0,24.0
2025,15,00-0040138,Jaylin Noel,WR,HOU,0.0,3.804505477354131,A_normalized_signals,1425,14,103.0,96.0,7.0
2025,15,00-0036407,Jerry Jeudy,WR,CLE,4.2,8.260636415282242,A_normalized_signals,1425,14,72.0,52.0,20.0
2025,15,00-0040218,Jimmy Horn Jr.,WR,CAR,1.7,4.465741813028989,A_normalized_signals,1425,14,94.0,87.0,7.0
2025,15,00-0037614,John Metchie III,WR,NYJ,6.9,12.169985891731166,A_normalized_signals,1425,14,55.0,22.0,33.0
2025,15,00-0039062,Jonathan Mingo,WR,DAL,3.5,1.7777675917769458,A_normalized_signals,1425,14,80.0,122.0,42.0
2025,15,00-0038994,Jordan Addison,WR,MIN,8.6,9.015005706429422,A_normalized_signals,1425,14,44.0,43.0,1.0
2025,15,00-0039751,Jordan Whittington,WR,LA,0.0,2.836333637162683,A_normalized_signals,1425,14,103.0,111.0,8.0
2025,15,00-0038997,Josh Downs,WR,IND,10.3,8.653450140437272,A_normalized_signals,1425,14,39.0,47.0,8.0
2025,15,00-0036988,Josh Palmer,WR,BUF,2.6,6.312373526400779,A_normalized_signals,1425,14,86.0,70.0,16.0
2025,15,00-0033857,JuJu Smith-Schuster,WR,KC,0.0,2.916492417157164,A_normalized_signals,1425,14,103.0,108.0,5.0
2025,15,00-0036322,Justin Jefferson,WR,MIN,4.2,9.184054314732114,A_normalized_signals,1425,14,72.0,41.0,31.0
2025,15,00-0037801,KaVontae Turpin,WR,DAL,3.2,7.19748881144581,A_normalized_signals,1425,14,81.0,61.0,20.0
2025,15,00-0032464,Kalif Raymond,WR,DET,3.0,3.9275736736849587,A_normalized_signals,1425,14,82.0,93.0,11.0
2025,15,00-0039589,Kameron Johnson,WR,TB,0.0,1.0568691818916662,A_normalized_signals,1425,14,103.0,137.0,34.0
2025,15,00-0038608,Kayshon Boutte,WR,NE,4.0,4.755673756504691,A_normalized_signals,1425,14,75.0,83.0,8.0
2025,15,00-0040184,KeAndre Lambert-Smith,WR,LAC,8.6,1.5155228377068743,A_normalized_signals,1425,14,44.0,125.0,81.0
2025,15,00-0030279,Keenan Allen,WR,LAC,8.6,9.190808843985714,A_normalized_signals,1425,14,44.0,40.0,4.0
2025,15,00-0033307,Kendrick Bourne,WR,SF,3.7,3.3302569539781812,A_normalized_signals,1425,14,78.0,102.0,24.0
2025,15,00-0037231,Kevin Austin Jr.,WR,NO,6.3,1.7777675917769458,A_normalized_signals,1425,14,58.0,122.0,64.0
2025,15,00-0034854,KhaDarel Hodge,WR,ATL,0.0,1.0568691818916662,A_normalized_signals,1425,14,103.0,137.0,34.0
2025,15,00-0037261,Khalil Shakir,WR,BUF,11.5,9.357683259360975,A_normalized_signals,1425,14,33.0,37.0,4.0
2025,15,00-0040590,Konata Mumpfield,WR,LA,0.0,1.9371014071765424,A_normalized_signals,1425,14,103.0,120.0,17.0
2025,15,00-0040131,Kyle Williams,WR,NE,0.0,3.3902313513034192,A_normalized_signals,1425,14,103.0,100.0,3.0
2025,15,00-0040075,LaJohntay Wester,WR,BAL,0.0,1.0806468496387638,A_normalized_signals,1425,14,103.0,130.0,27.0
2025,15,00-0039915,Ladd McConkey,WR,LAC,4.0,9.094838196885979,A_normalized_signals,1425,14,75.0,42.0,33.0
2025,15,00-0035406,Lil'Jordan Humphrey,WR,DEN,13.2,3.2091361043336804,A_normalized_signals,1425,14,26.0,105.0,79.0
2025,15,00-0040735,Luther Burden III,WR,CHI,14.4,10.707639964945606,A_normalized_signals,1425,14,24.0,32.0,8.0
2025,15,00-0033555,Mack Hollins,WR,NE,8.1,8.10850779252449,A_normalized_signals,1425,14,49.0,53.0,4.0
2025,15,00-0039920,Malachi Corley,WR,CLE,2.0,2.8770054514614127,A_normalized_signals,1425,14,90.0,109.0,19.0
2025,15,00-0039880,Malik Washington,WR,MIA,2.0,8.614501612794687,A_normalized_signals,1425,14,90.0,48.0,42.0
2025,15,00-0034272,Marquez Valdes-Scantling,WR,PIT,8.9,3.3846786117182965,A_normalized_signals,1425,14,43.0,101.0,58.0
2025,15,00-0038976,Marvin Mims Jr.,WR,DEN,7.7,3.317086286339546,A_normalized_signals,1425,14,52.0,103.0,51.0
2025,15,00-0039623,Mason Tipton,WR,NO,1.1,4.446996349336119,A_normalized_signals,1425,14,100.0,88.0,12.0
2025,15,00-0040667,Matthew Golden,WR,GB,8.5,3.89346572780275,A_normalized_signals,1425,14,47.0,94.0,47.0
2025,15,00-0036959,Michael Bandy,WR,DEN,9.0,1.1695704594754885,A_normalized_signals,1425,14,42.0,128.0,86.0
2025,15,00-0036252,Michael Pittman,WR,IND,5.6,11.503761688604028,A_normalized_signals,1425,14,62.0,28.0,34.0
2025,15,00-0038559,Michael Wilson,WR,ARI,16.4,16.408469323096107,A_normalized_signals,1425,14,17.0,4.0,13.0
2025,15,00-0031408,Mike Evans,WR,TB,19.2,10.11989810596303,A_normalized_signals,1425,14,11.0,36.0,25.0
2025,15,00-0038839,Mitchell Tinsley,WR,CIN,2.6,7.209370752720453,A_normalized_signals,1425,14,86.0,60.0,26.0
2025,15,00-0040506,Myles Price,WR,MIN,0.0,1.0806468496387638,A_normalized_signals,1425,14,103.0,130.0,27.0
2025,15,00-0036182,Nick Westbrook-Ikhine,WR,MIA,0.0,1.1663130725532234,A_normalized_signals,1425,14,103.0,129.0,26.0
2025,15,00-0036554,Nico Collins,WR,HOU,23.5,12.528594701200822,A_normalized_signals,1425,14,5.0,17.0,12.0
2025,15,00-0038519,Nikko Remigio,WR,KC,0.0,1.0806468496387638,A_normalized_signals,1425,14,103.0,130.0,27.0
2025,15,00-0033591,Noah Brown,WR,WAS,3.8,5.313665331466158,A_normalized_signals,1425,14,77.0,77.0,0.0
2025,15,00-0035208,Olamide Zaccheaus,WR,CHI,0.0,4.664882706243868,A_normalized_signals,1425,14,103.0,86.0,17.0
2025,15,00-0038606,Parker Washington,WR,JAX,8.3,7.395469786566731,A_normalized_signals,1425,14,48.0,57.0,9.0
2025,15,00-0039075,Puka Nacua,WR,LA,27.9,17.285025662871377,A_normalized_signals,1425,14,2.0,2.0,0.0
2025,15,00-0039067,Rashee Rice,WR,KC,12.1,16.29212759627476,A_normalized_signals,1425,14,27.0,5.0,22.0
2025,15,00-0037545,Rashid Shaheed,WR,SEA,12.1,6.6407524959333175,A_normalized_signals,1425,14,27.0,67.0,40.0
2025,15,00-0039916,Ricky Pearsall,WR,SF,15.6,5.654487209832678,A_normalized_signals,1425,14,22.0,75.0,53.0
2025,15,00-0037816,Romeo Doubs,WR,GB,5.6,5.916001133263762,A_normalized_signals,1425,14,62.0,73.0,11.0
2025,15,00-0039410,Ryan Flournoy,WR,DAL,8.0,7.584845015895296,A_normalized_signals,1425,14,50.0,55.0,5.0
2025,15,00-0038090,Skyy Moore,WR,SF,0.0,1.0806468496387638,A_normalized_signals,1425,14,103.0,130.0,27.0
2025,15,00-0031588,Stefon Diggs,WR,NE,5.6,8.95953151280974,A_normalized_signals,1425,14,62.0,45.0,17.0
2025,15,00-0035659,Terry McLaurin,WR,WAS,15.9,12.475694359010227,A_normalized_signals,1425,14,20.0,18.0,2.0
2025,15,00-0040124,Tetairoa McMillan,WR,CAR,4.5,12.15250449062519,A_normalized_signals,1425,14,71.0,23.0,48.0
2025,15,00-0040237,Tez Johnson,WR,TB,0.0,7.067461103525206,A_normalized_signals,1425,14,103.0,64.0,39.0
2025,15,00-0035544,Tom Kennedy,WR,DET,0.0,3.5228598355545566,A_normalized_signals,1425,14,103.0,98.0,5.0
2025,15,00-0040727,Tre Harris,WR,LAC,7.9,5.408050993193957,A_normalized_signals,1425,14,51.0,76.0,25.0
2025,15,00-0038563,Tre Tucker,WR,LV,0.0,8.288691487773978,A_normalized_signals,1425,14,103.0,51.0,52.0
2025,15,00-0037742,Treylon Burks,WR,WAS,0.0,5.002404855478603,A_normalized_signals,1425,14,103.0,79.0,24.0
2025,15,00-0039868,Troy Franklin,WR,DEN,20.8,7.15612480800271,A_normalized_signals,1425,14,8.0,62.0,54.0
2025,15,00-0036849,Tutu Atwell,WR,LA,1.9,4.898709808997307,A_normalized_signals,1425,14,92.0,80.0,12.0
2025,15,00-0036630,Tylan Wallace,WR,BAL,0.0,1.6587161132451536,A_normalized_signals,1425,14,103.0,124.0,21.0
2025,15,00-0032211,Tyler Lockett,WR,LV,3.0,5.752125602419717,A_normalized_signals,1425,14,82.0,74.0,8.0
2025,15,00-0038104,Tyquan Thornton,WR,KC,6.7,2.0563913325129946,A_normalized_signals,1425,14,56.0,118.0,62.0
2025,15,00-0036415,Van Jefferson,WR,TEN,5.3,5.090051724722965,A_normalized_signals,1425,14,67.0,78.0,11.0
2025,15,00-0038117,Wan'Dale Robinson,WR,NYG,16.4,16.053756086691063,A_normalized_signals,1425,14,17.0,6.0,11.0
2025,15,00-0038618,Xavier Hutchinson,WR,HOU,2.6,3.8514113144546918,A_normalized_signals,1425,14,86.0,95.0,9.0
2025,15,00-0039342,Xavier Legette,WR,CAR,5.9,7.8048725920392865,A_normalized_signals,1425,14,60.0,54.0,6.0
2025,15,00-0038359,Xavier Smith,WR,LA,0.0,4.212930473825634,A_normalized_signals,1425,14,103.0,91.0,12.0
2025,15,00-0039894,Xavier Worthy,WR,KC,5.5,10.319156288649198,A_normalized_signals,1425,14,66.0,35.0,31.0
2025,15,00-0039064,Zay Flowers,WR,BAL,15.8,13.625524760752631,A_normalized_signals,1425,14,21.0,13.0,8.0
2025,16,00-0035676,A.J. Brown,WR,PHI,18.5,14.742166250969412,A_normalized_signals,1566,15,15.0,7.0,8.0
2025,16,00-0030035,Adam Thielen,WR,PIT,8.9,2.628818438616866,A_normalized_signals,1566,15,43.0,113.0,70.0
2025,16,00-0039890,Adonai Mitchell,WR,NYJ,7.3,13.982096587617626,A_normalized_signals,1566,15,54.0,10.0,44.0
2025,16,00-0037664,Alec Pierce,WR,IND,24.6,8.190865340649474,A_normalized_signals,1566,15,5.0,50.0,45.0
2025,16,00-0035602,Alex Bachman,WR,LV,1.3,0.9939381717573353,A_normalized_signals,1566,15,112.0,138.0,26.0
2025,16,00-0036963,Amon-Ra St. Brown,WR,DET,9.4,13.807372253119741,A_normalized_signals,1566,15,38.0,14.0,24.0
2025,16,00-0038619,Andrei Iosivas,WR,CIN,3.1,3.6340133316522643,A_normalized_signals,1566,15,87.0,100.0,13.0
2025,16,00-0040582,Arian Smith,WR,NYJ,0.0,2.245978669506992,A_normalized_signals,1566,15,118.0,124.0,6.0
2025,16,00-0036862,Ben Skowronek,WR,PIT,0.0,1.6328971627644764,A_normalized_signals,1566,15,118.0,129.0,11.0
2025,16,00-0037091,Bo Melton,WR,GB,0.0,4.593598658014464,A_normalized_signals,1566,15,118.0,89.0,29.0
2025,16,00-0031236,Brandin Cooks,WR,BUF,0.0,3.9911468447064156,A_normalized_signals,1566,15,118.0,96.0,22.0
2025,16,00-0039893,Brian Thomas Jr.,WR,JAX,3.8,9.858602052069127,A_normalized_signals,1566,15,81.0,36.0,45.0
2025,16,00-0037132,Britain Covey,WR,PHI,0.0,0.9939381717573353,A_normalized_signals,1566,15,118.0,138.0,20.0
2025,16,00-0038840,Brycen Tremayne,WR,CAR,0.0,0.9939381717573353,A_normalized_signals,1566,15,118.0,138.0,20.0
2025,16,00-0037837,Calvin Austin III,WR,PIT,1.8,3.0827821088925154,A_normalized_signals,1566,15,102.0,109.0,7.0
2025,16,00-0038979,Cedric Tillman,WR,CLE,1.8,4.0541148386932635,A_normalized_signals,1566,15,102.0,93.0,9.0
2025,16,00-0034418,Cedrick Wilson Jr.,WR,MIA,2.1,3.265921892579423,A_normalized_signals,1566,15,97.0,106.0,9.0
2025,16,00-0036358,CeeDee Lamb,WR,DAL,11.1,13.942107522812567,A_normalized_signals,1566,15,31.0,11.0,20.0
2025,16,00-0040705,Chimere Dike,WR,TEN,13.0,9.892843229615062,A_normalized_signals,1566,15,26.0,35.0,9.0
2025,16,00-0033921,Chris Godwin Jr.,WR,TB,8.0,10.469304732260998,A_normalized_signals,1566,15,50.0,30.0,20.0
2025,16,00-0032398,Chris Moore,WR,WAS,0.0,5.039131418882656,A_normalized_signals,1566,15,118.0,81.0,37.0
2025,16,00-0037239,Chris Olave,WR,NO,36.8,12.010745134586086,A_normalized_signals,1566,15,2.0,20.0,18.0
2025,16,00-0034775,Christian Kirk,WR,HOU,6.7,6.814030063237303,A_normalized_signals,1566,15,59.0,62.0,3.0
2025,16,00-0038124,Christian Watson,WR,GB,3.7,11.858754670210352,A_normalized_signals,1566,15,83.0,21.0,62.0
2025,16,00-0035891,Cody White,WR,SEA,0.0,1.84891425839995,A_normalized_signals,1566,15,118.0,128.0,10.0
2025,16,00-0040352,Coleman Owen,WR,IND,0.0,0.9939381717573353,A_normalized_signals,1566,15,118.0,138.0,20.0
2025,16,00-0033908,Cooper Kupp,WR,SEA,6.9,8.227364863287628,A_normalized_signals,1566,15,58.0,49.0,9.0
2025,16,00-0034348,Courtland Sutton,WR,DEN,20.6,13.642813514271257,A_normalized_signals,1566,15,10.0,15.0,5.0
2025,16,00-0034827,DJ Moore,WR,CHI,21.9,8.109106426551364,A_normalized_signals,1566,15,9.0,51.0,42.0
2025,16,00-0035640,DK Metcalf,WR,PIT,8.2,11.309646078388003,A_normalized_signals,1566,15,47.0,25.0,22.0
2025,16,00-0034860,Dante Pettis,WR,NO,0.0,0.9939381717573353,A_normalized_signals,1566,15,118.0,138.0,20.0
2025,16,00-0037093,Dareke Young,WR,SEA,0.0,1.2612144388480448,A_normalized_signals,1566,15,118.0,132.0,14.0
2025,16,00-0035535,Darius Slayton,WR,NYG,1.8,7.564776289494723,A_normalized_signals,1566,15,102.0,56.0,46.0
2025,16,00-0036309,Darnell Mooney,WR,ATL,4.4,7.083827440894134,A_normalized_signals,1566,15,76.0,61.0,15.0
2025,16,00-0035359,David Sills,WR,ATL,0.0,8.264694077061716,A_normalized_signals,1566,15,118.0,48.0,70.0
2025,16,00-0030564,DeAndre Hopkins,WR,BAL,8.1,3.5504065245964522,A_normalized_signals,1566,15,48.0,101.0,53.0
2025,16,00-0038621,DeMario Douglas,WR,NE,1.6,3.960568918063964,A_normalized_signals,1566,15,106.0,97.0,9.0
2025,16,00-0036912,DeVonta Smith,WR,PHI,16.2,9.34440619383538,A_normalized_signals,1566,15,17.0,38.0,21.0
2025,16,00-0036620,Dee Eskridge,WR,MIA,0.0,1.0641929191994781,A_normalized_signals,1566,15,118.0,135.0,17.0
2025,16,00-0035719,Deebo Samuel Sr.,WR,WAS,6.5,11.281349388031956,A_normalized_signals,1566,15,60.0,26.0,34.0
2025,16,00-0032775,Demarcus Robinson,WR,SF,10.3,3.4078663049510083,A_normalized_signals,1566,15,33.0,103.0,70.0
2025,16,00-0037487,Deven Thompkins,WR,ATL,0.0,2.3072721492998545,A_normalized_signals,1566,15,118.0,120.0,2.0
2025,16,00-0036331,Devin Duvernay,WR,CHI,0.0,1.133572083562273,A_normalized_signals,1566,15,118.0,134.0,16.0
2025,16,00-0039792,Devontez Walker,WR,BAL,0.0,2.0517763298537344,A_normalized_signals,1566,15,118.0,126.0,8.0
2025,16,00-0038393,Dontayvion Wicks,WR,GB,3.2,8.585433201487534,A_normalized_signals,1566,15,86.0,45.0,41.0
2025,16,00-0037238,Drake London,WR,ATL,5.7,18.343519154406934,A_normalized_signals,1566,15,66.0,2.0,64.0
2025,16,00-0040170,Elic Ayomanor,WR,TEN,8.8,4.916261894211622,A_normalized_signals,1566,15,44.0,83.0,39.0
2025,16,00-0040129,Emeka Egbuka,WR,TB,5.0,11.782819363309898,A_normalized_signals,1566,15,71.0,22.0,49.0
2025,16,00-0040259,Gage Larvadain,WR,CLE,0.0,4.848982121540899,A_normalized_signals,1566,15,118.0,85.0,33.0
2025,16,00-0037247,George Pickens,WR,DAL,26.0,11.630649616697546,A_normalized_signals,1566,15,4.0,23.0,19.0
2025,16,00-0035645,Gunner Olszewski,WR,NYG,0.0,1.254780869048788,A_normalized_signals,1566,15,118.0,133.0,15.0
2025,16,00-0040669,Isaac TeSlaa,WR,DET,15.2,4.7478675107769845,A_normalized_signals,1566,15,19.0,87.0,68.0
2025,16,00-0040782,Isaiah Bond,WR,CLE,2.0,5.165955232910299,A_normalized_signals,1566,15,99.0,80.0,19.0
2025,16,00-0039451,Isaiah Williams,WR,NYJ,6.5,5.586242660122745,A_normalized_signals,1566,15,60.0,75.0,15.0
2025,16,00-0036900,Ja'Marr Chase,WR,CIN,19.9,16.884864229632623,A_normalized_signals,1566,15,12.0,4.0,8.0
2025,16,00-0040729,Jack Bech,WR,LV,6.3,7.297136877386051,A_normalized_signals,1566,15,62.0,59.0,3.0
2025,16,00-0037741,Jahan Dotson,WR,PHI,4.3,3.367931556061233,A_normalized_signals,1566,15,78.0,105.0,27.0
2025,16,00-0040277,Jahdae Walker,WR,CHI,10.1,0.9939381717573353,A_normalized_signals,1566,15,35.0,138.0,103.0
2025,16,00-0034960,Jakobi Meyers,WR,JAX,8.6,14.538883060650265,A_normalized_signals,1566,15,45.0,8.0,37.0
2025,16,00-0038640,Jalen Brooks,WR,ARI,0.0,2.9357511532398406,A_normalized_signals,1566,15,118.0,112.0,6.0
2025,16,00-0039491,Jalen Coker,WR,CAR,7.7,10.495003512477043,A_normalized_signals,1566,15,51.0,29.0,22.0
2025,16,00-0039855,Jalen McMillan,WR,TB,3.6,4.287941843671784,A_normalized_signals,1566,15,84.0,91.0,7.0
2025,16,00-0037291,Jalen Nailor,WR,MIN,0.0,6.760199256200516,A_normalized_signals,1566,15,118.0,64.0,54.0
2025,16,00-0037240,Jameson Williams,WR,DET,12.0,17.319817198207808,A_normalized_signals,1566,15,29.0,3.0,26.0
2025,16,00-0036259,Jauan Jennings,WR,SF,18.1,12.074436247544881,A_normalized_signals,1566,15,16.0,19.0,3.0
2025,16,00-0038543,Jaxon Smith-Njigba,WR,SEA,23.6,13.323137099690257,A_normalized_signals,1566,15,6.0,17.0,11.0
2025,16,00-0040130,Jayden Higgins,WR,HOU,2.7,6.298035812958409,A_normalized_signals,1566,15,91.0,66.0,25.0
2025,16,00-0039146,Jayden Reed,WR,GB,7.1,10.433653825930893,A_normalized_signals,1566,15,56.0,32.0,24.0
2025,16,00-0036613,Jaylen Waddle,WR,MIA,12.2,11.014364603086532,A_normalized_signals,1566,15,28.0,27.0,1.0
2025,16,00-0040164,Jaylin Lane,WR,WAS,0.0,1.6080470910606408,A_normalized_signals,1566,15,118.0,130.0,12.0
2025,16,00-0040138,Jaylin Noel,WR,HOU,0.0,2.2601694322301853,A_normalized_signals,1566,15,118.0,123.0,5.0
2025,16,00-0036407,Jerry Jeudy,WR,CLE,4.2,7.634583120635423,A_normalized_signals,1566,15,79.0,54.0,25.0
2025,16,00-0040218,Jimmy Horn Jr.,WR,CAR,2.5,3.6676497365635807,A_normalized_signals,1566,15,93.0,99.0,6.0
2025,16,00-0037614,John Metchie III,WR,NYJ,1.4,10.782281252060855,A_normalized_signals,1566,15,110.0,28.0,82.0
2025,16,00-0039062,Jonathan Mingo,WR,DAL,0.0,2.3923580333095407,A_normalized_signals,1566,15,118.0,118.0,0.0
2025,16,00-0038994,Jordan Addison,WR,MIN,4.6,10.453009680524884,A_normalized_signals,1566,15,75.0,31.0,44.0
2025,16,00-0039751,Jordan Whittington,WR,LA,2.9,2.284224960291071,A_normalized_signals,1566,15,90.0,121.0,31.0
2025,16,00-0038997,Josh Downs,WR,IND,11.8,8.994465343543236,A_normalized_signals,1566,15,30.0,42.0,12.0
2025,16,00-0036988,Josh Palmer,WR,BUF,1.2,5.834009476043908,A_normalized_signals,1566,15,113.0,74.0,39.0
2025,16,00-0033857,JuJu Smith-Schuster,WR,KC,2.2,2.309149787334619,A_normalized_signals,1566,15,95.0,119.0,24.0
2025,16,00-0036322,Justin Jefferson,WR,MIN,14.5,9.036758820506144,A_normalized_signals,1566,15,20.0,41.0,21.0
2025,16,00-0037801,KaVontae Turpin,WR,DAL,4.7,6.274459246034764,A_normalized_signals,1566,15,74.0,68.0,6.0
2025,16,00-0032464,Kalif Raymond,WR,DET,16.2,2.2044384955311633,A_normalized_signals,1566,15,17.0,125.0,108.0
2025,16,00-0039589,Kameron Johnson,WR,TB,0.0,1.0641929191994781,A_normalized_signals,1566,15,118.0,135.0,17.0
2025,16,00-0038608,Kayshon Boutte,WR,NE,2.6,5.198792577176093,A_normalized_signals,1566,15,92.0,79.0,13.0
2025,16,00-0040534,Ke'Shawn Williams,WR,CIN,0.1,0.9939381717573353,A_normalized_signals,1566,15,117.0,138.0,21.0
2025,16,00-0040184,KeAndre Lambert-Smith,WR,LAC,2.0,3.040679501821729,A_normalized_signals,1566,15,99.0,110.0,11.0
2025,16,00-0030279,Keenan Allen,WR,LAC,9.4,9.136383021852625,A_normalized_signals,1566,15,38.0,40.0,2.0
2025,16,00-0033307,Kendrick Bourne,WR,SF,5.7,3.0918477474276833,A_normalized_signals,1566,15,66.0,108.0,42.0
2025,16,00-0037231,Kevin Austin Jr.,WR,NO,3.8,4.230059299869231,A_normalized_signals,1566,15,81.0,92.0,11.0
2025,16,00-0037261,Khalil Shakir,WR,BUF,7.4,7.609581012788201,A_normalized_signals,1566,15,53.0,55.0,2.0
2025,16,00-0040590,Konata Mumpfield,WR,LA,7.0,1.3721337771866682,A_normalized_signals,1566,15,57.0,131.0,74.0
2025,16,00-0040131,Kyle Williams,WR,NE,12.6,2.270891741909961,A_normalized_signals,1566,15,27.0,122.0,95.0
2025,16,00-0040075,LaJohntay Wester,WR,BAL,0.0,0.9939381717573353,A_normalized_signals,1566,15,118.0,138.0,20.0
2025,16,00-0039915,Ladd McConkey,WR,LAC,14.3,8.476971766353955,A_normalized_signals,1566,15,21.0,47.0,26.0
2025,16,00-0035406,Lil'Jordan Humphrey,WR,DEN,1.9,4.889992447124065,A_normalized_signals,1566,15,101.0,84.0,17.0
2025,16,00-0033555,Mack Hollins,WR,NE,13.9,9.456904093666973,A_normalized_signals,1566,15,24.0,37.0,13.0
2025,16,00-0039920,Malachi Corley,WR,CLE,6.1,2.4334269327487945,A_normalized_signals,1566,15,63.0,117.0,54.0
2025,16,00-0039880,Malik Washington,WR,MIA,10.2,6.413191810051062,A_normalized_signals,1566,15,34.0,65.0,31.0
2025,16,00-0034272,Marquez Valdes-Scantling,WR,PIT,1.6,3.3921611834959853,A_normalized_signals,1566,15,106.0,104.0,2.0
2025,16,00-0035662,Marquise Brown,WR,KC,5.2,4.007663650099835,A_normalized_signals,1566,15,69.0,95.0,26.0
2025,16,00-0039849,Marvin Harrison Jr.,WR,ARI,2.4,13.927024377661493,A_normalized_signals,1566,15,94.0,12.0,82.0
2025,16,00-0038976,Marvin Mims Jr.,WR,DEN,5.9,5.837915347993142,A_normalized_signals,1566,15,65.0,73.0,8.0
2025,16,00-0039623,Mason Tipton,WR,NO,8.1,3.7557221779405934,A_normalized_signals,1566,15,48.0,98.0,50.0
2025,16,00-0040667,Matthew Golden,WR,GB,0.4,4.57321113291888,A_normalized_signals,1566,15,116.0,90.0,26.0
2025,16,00-0035140,Mecole Hardman,WR,BUF,0.0,1.951384973812623,A_normalized_signals,1566,15,118.0,127.0,9.0
2025,16,00-0036252,Michael Pittman,WR,IND,7.2,9.901615523997219,A_normalized_signals,1566,15,55.0,33.0,22.0
2025,16,00-0038559,Michael Wilson,WR,ARI,13.2,15.37121864725387,A_normalized_signals,1566,15,25.0,6.0,19.0
2025,16,00-0031408,Mike Evans,WR,TB,14.1,11.60448020585699,A_normalized_signals,1566,15,23.0,24.0,1.0
2025,16,00-0038839,Mitchell Tinsley,WR,CIN,0.0,7.326341273975365,A_normalized_signals,1566,15,118.0,58.0,60.0
2025,16,00-0040506,Myles Price,WR,MIN,0.0,0.9939381717573353,A_normalized_signals,1566,15,118.0,138.0,20.0
2025,16,00-0036554,Nico Collins,WR,HOU,9.9,14.08574514775561,A_normalized_signals,1566,15,36.0,9.0,27.0
2025,16,00-0038519,Nikko Remigio,WR,KC,0.0,0.9939381717573353,A_normalized_signals,1566,15,118.0,138.0,20.0
2025,16,00-0035208,Olamide Zaccheaus,WR,CHI,5.3,5.296170285334688,A_normalized_signals,1566,15,68.0,78.0,10.0
2025,16,00-0038606,Parker Washington,WR,JAX,26.5,7.878149755422548,A_normalized_signals,1566,15,3.0,52.0,49.0
2025,16,00-0040134,Pat Bryant,WR,DEN,9.2,8.517658271122842,A_normalized_signals,1566,15,42.0,46.0,4.0
2025,16,00-0039075,Puka Nacua,WR,LA,46.5,18.363753117544235,A_normalized_signals,1566,15,1.0,1.0,0.0
2025,16,00-0038544,Quentin Johnston,WR,LAC,20.4,6.044454304854932,A_normalized_signals,1566,15,11.0,71.0,60.0
2025,16,00-0037545,Rashid Shaheed,WR,SEA,3.1,9.243861843272034,A_normalized_signals,1566,15,87.0,39.0,48.0
2025,16,00-0036550,Rashod Bateman,WR,BAL,0.0,3.5188088715609047,A_normalized_signals,1566,15,118.0,102.0,16.0
2025,16,00-0037816,Romeo Doubs,WR,GB,19.4,5.485139505566281,A_normalized_signals,1566,15,13.0,76.0,63.0
2025,16,00-0039410,Ryan Flournoy,WR,DAL,9.8,9.89574592167793,A_normalized_signals,1566,15,37.0,34.0,3.0
2025,16,00-0040009,Savion Williams,WR,GB,0.9,2.5598230799985324,A_normalized_signals,1566,15,114.0,116.0,2.0
2025,16,00-0035298,Scott Miller,WR,PIT,4.9,2.6088320231560624,A_normalized_signals,1566,15,73.0,114.0,41.0
2025,16,00-0038090,Skyy Moore,WR,SF,3.3,0.9939381717573353,A_normalized_signals,1566,15,85.0,138.0,53.0
2025,16,00-0031588,Stefon Diggs,WR,NE,22.8,6.772889771394176,A_normalized_signals,1566,15,8.0,63.0,55.0
2025,16,00-0040154,Tai Felton,WR,MIN,1.6,1.005929728276501,A_normalized_signals,1566,15,106.0,137.0,31.0
2025,16,00-0036410,Tee Higgins,WR,CIN,14.3,12.720414542094481,A_normalized_signals,1566,15,21.0,18.0,3.0
2025,16,00-0035659,Terry McLaurin,WR,WAS,8.3,13.440085833570338,A_normalized_signals,1566,15,46.0,16.0,30.0
2025,16,00-0040124,Tetairoa McMillan,WR,CAR,19.3,8.6287467348164,A_normalized_signals,1566,15,14.0,44.0,30.0
2025,16,00-0040237,Tez Johnson,WR,TB,0.9,4.82435773102934,A_normalized_signals,1566,15,114.0,86.0,28.0
2025,16,00-0033375,Tim Patrick,WR,JAX,2.1,6.117618096584601,A_normalized_signals,1566,15,97.0,70.0,27.0
2025,16,00-0035544,Tom Kennedy,WR,DET,0.0,2.573297012600552,A_normalized_signals,1566,15,118.0,115.0,3.0
2025,16,00-0040727,Tre Harris,WR,LAC,9.4,7.46113171491157,A_normalized_signals,1566,15,38.0,57.0,19.0
2025,16,00-0038563,Tre Tucker,WR,LV,9.4,5.949068957753587,A_normalized_signals,1566,15,38.0,72.0,34.0
2025,16,00-0037742,Treylon Burks,WR,WAS,5.0,4.044091516085284,A_normalized_signals,1566,15,71.0,94.0,23.0
2025,16,00-0039868,Troy Franklin,WR,DEN,10.6,7.64607258500983,A_normalized_signals,1566,15,32.0,53.0,21.0
2025,16,00-0036427,Tyler Johnson,WR,NYJ,1.7,6.233457837511575,A_normalized_signals,1566,15,105.0,69.0,36.0
2025,16,00-0032211,Tyler Lockett,WR,LV,1.6,5.412221763542229,A_normalized_signals,1566,15,106.0,77.0,29.0
2025,16,00-0038679,Tyrell Shavers,WR,BUF,3.1,4.934809722799331,A_normalized_signals,1566,15,87.0,82.0,5.0
2025,16,00-0036415,Van Jefferson,WR,TEN,4.4,7.2949561430703636,A_normalized_signals,1566,15,76.0,60.0,16.0
2025,16,00-0038117,Wan'Dale Robinson,WR,NYG,5.2,16.69771708934866,A_normalized_signals,1566,15,69.0,5.0,64.0
2025,16,00-0038618,Xavier Hutchinson,WR,HOU,1.4,4.6146942650734895,A_normalized_signals,1566,15,110.0,88.0,22.0
2025,16,00-0039342,Xavier Legette,WR,CAR,2.2,6.290263841054827,A_normalized_signals,1566,15,95.0,67.0,28.0
2025,16,00-0038359,Xavier Smith,WR,LA,7.7,3.0260235639448165,A_normalized_signals,1566,15,51.0,111.0,60.0
2025,16,00-0039521,Xavier Weaver,WR,ARI,3.9,3.17990644533496,A_normalized_signals,1566,15,80.0,107.0,27.0
2025,16,00-0039894,Xavier Worthy,WR,KC,6.1,8.81634990017949,A_normalized_signals,1566,15,63.0,43.0,20.0
2025,16,00-0039064,Zay Flowers,WR,BAL,23.2,13.87137380090898,A_normalized_signals,1566,15,7.0,13.0,6.0
2025,17,00-0035676,A.J. Brown,WR,PHI,11.8,12.659946422811192,A_normalized_signals,1714,16,29.0,13.0,16.0
2025,17,00-0030035,Adam Thielen,WR,PIT,3.4,3.24614046995136,A_normalized_signals,1714,16,83.0,101.0,18.0
2025,17,00-0039890,Adonai Mitchell,WR,NYJ,5.2,9.797277289217176,A_normalized_signals,1714,16,62.0,28.0,34.0
2025,17,00-0037664,Alec Pierce,WR,IND,0.0,7.000666016485055,A_normalized_signals,1714,16,120.0,57.0,63.0
2025,17,00-0035602,Alex Bachman,WR,LV,0.0,1.121040313404903,A_normalized_signals,1714,16,120.0,131.0,11.0
2025,17,00-0036963,Amon-Ra St. Brown,WR,DET,14.8,14.946013900501562,A_normalized_signals,1714,16,16.0,5.0,11.0
2025,17,00-0038619,Andrei Iosivas,WR,CIN,8.1,2.7441950933985995,A_normalized_signals,1714,16,45.0,112.0,67.0
2025,17,00-0040582,Arian Smith,WR,NYJ,1.5,2.0924922137966266,A_normalized_signals,1714,16,106.0,123.0,17.0
2025,17,00-0035021,Ashton Dulin,WR,IND,0.0,1.6910502592851628,A_normalized_signals,1714,16,120.0,128.0,8.0
2025,17,00-0037091,Bo Melton,WR,GB,4.4,2.7039164689491333,A_normalized_signals,1714,16,72.0,113.0,41.0
2025,17,00-0031236,Brandin Cooks,WR,BUF,14.1,2.8718867812477926,A_normalized_signals,1714,16,19.0,110.0,91.0
2025,17,00-0039893,Brian Thomas Jr.,WR,JAX,7.9,8.727289709172934,A_normalized_signals,1714,16,48.0,35.0,13.0
2025,17,00-0037132,Britain Covey,WR,PHI,0.0,1.0545519934392773,A_normalized_signals,1714,16,120.0,132.0,12.0
2025,17,00-0038840,Brycen Tremayne,WR,CAR,0.0,1.0545519934392773,A_normalized_signals,1714,16,120.0,132.0,12.0
2025,17,00-0038979,Cedric Tillman,WR,CLE,5.2,2.6975622351164583,A_normalized_signals,1714,16,62.0,114.0,52.0
2025,17,00-0034418,Cedrick Wilson Jr.,WR,MIA,1.8,3.1404904980590413,A_normalized_signals,1714,16,98.0,104.0,6.0
2025,17,00-0036358,CeeDee Lamb,WR,DAL,9.6,11.295894158213112,A_normalized_signals,1714,16,39.0,15.0,24.0
2025,17,00-0040705,Chimere Dike,WR,TEN,10.2,10.36567526181216,A_normalized_signals,1714,16,35.0,21.0,14.0
2025,17,00-0033921,Chris Godwin Jr.,WR,TB,23.8,10.023673337588427,A_normalized_signals,1714,16,4.0,23.0,19.0
2025,17,00-0032398,Chris Moore,WR,WAS,2.5,2.5294930854296984,A_normalized_signals,1714,16,91.0,117.0,26.0
2025,17,00-0037239,Chris Olave,WR,NO,25.9,13.828326133323449,A_normalized_signals,1714,16,2.0,7.0,5.0
2025,17,00-0034775,Christian Kirk,WR,HOU,2.1,7.231371170437322,A_normalized_signals,1714,16,95.0,54.0,41.0
2025,17,00-0038124,Christian Watson,WR,GB,22.3,8.620627267485085,A_normalized_signals,1714,16,5.0,37.0,32.0
2025,17,00-0033908,Cooper Kupp,WR,SEA,1.6,7.537938575096765,A_normalized_signals,1714,16,105.0,48.0,57.0
2025,17,00-0034348,Courtland Sutton,WR,DEN,8.0,14.140108749024408,A_normalized_signals,1714,16,47.0,6.0,41.0
2025,17,00-0034827,DJ Moore,WR,CHI,1.7,9.286219449571226,A_normalized_signals,1714,16,101.0,31.0,70.0
2025,17,00-0034860,Dante Pettis,WR,NO,8.3,1.0480711151036863,A_normalized_signals,1714,16,44.0,140.0,96.0
2025,17,00-0037093,Dareke Young,WR,SEA,0.0,1.0545519934392773,A_normalized_signals,1714,16,120.0,132.0,12.0
2025,17,00-0040024,Darius Cooper,WR,PHI,1.4,3.678249744137063,A_normalized_signals,1714,16,112.0,96.0,16.0
2025,17,00-0035535,Darius Slayton,WR,NYG,5.6,7.730513714002516,A_normalized_signals,1714,16,57.0,45.0,12.0
2025,17,00-0036309,Darnell Mooney,WR,ATL,5.5,5.534099738441714,A_normalized_signals,1714,16,59.0,68.0,9.0
2025,17,00-0035359,David Sills,WR,ATL,6.7,5.866780156906652,A_normalized_signals,1714,16,54.0,66.0,12.0
2025,17,00-0030564,DeAndre Hopkins,WR,BAL,0.0,4.486404214991393,A_normalized_signals,1714,16,120.0,82.0,38.0
2025,17,00-0038621,DeMario Douglas,WR,NE,2.0,3.1370125352154794,A_normalized_signals,1714,16,97.0,105.0,8.0
2025,17,00-0036912,DeVonta Smith,WR,PHI,4.5,8.92972938784743,A_normalized_signals,1714,16,71.0,33.0,38.0
2025,17,00-0035719,Deebo Samuel Sr.,WR,WAS,11.3,9.99419086530113,A_normalized_signals,1714,16,31.0,24.0,7.0
2025,17,00-0032775,Demarcus Robinson,WR,SF,5.0,4.349433641297804,A_normalized_signals,1714,16,65.0,86.0,21.0
2025,17,00-0037487,Deven Thompkins,WR,ATL,0.0,0.9120032977294852,A_normalized_signals,1714,16,120.0,145.0,25.0
2025,17,00-0036331,Devin Duvernay,WR,CHI,0.0,1.0475786444457622,A_normalized_signals,1714,16,120.0,142.0,22.0
2025,17,00-0040581,Dont'e Thornton Jr.,WR,LV,3.2,3.9827985647273674,A_normalized_signals,1714,16,85.0,91.0,6.0
2025,17,00-0038393,Dontayvion Wicks,WR,GB,1.7,6.732424001773241,A_normalized_signals,1714,16,101.0,59.0,42.0
2025,17,00-0037238,Drake London,WR,ATL,1.4,12.73040509592081,A_normalized_signals,1714,16,112.0,12.0,100.0
2025,17,00-0038953,Dylan Drummond,WR,ATL,0.0,3.613543051518354,A_normalized_signals,1714,16,120.0,98.0,22.0
2025,17,00-0040563,Efton Chism III,WR,NE,12.0,1.0545519934392773,A_normalized_signals,1714,16,28.0,132.0,104.0
2025,17,00-0040170,Elic Ayomanor,WR,TEN,13.7,5.183445505319249,A_normalized_signals,1714,16,21.0,71.0,50.0
2025,17,00-0040129,Emeka Egbuka,WR,TB,5.0,8.270942857898572,A_normalized_signals,1714,16,65.0,41.0,24.0
2025,17,00-0036196,Gabe Davis,WR,BUF,0.0,4.132690559641256,A_normalized_signals,1714,16,120.0,90.0,30.0
2025,17,00-0040259,Gage Larvadain,WR,CLE,0.0,2.4497850233335026,A_normalized_signals,1714,16,120.0,119.0,1.0
2025,17,00-0037247,George Pickens,WR,DAL,11.8,10.353726841643267,A_normalized_signals,1714,16,29.0,22.0,7.0
2025,17,00-0035645,Gunner Olszewski,WR,NYG,2.9,1.1896348694976302,A_normalized_signals,1714,16,87.0,130.0,43.0
2025,17,00-0040669,Isaac TeSlaa,WR,DET,13.9,5.223592418953683,A_normalized_signals,1714,16,20.0,70.0,50.0
2025,17,00-0040782,Isaiah Bond,WR,CLE,2.6,3.6532441854906073,A_normalized_signals,1714,16,90.0,97.0,7.0
2025,17,00-0036165,Isaiah Hodgins,WR,NYG,1.8,4.305105747468561,A_normalized_signals,1714,16,98.0,87.0,11.0
2025,17,00-0039451,Isaiah Williams,WR,NYJ,7.5,7.022925928503235,A_normalized_signals,1714,16,50.0,56.0,6.0
2025,17,00-0036900,Ja'Marr Chase,WR,CIN,25.0,15.480540705498456,A_normalized_signals,1714,16,3.0,4.0,1.0
2025,17,00-0037741,Jahan Dotson,WR,PHI,0.0,4.6651791260354045,A_normalized_signals,1714,16,120.0,78.0,42.0
2025,17,00-0040277,Jahdae Walker,WR,CHI,5.0,2.095406691143496,A_normalized_signals,1714,16,65.0,122.0,57.0
2025,17,00-0038752,Jake Bobo,WR,SEA,0.0,0.9120032977294852,A_normalized_signals,1714,16,120.0,145.0,25.0
2025,17,00-0034960,Jakobi Meyers,WR,JAX,9.9,12.814066039732827,A_normalized_signals,1714,16,36.0,11.0,25.0
2025,17,00-0039491,Jalen Coker,WR,CAR,3.6,9.963405251631286,A_normalized_signals,1714,16,80.0,25.0,55.0
2025,17,00-0039855,Jalen McMillan,WR,TB,18.4,5.391931042645036,A_normalized_signals,1714,16,10.0,69.0,59.0
2025,17,00-0037291,Jalen Nailor,WR,MIN,0.0,6.621052145274857,A_normalized_signals,1714,16,120.0,60.0,60.0
2025,17,00-0037666,Jalen Tolbert,WR,DAL,7.1,2.298458637109624,A_normalized_signals,1714,16,51.0,121.0,70.0
2025,17,00-0036133,James Proche,WR,TEN,1.5,2.543113136766845,A_normalized_signals,1714,16,106.0,115.0,9.0
2025,17,00-0037240,Jameson Williams,WR,DET,5.7,13.079924735243274,A_normalized_signals,1714,16,55.0,10.0,45.0
2025,17,00-0036259,Jauan Jennings,WR,SF,12.2,10.926252945818556,A_normalized_signals,1714,16,26.0,17.0,9.0
2025,17,00-0038543,Jaxon Smith-Njigba,WR,SEA,16.2,16.266966551243247,A_normalized_signals,1714,16,12.0,2.0,10.0
2025,17,00-0040130,Jayden Higgins,WR,HOU,16.8,4.492625925576656,A_normalized_signals,1714,16,11.0,81.0,70.0
2025,17,00-0039146,Jayden Reed,WR,GB,8.1,8.67647260853946,A_normalized_signals,1714,16,45.0,36.0,9.0
2025,17,00-0036613,Jaylen Waddle,WR,MIA,0.7,11.17976199231728,A_normalized_signals,1714,16,118.0,16.0,102.0
2025,17,00-0040138,Jaylin Noel,WR,HOU,14.6,1.8935602625479775,A_normalized_signals,1714,16,18.0,126.0,108.0
2025,17,00-0036407,Jerry Jeudy,WR,CLE,10.4,6.9652005234632295,A_normalized_signals,1714,16,34.0,58.0,24.0
2025,17,00-0040218,Jimmy Horn Jr.,WR,CAR,2.9,3.225233171600247,A_normalized_signals,1714,16,87.0,103.0,16.0
2025,17,00-0037614,John Metchie III,WR,NYJ,7.1,8.197523412650083,A_normalized_signals,1714,16,51.0,43.0,8.0
2025,17,00-0039062,Jonathan Mingo,WR,DAL,0.0,2.3922479694150214,A_normalized_signals,1714,16,120.0,120.0,0.0
2025,17,00-0038994,Jordan Addison,WR,MIN,12.5,7.220621415268919,A_normalized_signals,1714,16,25.0,55.0,30.0
2025,17,00-0039751,Jordan Whittington,WR,LA,0.0,2.4542661477524335,A_normalized_signals,1714,16,120.0,118.0,2.0
2025,17,00-0038997,Josh Downs,WR,IND,5.4,9.404824010157485,A_normalized_signals,1714,16,61.0,30.0,31.0
2025,17,00-0036988,Josh Palmer,WR,BUF,2.2,4.143937161529247,A_normalized_signals,1714,16,93.0,89.0,4.0
2025,17,00-0033857,JuJu Smith-Schuster,WR,KC,4.6,3.5538521510581096,A_normalized_signals,1714,16,70.0,100.0,30.0
2025,17,00-0036322,Justin Jefferson,WR,MIN,7.0,10.385832195314117,A_normalized_signals,1714,16,53.0,20.0,33.0
2025,17,00-0037801,KaVontae Turpin,WR,DAL,15.6,5.995614789063156,A_normalized_signals,1714,16,14.0,65.0,51.0
2025,17,00-0032464,Kalif Raymond,WR,DET,1.5,4.391680489242927,A_normalized_signals,1714,16,106.0,85.0,21.0
2025,17,00-0039589,Kameron Johnson,WR,TB,0.0,1.0480711151036863,A_normalized_signals,1714,16,120.0,140.0,20.0
2025,17,00-0040534,Ke'Shawn Williams,WR,CIN,1.5,0.9596055247858786,A_normalized_signals,1714,16,106.0,144.0,38.0
2025,17,00-0040184,KeAndre Lambert-Smith,WR,LAC,0.0,3.1088035778231466,A_normalized_signals,1714,16,120.0,106.0,14.0
2025,17,00-0030279,Keenan Allen,WR,LAC,2.7,8.376109186246246,A_normalized_signals,1714,16,89.0,40.0,49.0
2025,17,00-0033307,Kendrick Bourne,WR,SF,3.5,4.399837107128702,A_normalized_signals,1714,16,82.0,84.0,2.0
2025,17,00-0037231,Kevin Austin Jr.,WR,NO,15.2,3.8647610844647136,A_normalized_signals,1714,16,15.0,93.0,78.0
2025,17,00-0037261,Khalil Shakir,WR,BUF,9.5,8.396826892603999,A_normalized_signals,1714,16,40.0,39.0,1.0
2025,17,00-0040590,Konata Mumpfield,WR,LA,3.0,3.692937380877672,A_normalized_signals,1714,16,86.0,95.0,9.0
2025,17,00-0040131,Kyle Williams,WR,NE,5.0,3.031506844537821,A_normalized_signals,1714,16,65.0,107.0,42.0
2025,17,00-0040075,LaJohntay Wester,WR,BAL,0.0,1.0545519934392773,A_normalized_signals,1714,16,120.0,132.0,12.0
2025,17,00-0039915,Ladd McConkey,WR,LAC,4.1,7.648972107335511,A_normalized_signals,1714,16,76.0,46.0,30.0
2025,17,00-0032951,Laquon Treadwell,WR,IND,0.0,1.0545519934392773,A_normalized_signals,1714,16,120.0,132.0,12.0
2025,17,00-0035406,Lil'Jordan Humphrey,WR,DEN,4.3,5.08245921490984,A_normalized_signals,1714,16,75.0,73.0,2.0
2025,17,00-0040735,Luther Burden III,WR,CHI,27.8,10.604210574322558,A_normalized_signals,1714,16,1.0,19.0,18.0
2025,17,00-0039920,Malachi Corley,WR,CLE,1.4,4.206455738243839,A_normalized_signals,1714,16,112.0,88.0,24.0
2025,17,00-0039880,Malik Washington,WR,MIA,1.5,4.587880237072643,A_normalized_signals,1714,16,106.0,80.0,26.0
2025,17,00-0034272,Marquez Valdes-Scantling,WR,PIT,5.1,3.00027154088417,A_normalized_signals,1714,16,64.0,108.0,44.0
2025,17,00-0035662,Marquise Brown,WR,KC,1.7,5.126461938426848,A_normalized_signals,1714,16,101.0,72.0,29.0
2025,17,00-0039849,Marvin Harrison Jr.,WR,ARI,0.0,8.782175577789575,A_normalized_signals,1714,16,120.0,34.0,86.0
2025,17,00-0038976,Marvin Mims Jr.,WR,DEN,4.0,6.035866072093112,A_normalized_signals,1714,16,77.0,63.0,14.0
2025,17,00-0036176,Mason Kinsey,WR,TEN,4.4,1.616735573514421,A_normalized_signals,1714,16,72.0,129.0,57.0
2025,17,00-0040667,Matthew Golden,WR,GB,2.2,3.817940565311501,A_normalized_signals,1714,16,93.0,94.0,1.0
2025,17,00-0036959,Michael Bandy,WR,DEN,3.4,2.000975326964182,A_normalized_signals,1714,16,83.0,124.0,41.0
2025,17,00-0036252,Michael Pittman,WR,IND,3.6,9.572954256569894,A_normalized_signals,1714,16,80.0,29.0,51.0
2025,17,00-0038559,Michael Wilson,WR,ARI,19.9,13.187090832919186,A_normalized_signals,1714,16,8.0,9.0,1.0
2025,17,00-0031408,Mike Evans,WR,TB,12.1,10.907990429034964,A_normalized_signals,1714,16,27.0,18.0,9.0
2025,17,00-0040506,Myles Price,WR,MIN,0.0,1.0545519934392773,A_normalized_signals,1714,16,120.0,132.0,12.0
2025,17,00-0036554,Nico Collins,WR,HOU,8.7,11.338698013711953,A_normalized_signals,1714,16,43.0,14.0,29.0
2025,17,00-0038606,Parker Washington,WR,JAX,19.0,8.207872671267877,A_normalized_signals,1714,16,9.0,42.0,33.0
2025,17,00-0039075,Puka Nacua,WR,LA,15.7,19.36324583622291,A_normalized_signals,1714,16,13.0,1.0,12.0
2025,17,00-0038544,Quentin Johnston,WR,LAC,14.8,7.484833162402033,A_normalized_signals,1714,16,16.0,51.0,35.0
2025,17,00-0037545,Rashid Shaheed,WR,SEA,1.8,7.633115768147537,A_normalized_signals,1714,16,98.0,47.0,51.0
2025,17,00-0036550,Rashod Bateman,WR,BAL,1.7,3.234588073956413,A_normalized_signals,1714,16,101.0,102.0,1.0
2025,17,00-0039916,Ricky Pearsall,WR,SF,13.5,7.51907663520386,A_normalized_signals,1714,16,22.0,49.0,27.0
2025,17,00-0037816,Romeo Doubs,WR,GB,9.2,6.33924593344519,A_normalized_signals,1714,16,41.0,61.0,20.0
2025,17,00-0035298,Scott Miller,WR,PIT,5.5,2.752265348459157,A_normalized_signals,1714,16,59.0,111.0,52.0
2025,17,00-0038891,Shedrick Jackson,WR,LV,4.0,3.9450069915538313,A_normalized_signals,1714,16,77.0,92.0,15.0
2025,17,00-0038090,Skyy Moore,WR,SF,1.0,1.0475786444457622,A_normalized_signals,1714,16,117.0,142.0,25.0
2025,17,00-0031588,Stefon Diggs,WR,NE,22.1,8.535475361787277,A_normalized_signals,1714,16,7.0,38.0,31.0
2025,17,00-0034928,Steven Sims,WR,ARI,0.0,1.9734904685668133,A_normalized_signals,1714,16,120.0,125.0,5.0
2025,17,00-0036410,Tee Higgins,WR,CIN,9.9,9.947155573220197,A_normalized_signals,1714,16,36.0,26.0,10.0
2025,17,00-0035659,Terry McLaurin,WR,WAS,11.3,9.849837137820316,A_normalized_signals,1714,16,31.0,27.0,4.0
2025,17,00-0040124,Tetairoa McMillan,WR,CAR,1.5,8.999591740327359,A_normalized_signals,1714,16,106.0,32.0,74.0
2025,17,00-0040237,Tez Johnson,WR,TB,3.9,2.534709093424345,A_normalized_signals,1714,16,79.0,116.0,37.0
2025,17,00-0040311,Theo Wease Jr.,WR,MIA,13.3,6.024450495288875,A_normalized_signals,1714,16,23.0,64.0,41.0
2025,17,00-0033375,Tim Patrick,WR,JAX,0.0,4.6130496668282515,A_normalized_signals,1714,16,120.0,79.0,41.0
2025,17,00-0035544,Tom Kennedy,WR,DET,0.0,1.0545519934392773,A_normalized_signals,1714,16,120.0,132.0,12.0
2025,17,00-0040727,Tre Harris,WR,LAC,2.5,7.351931517167471,A_normalized_signals,1714,16,91.0,53.0,38.0
2025,17,00-0038563,Tre Tucker,WR,LV,9.9,7.493096519049981,A_normalized_signals,1714,16,36.0,50.0,14.0
2025,17,00-0037742,Treylon Burks,WR,WAS,2.1,4.738335492928077,A_normalized_signals,1714,16,95.0,77.0,18.0
2025,17,00-0039868,Troy Franklin,WR,DEN,5.7,8.018836672288833,A_normalized_signals,1714,16,55.0,44.0,11.0
2025,17,00-0036849,Tutu Atwell,WR,LA,0.0,4.755946647773318,A_normalized_signals,1714,16,120.0,76.0,44.0
2025,17,00-0036427,Tyler Johnson,WR,NYJ,1.3,4.474890399781348,A_normalized_signals,1714,16,115.0,83.0,32.0
2025,17,00-0032211,Tyler Lockett,WR,LV,8.9,5.595050507569903,A_normalized_signals,1714,16,42.0,67.0,25.0
2025,17,00-0038679,Tyrell Shavers,WR,BUF,5.6,5.077344783289378,A_normalized_signals,1714,16,57.0,74.0,17.0
2025,17,00-0036415,Van Jefferson,WR,TEN,7.6,6.164072864416389,A_normalized_signals,1714,16,49.0,62.0,13.0
2025,17,00-0038117,Wan'Dale Robinson,WR,NYG,22.3,13.384439854061496,A_normalized_signals,1714,16,5.0,8.0,3.0
2025,17,00-0038618,Xavier Hutchinson,WR,HOU,4.9,3.570764355132542,A_normalized_signals,1714,16,69.0,99.0,30.0
2025,17,00-0039342,Xavier Legette,WR,CAR,1.3,5.015643649312039,A_normalized_signals,1714,16,115.0,75.0,40.0
2025,17,00-0038359,Xavier Smith,WR,LA,10.7,1.847118403105285,A_normalized_signals,1714,16,33.0,127.0,94.0
2025,17,00-0039521,Xavier Weaver,WR,ARI,4.4,2.8976973500874434,A_normalized_signals,1714,16,72.0,109.0,37.0
2025,17,00-0039894,Xavier Worthy,WR,KC,0.1,7.39832196253182,A_normalized_signals,1714,16,119.0,52.0,67.0
2025,17,00-0039064,Zay Flowers,WR,BAL,13.0,15.618054040692762,A_normalized_signals,1714,16,24.0,3.0,21.0
2025,18,00-0030035,Adam Thielen,WR,PIT,7.3,4.8971152717709945,A_normalized_signals,1860,17,43.0,72.0,29.0
2025,18,00-0039890,Adonai Mitchell,WR,NYJ,0.0,11.290306838808645,A_normalized_signals,1860,17,106.0,15.0,91.0
2025,18,00-0037664,Alec Pierce,WR,IND,29.2,6.1320989563016495,A_normalized_signals,1860,17,2.0,54.0,52.0
2025,18,00-0035602,Alex Bachman,WR,LV,0.0,1.2144179067529044,A_normalized_signals,1860,17,106.0,123.0,17.0
2025,18,00-0036963,Amon-Ra St. Brown,WR,DET,24.9,17.504272000664916,A_normalized_signals,1860,17,4.0,3.0,1.0
2025,18,00-0038619,Andrei Iosivas,WR,CIN,3.0,3.8885076256296633,A_normalized_signals,1860,17,73.0,87.0,14.0
2025,18,00-0040582,Arian Smith,WR,NYJ,0.2,2.3758864064653284,A_normalized_signals,1860,17,105.0,111.0,6.0
2025,18,00-0035021,Ashton Dulin,WR,IND,0.0,1.9122032037558254,A_normalized_signals,1860,17,106.0,115.0,9.0
2025,18,00-0036862,Ben Skowronek,WR,PIT,0.0,1.1405152721824292,A_normalized_signals,1860,17,106.0,124.0,18.0
2025,18,00-0037091,Bo Melton,WR,GB,0.0,2.932026153810546,A_normalized_signals,1860,17,106.0,105.0,1.0
2025,18,00-0039893,Brian Thomas Jr.,WR,JAX,7.9,8.932721655033056,A_normalized_signals,1860,17,35.0,30.0,5.0
2025,18,00-0037132,Britain Covey,WR,PHI,4.0,1.0894365959835224,A_normalized_signals,1860,17,67.0,129.0,62.0
2025,18,00-0038840,Brycen Tremayne,WR,CAR,4.7,1.3273073183796438,A_normalized_signals,1860,17,60.0,122.0,62.0
2025,18,00-0037837,Calvin Austin III,WR,PIT,14.5,2.721990337537323,A_normalized_signals,1860,17,14.0,106.0,92.0
2025,18,00-0038979,Cedric Tillman,WR,CLE,3.3,3.3926898951017783,A_normalized_signals,1860,17,68.0,97.0,29.0
2025,18,00-0034418,Cedrick Wilson Jr.,WR,MIA,0.0,4.028118485085847,A_normalized_signals,1860,17,106.0,85.0,21.0
2025,18,00-0036358,CeeDee Lamb,WR,DAL,1.4,12.313401356612944,A_normalized_signals,1860,17,97.0,10.0,87.0
2025,18,00-0040705,Chimere Dike,WR,TEN,5.7,9.324193850470976,A_normalized_signals,1860,17,50.0,28.0,22.0
2025,18,00-0033921,Chris Godwin Jr.,WR,TB,1.8,10.395157838365447,A_normalized_signals,1860,17,87.0,20.0,67.0
2025,18,00-0034775,Christian Kirk,WR,HOU,0.7,6.3803255255015285,A_normalized_signals,1860,17,102.0,51.0,51.0
2025,18,00-0033908,Cooper Kupp,WR,SEA,4.9,6.946766685271358,A_normalized_signals,1860,17,57.0,47.0,10.0
2025,18,00-0034348,Courtland Sutton,WR,DEN,1.5,14.268955657408272,A_normalized_signals,1860,17,94.0,6.0,88.0
2025,18,00-0034827,DJ Moore,WR,CHI,2.1,10.189486874843796,A_normalized_signals,1860,17,83.0,22.0,61.0
2025,18,00-0040431,Dalen Cambre,WR,NYG,0.0,1.0894365959835224,A_normalized_signals,1860,17,106.0,129.0,23.0
2025,18,00-0034860,Dante Pettis,WR,NO,11.0,2.964687328918279,A_normalized_signals,1860,17,23.0,103.0,80.0
2025,18,00-0040024,Darius Cooper,WR,PHI,6.3,3.4479396476169697,A_normalized_signals,1860,17,48.0,95.0,47.0
2025,18,00-0035535,Darius Slayton,WR,NYG,7.4,7.441230528833421,A_normalized_signals,1860,17,40.0,38.0,2.0
2025,18,00-0036309,Darnell Mooney,WR,ATL,5.0,6.094931013512401,A_normalized_signals,1860,17,55.0,55.0,0.0
2025,18,00-0035359,David Sills,WR,ATL,2.1,7.055274241482162,A_normalized_signals,1860,17,83.0,45.0,38.0
2025,18,00-0030564,DeAndre Hopkins,WR,BAL,0.0,5.012236323097508,A_normalized_signals,1860,17,106.0,71.0,35.0
2025,18,00-0038621,DeMario Douglas,WR,NE,4.9,3.175466129117586,A_normalized_signals,1860,17,57.0,99.0,42.0
2025,18,00-0036912,DeVonta Smith,WR,PHI,8.2,8.778460990943376,A_normalized_signals,1860,17,32.0,31.0,1.0
2025,18,00-0035719,Deebo Samuel Sr.,WR,WAS,4.1,10.64590822931112,A_normalized_signals,1860,17,66.0,18.0,48.0
2025,18,00-0032775,Demarcus Robinson,WR,SF,5.4,5.1327770159840895,A_normalized_signals,1860,17,51.0,66.0,15.0
2025,18,00-0038573,Derius Davis,WR,LAC,1.7,1.1197108632793946,A_normalized_signals,1860,17,92.0,126.0,34.0
2025,18,00-0037487,Deven Thompkins,WR,ATL,0.0,1.0894365959835224,A_normalized_signals,1860,17,106.0,129.0,23.0
2025,18,00-0036331,Devin Duvernay,WR,CHI,0.0,1.1197108632793946,A_normalized_signals,1860,17,106.0,126.0,20.0
2025,18,00-0039792,Devontez Walker,WR,BAL,12.6,2.0849552990303533,A_normalized_signals,1860,17,18.0,114.0,96.0
2025,18,00-0040581,Dont'e Thornton Jr.,WR,LV,0.0,4.611366014981403,A_normalized_signals,1860,17,106.0,77.0,29.0
2025,18,00-0037238,Drake London,WR,ATL,17.8,9.29128125796411,A_normalized_signals,1860,17,11.0,29.0,18.0
2025,18,00-0036626,Dyami Brown,WR,JAX,1.8,2.2313003234571904,A_normalized_signals,1860,17,87.0,113.0,26.0
2025,18,00-0038953,Dylan Drummond,WR,ATL,0.0,2.718347168060774,A_normalized_signals,1860,17,106.0,107.0,1.0
2025,18,00-0040563,Efton Chism III,WR,NE,4.5,2.3280890300139134,A_normalized_signals,1860,17,62.0,112.0,50.0
2025,18,00-0040170,Elic Ayomanor,WR,TEN,8.0,6.704498495131943,A_normalized_signals,1860,17,34.0,50.0,16.0
2025,18,00-0040129,Emeka Egbuka,WR,TB,1.8,7.01170819946106,A_normalized_signals,1860,17,87.0,46.0,41.0
2025,18,00-0036196,Gabe Davis,WR,BUF,15.1,3.136918081745735,A_normalized_signals,1860,17,13.0,101.0,88.0
2025,18,00-0040259,Gage Larvadain,WR,CLE,0.0,1.3967973129113762,A_normalized_signals,1860,17,106.0,121.0,15.0
2025,18,00-0037247,George Pickens,WR,DAL,1.9,10.575845533350972,A_normalized_signals,1860,17,86.0,19.0,67.0
2025,18,00-0035645,Gunner Olszewski,WR,NYG,18.2,1.1405152721824292,A_normalized_signals,1860,17,10.0,124.0,114.0
2025,18,00-0040669,Isaac TeSlaa,WR,DET,2.8,6.203255425812749,A_normalized_signals,1860,17,77.0,53.0,24.0
2025,18,00-0040782,Isaiah Bond,WR,CLE,2.7,3.8751559580561175,A_normalized_signals,1860,17,78.0,88.0,10.0
2025,18,00-0036165,Isaiah Hodgins,WR,NYG,0.0,3.5572305355538285,A_normalized_signals,1860,17,106.0,94.0,12.0
2025,18,00-0039451,Isaiah Williams,WR,NYJ,7.4,8.675062490334371,A_normalized_signals,1860,17,40.0,32.0,8.0
2025,18,00-0036900,Ja'Marr Chase,WR,CIN,23.6,17.54984554728247,A_normalized_signals,1860,17,5.0,2.0,3.0
2025,18,00-0040729,Jack Bech,WR,LV,0.0,7.2796140487279235,A_normalized_signals,1860,17,106.0,41.0,65.0
2025,18,00-0037741,Jahan Dotson,WR,PHI,7.0,3.768430147052407,A_normalized_signals,1860,17,46.0,89.0,43.0
2025,18,00-0040277,Jahdae Walker,WR,CHI,11.6,3.981695531135577,A_normalized_signals,1860,17,22.0,86.0,64.0
2025,18,00-0034960,Jakobi Meyers,WR,JAX,9.4,11.471974801671724,A_normalized_signals,1860,17,29.0,14.0,15.0
2025,18,00-0038640,Jalen Brooks,WR,ARI,0.0,2.955709027944536,A_normalized_signals,1860,17,106.0,104.0,2.0
2025,18,00-0039491,Jalen Coker,WR,CAR,16.7,7.350569363005595,A_normalized_signals,1860,17,12.0,40.0,28.0
2025,18,00-0039855,Jalen McMillan,WR,TB,2.1,7.370616989655495,A_normalized_signals,1860,17,83.0,39.0,44.0
2025,18,00-0037291,Jalen Nailor,WR,MIN,7.9,5.791855296439649,A_normalized_signals,1860,17,35.0,57.0,22.0
2025,18,00-0040646,Jalen Royals,WR,KC,2.4,1.0894365959835224,A_normalized_signals,1860,17,80.0,129.0,49.0
2025,18,00-0037666,Jalen Tolbert,WR,DAL,0.0,3.6865208975877044,A_normalized_signals,1860,17,106.0,90.0,16.0
2025,18,00-0036133,James Proche,WR,TEN,1.5,2.98289792294173,A_normalized_signals,1860,17,94.0,102.0,8.0
2025,18,00-0037240,Jameson Williams,WR,DET,13.4,10.2195009832296,A_normalized_signals,1860,17,16.0,21.0,5.0
2025,18,00-0036259,Jauan Jennings,WR,SF,7.5,10.101530184599824,A_normalized_signals,1860,17,38.0,23.0,15.0
2025,18,00-0038543,Jaxon Smith-Njigba,WR,SEA,14.4,16.96209187492666,A_normalized_signals,1860,17,15.0,4.0,11.0
2025,18,00-0040130,Jayden Higgins,WR,HOU,10.3,5.099328950802885,A_normalized_signals,1860,17,25.0,67.0,42.0
2025,18,00-0040138,Jaylin Noel,WR,HOU,2.3,3.432615700772487,A_normalized_signals,1860,17,82.0,96.0,14.0
2025,18,00-0036407,Jerry Jeudy,WR,CLE,4.2,8.060354786855905,A_normalized_signals,1860,17,65.0,36.0,29.0
2025,18,00-0040218,Jimmy Horn Jr.,WR,CAR,2.5,3.596698440865344,A_normalized_signals,1860,17,79.0,93.0,14.0
2025,18,00-0037614,John Metchie III,WR,NYJ,5.0,6.887992474615218,A_normalized_signals,1860,17,55.0,48.0,7.0
2025,18,00-0039062,Jonathan Mingo,WR,DAL,0.0,2.5149140989419108,A_normalized_signals,1860,17,106.0,109.0,3.0
2025,18,00-0038994,Jordan Addison,WR,MIN,1.8,6.306574345853164,A_normalized_signals,1860,17,87.0,52.0,35.0
2025,18,00-0039751,Jordan Whittington,WR,LA,0.0,1.5365561273398471,A_normalized_signals,1860,17,106.0,118.0,12.0
2025,18,00-0038997,Josh Downs,WR,IND,9.6,9.940400369823566,A_normalized_signals,1860,17,28.0,24.0,4.0
2025,18,00-0036988,Josh Palmer,WR,BUF,1.1,3.622850700118594,A_normalized_signals,1860,17,100.0,92.0,8.0
2025,18,00-0033857,JuJu Smith-Schuster,WR,KC,3.3,4.704402659862415,A_normalized_signals,1860,17,68.0,73.0,5.0
2025,18,00-0036322,Justin Jefferson,WR,MIN,18.4,12.533291448106798,A_normalized_signals,1860,17,9.0,9.0,0.0
2025,18,00-0034386,Justin Watson,WR,HOU,0.0,4.316546906499516,A_normalized_signals,1860,17,106.0,83.0,23.0
2025,18,00-0037801,KaVontae Turpin,WR,DAL,0.7,5.837581304390535,A_normalized_signals,1860,17,102.0,56.0,46.0
2025,18,00-0032464,Kalif Raymond,WR,DET,8.2,4.408714558373222,A_normalized_signals,1860,17,32.0,81.0,49.0
2025,18,00-0039589,Kameron Johnson,WR,TB,0.0,1.0894365959835224,A_normalized_signals,1860,17,106.0,129.0,23.0
2025,18,00-0038608,Kayshon Boutte,WR,NE,4.4,5.0835545248707,A_normalized_signals,1860,17,63.0,69.0,6.0
2025,18,00-0040534,Ke'Shawn Williams,WR,CIN,0.9,1.4442748319016172,A_normalized_signals,1860,17,101.0,119.0,18.0
2025,18,00-0040184,KeAndre Lambert-Smith,WR,LAC,4.4,3.220230700076444,A_normalized_signals,1860,17,63.0,98.0,35.0
2025,18,00-0030279,Keenan Allen,WR,LAC,10.6,8.15962129939821,A_normalized_signals,1860,17,24.0,35.0,11.0
2025,18,00-0033307,Kendrick Bourne,WR,SF,0.0,5.087537499528328,A_normalized_signals,1860,17,106.0,68.0,38.0
2025,18,00-0039901,Keon Coleman,WR,BUF,6.9,7.557133171633373,A_normalized_signals,1860,17,47.0,37.0,10.0
2025,18,00-0037231,Kevin Austin Jr.,WR,NO,7.7,7.21293920368667,A_normalized_signals,1860,17,37.0,43.0,6.0
2025,18,00-0040590,Konata Mumpfield,WR,LA,0.0,5.171061454230144,A_normalized_signals,1860,17,106.0,65.0,41.0
2025,18,00-0040131,Kyle Williams,WR,NE,0.5,4.646139993953014,A_normalized_signals,1860,17,104.0,74.0,30.0
2025,18,00-0040075,LaJohntay Wester,WR,BAL,0.0,1.0894365959835224,A_normalized_signals,1860,17,106.0,129.0,23.0
2025,18,00-0040735,Luther Burden III,WR,CHI,7.5,12.79511063049776,A_normalized_signals,1860,17,38.0,8.0,30.0
2025,18,00-0039920,Malachi Corley,WR,CLE,5.8,4.638469916391959,A_normalized_signals,1860,17,49.0,76.0,27.0
2025,18,00-0039880,Malik Washington,WR,MIA,11.8,4.394521221288566,A_normalized_signals,1860,17,20.0,82.0,62.0
2025,18,00-0034272,Marquez Valdes-Scantling,WR,PIT,8.4,5.637325493010656,A_normalized_signals,1860,17,31.0,59.0,28.0
2025,18,00-0035662,Marquise Brown,WR,KC,9.4,5.5080768952184975,A_normalized_signals,1860,17,29.0,61.0,32.0
2025,18,00-0038976,Marvin Mims Jr.,WR,DEN,3.0,7.271890728432379,A_normalized_signals,1860,17,73.0,42.0,31.0
2025,18,00-0036176,Mason Kinsey,WR,TEN,0.0,2.412408347236729,A_normalized_signals,1860,17,106.0,110.0,4.0
2025,18,00-0040667,Matthew Golden,WR,GB,1.8,5.178626340655461,A_normalized_signals,1860,17,87.0,64.0,23.0
2025,18,00-0036252,Michael Pittman,WR,IND,3.1,6.782621119248109,A_normalized_signals,1860,17,72.0,49.0,23.0
2025,18,00-0038559,Michael Wilson,WR,ARI,20.9,12.09504034897081,A_normalized_signals,1860,17,6.0,12.0,6.0
2025,18,00-0031408,Mike Evans,WR,TB,5.4,13.686063470254954,A_normalized_signals,1860,17,51.0,7.0,44.0
2025,18,00-0036182,Nick Westbrook-Ikhine,WR,MIA,0.0,1.1197108632793946,A_normalized_signals,1860,17,106.0,126.0,20.0
2025,18,00-0038606,Parker Washington,WR,JAX,19.7,12.2492724128167,A_normalized_signals,1860,17,7.0,11.0,4.0
2025,18,00-0040134,Pat Bryant,WR,DEN,7.1,8.213563277640478,A_normalized_signals,1860,17,45.0,34.0,11.0
2025,18,00-0039075,Puka Nacua,WR,LA,26.0,18.503004677410043,A_normalized_signals,1860,17,3.0,1.0,2.0
2025,18,00-0037545,Rashid Shaheed,WR,SEA,1.2,5.444776890725098,A_normalized_signals,1860,17,99.0,63.0,36.0
2025,18,00-0034054,River Cracraft,WR,WAS,0.0,1.0894365959835224,A_normalized_signals,1860,17,106.0,129.0,23.0
2025,18,00-0038647,Ronnie Bell,WR,NO,10.3,1.0894365959835224,A_normalized_signals,1860,17,25.0,129.0,104.0
2025,18,00-0039410,Ryan Flournoy,WR,DAL,11.8,9.410223086334028,A_normalized_signals,1860,17,20.0,27.0,7.0
2025,18,00-0035298,Scott Miller,WR,PIT,2.9,5.0531264473051944,A_normalized_signals,1860,17,75.0,70.0,5.0
2025,18,00-0038891,Shedrick Jackson,WR,LV,2.4,4.643470683005612,A_normalized_signals,1860,17,80.0,75.0,5.0
2025,18,00-0038090,Skyy Moore,WR,SF,0.0,1.6448155626962777,A_normalized_signals,1860,17,106.0,117.0,11.0
2025,18,00-0031588,Stefon Diggs,WR,NE,7.3,11.525859640115474,A_normalized_signals,1860,17,43.0,13.0,30.0
2025,18,00-0034928,Steven Sims,WR,ARI,0.0,1.4043289823087002,A_normalized_signals,1860,17,106.0,120.0,14.0
2025,18,00-0039884,Tahj Washington,WR,MIA,4.6,3.1730097228069,A_normalized_signals,1860,17,61.0,100.0,39.0
2025,18,00-0040154,Tai Felton,WR,MIN,0.0,1.8618682630516699,A_normalized_signals,1860,17,106.0,116.0,10.0
2025,18,00-0036410,Tee Higgins,WR,CIN,18.7,10.688905645340801,A_normalized_signals,1860,17,8.0,17.0,9.0
2025,18,00-0035659,Terry McLaurin,WR,WAS,9.7,10.908380058964799,A_normalized_signals,1860,17,27.0,16.0,11.0
2025,18,00-0040124,Tetairoa McMillan,WR,CAR,12.5,9.59675803733363,A_normalized_signals,1860,17,19.0,25.0,6.0
2025,18,00-0040237,Tez Johnson,WR,TB,3.2,2.6561215441364645,A_normalized_signals,1860,17,70.0,108.0,38.0
2025,18,00-0040311,Theo Wease Jr.,WR,MIA,7.4,5.739721583606397,A_normalized_signals,1860,17,40.0,58.0,18.0
2025,18,00-0033375,Tim Patrick,WR,JAX,1.4,4.578024208480576,A_normalized_signals,1860,17,97.0,78.0,19.0
2025,18,00-0035544,Tom Kennedy,WR,DET,0.0,1.0894365959835224,A_normalized_signals,1860,17,106.0,129.0,23.0
2025,18,00-0040727,Tre Harris,WR,LAC,4.8,7.121718146262011,A_normalized_signals,1860,17,59.0,44.0,15.0
2025,18,00-0038563,Tre Tucker,WR,LV,5.4,9.431629787396243,A_normalized_signals,1860,17,51.0,26.0,25.0
2025,18,00-0037742,Treylon Burks,WR,WAS,3.2,5.629698603393816,A_normalized_signals,1860,17,70.0,60.0,10.0
2025,18,00-0039868,Troy Franklin,WR,DEN,0.0,8.667152800753813,A_normalized_signals,1860,17,106.0,33.0,73.0
2025,18,00-0036849,Tutu Atwell,WR,LA,2.9,3.6491899063914115,A_normalized_signals,1860,17,75.0,91.0,16.0
2025,18,00-0032211,Tyler Lockett,WR,LV,1.5,5.500305296022668,A_normalized_signals,1860,17,94.0,62.0,32.0
2025,18,00-0038618,Xavier Hutchinson,WR,HOU,13.4,4.552487996221704,A_normalized_signals,1860,17,16.0,79.0,63.0
2025,18,00-0039342,Xavier Legette,WR,CAR,5.2,4.505270720015586,A_normalized_signals,1860,17,54.0,80.0,26.0
2025,18,00-0038359,Xavier Smith,WR,LA,1.6,4.246456343692614,A_normalized_signals,1860,17,93.0,84.0,9.0
2025,18,00-0039064,Zay Flowers,WR,BAL,29.8,14.301137105796757,A_normalized_signals,1860,17,1.0,5.0,4.0
2025,7,00-0035676,A.J. Brown,WR,PHI,28.1,12.251203248913622,B_raw_features,388,6,4.0,20.0,16.0
2025,7,00-0030035,Adam Thielen,WR,MIN,2.0,4.653179732098112,B_raw_features,388,6,91.0,81.0,10.0
2025,7,00-0039890,Adonai Mitchell,WR,IND,1.8,4.445906170860958,B_raw_features,388,6,93.0,86.0,7.0
2025,7,00-0037664,Alec Pierce,WR,IND,14.8,10.313727780514318,B_raw_features,388,6,19.0,35.0,16.0
2025,7,00-0035602,Alex Bachman,WR,LV,0.0,1.038080078761779,B_raw_features,388,6,100.0,130.0,30.0
2025,7,00-0034521,Allen Lazard,WR,NYJ,3.6,3.193667703210398,B_raw_features,388,6,73.0,99.0,26.0
2025,7,00-0036963,Amon-Ra St. Brown,WR,DET,20.6,18.58897948688591,B_raw_features,388,6,12.0,2.0,10.0
2025,7,00-0038619,Andrei Iosivas,WR,CIN,7.9,5.671958628605402,B_raw_features,388,6,44.0,73.0,29.0
2025,7,00-0039816,Anthony Gould,WR,IND,1.3,1.477616917773569,B_raw_features,388,6,96.0,111.0,15.0
2025,7,00-0040582,Arian Smith,WR,NYJ,1.0,3.298824862265406,B_raw_features,388,6,99.0,96.0,3.0
2025,7,00-0040432,Beaux Collins,WR,NYG,0.0,1.2269109098947157,B_raw_features,388,6,100.0,127.0,27.0
2025,7,00-0036862,Ben Skowronek,WR,PIT,0.0,0.8314977667615084,B_raw_features,388,6,100.0,135.0,35.0
2025,7,00-0037091,Bo Melton,WR,GB,0.0,0.7097393614813936,B_raw_features,388,6,100.0,138.0,38.0
2025,7,00-0031236,Brandin Cooks,WR,NO,1.3,3.9022392344475767,B_raw_features,388,6,96.0,92.0,4.0
2025,7,00-0039893,Brian Thomas Jr.,WR,JAX,6.1,15.538354826414883,B_raw_features,388,6,58.0,8.0,50.0
2025,7,00-0038840,Brycen Tremayne,WR,CAR,0.0,5.061362334392095,B_raw_features,388,6,100.0,77.0,23.0
2025,7,00-0039394,Casey Washington,WR,ATL,2.7,4.778330551270534,B_raw_features,388,6,82.0,80.0,2.0
2025,7,00-0036358,CeeDee Lamb,WR,DAL,22.0,16.071767899734997,B_raw_features,388,6,9.0,6.0,3.0
2025,7,00-0038576,Charlie Jones,WR,CIN,0.0,1.477616917773569,B_raw_features,388,6,100.0,111.0,11.0
2025,7,00-0040705,Chimere Dike,WR,TEN,16.9,3.5230416447802386,B_raw_features,388,6,14.0,95.0,81.0
2025,7,00-0032398,Chris Moore,WR,WAS,7.9,6.219214365626174,B_raw_features,388,6,44.0,68.0,24.0
2025,7,00-0037239,Chris Olave,WR,NO,26.8,15.055325351774544,B_raw_features,388,6,5.0,11.0,6.0
2025,7,00-0033908,Cooper Kupp,WR,SEA,4.2,10.535015450332011,B_raw_features,388,6,68.0,31.0,37.0
2025,7,00-0034348,Courtland Sutton,WR,DEN,14.7,9.924279485502037,B_raw_features,388,6,20.0,40.0,20.0
2025,7,00-0034827,DJ Moore,WR,CHI,8.2,11.357213949425237,B_raw_features,388,6,38.0,25.0,13.0
2025,7,00-0035640,DK Metcalf,WR,PIT,8.0,15.326631299475446,B_raw_features,388,6,41.0,9.0,32.0
2025,7,00-0037093,Dareke Young,WR,SEA,0.0,0.9235263224859971,B_raw_features,388,6,100.0,133.0,33.0
2025,7,00-0036309,Darnell Mooney,WR,ATL,9.8,6.133559285799748,B_raw_features,388,6,30.0,69.0,39.0
2025,7,00-0031381,Davante Adams,WR,LA,26.5,11.231643437448362,B_raw_features,388,6,6.0,26.0,20.0
2025,7,00-0038621,DeMario Douglas,WR,NE,4.7,7.698220955193913,B_raw_features,388,6,64.0,55.0,9.0
2025,7,00-0036912,DeVonta Smith,WR,PHI,33.3,8.830471583458579,B_raw_features,388,6,2.0,46.0,44.0
2025,7,00-0036620,Dee Eskridge,WR,MIA,6.5,0.9674557064495246,B_raw_features,388,6,55.0,131.0,76.0
2025,7,00-0032775,Demarcus Robinson,WR,SF,0.0,5.608329901461453,B_raw_features,388,6,100.0,74.0,26.0
2025,7,00-0038573,Derius Davis,WR,LAC,0.0,1.3932672322147432,B_raw_features,388,6,100.0,125.0,25.0
2025,7,00-0036331,Devin Duvernay,WR,CHI,0.0,1.477616917773569,B_raw_features,388,6,100.0,111.0,11.0
2025,7,00-0040581,Dont'e Thornton Jr.,WR,LV,0.0,4.262081343955605,B_raw_features,388,6,100.0,88.0,12.0
2025,7,00-0038393,Dontayvion Wicks,WR,GB,1.5,6.90233387650093,B_raw_features,388,6,95.0,64.0,31.0
2025,7,00-0037238,Drake London,WR,ATL,8.2,18.501996808425634,B_raw_features,388,6,38.0,3.0,35.0
2025,7,00-0036626,Dyami Brown,WR,JAX,7.0,7.241252831973313,B_raw_features,388,6,52.0,60.0,8.0
2025,7,00-0040563,Efton Chism III,WR,NE,0.0,1.477616917773569,B_raw_features,388,6,100.0,111.0,11.0
2025,7,00-0040170,Elic Ayomanor,WR,TEN,4.9,9.141788093002736,B_raw_features,388,6,62.0,44.0,18.0
2025,7,00-0040129,Emeka Egbuka,WR,TB,9.8,13.21469957404602,B_raw_features,388,6,30.0,15.0,15.0
2025,7,00-0040259,Gage Larvadain,WR,CLE,0.0,1.5105535532359977,B_raw_features,388,6,100.0,110.0,10.0
2025,7,00-0037247,George Pickens,WR,DAL,12.2,16.937476257368218,B_raw_features,388,6,25.0,5.0,20.0
2025,7,00-0035500,Greg Dortch,WR,ARI,2.5,5.719748881152067,B_raw_features,388,6,85.0,71.0,14.0
2025,7,00-0035645,Gunner Olszewski,WR,NYG,0.0,1.477616917773569,B_raw_features,388,6,100.0,111.0,11.0
2025,7,00-0040669,Isaac TeSlaa,WR,DET,0.0,3.9460142265417137,B_raw_features,388,6,100.0,91.0,9.0
2025,7,00-0039451,Isaiah Williams,WR,NYJ,0.0,1.477616917773569,B_raw_features,388,6,100.0,111.0,11.0
2025,7,00-0036900,Ja'Marr Chase,WR,CIN,38.1,16.97816497644836,B_raw_features,388,6,1.0,4.0,3.0
2025,7,00-0040729,Jack Bech,WR,LV,3.3,1.9923919552903735,B_raw_features,388,6,76.0,103.0,27.0
2025,7,00-0038752,Jake Bobo,WR,SEA,1.3,1.1933608997906116,B_raw_features,388,6,96.0,128.0,32.0
2025,7,00-0037291,Jalen Nailor,WR,MIN,5.7,8.191527926851169,B_raw_features,388,6,60.0,53.0,7.0
2025,7,00-0037666,Jalen Tolbert,WR,DAL,2.6,3.2383005027638765,B_raw_features,388,6,84.0,97.0,13.0
2025,7,00-0038938,Jalin Hyatt,WR,NYG,0.0,5.5617007265799305,B_raw_features,388,6,100.0,75.0,25.0
2025,7,00-0033572,Jamal Agnew,WR,ATL,0.0,1.477616917773569,B_raw_features,388,6,100.0,111.0,11.0
2025,7,00-0039379,Jamari Thrash,WR,CLE,3.3,4.63851838735663,B_raw_features,388,6,76.0,83.0,7.0
2025,7,00-0037240,Jameson Williams,WR,DET,0.0,10.120840392405178,B_raw_features,388,6,100.0,38.0,62.0
2025,7,00-0036259,Jauan Jennings,WR,SF,7.1,6.681980733322347,B_raw_features,388,6,51.0,65.0,14.0
2025,7,00-0038543,Jaxon Smith-Njigba,WR,SEA,26.3,20.276475099718358,B_raw_features,388,6,7.0,1.0,6.0
2025,7,00-0040130,Jayden Higgins,WR,HOU,0.0,4.624877664310965,B_raw_features,388,6,100.0,84.0,16.0
2025,7,00-0036613,Jaylen Waddle,WR,MIA,2.5,13.932381358852563,B_raw_features,388,6,85.0,13.0,72.0
2025,7,00-0040164,Jaylin Lane,WR,WAS,9.0,7.1050105847978315,B_raw_features,388,6,34.0,61.0,27.0
2025,7,00-0040138,Jaylin Noel,WR,HOU,11.7,3.7675958269333756,B_raw_features,388,6,26.0,93.0,67.0
2025,7,00-0036407,Jerry Jeudy,WR,CLE,3.7,7.980389547042808,B_raw_features,388,6,70.0,54.0,16.0
2025,7,00-0040218,Jimmy Horn Jr.,WR,CAR,2.5,8.574523234776276,B_raw_features,388,6,85.0,49.0,36.0
2025,7,00-0038994,Jordan Addison,WR,MIN,21.8,12.199593497193533,B_raw_features,388,6,10.0,21.0,11.0
2025,7,00-0039751,Jordan Whittington,WR,LA,2.9,4.948425751451444,B_raw_features,388,6,80.0,78.0,2.0
2025,7,00-0033943,Josh Reynolds,WR,NYJ,5.9,5.687601627279408,B_raw_features,388,6,59.0,72.0,13.0
2025,7,00-0033857,JuJu Smith-Schuster,WR,KC,6.5,6.515170645948807,B_raw_features,388,6,55.0,66.0,11.0
2025,7,00-0036322,Justin Jefferson,WR,MIN,12.9,15.912259092526659,B_raw_features,388,6,24.0,7.0,17.0
2025,7,00-0037801,KaVontae Turpin,WR,DAL,2.7,8.816544140525556,B_raw_features,388,6,82.0,47.0,35.0
2025,7,00-0032464,Kalif Raymond,WR,DET,4.7,1.324150365095507,B_raw_features,388,6,64.0,126.0,62.0
2025,7,00-0039589,Kameron Johnson,WR,TB,0.0,4.174064605309368,B_raw_features,388,6,100.0,89.0,11.0
2025,7,00-0038608,Kayshon Boutte,WR,NE,13.5,10.670627652154405,B_raw_features,388,6,22.0,30.0,8.0
2025,7,00-0040534,Ke'Shawn Williams,WR,PIT,0.0,1.477616917773569,B_raw_features,388,6,100.0,111.0,11.0
2025,7,00-0030279,Keenan Allen,WR,LAC,28.9,9.996062494974481,B_raw_features,388,6,3.0,39.0,36.0
2025,7,00-0033307,Kendrick Bourne,WR,SF,3.4,11.18093506043874,B_raw_features,388,6,75.0,28.0,47.0
2025,7,00-0034854,KhaDarel Hodge,WR,ATL,0.0,0.9102248654182763,B_raw_features,388,6,100.0,134.0,34.0
2025,7,00-0040590,Konata Mumpfield,WR,LA,7.5,4.122384566554008,B_raw_features,388,6,49.0,90.0,41.0
2025,7,00-0040131,Kyle Williams,WR,NE,0.0,2.275626287101763,B_raw_features,388,6,100.0,102.0,2.0
2025,7,00-0039915,Ladd McConkey,WR,LAC,15.7,10.27182286634221,B_raw_features,388,6,17.0,36.0,19.0
2025,7,00-0035406,Lil'Jordan Humphrey,WR,NYG,0.0,11.443687768018908,B_raw_features,388,6,100.0,23.0,77.0
2025,7,00-0039355,Luke McCaffrey,WR,WAS,0.0,7.295876657173226,B_raw_features,388,6,100.0,59.0,41.0
2025,7,00-0040735,Luther Burden III,WR,CHI,3.1,7.590351091455584,B_raw_features,388,6,79.0,56.0,23.0
2025,7,00-0033555,Mack Hollins,WR,NE,7.3,6.978326806538194,B_raw_features,388,6,50.0,62.0,12.0
2025,7,00-0039920,Malachi Corley,WR,CLE,3.7,2.625386063975802,B_raw_features,388,6,70.0,100.0,30.0
2025,7,00-0038465,Malik Heath,WR,GB,0.0,1.6937326420163987,B_raw_features,388,6,100.0,109.0,9.0
2025,7,00-0034867,Malik Turner,WR,SF,0.0,1.8908064777926248,B_raw_features,388,6,100.0,107.0,7.0
2025,7,00-0039880,Malik Washington,WR,MIA,8.0,8.368068638176785,B_raw_features,388,6,41.0,51.0,10.0
2025,7,00-0035662,Marquise Brown,WR,KC,9.4,10.219875065416185,B_raw_features,388,6,33.0,37.0,4.0
2025,7,00-0039849,Marvin Harrison Jr.,WR,ARI,7.8,9.263704892862226,B_raw_features,388,6,46.0,42.0,4.0
2025,7,00-0038976,Marvin Mims Jr.,WR,DEN,15.8,9.27071881610031,B_raw_features,388,6,15.0,41.0,26.0
2025,7,00-0039623,Mason Tipton,WR,NO,0.0,1.477616917773569,B_raw_features,388,6,100.0,111.0,11.0
2025,7,00-0040667,Matthew Golden,WR,GB,7.7,12.982796043687989,B_raw_features,388,6,48.0,17.0,31.0
2025,7,00-0036252,Michael Pittman,WR,IND,18.8,9.220419618154237,B_raw_features,388,6,13.0,43.0,30.0
2025,7,00-0038559,Michael Wilson,WR,ARI,7.0,7.44971003543249,B_raw_features,388,6,52.0,58.0,6.0
2025,7,00-0031408,Mike Evans,WR,TB,0.0,13.072763811183341,B_raw_features,388,6,100.0,16.0,84.0
2025,7,00-0040506,Myles Price,WR,MIN,0.0,1.477616917773569,B_raw_features,388,6,100.0,111.0,11.0
2025,7,00-0036182,Nick Westbrook-Ikhine,WR,MIA,4.6,1.1412646035122123,B_raw_features,388,6,66.0,129.0,63.0
2025,7,00-0036554,Nico Collins,WR,HOU,6.7,13.969132631841903,B_raw_features,388,6,54.0,12.0,42.0
2025,7,00-0038519,Nikko Remigio,WR,KC,0.0,1.477616917773569,B_raw_features,388,6,100.0,111.0,11.0
2025,7,00-0035208,Olamide Zaccheaus,WR,CHI,2.9,9.066332335061622,B_raw_features,388,6,80.0,45.0,35.0
2025,7,00-0038606,Parker Washington,WR,JAX,10.2,6.119962775981552,B_raw_features,388,6,29.0,70.0,41.0
2025,7,00-0040134,Pat Bryant,WR,DEN,1.6,0.9254187825667253,B_raw_features,388,6,94.0,132.0,38.0
2025,7,00-0038544,Quentin Johnston,WR,LAC,11.0,12.134480793974493,B_raw_features,388,6,27.0,22.0,5.0
2025,7,00-0037545,Rashid Shaheed,WR,NO,8.0,12.344209692891612,B_raw_features,388,6,41.0,18.0,23.0
2025,7,00-0039739,Roman Wilson,WR,PIT,3.7,4.638761109349889,B_raw_features,388,6,70.0,82.0,12.0
2025,7,00-0039919,Rome Odunze,WR,CHI,5.1,11.22023026375377,B_raw_features,388,6,61.0,27.0,34.0
2025,7,00-0037816,Romeo Doubs,WR,GB,13.2,10.955138313439546,B_raw_features,388,6,23.0,29.0,6.0
2025,7,00-0039410,Ryan Flournoy,WR,DAL,0.0,10.396256029649866,B_raw_features,388,6,100.0,33.0,67.0
2025,7,00-0038824,Ryan Miller,WR,TB,2.4,1.69755654279988,B_raw_features,388,6,89.0,108.0,19.0
2025,7,00-0040009,Savion Williams,WR,GB,0.0,2.534728101320642,B_raw_features,388,6,100.0,101.0,1.0
2025,7,00-0035298,Scott Miller,WR,PIT,1.9,1.921829529732379,B_raw_features,388,6,92.0,106.0,14.0
2025,7,00-0036646,Simi Fehoko,WR,ARI,0.0,1.477616917773569,B_raw_features,388,6,100.0,111.0,11.0
2025,7,00-0038090,Skyy Moore,WR,SF,2.5,0.7477816945519791,B_raw_features,388,6,85.0,136.0,51.0
2025,7,00-0031588,Stefon Diggs,WR,NE,13.9,15.144837387803115,B_raw_features,388,6,21.0,10.0,11.0
2025,7,00-0032385,Sterling Shepard,WR,TB,9.5,8.774744431384777,B_raw_features,388,6,32.0,48.0,16.0
2025,7,00-0040154,Tai Felton,WR,MIN,0.0,0.7353665771677294,B_raw_features,388,6,100.0,137.0,37.0
2025,7,00-0036410,Tee Higgins,WR,CIN,21.6,10.402365094968152,B_raw_features,388,6,11.0,32.0,21.0
2025,7,00-0040124,Tetairoa McMillan,WR,CAR,6.3,13.723516121688068,B_raw_features,388,6,57.0,14.0,43.0
2025,7,00-0040237,Tez Johnson,WR,TB,15.8,7.472199253780366,B_raw_features,388,6,15.0,57.0,42.0
2025,7,00-0033375,Tim Patrick,WR,JAX,3.2,4.35271016041936,B_raw_features,388,6,78.0,87.0,9.0
2025,7,00-0040648,Tory Horton,WR,SEA,0.0,4.612594157048166,B_raw_features,388,6,100.0,85.0,15.0
2025,7,00-0040727,Tre Harris,WR,LAC,4.3,1.9297050083229808,B_raw_features,388,6,67.0,105.0,38.0
2025,7,00-0038563,Tre Tucker,WR,LV,8.3,10.34508466312016,B_raw_features,388,6,37.0,34.0,3.0
2025,7,00-0039868,Troy Franklin,WR,DEN,10.9,8.198815958190778,B_raw_features,388,6,28.0,52.0,24.0
2025,7,00-0036427,Tyler Johnson,WR,NYJ,9.0,3.23817933437459,B_raw_features,388,6,34.0,98.0,64.0
2025,7,00-0032211,Tyler Lockett,WR,TEN,3.8,5.134989036527825,B_raw_features,388,6,69.0,76.0,7.0
2025,7,00-0038104,Tyquan Thornton,WR,KC,4.9,8.543260735859828,B_raw_features,388,6,62.0,50.0,12.0
2025,7,00-0036415,Van Jefferson,WR,TEN,8.1,3.6721270331362845,B_raw_features,388,6,40.0,94.0,54.0
2025,7,00-0038117,Wan'Dale Robinson,WR,NYG,15.5,11.393371707111372,B_raw_features,388,6,18.0,24.0,6.0
2025,7,00-0038496,Xavier Gipson,WR,PHI,0.0,1.477616917773569,B_raw_features,388,6,100.0,111.0,11.0
2025,7,00-0038618,Xavier Hutchinson,WR,HOU,2.3,6.921915390032376,B_raw_features,388,6,90.0,63.0,27.0
2025,7,00-0039342,Xavier Legette,WR,CAR,24.2,4.857804763410373,B_raw_features,388,6,8.0,79.0,71.0
2025,7,00-0038359,Xavier Smith,WR,LA,3.5,1.477616917773569,B_raw_features,388,6,74.0,111.0,37.0
2025,7,00-0039521,Xavier Weaver,WR,ARI,0.0,1.9756598728533605,B_raw_features,388,6,100.0,104.0,4.0
2025,7,00-0039894,Xavier Worthy,WR,KC,7.8,12.287967380701327,B_raw_features,388,6,46.0,19.0,27.0
2025,7,00-0033891,Zay Jones,WR,ARI,8.7,6.405941975324247,B_raw_features,388,6,36.0,67.0,31.0
2025,8,00-0030035,Adam Thielen,WR,MIN,0.0,3.713222138641076,B_raw_features,526,7,93.0,77.0,16.0
2025,8,00-0039890,Adonai Mitchell,WR,IND,0.0,3.6585534645488913,B_raw_features,526,7,93.0,80.0,13.0
2025,8,00-0037664,Alec Pierce,WR,IND,8.9,11.24874244130423,B_raw_features,526,7,41.0,22.0,19.0
2025,8,00-0034521,Allen Lazard,WR,NYJ,1.5,3.673097046662149,B_raw_features,526,7,84.0,79.0,5.0
2025,8,00-0038619,Andrei Iosivas,WR,CIN,0.0,6.621289628386785,B_raw_features,526,7,93.0,56.0,37.0
2025,8,00-0039816,Anthony Gould,WR,IND,0.0,0.5796008758255161,B_raw_features,526,7,93.0,115.0,22.0
2025,8,00-0040582,Arian Smith,WR,NYJ,3.3,2.8295150578373502,B_raw_features,526,7,69.0,88.0,19.0
2025,8,00-0035021,Ashton Dulin,WR,IND,0.2,3.558714048165678,B_raw_features,526,7,92.0,82.0,10.0
2025,8,00-0040432,Beaux Collins,WR,NYG,2.8,1.3273761805374686,B_raw_features,526,7,71.0,96.0,25.0
2025,8,00-0036862,Ben Skowronek,WR,PIT,2.3,0.8256356776190965,B_raw_features,526,7,76.0,110.0,34.0
2025,8,00-0037091,Bo Melton,WR,GB,0.0,0.7114206257886444,B_raw_features,526,7,93.0,113.0,20.0
2025,8,00-0031236,Brandin Cooks,WR,NO,5.2,3.8834522030412297,B_raw_features,526,7,60.0,76.0,16.0
2025,8,00-0034419,Braxton Berrios,WR,HOU,8.8,2.709200714254375,B_raw_features,526,7,42.0,89.0,47.0
2025,8,00-0038840,Brycen Tremayne,WR,CAR,0.0,2.57403203313145,B_raw_features,526,7,93.0,90.0,3.0
2025,8,00-0037837,Calvin Austin III,WR,PIT,6.8,7.337187201833871,B_raw_features,526,7,52.0,50.0,2.0
2025,8,00-0039394,Casey Washington,WR,ATL,3.5,4.213458773282908,B_raw_features,526,7,66.0,73.0,7.0
2025,8,00-0036358,CeeDee Lamb,WR,DAL,14.6,16.708298635599064,B_raw_features,526,7,19.0,3.0,16.0
2025,8,00-0038576,Charlie Jones,WR,CIN,0.0,1.202945671834923,B_raw_features,526,7,93.0,98.0,5.0
2025,8,00-0040705,Chimere Dike,WR,TEN,16.4,7.931584917703923,B_raw_features,526,7,15.0,45.0,30.0
2025,8,00-0037239,Chris Olave,WR,NO,14.0,16.313804590172577,B_raw_features,526,7,24.0,4.0,20.0
2025,8,00-0034348,Courtland Sutton,WR,DEN,10.7,9.94996474070759,B_raw_features,526,7,35.0,32.0,3.0
2025,8,00-0033282,Curtis Samuel,WR,BUF,0.0,5.762329115744453,B_raw_features,526,7,93.0,63.0,30.0
2025,8,00-0034827,DJ Moore,WR,CHI,11.6,10.559298208648583,B_raw_features,526,7,30.0,27.0,3.0
2025,8,00-0035640,DK Metcalf,WR,PIT,16.5,13.484535215101058,B_raw_features,526,7,12.0,12.0,0.0
2025,8,00-0035535,Darius Slayton,WR,NYG,4.6,9.026359849992465,B_raw_features,526,7,63.0,39.0,24.0
2025,8,00-0036309,Darnell Mooney,WR,ATL,2.1,7.2060924860707365,B_raw_features,526,7,77.0,51.0,26.0
2025,8,00-0035359,David Sills,WR,ATL,3.4,3.162837803414912,B_raw_features,526,7,67.0,84.0,17.0
2025,8,00-0030564,DeAndre Hopkins,WR,BAL,2.4,4.3840035561968,B_raw_features,526,7,74.0,70.0,4.0
2025,8,00-0038621,DeMario Douglas,WR,NE,5.7,7.624851777262687,B_raw_features,526,7,58.0,49.0,9.0
2025,8,00-0036912,DeVonta Smith,WR,PHI,14.4,16.1981800253042,B_raw_features,526,7,20.0,5.0,15.0
2025,8,00-0036620,Dee Eskridge,WR,MIA,0.0,1.7908700584268242,B_raw_features,526,7,93.0,95.0,2.0
2025,8,00-0035719,Deebo Samuel Sr.,WR,WAS,4.2,16.79435332028831,B_raw_features,526,7,64.0,2.0,62.0
2025,8,00-0032775,Demarcus Robinson,WR,SF,2.5,4.579400652617775,B_raw_features,526,7,73.0,69.0,4.0
2025,8,00-0038573,Derius Davis,WR,LAC,0.0,0.7541195093913547,B_raw_features,526,7,93.0,112.0,19.0
2025,8,00-0039424,Devaughn Vele,WR,NO,2.0,3.9520209776752124,B_raw_features,526,7,78.0,74.0,4.0
2025,8,00-0036331,Devin Duvernay,WR,CHI,1.2,1.202945671834923,B_raw_features,526,7,86.0,98.0,12.0
2025,8,00-0040170,Elic Ayomanor,WR,TEN,9.2,7.854777978921668,B_raw_features,526,7,40.0,47.0,7.0
2025,8,00-0036980,Elijah Moore,WR,BUF,2.4,3.602721543233568,B_raw_features,526,7,74.0,81.0,7.0
2025,8,00-0040129,Emeka Egbuka,WR,TB,6.5,10.795373747120811,B_raw_features,526,7,54.0,26.0,28.0
2025,8,00-0040259,Gage Larvadain,WR,CLE,0.3,1.895300394252354,B_raw_features,526,7,91.0,93.0,2.0
2025,8,00-0037247,George Pickens,WR,DAL,14.8,13.487457123588865,B_raw_features,526,7,18.0,11.0,7.0
2025,8,00-0035645,Gunner Olszewski,WR,NYG,0.0,1.202945671834923,B_raw_features,526,7,93.0,98.0,5.0
2025,8,00-0040782,Isaiah Bond,WR,CLE,0.0,7.681894786596504,B_raw_features,526,7,93.0,48.0,45.0
2025,8,00-0039451,Isaiah Williams,WR,NYJ,8.6,1.202945671834923,B_raw_features,526,7,44.0,98.0,54.0
2025,8,00-0036900,Ja'Marr Chase,WR,CIN,21.1,21.014580265681346,B_raw_features,526,7,4.0,1.0,3.0
2025,8,00-0037741,Jahan Dotson,WR,PHI,11.0,2.1880672648425015,B_raw_features,526,7,34.0,91.0,57.0
2025,8,00-0040277,Jahdae Walker,WR,CHI,0.0,1.202945671834923,B_raw_features,526,7,93.0,98.0,5.0
2025,8,00-0039491,Jalen Coker,WR,CAR,6.6,3.023402004410082,B_raw_features,526,7,53.0,85.0,32.0
2025,8,00-0037291,Jalen Nailor,WR,MIN,0.0,6.907238540303975,B_raw_features,526,7,93.0,55.0,38.0
2025,8,00-0037666,Jalen Tolbert,WR,DAL,12.7,2.8568053489991994,B_raw_features,526,7,28.0,87.0,59.0
2025,8,00-0033572,Jamal Agnew,WR,ATL,0.0,1.202945671834923,B_raw_features,526,7,93.0,98.0,5.0
2025,8,00-0039379,Jamari Thrash,WR,CLE,5.1,4.769076915540961,B_raw_features,526,7,61.0,66.0,5.0
2025,8,00-0036259,Jauan Jennings,WR,SF,8.5,7.028266916334846,B_raw_features,526,7,45.0,52.0,7.0
2025,8,00-0040130,Jayden Higgins,WR,HOU,13.4,4.616126674352354,B_raw_features,526,7,26.0,67.0,41.0
2025,8,00-0036613,Jaylen Waddle,WR,MIA,20.9,11.849955198391156,B_raw_features,526,7,5.0,18.0,13.0
2025,8,00-0040164,Jaylin Lane,WR,WAS,1.0,6.918495294308121,B_raw_features,526,7,87.0,54.0,33.0
2025,8,00-0040138,Jaylin Noel,WR,HOU,11.3,6.260849480064025,B_raw_features,526,7,33.0,60.0,27.0
2025,8,00-0036407,Jerry Jeudy,WR,CLE,0.0,8.118362712077056,B_raw_features,526,7,93.0,43.0,50.0
2025,8,00-0040218,Jimmy Horn Jr.,WR,CAR,0.9,6.918782396914894,B_raw_features,526,7,88.0,53.0,35.0
2025,8,00-0038994,Jordan Addison,WR,MIN,11.6,12.779666720116827,B_raw_features,526,7,30.0,15.0,15.0
2025,8,00-0038997,Josh Downs,WR,IND,12.9,11.051210899969945,B_raw_features,526,7,27.0,24.0,3.0
2025,8,00-0033857,JuJu Smith-Schuster,WR,KC,4.9,6.517706678746277,B_raw_features,526,7,62.0,58.0,4.0
2025,8,00-0036322,Justin Jefferson,WR,MIN,14.4,15.366113249529976,B_raw_features,526,7,20.0,6.0,14.0
2025,8,00-0037801,KaVontae Turpin,WR,DAL,0.8,5.829707799744512,B_raw_features,526,7,90.0,62.0,28.0
2025,8,00-0039589,Kameron Johnson,WR,TB,0.0,4.258414802776114,B_raw_features,526,7,93.0,72.0,21.0
2025,8,00-0038608,Kayshon Boutte,WR,NE,16.5,10.217374186799436,B_raw_features,526,7,12.0,29.0,17.0
2025,8,00-0040534,Ke'Shawn Williams,WR,PIT,0.0,1.202945671834923,B_raw_features,526,7,93.0,98.0,5.0
2025,8,00-0030279,Keenan Allen,WR,LAC,8.4,12.03376635074434,B_raw_features,526,7,46.0,17.0,29.0
2025,8,00-0033307,Kendrick Bourne,WR,SF,7.4,11.244171574949593,B_raw_features,526,7,49.0,23.0,26.0
2025,8,00-0039901,Keon Coleman,WR,BUF,6.0,10.25337925174506,B_raw_features,526,7,56.0,28.0,28.0
2025,8,00-0034854,KhaDarel Hodge,WR,ATL,6.1,0.8051567917393001,B_raw_features,526,7,55.0,111.0,56.0
2025,8,00-0037261,Khalil Shakir,WR,BUF,20.8,12.066907587602046,B_raw_features,526,7,6.0,16.0,10.0
2025,8,00-0039915,Ladd McConkey,WR,LAC,20.8,13.092404830015225,B_raw_features,526,7,6.0,14.0,8.0
2025,8,00-0039355,Luke McCaffrey,WR,WAS,5.4,4.610681330705763,B_raw_features,526,7,59.0,68.0,9.0
2025,8,00-0040735,Luther Burden III,WR,CHI,0.9,5.3753427952388915,B_raw_features,526,7,88.0,64.0,24.0
2025,8,00-0033555,Mack Hollins,WR,NE,15.9,6.607947078090121,B_raw_features,526,7,16.0,57.0,41.0
2025,8,00-0039920,Malachi Corley,WR,CLE,3.1,3.9064957218326546,B_raw_features,526,7,70.0,75.0,5.0
2025,8,00-0038465,Malik Heath,WR,GB,5.9,0.6090237017182788,B_raw_features,526,7,57.0,114.0,57.0
2025,8,00-0039880,Malik Washington,WR,MIA,13.6,9.123786111145165,B_raw_features,526,7,25.0,37.0,12.0
2025,8,00-0035662,Marquise Brown,WR,KC,0.0,9.181215656087407,B_raw_features,526,7,93.0,36.0,57.0
2025,8,00-0038976,Marvin Mims Jr.,WR,DEN,1.8,8.857092849678738,B_raw_features,526,7,79.0,41.0,38.0
2025,8,00-0039623,Mason Tipton,WR,NO,0.0,1.0400832022983804,B_raw_features,526,7,93.0,109.0,16.0
2025,8,00-0040667,Matthew Golden,WR,GB,3.4,10.846074098292585,B_raw_features,526,7,67.0,25.0,42.0
2025,8,00-0036252,Michael Pittman,WR,IND,23.5,9.336328620178833,B_raw_features,526,7,3.0,35.0,32.0
2025,8,00-0040506,Myles Price,WR,MIN,0.0,1.202945671834923,B_raw_features,526,7,93.0,98.0,5.0
2025,8,00-0036182,Nick Westbrook-Ikhine,WR,MIA,2.8,2.9526599687087938,B_raw_features,526,7,71.0,86.0,15.0
2025,8,00-0038519,Nikko Remigio,WR,KC,0.0,1.202945671834923,B_raw_features,526,7,93.0,98.0,5.0
2025,8,00-0035208,Olamide Zaccheaus,WR,CHI,10.3,7.88426433777339,B_raw_features,526,7,37.0,46.0,9.0
2025,8,00-0040134,Pat Bryant,WR,DEN,12.0,1.9619851694407908,B_raw_features,526,7,29.0,92.0,63.0
2025,8,00-0039067,Rashee Rice,WR,KC,25.5,14.531884225381368,B_raw_features,526,7,2.0,8.0,6.0
2025,8,00-0037545,Rashid Shaheed,WR,NO,16.5,11.7410934297243,B_raw_features,526,7,12.0,19.0,7.0
2025,8,00-0036550,Rashod Bateman,WR,BAL,7.1,3.7066306302814276,B_raw_features,526,7,51.0,78.0,27.0
2025,8,00-0039739,Roman Wilson,WR,PIT,17.4,4.265780525630888,B_raw_features,526,7,10.0,71.0,61.0
2025,8,00-0039919,Rome Odunze,WR,CHI,18.4,9.994705344693472,B_raw_features,526,7,8.0,30.0,22.0
2025,8,00-0037816,Romeo Doubs,WR,GB,7.4,14.99200627741889,B_raw_features,526,7,49.0,7.0,42.0
2025,8,00-0039410,Ryan Flournoy,WR,DAL,1.7,8.476536098054117,B_raw_features,526,7,81.0,42.0,39.0
2025,8,00-0040009,Savion Williams,WR,GB,7.9,1.878447599883257,B_raw_features,526,7,47.0,94.0,47.0
2025,8,00-0038090,Skyy Moore,WR,SF,0.0,1.2662124951905267,B_raw_features,526,7,93.0,97.0,4.0
2025,8,00-0031588,Stefon Diggs,WR,NE,10.4,13.349257338249684,B_raw_features,526,7,36.0,13.0,23.0
2025,8,00-0032385,Sterling Shepard,WR,TB,1.8,9.023767687850249,B_raw_features,526,7,79.0,40.0,39.0
2025,8,00-0036410,Tee Higgins,WR,CIN,11.4,11.627372693649777,B_raw_features,526,7,32.0,21.0,11.0
2025,8,00-0035659,Terry McLaurin,WR,WAS,14.4,9.780536817580197,B_raw_features,526,7,20.0,33.0,13.0
2025,8,00-0040124,Tetairoa McMillan,WR,CAR,16.9,11.711758663315099,B_raw_features,526,7,11.0,20.0,9.0
2025,8,00-0040237,Tez Johnson,WR,TB,9.3,9.731535066594066,B_raw_features,526,7,39.0,34.0,5.0
2025,8,00-0040727,Tre Harris,WR,LAC,8.8,3.2557474722865885,B_raw_features,526,7,42.0,83.0,41.0
2025,8,00-0039868,Troy Franklin,WR,DEN,26.9,8.0101582487571,B_raw_features,526,7,1.0,44.0,43.0
2025,8,00-0036630,Tylan Wallace,WR,BAL,1.6,1.175491797806019,B_raw_features,526,7,82.0,108.0,26.0
2025,8,00-0036427,Tyler Johnson,WR,NYJ,15.4,4.878119870139152,B_raw_features,526,7,17.0,65.0,48.0
2025,8,00-0036415,Van Jefferson,WR,TEN,1.6,6.321250289209231,B_raw_features,526,7,82.0,59.0,23.0
2025,8,00-0038117,Wan'Dale Robinson,WR,NYG,7.8,13.984801048606492,B_raw_features,526,7,48.0,9.0,39.0
2025,8,00-0038496,Xavier Gipson,WR,PHI,1.3,1.202945671834923,B_raw_features,526,7,85.0,98.0,13.0
2025,8,00-0038618,Xavier Hutchinson,WR,HOU,17.9,5.917619418649835,B_raw_features,526,7,9.0,61.0,52.0
2025,8,00-0039342,Xavier Legette,WR,CAR,3.7,9.102080696635891,B_raw_features,526,7,65.0,38.0,27.0
2025,8,00-0039894,Xavier Worthy,WR,KC,10.3,9.95272898176321,B_raw_features,526,7,37.0,31.0,6.0
2025,8,00-0039064,Zay Flowers,WR,BAL,14.1,13.745267625424022,B_raw_features,526,7,23.0,10.0,13.0
2025,9,00-0039890,Adonai Mitchell,WR,IND,1.7,2.9476104306698536,B_raw_features,641,8,84.0,97.0,13.0
2025,9,00-0037664,Alec Pierce,WR,IND,17.5,10.184498799918115,B_raw_features,641,8,16.0,38.0,22.0
2025,9,00-0035602,Alex Bachman,WR,LV,0.0,0.8108147960535843,B_raw_features,641,8,94.0,127.0,33.0
2025,9,00-0036963,Amon-Ra St. Brown,WR,DET,18.7,18.038340474154513,B_raw_features,641,8,11.0,5.0,6.0
2025,9,00-0038619,Andrei Iosivas,WR,CIN,18.0,5.0303221718065245,B_raw_features,641,8,13.0,78.0,65.0
2025,9,00-0035021,Ashton Dulin,WR,IND,0.0,2.8908474202976224,B_raw_features,641,8,94.0,98.0,4.0
2025,9,00-0036862,Ben Skowronek,WR,PIT,0.0,0.8950507022169398,B_raw_features,641,8,94.0,126.0,32.0
2025,9,00-0031236,Brandin Cooks,WR,NO,3.6,3.41400406890531,B_raw_features,641,8,67.0,93.0,26.0
2025,9,00-0034419,Braxton Berrios,WR,HOU,0.0,5.347954833884337,B_raw_features,641,8,94.0,71.0,23.0
2025,9,00-0039893,Brian Thomas Jr.,WR,JAX,8.5,12.727987290355072,B_raw_features,641,8,47.0,18.0,29.0
2025,9,00-0038840,Brycen Tremayne,WR,CAR,1.8,0.8963453256223952,B_raw_features,641,8,82.0,125.0,43.0
2025,9,00-0037837,Calvin Austin III,WR,PIT,10.6,8.348173198596106,B_raw_features,641,8,35.0,52.0,17.0
2025,9,00-0034418,Cedrick Wilson Jr.,WR,MIA,1.7,2.838691907821248,B_raw_features,641,8,84.0,100.0,16.0
2025,9,00-0036358,CeeDee Lamb,WR,DAL,15.5,15.048610118406655,B_raw_features,641,8,22.0,9.0,13.0
2025,9,00-0038576,Charlie Jones,WR,CIN,0.0,1.4061010974106694,B_raw_features,641,8,94.0,109.0,15.0
2025,9,00-0040705,Chimere Dike,WR,TEN,1.5,9.889259239900891,B_raw_features,641,8,88.0,41.0,47.0
2025,9,00-0037239,Chris Olave,WR,NO,8.7,15.707623555517852,B_raw_features,641,8,45.0,7.0,38.0
2025,9,00-0034775,Christian Kirk,WR,HOU,6.6,8.23333432177871,B_raw_features,641,8,52.0,56.0,4.0
2025,9,00-0038124,Christian Watson,WR,GB,7.8,8.146811561301229,B_raw_features,641,8,49.0,57.0,8.0
2025,9,00-0035891,Cody White,WR,SEA,13.0,1.4061010974106694,B_raw_features,641,8,29.0,109.0,80.0
2025,9,00-0034348,Courtland Sutton,WR,DEN,10.0,9.127494505816259,B_raw_features,641,8,36.0,45.0,9.0
2025,9,00-0033282,Curtis Samuel,WR,BUF,1.6,3.232188006046024,B_raw_features,641,8,87.0,95.0,8.0
2025,9,00-0034827,DJ Moore,WR,CHI,22.98,11.853209472381407,B_raw_features,641,8,4.0,26.0,22.0
2025,9,00-0035640,DK Metcalf,WR,PIT,2.6,12.657724002556732,B_raw_features,641,8,77.0,19.0,58.0
2025,9,00-0035535,Darius Slayton,WR,NYG,11.2,9.264557112912113,B_raw_features,641,8,34.0,44.0,10.0
2025,9,00-0036309,Darnell Mooney,WR,ATL,2.5,5.169300270603207,B_raw_features,641,8,79.0,76.0,3.0
2025,9,00-0031381,Davante Adams,WR,LA,23.0,14.119045098067685,B_raw_features,641,8,3.0,13.0,10.0
2025,9,00-0035359,David Sills,WR,ATL,0.0,4.833701387276697,B_raw_features,641,8,94.0,80.0,14.0
2025,9,00-0030564,DeAndre Hopkins,WR,BAL,0.0,5.24512685103049,B_raw_features,641,8,94.0,75.0,19.0
2025,9,00-0038621,DeMario Douglas,WR,NE,20.0,7.875742782647438,B_raw_features,641,8,10.0,59.0,49.0
2025,9,00-0036620,Dee Eskridge,WR,MIA,0.0,1.9074197647888216,B_raw_features,641,8,94.0,104.0,10.0
2025,9,00-0035719,Deebo Samuel Sr.,WR,WAS,9.4,13.052281200495656,B_raw_features,641,8,38.0,16.0,22.0
2025,9,00-0032775,Demarcus Robinson,WR,SF,0.0,4.125491297985517,B_raw_features,641,8,94.0,88.0,6.0
2025,9,00-0038573,Derius Davis,WR,LAC,0.0,0.9407132427310265,B_raw_features,641,8,94.0,124.0,30.0
2025,9,00-0036331,Devin Duvernay,WR,CHI,0.0,1.2277390311036838,B_raw_features,641,8,94.0,122.0,28.0
2025,9,00-0037238,Drake London,WR,ATL,38.8,18.581826663923884,B_raw_features,641,8,1.0,4.0,3.0
2025,9,00-0036626,Dyami Brown,WR,JAX,5.9,8.01013739844493,B_raw_features,641,8,58.0,58.0,0.0
2025,9,00-0040563,Efton Chism III,WR,NE,0.0,1.4061010974106694,B_raw_features,641,8,94.0,109.0,15.0
2025,9,00-0040170,Elic Ayomanor,WR,TEN,7.6,8.562759716422821,B_raw_features,641,8,50.0,50.0,0.0
2025,9,00-0036980,Elijah Moore,WR,BUF,3.8,3.317939298709301,B_raw_features,641,8,63.0,94.0,31.0
2025,9,00-0037247,George Pickens,WR,DAL,13.9,14.653176352974375,B_raw_features,641,8,27.0,11.0,16.0
2025,9,00-0035500,Greg Dortch,WR,ARI,0.9,5.253672365456349,B_raw_features,641,8,93.0,73.0,20.0
2025,9,00-0035645,Gunner Olszewski,WR,NYG,9.4,1.4061010974106694,B_raw_features,641,8,38.0,109.0,71.0
2025,9,00-0036900,Ja'Marr Chase,WR,CIN,17.1,22.90061340295313,B_raw_features,641,8,17.0,1.0,16.0
2025,9,00-0040729,Jack Bech,WR,LV,0.0,4.417358548822245,B_raw_features,641,8,94.0,85.0,9.0
2025,9,00-0040277,Jahdae Walker,WR,CHI,0.0,1.4061010974106694,B_raw_features,641,8,94.0,109.0,15.0
2025,9,00-0034960,Jakobi Meyers,WR,LV,6.3,10.759459288209015,B_raw_features,641,8,53.0,34.0,19.0
2025,9,00-0039491,Jalen Coker,WR,CAR,1.9,5.250648464779376,B_raw_features,641,8,81.0,74.0,7.0
2025,9,00-0037291,Jalen Nailor,WR,MIN,2.6,4.956845946320545,B_raw_features,641,8,77.0,79.0,2.0
2025,9,00-0038938,Jalin Hyatt,WR,NYG,0.0,3.731136086491543,B_raw_features,641,8,94.0,89.0,5.0
2025,9,00-0033572,Jamal Agnew,WR,ATL,0.0,1.4061010974106694,B_raw_features,641,8,94.0,109.0,15.0
2025,9,00-0037240,Jameson Williams,WR,DET,16.6,6.138861475004694,B_raw_features,641,8,20.0,66.0,46.0
2025,9,00-0036259,Jauan Jennings,WR,SF,14.1,8.819063984765139,B_raw_features,641,8,26.0,47.0,21.0
2025,9,00-0038543,Jaxon Smith-Njigba,WR,SEA,22.0,22.180843047424148,B_raw_features,641,8,7.0,2.0,5.0
2025,9,00-0040130,Jayden Higgins,WR,HOU,1.4,6.599033887907103,B_raw_features,641,8,90.0,64.0,26.0
2025,9,00-0036613,Jaylen Waddle,WR,MIA,14.2,11.206662124727622,B_raw_features,641,8,25.0,30.0,5.0
2025,9,00-0040164,Jaylin Lane,WR,WAS,5.9,5.977446409651662,B_raw_features,641,8,58.0,67.0,9.0
2025,9,00-0040138,Jaylin Noel,WR,HOU,-0.3,9.560430751588376,B_raw_features,641,8,127.0,43.0,84.0
2025,9,00-0040218,Jimmy Horn Jr.,WR,CAR,1.8,5.617878765391394,B_raw_features,641,8,82.0,70.0,12.0
2025,9,00-0038994,Jordan Addison,WR,MIN,8.4,12.196450811242725,B_raw_features,641,8,48.0,24.0,24.0
2025,9,00-0040172,Jordan Watkins,WR,SF,2.9,3.6418226877606497,B_raw_features,641,8,74.0,90.0,16.0
2025,9,00-0038997,Josh Downs,WR,IND,17.7,11.620757801468912,B_raw_features,641,8,15.0,27.0,12.0
2025,9,00-0033857,JuJu Smith-Schuster,WR,KC,1.2,6.662997099991243,B_raw_features,641,8,92.0,63.0,29.0
2025,9,00-0036322,Justin Jefferson,WR,MIN,16.7,15.332397923320471,B_raw_features,641,8,19.0,8.0,11.0
2025,9,00-0037801,KaVontae Turpin,WR,DAL,3.3,4.740687397772222,B_raw_features,641,8,68.0,81.0,13.0
2025,9,00-0032464,Kalif Raymond,WR,DET,0.0,1.7699571288243043,B_raw_features,641,8,94.0,106.0,12.0
2025,9,00-0038608,Kayshon Boutte,WR,NE,0.0,12.27685191586396,B_raw_features,641,8,94.0,23.0,71.0
2025,9,00-0040534,Ke'Shawn Williams,WR,PIT,0.0,1.4061010974106694,B_raw_features,641,8,94.0,109.0,15.0
2025,9,00-0040184,KeAndre Lambert-Smith,WR,LAC,0.0,0.9483955224475152,B_raw_features,641,8,94.0,123.0,29.0
2025,9,00-0030279,Keenan Allen,WR,LAC,6.1,11.38167731762859,B_raw_features,641,8,55.0,29.0,26.0
2025,9,00-0033307,Kendrick Bourne,WR,SF,5.4,8.23679623266759,B_raw_features,641,8,60.0,55.0,5.0
2025,9,00-0039901,Keon Coleman,WR,BUF,3.7,9.80055034619477,B_raw_features,641,8,65.0,42.0,23.0
2025,9,00-0034854,KhaDarel Hodge,WR,ATL,0.0,3.2086824118703072,B_raw_features,641,8,94.0,96.0,2.0
2025,9,00-0037261,Khalil Shakir,WR,BUF,11.3,12.999637733779288,B_raw_features,641,8,33.0,17.0,16.0
2025,9,00-0040131,Kyle Williams,WR,NE,0.0,2.646357072118887,B_raw_features,641,8,94.0,101.0,7.0
2025,9,00-0040075,LaJohntay Wester,WR,BAL,0.0,1.4061010974106694,B_raw_features,641,8,94.0,109.0,15.0
2025,9,00-0039915,Ladd McConkey,WR,LAC,9.6,16.316358794140367,B_raw_features,641,8,37.0,6.0,31.0
2025,9,00-0039355,Luke McCaffrey,WR,WAS,0.0,4.579799095621687,B_raw_features,641,8,94.0,83.0,11.0
2025,9,00-0033555,Mack Hollins,WR,NE,2.9,8.956082387609598,B_raw_features,641,8,74.0,46.0,28.0
2025,9,00-0038465,Malik Heath,WR,GB,2.1,2.1237315944719484,B_raw_features,641,8,80.0,102.0,22.0
2025,9,00-0039880,Malik Washington,WR,MIA,9.1,10.932938284768673,B_raw_features,641,8,43.0,33.0,10.0
2025,9,00-0035662,Marquise Brown,WR,KC,9.3,6.7201856118023,B_raw_features,641,8,40.0,62.0,22.0
2025,9,00-0039849,Marvin Harrison Jr.,WR,ARI,22.6,7.762145508205487,B_raw_features,641,8,6.0,60.0,54.0
2025,9,00-0036176,Mason Kinsey,WR,TEN,0.0,1.4061010974106694,B_raw_features,641,8,94.0,109.0,15.0
2025,9,00-0040667,Matthew Golden,WR,GB,2.9,8.257643179236135,B_raw_features,641,8,74.0,53.0,21.0
2025,9,00-0036252,Michael Pittman,WR,IND,20.5,12.303891928868946,B_raw_features,641,8,9.0,22.0,13.0
2025,9,00-0038559,Michael Wilson,WR,ARI,9.1,7.5990784142637775,B_raw_features,641,8,43.0,61.0,18.0
2025,9,00-0038839,Mitchell Tinsley,WR,CIN,3.7,3.497047394382233,B_raw_features,641,8,65.0,92.0,27.0
2025,9,00-0040506,Myles Price,WR,MIN,0.0,1.4061010974106694,B_raw_features,641,8,94.0,109.0,15.0
2025,9,00-0036182,Nick Westbrook-Ikhine,WR,MIA,4.2,4.270143825585485,B_raw_features,641,8,61.0,86.0,25.0
2025,9,00-0036554,Nico Collins,WR,HOU,14.5,10.933653338306527,B_raw_features,641,8,24.0,32.0,8.0
2025,9,00-0038519,Nikko Remigio,WR,KC,0.0,1.4061010974106694,B_raw_features,641,8,94.0,109.0,15.0
2025,9,00-0035208,Olamide Zaccheaus,WR,CHI,17.8,8.702422596733376,B_raw_features,641,8,14.0,49.0,35.0
2025,9,00-0038606,Parker Washington,WR,JAX,17.0,10.116888172566888,B_raw_features,641,8,18.0,39.0,21.0
2025,9,00-0040134,Pat Bryant,WR,DEN,4.0,5.949390428484092,B_raw_features,641,8,62.0,69.0,7.0
2025,9,00-0039075,Puka Nacua,WR,LA,22.8,14.309760451417963,B_raw_features,641,8,5.0,12.0,7.0
2025,9,00-0038544,Quentin Johnston,WR,LAC,15.3,11.12186481324475,B_raw_features,641,8,23.0,31.0,8.0
2025,9,00-0039067,Rashee Rice,WR,KC,18.6,18.782803047687036,B_raw_features,641,8,12.0,3.0,9.0
2025,9,00-0037545,Rashid Shaheed,WR,NO,11.8,11.538296756842586,B_raw_features,641,8,31.0,28.0,3.0
2025,9,00-0036550,Rashod Bateman,WR,BAL,9.3,5.034492041242384,B_raw_features,641,8,40.0,77.0,37.0
2025,9,00-0034407,Ray-Ray McCloud,WR,NYG,1.5,4.142290913058106,B_raw_features,641,8,88.0,87.0,1.0
2025,9,00-0039739,Roman Wilson,WR,PIT,1.4,5.3192611681585,B_raw_features,641,8,90.0,72.0,18.0
2025,9,00-0039919,Rome Odunze,WR,CHI,0.0,10.438452708663947,B_raw_features,641,8,94.0,36.0,58.0
2025,9,00-0037816,Romeo Doubs,WR,GB,16.1,12.331905478877532,B_raw_features,641,8,21.0,21.0,0.0
2025,9,00-0039410,Ryan Flournoy,WR,DAL,9.2,3.586770919561933,B_raw_features,641,8,42.0,91.0,49.0
2025,9,00-0040009,Savion Williams,WR,GB,3.2,2.084970141114524,B_raw_features,641,8,69.0,103.0,34.0
2025,9,00-0036646,Simi Fehoko,WR,ARI,0.0,1.4061010974106694,B_raw_features,641,8,94.0,109.0,15.0
2025,9,00-0038090,Skyy Moore,WR,SF,3.1,1.4870291027105056,B_raw_features,641,8,72.0,108.0,36.0
2025,9,00-0031588,Stefon Diggs,WR,NE,12.8,10.667251396770991,B_raw_features,641,8,30.0,35.0,5.0
2025,9,00-0040154,Tai Felton,WR,MIN,0.0,1.4061010974106694,B_raw_features,641,8,94.0,109.0,15.0
2025,9,00-0036410,Tee Higgins,WR,CIN,31.1,10.224311462913903,B_raw_features,641,8,2.0,37.0,35.0
2025,9,00-0040124,Tetairoa McMillan,WR,CAR,8.6,13.311536423805599,B_raw_features,641,8,46.0,14.0,32.0
2025,9,00-0040648,Tory Horton,WR,SEA,20.8,4.690426854811273,B_raw_features,641,8,8.0,82.0,74.0
2025,9,00-0040727,Tre Harris,WR,LAC,3.8,5.953151116665136,B_raw_features,641,8,63.0,68.0,5.0
2025,9,00-0038563,Tre Tucker,WR,LV,6.8,12.500658108256452,B_raw_features,641,8,51.0,20.0,31.0
2025,9,00-0039868,Troy Franklin,WR,DEN,6.3,12.095112944647987,B_raw_features,641,8,53.0,25.0,28.0
2025,9,00-0036630,Tylan Wallace,WR,BAL,0.0,1.8603057676572419,B_raw_features,641,8,94.0,105.0,11.0
2025,9,00-0032211,Tyler Lockett,WR,LV,0.0,4.563789009917878,B_raw_features,641,8,94.0,84.0,10.0
2025,9,00-0038104,Tyquan Thornton,WR,KC,0.0,6.39963031884915,B_raw_features,641,8,94.0,65.0,29.0
2025,9,00-0038679,Tyrell Shavers,WR,BUF,1.7,2.860793861566708,B_raw_features,641,8,84.0,99.0,15.0
2025,9,00-0036415,Van Jefferson,WR,TEN,3.1,8.237083381505904,B_raw_features,641,8,72.0,54.0,18.0
2025,9,00-0038117,Wan'Dale Robinson,WR,NYG,13.6,13.281637851163042,B_raw_features,641,8,28.0,15.0,13.0
2025,9,00-0038618,Xavier Hutchinson,WR,HOU,6.0,8.512510253222501,B_raw_features,641,8,56.0,51.0,5.0
2025,9,00-0039342,Xavier Legette,WR,CAR,3.2,8.816954981876098,B_raw_features,641,8,69.0,48.0,21.0
2025,9,00-0038359,Xavier Smith,WR,LA,3.2,1.5221134453342098,B_raw_features,641,8,69.0,107.0,38.0
2025,9,00-0039894,Xavier Worthy,WR,KC,6.0,10.035770395981501,B_raw_features,641,8,56.0,40.0,16.0
2025,9,00-0039064,Zay Flowers,WR,BAL,11.4,14.792127813853579,B_raw_features,641,8,32.0,10.0,22.0
2025,10,00-0035676,A.J. Brown,WR,PHI,3.3,13.865466880072738,B_raw_features,768,9,66.0,12.0,54.0
2025,10,00-0030035,Adam Thielen,WR,MIN,3.6,3.6965024220440426,B_raw_features,768,9,62.0,83.0,21.0
2025,10,00-0037664,Alec Pierce,WR,IND,18.4,12.829235120018545,B_raw_features,768,9,15.0,16.0,1.0
2025,10,00-0035602,Alex Bachman,WR,LV,0.0,1.258945695069283,B_raw_features,768,9,94.0,111.0,17.0
2025,10,00-0036963,Amon-Ra St. Brown,WR,DET,16.8,17.75459933682475,B_raw_features,768,9,18.0,3.0,15.0
2025,10,00-0040582,Arian Smith,WR,NYJ,1.3,3.0419079853449387,B_raw_features,768,9,88.0,97.0,9.0
2025,10,00-0035021,Ashton Dulin,WR,IND,2.2,0.6739012493887157,B_raw_features,768,9,79.0,127.0,48.0
2025,10,00-0036841,Austin Trammell,WR,JAX,5.3,2.043988474294553,B_raw_features,768,9,55.0,108.0,53.0
2025,10,00-0036862,Ben Skowronek,WR,PIT,0.0,0.866341606939491,B_raw_features,768,9,94.0,125.0,31.0
2025,10,00-0037091,Bo Melton,WR,GB,4.8,0.8537038098509822,B_raw_features,768,9,59.0,126.0,67.0
2025,10,00-0034419,Braxton Berrios,WR,HOU,0.0,3.0996994069747563,B_raw_features,768,9,94.0,94.0,0.0
2025,10,00-0037837,Calvin Austin III,WR,PIT,3.4,7.703537615637588,B_raw_features,768,9,64.0,51.0,13.0
2025,10,00-0038979,Cedric Tillman,WR,CLE,3.1,5.747541792088325,B_raw_features,768,9,69.0,66.0,3.0
2025,10,00-0032398,Chris Moore,WR,WAS,0.0,6.70546631648666,B_raw_features,768,9,94.0,57.0,37.0
2025,10,00-0037239,Chris Olave,WR,NO,21.4,12.820248285491358,B_raw_features,768,9,5.0,17.0,12.0
2025,10,00-0034775,Christian Kirk,WR,HOU,1.3,8.288287404582544,B_raw_features,768,9,88.0,48.0,40.0
2025,10,00-0038124,Christian Watson,WR,GB,6.5,8.643217792347475,B_raw_features,768,9,46.0,45.0,1.0
2025,10,00-0035891,Cody White,WR,SEA,0.0,3.467111236280608,B_raw_features,768,9,94.0,86.0,8.0
2025,10,00-0033908,Cooper Kupp,WR,SEA,9.4,7.579277960236795,B_raw_features,768,9,35.0,52.0,17.0
2025,10,00-0034348,Courtland Sutton,WR,DEN,5.4,11.197659508072283,B_raw_features,768,9,53.0,29.0,24.0
2025,10,00-0033282,Curtis Samuel,WR,BUF,3.1,2.5690561787849706,B_raw_features,768,9,69.0,106.0,37.0
2025,10,00-0034827,DJ Moore,WR,CHI,0.0,12.653182035869758,B_raw_features,768,9,94.0,19.0,75.0
2025,10,00-0035640,DK Metcalf,WR,PIT,6.5,8.660913885107949,B_raw_features,768,9,46.0,44.0,2.0
2025,10,00-0035535,Darius Slayton,WR,NYG,12.9,9.489941269176136,B_raw_features,768,9,25.0,40.0,15.0
2025,10,00-0036309,Darnell Mooney,WR,ATL,2.7,5.616687548133817,B_raw_features,768,9,74.0,68.0,6.0
2025,10,00-0031381,Davante Adams,WR,LA,19.7,15.024162554670585,B_raw_features,768,9,12.0,8.0,4.0
2025,10,00-0035359,David Sills,WR,ATL,0.0,3.0870689172046193,B_raw_features,768,9,94.0,95.0,1.0
2025,10,00-0030564,DeAndre Hopkins,WR,BAL,3.6,3.1887719468216256,B_raw_features,768,9,62.0,93.0,31.0
2025,10,00-0038621,DeMario Douglas,WR,NE,5.4,8.11919150641387,B_raw_features,768,9,53.0,49.0,4.0
2025,10,00-0036912,DeVonta Smith,WR,PHI,16.9,16.732880876318127,B_raw_features,768,9,17.0,4.0,13.0
2025,10,00-0035719,Deebo Samuel Sr.,WR,WAS,12.9,11.042898737681483,B_raw_features,768,9,25.0,31.0,6.0
2025,10,00-0032775,Demarcus Robinson,WR,SF,6.4,2.823992861270402,B_raw_features,768,9,49.0,103.0,54.0
2025,10,00-0038573,Derius Davis,WR,LAC,1.3,1.258945695069283,B_raw_features,768,9,88.0,111.0,23.0
2025,10,00-0039424,Devaughn Vele,WR,NO,2.5,4.093715215190308,B_raw_features,768,9,76.0,79.0,3.0
2025,10,00-0036331,Devin Duvernay,WR,CHI,0.0,1.2121396806879277,B_raw_features,768,9,94.0,121.0,27.0
2025,10,00-0040241,Dominic Lovett,WR,DET,0.0,1.258945695069283,B_raw_features,768,9,94.0,111.0,17.0
2025,10,00-0040581,Dont'e Thornton Jr.,WR,LV,1.4,4.46352843112685,B_raw_features,768,9,86.0,75.0,11.0
2025,10,00-0038393,Dontayvion Wicks,WR,GB,7.8,4.9887885272449495,B_raw_features,768,9,41.0,72.0,31.0
2025,10,00-0037238,Drake London,WR,ATL,22.4,20.440423520364686,B_raw_features,768,9,4.0,2.0,2.0
2025,10,00-0036626,Dyami Brown,WR,JAX,0.0,8.575669365960588,B_raw_features,768,9,94.0,46.0,48.0
2025,10,00-0040563,Efton Chism III,WR,NE,0.0,1.258945695069283,B_raw_features,768,9,94.0,111.0,17.0
2025,10,00-0036980,Elijah Moore,WR,BUF,2.8,3.9925603321286642,B_raw_features,768,9,72.0,80.0,8.0
2025,10,00-0040129,Emeka Egbuka,WR,TB,23.5,10.69410487211743,B_raw_features,768,9,2.0,33.0,31.0
2025,10,00-0040259,Gage Larvadain,WR,CLE,0.0,2.6524668672363374,B_raw_features,768,9,94.0,105.0,11.0
2025,10,00-0037740,Garrett Wilson,WR,NYJ,0.0,15.523049555459325,B_raw_features,768,9,94.0,7.0,87.0
2025,10,00-0035500,Greg Dortch,WR,ARI,6.2,3.68130066817253,B_raw_features,768,9,50.0,84.0,34.0
2025,10,00-0035645,Gunner Olszewski,WR,NYG,0.0,1.6027002209436951,B_raw_features,768,9,94.0,110.0,16.0
2025,10,00-0040669,Isaac TeSlaa,WR,DET,2.1,3.359631808984508,B_raw_features,768,9,81.0,89.0,8.0
2025,10,00-0039451,Isaiah Williams,WR,NYJ,1.4,2.6715752485641513,B_raw_features,768,9,86.0,104.0,18.0
2025,10,00-0040729,Jack Bech,WR,LV,0.0,2.0909097508295083,B_raw_features,768,9,94.0,107.0,13.0
2025,10,00-0037741,Jahan Dotson,WR,PHI,0.0,5.488943623150652,B_raw_features,768,9,94.0,71.0,23.0
2025,10,00-0034960,Jakobi Meyers,WR,JAX,7.1,9.034693060710373,B_raw_features,768,9,45.0,42.0,3.0
2025,10,00-0039491,Jalen Coker,WR,CAR,5.1,4.203709095890135,B_raw_features,768,9,57.0,77.0,20.0
2025,10,00-0037291,Jalen Nailor,WR,MIN,23.4,4.411972578811286,B_raw_features,768,9,3.0,76.0,73.0
2025,10,00-0033572,Jamal Agnew,WR,ATL,0.0,1.258945695069283,B_raw_features,768,9,94.0,111.0,17.0
2025,10,00-0039379,Jamari Thrash,WR,CLE,0.0,5.60072240427627,B_raw_features,768,9,94.0,69.0,25.0
2025,10,00-0037240,Jameson Williams,WR,DET,23.9,9.07889815842097,B_raw_features,768,9,1.0,41.0,40.0
2025,10,00-0036259,Jauan Jennings,WR,SF,19.1,12.090828124698072,B_raw_features,768,9,14.0,23.0,9.0
2025,10,00-0038543,Jaxon Smith-Njigba,WR,SEA,20.3,22.98530876232166,B_raw_features,768,9,9.0,1.0,8.0
2025,10,00-0040130,Jayden Higgins,WR,HOU,15.2,4.578116209949604,B_raw_features,768,9,21.0,74.0,53.0
2025,10,00-0036613,Jaylen Waddle,WR,MIA,19.4,10.679794257671091,B_raw_features,768,9,13.0,34.0,21.0
2025,10,00-0040164,Jaylin Lane,WR,WAS,5.1,7.224294053616398,B_raw_features,768,9,57.0,54.0,3.0
2025,10,00-0040138,Jaylin Noel,WR,HOU,7.5,6.119896682847854,B_raw_features,768,9,43.0,64.0,21.0
2025,10,00-0036407,Jerry Jeudy,WR,CLE,19.8,6.628989627468573,B_raw_features,768,9,11.0,58.0,47.0
2025,10,00-0037614,John Metchie III,WR,NYJ,0.6,3.6112534786402826,B_raw_features,768,9,93.0,85.0,8.0
2025,10,00-0038994,Jordan Addison,WR,MIN,6.5,11.442934728152851,B_raw_features,768,9,46.0,27.0,19.0
2025,10,00-0038997,Josh Downs,WR,IND,1.3,11.444987072068898,B_raw_features,768,9,88.0,26.0,62.0
2025,10,00-0036322,Justin Jefferson,WR,MIN,7.7,15.78256072887792,B_raw_features,768,9,42.0,6.0,36.0
2025,10,00-0032464,Kalif Raymond,WR,DET,9.9,2.0029696060527113,B_raw_features,768,9,34.0,109.0,75.0
2025,10,00-0039589,Kameron Johnson,WR,TB,1.1,3.7357507792229088,B_raw_features,768,9,92.0,82.0,10.0
2025,10,00-0040534,Ke'Shawn Williams,WR,PIT,0.0,1.258945695069283,B_raw_features,768,9,94.0,111.0,17.0
2025,10,00-0030279,Keenan Allen,WR,LAC,3.9,11.418184118589805,B_raw_features,768,9,60.0,28.0,32.0
2025,10,00-0033307,Kendrick Bourne,WR,SF,2.9,6.365278707308013,B_raw_features,768,9,71.0,63.0,8.0
2025,10,00-0039901,Keon Coleman,WR,BUF,13.6,7.404085294566869,B_raw_features,768,9,24.0,53.0,29.0
2025,10,00-0034854,KhaDarel Hodge,WR,ATL,0.0,3.2860070301802553,B_raw_features,768,9,94.0,91.0,3.0
2025,10,00-0037261,Khalil Shakir,WR,BUF,12.8,12.881506353858088,B_raw_features,768,9,27.0,15.0,12.0
2025,10,00-0040590,Konata Mumpfield,WR,LA,0.0,4.157683229154185,B_raw_features,768,9,94.0,78.0,16.0
2025,10,00-0040131,Kyle Williams,WR,NE,14.2,2.869075550882113,B_raw_features,768,9,23.0,100.0,77.0
2025,10,00-0040075,LaJohntay Wester,WR,BAL,0.0,1.258945695069283,B_raw_features,768,9,94.0,111.0,17.0
2025,10,00-0039915,Ladd McConkey,WR,LAC,20.7,14.573451315808311,B_raw_features,768,9,6.0,9.0,3.0
2025,10,00-0032951,Laquon Treadwell,WR,IND,0.0,1.258945695069283,B_raw_features,768,9,94.0,111.0,17.0
2025,10,00-0040735,Luther Burden III,WR,CHI,8.1,4.613790601032063,B_raw_features,768,9,40.0,73.0,33.0
2025,10,00-0033555,Mack Hollins,WR,NE,16.6,7.842407039047172,B_raw_features,768,9,19.0,50.0,31.0
2025,10,00-0039920,Malachi Corley,WR,CLE,3.2,3.88742630553216,B_raw_features,768,9,68.0,81.0,13.0
2025,10,00-0039880,Malik Washington,WR,MIA,9.3,11.117693263594926,B_raw_features,768,9,37.0,30.0,7.0
2025,10,00-0039849,Marvin Harrison Jr.,WR,ARI,12.3,9.60739790947568,B_raw_features,768,9,28.0,38.0,10.0
2025,10,00-0036959,Michael Bandy,WR,DEN,0.0,2.8396481693056534,B_raw_features,768,9,94.0,101.0,7.0
2025,10,00-0036252,Michael Pittman,WR,IND,3.9,16.394368748145766,B_raw_features,768,9,60.0,5.0,55.0
2025,10,00-0038559,Michael Wilson,WR,ARI,7.4,8.357223589587074,B_raw_features,768,9,44.0,47.0,3.0
2025,10,00-0040506,Myles Price,WR,MIN,0.0,1.258945695069283,B_raw_features,768,9,94.0,111.0,17.0
2025,10,00-0036182,Nick Westbrook-Ikhine,WR,MIA,1.7,6.609304136203956,B_raw_features,768,9,83.0,59.0,24.0
2025,10,00-0036554,Nico Collins,WR,HOU,20.6,11.831200055419611,B_raw_features,768,9,7.0,24.0,17.0
2025,10,00-0035208,Olamide Zaccheaus,WR,CHI,1.5,9.818907264123053,B_raw_features,768,9,84.0,37.0,47.0
2025,10,00-0038606,Parker Washington,WR,JAX,11.9,12.24356391866524,B_raw_features,768,9,31.0,22.0,9.0
2025,10,00-0040134,Pat Bryant,WR,DEN,5.3,6.1171632651924615,B_raw_features,768,9,55.0,65.0,10.0
2025,10,00-0039075,Puka Nacua,WR,LA,17.4,12.552616505861412,B_raw_features,768,9,16.0,20.0,4.0
2025,10,00-0038544,Quentin Johnston,WR,LAC,9.2,10.139069564445132,B_raw_features,768,9,38.0,36.0,2.0
2025,10,00-0037545,Rashid Shaheed,WR,SEA,3.3,13.755987584230388,B_raw_features,768,9,66.0,13.0,53.0
2025,10,00-0036550,Rashod Bateman,WR,BAL,2.0,6.465697215957042,B_raw_features,768,9,82.0,60.0,22.0
2025,10,00-0034407,Ray-Ray McCloud,WR,NYG,0.0,3.343386056797961,B_raw_features,768,9,94.0,90.0,4.0
2025,10,00-0032688,Robbie Chosen,WR,WAS,2.7,6.990413243310913,B_raw_features,768,9,74.0,55.0,19.0
2025,10,00-0039739,Roman Wilson,WR,PIT,11.5,5.695191320615483,B_raw_features,768,9,32.0,67.0,35.0
2025,10,00-0039919,Rome Odunze,WR,CHI,20.6,8.757660262606098,B_raw_features,768,9,7.0,43.0,36.0
2025,10,00-0037816,Romeo Doubs,WR,GB,1.5,12.282358954971858,B_raw_features,768,9,84.0,21.0,63.0
2025,10,00-0038824,Ryan Miller,WR,TB,0.0,1.1839566250327276,B_raw_features,768,9,94.0,122.0,28.0
2025,10,00-0040009,Savion Williams,WR,GB,2.2,2.981331384033192,B_raw_features,768,9,79.0,98.0,19.0
2025,10,00-0036646,Simi Fehoko,WR,ARI,0.0,1.258945695069283,B_raw_features,768,9,94.0,111.0,17.0
2025,10,00-0038090,Skyy Moore,WR,SF,2.8,3.455758014490257,B_raw_features,768,9,72.0,87.0,15.0
2025,10,00-0031588,Stefon Diggs,WR,NE,15.6,11.665104733959492,B_raw_features,768,9,20.0,25.0,5.0
2025,10,00-0032385,Sterling Shepard,WR,TB,6.1,6.376866799270859,B_raw_features,768,9,51.0,62.0,11.0
2025,10,00-0040124,Tetairoa McMillan,WR,CAR,11.0,12.806412114011403,B_raw_features,768,9,33.0,18.0,15.0
2025,10,00-0040237,Tez Johnson,WR,TB,20.2,10.547796891404179,B_raw_features,768,9,10.0,35.0,25.0
2025,10,00-0036497,Tim Jones,WR,JAX,0.0,2.830872294867784,B_raw_features,768,9,94.0,102.0,8.0
2025,10,00-0040727,Tre Harris,WR,LAC,2.4,5.498922755793442,B_raw_features,768,9,77.0,70.0,7.0
2025,10,00-0038563,Tre Tucker,WR,LV,5.5,10.713400608082623,B_raw_features,768,9,52.0,32.0,20.0
2025,10,00-0037742,Treylon Burks,WR,WAS,8.8,3.240415379240268,B_raw_features,768,9,39.0,92.0,53.0
2025,10,00-0039868,Troy Franklin,WR,DEN,15.0,14.086872182826449,B_raw_features,768,9,22.0,11.0,11.0
2025,10,00-0036630,Tylan Wallace,WR,BAL,0.0,0.9049320264681568,B_raw_features,768,9,94.0,124.0,30.0
2025,10,00-0036427,Tyler Johnson,WR,NYJ,0.0,6.3863932010527105,B_raw_features,768,9,94.0,61.0,33.0
2025,10,00-0032211,Tyler Lockett,WR,LV,9.4,3.0612080573865175,B_raw_features,768,9,35.0,96.0,61.0
2025,10,00-0038679,Tyrell Shavers,WR,BUF,3.4,3.409272767275173,B_raw_features,768,9,64.0,88.0,24.0
2025,10,00-0038117,Wan'Dale Robinson,WR,NYG,12.2,13.353167086462019,B_raw_features,768,9,29.0,14.0,15.0
2025,10,00-0038496,Xavier Gipson,WR,PHI,0.0,0.912045786899826,B_raw_features,768,9,94.0,123.0,29.0
2025,10,00-0039342,Xavier Legette,WR,CAR,0.0,9.515515085145832,B_raw_features,768,9,94.0,39.0,55.0
2025,10,00-0038359,Xavier Smith,WR,LA,2.4,2.9424955503816217,B_raw_features,768,9,77.0,99.0,22.0
2025,10,00-0039064,Zay Flowers,WR,BAL,12.1,14.250455210844137,B_raw_features,768,9,30.0,10.0,20.0
2025,10,00-0033891,Zay Jones,WR,ARI,0.0,6.825787898686645,B_raw_features,768,9,94.0,56.0,38.0
2025,11,00-0035676,A.J. Brown,WR,PHI,11.9,11.556242709682698,B_raw_features,895,10,21.0,23.0,2.0
2025,11,00-0030035,Adam Thielen,WR,MIN,1.6,3.6407911474529944,B_raw_features,895,10,93.0,96.0,3.0
2025,11,00-0039890,Adonai Mitchell,WR,NYJ,2.0,2.6093196588484404,B_raw_features,895,10,87.0,106.0,19.0
2025,11,00-0036963,Amon-Ra St. Brown,WR,DET,6.2,16.33400814536645,B_raw_features,895,10,51.0,6.0,45.0
2025,11,00-0038619,Andrei Iosivas,WR,CIN,5.0,7.44264476458026,B_raw_features,895,10,59.0,54.0,5.0
2025,11,00-0036841,Austin Trammell,WR,JAX,2.3,3.7603174364785685,B_raw_features,895,10,79.0,94.0,15.0
2025,11,00-0036862,Ben Skowronek,WR,PIT,0.0,1.054115868939123,B_raw_features,895,10,103.0,128.0,25.0
2025,11,00-0037091,Bo Melton,WR,GB,1.7,2.4205956395031287,B_raw_features,895,10,92.0,108.0,16.0
2025,11,00-0038840,Brycen Tremayne,WR,CAR,3.7,1.2179702929571818,B_raw_features,895,10,67.0,115.0,48.0
2025,11,00-0037837,Calvin Austin III,WR,PIT,1.5,9.388443007058536,B_raw_features,895,10,97.0,39.0,58.0
2025,11,00-0034837,Calvin Ridley,WR,TEN,2.3,7.086754132781472,B_raw_features,895,10,79.0,57.0,22.0
2025,11,00-0038979,Cedric Tillman,WR,CLE,8.2,5.075297389396674,B_raw_features,895,10,39.0,76.0,37.0
2025,11,00-0036358,CeeDee Lamb,WR,DAL,17.6,15.499080408967856,B_raw_features,895,10,14.0,9.0,5.0
2025,11,00-0038576,Charlie Jones,WR,CIN,0.0,1.1387101073959593,B_raw_features,895,10,103.0,117.0,14.0
2025,11,00-0040705,Chimere Dike,WR,TEN,3.4,10.083771267099806,B_raw_features,895,10,70.0,35.0,35.0
2025,11,00-0032398,Chris Moore,WR,WAS,4.8,6.01710739937118,B_raw_features,895,10,61.0,68.0,7.0
2025,11,00-0034775,Christian Kirk,WR,HOU,1.6,6.754095666831417,B_raw_features,895,10,93.0,60.0,33.0
2025,11,00-0038124,Christian Watson,WR,GB,20.6,7.6536315531077355,B_raw_features,895,10,6.0,52.0,46.0
2025,11,00-0035891,Cody White,WR,SEA,0.0,2.4728502737408293,B_raw_features,895,10,103.0,107.0,4.0
2025,11,00-0033908,Cooper Kupp,WR,SEA,5.3,6.53066150196204,B_raw_features,895,10,57.0,63.0,6.0
2025,11,00-0034348,Courtland Sutton,WR,DEN,9.9,9.228870462066348,B_raw_features,895,10,30.0,41.0,11.0
2025,11,00-0033282,Curtis Samuel,WR,BUF,3.9,1.6679961109273291,B_raw_features,895,10,65.0,112.0,47.0
2025,11,00-0034827,DJ Moore,WR,CHI,3.1,10.064957616803843,B_raw_features,895,10,72.0,36.0,36.0
2025,11,00-0035640,DK Metcalf,WR,PIT,9.9,9.360780029253048,B_raw_features,895,10,30.0,40.0,10.0
2025,11,00-0036309,Darnell Mooney,WR,ATL,6.4,6.827707715339607,B_raw_features,895,10,48.0,59.0,11.0
2025,11,00-0031381,Davante Adams,WR,LA,7.1,15.34195641051092,B_raw_features,895,10,46.0,11.0,35.0
2025,11,00-0035359,David Sills,WR,ATL,2.1,2.7137598169879396,B_raw_features,895,10,85.0,105.0,20.0
2025,11,00-0030564,DeAndre Hopkins,WR,BAL,2.1,3.4598979000690067,B_raw_features,895,10,85.0,100.0,15.0
2025,11,00-0038621,DeMario Douglas,WR,NE,6.1,7.800091870117896,B_raw_features,895,10,52.0,50.0,2.0
2025,11,00-0036912,DeVonta Smith,WR,PHI,1.8,18.563483069187193,B_raw_features,895,10,90.0,3.0,87.0
2025,11,00-0035719,Deebo Samuel Sr.,WR,WAS,20.7,11.548344132616363,B_raw_features,895,10,5.0,24.0,19.0
2025,11,00-0032775,Demarcus Robinson,WR,SF,2.3,4.341902822128565,B_raw_features,895,10,79.0,86.0,7.0
2025,11,00-0038573,Derius Davis,WR,LAC,0.0,0.9484384025485206,B_raw_features,895,10,103.0,130.0,27.0
2025,11,00-0036331,Devin Duvernay,WR,CHI,0.0,1.5237147638060513,B_raw_features,895,10,103.0,114.0,11.0
2025,11,00-0038393,Dontayvion Wicks,WR,GB,1.9,5.726872839997108,B_raw_features,895,10,88.0,72.0,16.0
2025,11,00-0037238,Drake London,WR,ATL,18.9,17.650296678597662,B_raw_features,895,10,11.0,4.0,7.0
2025,11,00-0036626,Dyami Brown,WR,JAX,0.0,5.9477900551128435,B_raw_features,895,10,103.0,69.0,34.0
2025,11,00-0040563,Efton Chism III,WR,NE,0.0,1.1387101073959593,B_raw_features,895,10,103.0,117.0,14.0
2025,11,00-0040170,Elic Ayomanor,WR,TEN,3.1,9.871380678181243,B_raw_features,895,10,72.0,37.0,35.0
2025,11,00-0040129,Emeka Egbuka,WR,TB,9.0,14.249477834833641,B_raw_features,895,10,38.0,14.0,24.0
2025,11,00-0040259,Gage Larvadain,WR,CLE,0.0,1.6686718173189656,B_raw_features,895,10,103.0,111.0,8.0
2025,11,00-0037247,George Pickens,WR,DAL,29.4,12.399074613089095,B_raw_features,895,10,3.0,21.0,18.0
2025,11,00-0035500,Greg Dortch,WR,ARI,18.6,3.536002782756082,B_raw_features,895,10,12.0,98.0,86.0
2025,11,00-0035645,Gunner Olszewski,WR,NYG,0.0,2.3740335126796364,B_raw_features,895,10,103.0,109.0,6.0
2025,11,00-0040669,Isaac TeSlaa,WR,DET,0.0,3.456976578541269,B_raw_features,895,10,103.0,101.0,2.0
2025,11,00-0040782,Isaiah Bond,WR,CLE,0.8,6.270818080589758,B_raw_features,895,10,100.0,64.0,36.0
2025,11,00-0039451,Isaiah Williams,WR,NYJ,1.6,3.789623714225846,B_raw_features,895,10,93.0,93.0,0.0
2025,11,00-0036900,Ja'Marr Chase,WR,CIN,6.0,21.102602264344956,B_raw_features,895,10,54.0,1.0,53.0
2025,11,00-0040729,Jack Bech,WR,LV,2.9,2.236769198344132,B_raw_features,895,10,74.0,110.0,36.0
2025,11,00-0037741,Jahan Dotson,WR,PHI,6.3,4.280513954835509,B_raw_features,895,10,49.0,87.0,38.0
2025,11,00-0034960,Jakobi Meyers,WR,JAX,11.4,8.122727898695992,B_raw_features,895,10,22.0,47.0,25.0
2025,11,00-0039491,Jalen Coker,WR,CAR,9.2,6.090588017473294,B_raw_features,895,10,37.0,67.0,30.0
2025,11,00-0037291,Jalen Nailor,WR,MIN,2.6,6.620413407350593,B_raw_features,895,10,77.0,61.0,16.0
2025,11,00-0037666,Jalen Tolbert,WR,DAL,0.0,4.135073188235846,B_raw_features,895,10,103.0,91.0,12.0
2025,11,00-0038938,Jalin Hyatt,WR,NYG,3.8,3.024507267192543,B_raw_features,895,10,66.0,102.0,36.0
2025,11,00-0033572,Jamal Agnew,WR,ATL,0.0,1.1387101073959593,B_raw_features,895,10,103.0,117.0,14.0
2025,11,00-0037240,Jameson Williams,WR,DET,19.7,9.13758921045305,B_raw_features,895,10,8.0,42.0,34.0
2025,11,00-0036259,Jauan Jennings,WR,SF,9.4,12.510274723296215,B_raw_features,895,10,34.0,20.0,14.0
2025,11,00-0038543,Jaxon Smith-Njigba,WR,SEA,20.6,20.550212509673987,B_raw_features,895,10,6.0,2.0,4.0
2025,11,00-0040130,Jayden Higgins,WR,HOU,9.5,7.806155972531079,B_raw_features,895,10,33.0,49.0,16.0
2025,11,00-0036613,Jaylen Waddle,WR,MIA,8.2,14.286648908871499,B_raw_features,895,10,39.0,13.0,26.0
2025,11,00-0040164,Jaylin Lane,WR,WAS,2.3,5.194237474268561,B_raw_features,895,10,79.0,75.0,4.0
2025,11,00-0040138,Jaylin Noel,WR,HOU,2.2,5.243891670170727,B_raw_features,895,10,83.0,74.0,9.0
2025,11,00-0036407,Jerry Jeudy,WR,CLE,5.1,9.05528729396879,B_raw_features,895,10,58.0,44.0,14.0
2025,11,00-0037614,John Metchie III,WR,NYJ,13.5,3.936260367463356,B_raw_features,895,10,18.0,92.0,74.0
2025,11,00-0038994,Jordan Addison,WR,MIN,10.0,9.819658496168737,B_raw_features,895,10,29.0,38.0,9.0
2025,11,00-0039751,Jordan Whittington,WR,LA,1.9,6.1369712787561586,B_raw_features,895,10,88.0,66.0,22.0
2025,11,00-0036988,Josh Palmer,WR,BUF,3.7,5.879018546693832,B_raw_features,895,10,67.0,70.0,3.0
2025,11,00-0033857,JuJu Smith-Schuster,WR,KC,0.0,4.186378751219917,B_raw_features,895,10,103.0,89.0,14.0
2025,11,00-0036322,Justin Jefferson,WR,MIN,11.1,15.374347717370608,B_raw_features,895,10,25.0,10.0,15.0
2025,11,00-0037801,KaVontae Turpin,WR,DAL,1.0,4.7301510047791355,B_raw_features,895,10,98.0,82.0,16.0
2025,11,00-0032464,Kalif Raymond,WR,DET,0.0,4.973140385014678,B_raw_features,895,10,103.0,78.0,25.0
2025,11,00-0039589,Kameron Johnson,WR,TB,0.0,1.5503838500956466,B_raw_features,895,10,103.0,113.0,10.0
2025,11,00-0040534,Ke'Shawn Williams,WR,PIT,0.0,1.1387101073959593,B_raw_features,895,10,103.0,117.0,14.0
2025,11,00-0030279,Keenan Allen,WR,LAC,9.3,8.585533151913243,B_raw_features,895,10,35.0,46.0,11.0
2025,11,00-0034854,KhaDarel Hodge,WR,ATL,0.0,3.5976684106011056,B_raw_features,895,10,103.0,97.0,6.0
2025,11,00-0037261,Khalil Shakir,WR,BUF,0.7,13.862580629193427,B_raw_features,895,10,101.0,16.0,85.0
2025,11,00-0040131,Kyle Williams,WR,NE,0.0,3.728463693652267,B_raw_features,895,10,103.0,95.0,8.0
2025,11,00-0040075,LaJohntay Wester,WR,BAL,0.0,1.1387101073959593,B_raw_features,895,10,103.0,117.0,14.0
2025,11,00-0039915,Ladd McConkey,WR,LAC,4.3,13.806486062827775,B_raw_features,895,10,62.0,17.0,45.0
2025,11,00-0040735,Luther Burden III,WR,CHI,5.7,4.207758166307416,B_raw_features,895,10,55.0,88.0,33.0
2025,11,00-0033555,Mack Hollins,WR,NE,10.4,11.075942385848272,B_raw_features,895,10,27.0,29.0,2.0
2025,11,00-0039920,Malachi Corley,WR,CLE,2.9,4.7175324490376935,B_raw_features,895,10,74.0,83.0,9.0
2025,11,00-0039880,Malik Washington,WR,MIA,7.2,10.166809890777696,B_raw_features,895,10,43.0,33.0,10.0
2025,11,00-0035662,Marquise Brown,WR,KC,8.0,5.491252891166071,B_raw_features,895,10,41.0,73.0,32.0
2025,11,00-0038976,Marvin Mims Jr.,WR,DEN,0.2,7.748274183135139,B_raw_features,895,10,102.0,51.0,51.0
2025,11,00-0036176,Mason Kinsey,WR,TEN,2.4,1.1387101073959593,B_raw_features,895,10,78.0,117.0,39.0
2025,11,00-0040667,Matthew Golden,WR,GB,3.4,5.777978429503616,B_raw_features,895,10,70.0,71.0,1.0
2025,11,00-0038559,Michael Wilson,WR,ARI,33.5,8.10568543768037,B_raw_features,895,10,1.0,48.0,47.0
2025,11,00-0040506,Myles Price,WR,MIN,0.0,1.1387101073959593,B_raw_features,895,10,103.0,117.0,14.0
2025,11,00-0036554,Nico Collins,WR,HOU,24.2,14.150998543562718,B_raw_features,895,10,4.0,15.0,11.0
2025,11,00-0038519,Nikko Remigio,WR,KC,0.0,1.1387101073959593,B_raw_features,895,10,103.0,117.0,14.0
2025,11,00-0038606,Parker Washington,WR,JAX,4.0,16.01072578043316,B_raw_features,895,10,64.0,7.0,57.0
2025,11,00-0040134,Pat Bryant,WR,DEN,13.2,6.244572167769595,B_raw_features,895,10,19.0,65.0,46.0
2025,11,00-0039075,Puka Nacua,WR,LA,16.3,10.909128292692744,B_raw_features,895,10,15.0,32.0,17.0
2025,11,00-0038544,Quentin Johnston,WR,LAC,0.0,11.103520612738818,B_raw_features,895,10,103.0,28.0,75.0
2025,11,00-0039067,Rashee Rice,WR,KC,9.8,17.54429301052771,B_raw_features,895,10,32.0,5.0,27.0
2025,11,00-0037545,Rashid Shaheed,WR,SEA,4.9,11.137198898115868,B_raw_features,895,10,60.0,27.0,33.0
2025,11,00-0039916,Ricky Pearsall,WR,SF,1.0,11.075063576761842,B_raw_features,895,10,98.0,30.0,68.0
2025,11,00-0032688,Robbie Chosen,WR,WAS,0.0,7.335861503233594,B_raw_features,895,10,103.0,56.0,47.0
2025,11,00-0039739,Roman Wilson,WR,PIT,2.7,6.959645305543544,B_raw_features,895,10,76.0,58.0,18.0
2025,11,00-0039919,Rome Odunze,WR,CHI,6.1,11.048958644979198,B_raw_features,895,10,52.0,31.0,21.0
2025,11,00-0037816,Romeo Doubs,WR,GB,9.3,9.121388926541783,B_raw_features,895,10,35.0,43.0,8.0
2025,11,00-0039410,Ryan Flournoy,WR,DAL,7.2,2.768279901608576,B_raw_features,895,10,43.0,104.0,61.0
2025,11,00-0038824,Ryan Miller,WR,TB,0.0,0.9658372339354302,B_raw_features,895,10,103.0,129.0,26.0
2025,11,00-0040009,Savion Williams,WR,GB,4.3,4.813189140179953,B_raw_features,895,10,62.0,80.0,18.0
2025,11,00-0038090,Skyy Moore,WR,SF,0.0,2.985691265396854,B_raw_features,895,10,103.0,103.0,0.0
2025,11,00-0031588,Stefon Diggs,WR,NE,19.5,11.277702480051499,B_raw_features,895,10,9.0,25.0,16.0
2025,11,00-0032385,Sterling Shepard,WR,TB,10.1,6.55175599632452,B_raw_features,895,10,28.0,62.0,34.0
2025,11,00-0040154,Tai Felton,WR,MIN,0.0,1.1387101073959593,B_raw_features,895,10,103.0,117.0,14.0
2025,11,00-0036410,Tee Higgins,WR,CIN,15.3,12.079224102751615,B_raw_features,895,10,16.0,22.0,6.0
2025,11,00-0040124,Tetairoa McMillan,WR,CAR,33.0,15.004192207940093,B_raw_features,895,10,2.0,12.0,10.0
2025,11,00-0040237,Tez Johnson,WR,TB,1.6,11.14917675913463,B_raw_features,895,10,93.0,26.0,67.0
2025,11,00-0033375,Tim Patrick,WR,JAX,11.0,3.499780500709569,B_raw_features,895,10,26.0,99.0,73.0
2025,11,00-0040727,Tre Harris,WR,LAC,2.2,5.040620563877717,B_raw_features,895,10,83.0,77.0,6.0
2025,11,00-0038563,Tre Tucker,WR,LV,14.7,9.019428384182158,B_raw_features,895,10,17.0,45.0,28.0
2025,11,00-0039868,Troy Franklin,WR,DEN,12.4,15.632696957164082,B_raw_features,895,10,20.0,8.0,12.0
2025,11,00-0036630,Tylan Wallace,WR,BAL,0.0,1.0957469082802214,B_raw_features,895,10,103.0,127.0,24.0
2025,11,00-0032211,Tyler Lockett,WR,LV,6.3,4.93010794378572,B_raw_features,895,10,49.0,79.0,30.0
2025,11,00-0038104,Tyquan Thornton,WR,KC,7.1,4.472495763335622,B_raw_features,895,10,46.0,84.0,38.0
2025,11,00-0038679,Tyrell Shavers,WR,BUF,19.0,4.180935234945603,B_raw_features,895,10,10.0,90.0,80.0
2025,11,00-0036415,Van Jefferson,WR,TEN,11.2,7.450050183501273,B_raw_features,895,10,24.0,53.0,29.0
2025,11,00-0038117,Wan'Dale Robinson,WR,NYG,7.6,12.754203542744884,B_raw_features,895,10,42.0,19.0,23.0
2025,11,00-0038496,Xavier Gipson,WR,PHI,0.0,1.1047770673916468,B_raw_features,895,10,103.0,126.0,23.0
2025,11,00-0038618,Xavier Hutchinson,WR,HOU,7.2,7.434955996181227,B_raw_features,895,10,43.0,55.0,12.0
2025,11,00-0039342,Xavier Legette,WR,CAR,18.3,4.754707879239183,B_raw_features,895,10,13.0,81.0,68.0
2025,11,00-0038359,Xavier Smith,WR,LA,1.8,4.4614531922486815,B_raw_features,895,10,90.0,85.0,5.0
2025,11,00-0039521,Xavier Weaver,WR,ARI,3.5,1.1597100194150636,B_raw_features,895,10,69.0,116.0,47.0
2025,11,00-0039894,Xavier Worthy,WR,KC,5.5,10.100312444862125,B_raw_features,895,10,56.0,34.0,22.0
2025,11,00-0039064,Zay Flowers,WR,BAL,11.3,13.4271496617543,B_raw_features,895,10,23.0,18.0,5.0
2025,12,00-0035676,A.J. Brown,WR,PHI,25.0,11.973106856237044,B_raw_features,1025,11,5.0,18.0,13.0
2025,12,00-0030035,Adam Thielen,WR,MIN,0.0,3.7669131817575554,B_raw_features,1025,11,95.0,87.0,8.0
2025,12,00-0039890,Adonai Mitchell,WR,NYJ,6.2,3.5033591227159047,B_raw_features,1025,11,45.0,90.0,45.0
2025,12,00-0037664,Alec Pierce,WR,IND,3.6,11.923127671499756,B_raw_features,1025,11,66.0,19.0,47.0
2025,12,00-0035602,Alex Bachman,WR,LV,0.0,1.3638149724198836,B_raw_features,1025,11,95.0,109.0,14.0
2025,12,00-0034521,Allen Lazard,WR,NYJ,1.9,4.369911535183215,B_raw_features,1025,11,82.0,82.0,0.0
2025,12,00-0036963,Amon-Ra St. Brown,WR,DET,29.9,14.280621882635122,B_raw_features,1025,11,3.0,8.0,5.0
2025,12,00-0038619,Andrei Iosivas,WR,CIN,10.6,7.02425571460537,B_raw_features,1025,11,31.0,50.0,19.0
2025,12,00-0039816,Anthony Gould,WR,IND,0.0,0.9360719891190811,B_raw_features,1025,11,95.0,126.0,31.0
2025,12,00-0040582,Arian Smith,WR,NYJ,0.8,2.909883203389695,B_raw_features,1025,11,92.0,94.0,2.0
2025,12,00-0035021,Ashton Dulin,WR,IND,5.8,1.4673675933286694,B_raw_features,1025,11,50.0,108.0,58.0
2025,12,00-0036841,Austin Trammell,WR,JAX,0.0,3.2659243642849765,B_raw_features,1025,11,95.0,91.0,4.0
2025,12,00-0036862,Ben Skowronek,WR,PIT,3.1,1.3638149724198836,B_raw_features,1025,11,71.0,109.0,38.0
2025,12,00-0038840,Brycen Tremayne,WR,CAR,0.0,2.0258576952758087,B_raw_features,1025,11,95.0,100.0,5.0
2025,12,00-0037837,Calvin Austin III,WR,PIT,7.6,6.276499443906582,B_raw_features,1025,11,42.0,56.0,14.0
2025,12,00-0038979,Cedric Tillman,WR,CLE,1.5,5.709534662125982,B_raw_features,1025,11,88.0,61.0,27.0
2025,12,00-0036358,CeeDee Lamb,WR,DAL,11.5,14.58647787745066,B_raw_features,1025,11,28.0,6.0,22.0
2025,12,00-0038576,Charlie Jones,WR,CIN,0.0,1.3638149724198836,B_raw_features,1025,11,95.0,109.0,14.0
2025,12,00-0040705,Chimere Dike,WR,TEN,15.4,7.199429576503392,B_raw_features,1025,11,18.0,49.0,31.0
2025,12,00-0033921,Chris Godwin Jr.,WR,TB,2.9,8.745143992734418,B_raw_features,1025,11,73.0,39.0,34.0
2025,12,00-0037239,Chris Olave,WR,NO,16.0,12.330724010333503,B_raw_features,1025,11,17.0,17.0,0.0
2025,12,00-0034775,Christian Kirk,WR,HOU,16.4,5.495943566797736,B_raw_features,1025,11,15.0,64.0,49.0
2025,12,00-0038124,Christian Watson,WR,GB,9.9,8.75376184495471,B_raw_features,1025,11,33.0,38.0,5.0
2025,12,00-0035891,Cody White,WR,SEA,0.0,2.3903186091276853,B_raw_features,1025,11,95.0,98.0,3.0
2025,12,00-0033908,Cooper Kupp,WR,SEA,4.4,6.085569585601835,B_raw_features,1025,11,60.0,58.0,2.0
2025,12,00-0034827,DJ Moore,WR,CHI,23.4,7.487262256390827,B_raw_features,1025,11,6.0,47.0,41.0
2025,12,00-0035640,DK Metcalf,WR,PIT,14.4,9.093996564304064,B_raw_features,1025,11,22.0,33.0,11.0
2025,12,00-0034860,Dante Pettis,WR,NO,2.4,1.3638149724198836,B_raw_features,1025,11,77.0,109.0,32.0
2025,12,00-0040024,Darius Cooper,WR,PHI,2.7,1.3638149724198836,B_raw_features,1025,11,76.0,109.0,33.0
2025,12,00-0035535,Darius Slayton,WR,NYG,3.3,9.345831413928993,B_raw_features,1025,11,68.0,30.0,38.0
2025,12,00-0036309,Darnell Mooney,WR,ATL,16.4,7.659233611039042,B_raw_features,1025,11,15.0,46.0,31.0
2025,12,00-0031381,Davante Adams,WR,LA,23.2,13.584007592720214,B_raw_features,1025,11,7.0,12.0,5.0
2025,12,00-0035359,David Sills,WR,ATL,9.6,2.6115134499115333,B_raw_features,1025,11,35.0,97.0,62.0
2025,12,00-0030564,DeAndre Hopkins,WR,BAL,3.3,4.625886701556523,B_raw_features,1025,11,68.0,79.0,11.0
2025,12,00-0038621,DeMario Douglas,WR,NE,6.1,8.038894385485314,B_raw_features,1025,11,49.0,45.0,4.0
2025,12,00-0036912,DeVonta Smith,WR,PHI,14.9,12.433391609680287,B_raw_features,1025,11,21.0,16.0,5.0
2025,12,00-0032775,Demarcus Robinson,WR,SF,1.8,4.0338658798526295,B_raw_features,1025,11,85.0,86.0,1.0
2025,12,00-0039424,Devaughn Vele,WR,NO,6.7,5.047542384976989,B_raw_features,1025,11,43.0,69.0,26.0
2025,12,00-0036331,Devin Duvernay,WR,CHI,0.0,1.3638149724198836,B_raw_features,1025,11,95.0,109.0,14.0
2025,12,00-0039792,Devontez Walker,WR,BAL,4.0,1.2426431317102495,B_raw_features,1025,11,64.0,123.0,59.0
2025,12,00-0040581,Dont'e Thornton Jr.,WR,LV,2.4,4.040147751558571,B_raw_features,1025,11,77.0,85.0,8.0
2025,12,00-0038393,Dontayvion Wicks,WR,GB,5.2,5.21640390071895,B_raw_features,1025,11,54.0,68.0,14.0
2025,12,00-0036980,Elijah Moore,WR,BUF,0.7,4.994427223946936,B_raw_features,1025,11,93.0,72.0,21.0
2025,12,00-0040129,Emeka Egbuka,WR,TB,6.2,14.205534056685513,B_raw_features,1025,11,45.0,9.0,36.0
2025,12,00-0036196,Gabe Davis,WR,BUF,3.2,6.88440680859687,B_raw_features,1025,11,70.0,52.0,18.0
2025,12,00-0040259,Gage Larvadain,WR,CLE,0.0,1.5228282062830685,B_raw_features,1025,11,95.0,106.0,11.0
2025,12,00-0037247,George Pickens,WR,DAL,29.6,14.730589327772288,B_raw_features,1025,11,4.0,4.0,0.0
2025,12,00-0035500,Greg Dortch,WR,ARI,16.8,5.044735951466613,B_raw_features,1025,11,13.0,70.0,57.0
2025,12,00-0035645,Gunner Olszewski,WR,NYG,5.32,2.376000772858687,B_raw_features,1025,11,53.0,99.0,46.0
2025,12,00-0040669,Isaac TeSlaa,WR,DET,0.0,2.842570723129075,B_raw_features,1025,11,95.0,96.0,1.0
2025,12,00-0040782,Isaiah Bond,WR,CLE,7.8,4.229283244757317,B_raw_features,1025,11,41.0,83.0,42.0
2025,12,00-0036165,Isaiah Hodgins,WR,NYG,12.2,9.408702509161708,B_raw_features,1025,11,26.0,28.0,2.0
2025,12,00-0039451,Isaiah Williams,WR,NYJ,0.0,5.9523454200275765,B_raw_features,1025,11,95.0,59.0,36.0
2025,12,00-0037741,Jahan Dotson,WR,PHI,0.0,4.702073698467724,B_raw_features,1025,11,95.0,78.0,17.0
2025,12,00-0038752,Jake Bobo,WR,SEA,0.0,1.6820560651159475,B_raw_features,1025,11,95.0,103.0,8.0
2025,12,00-0034960,Jakobi Meyers,WR,JAX,15.0,8.91683021582717,B_raw_features,1025,11,20.0,35.0,15.0
2025,12,00-0039491,Jalen Coker,WR,CAR,6.2,5.54153959138473,B_raw_features,1025,11,45.0,63.0,18.0
2025,12,00-0037291,Jalen Nailor,WR,MIN,0.0,6.637406868271374,B_raw_features,1025,11,95.0,54.0,41.0
2025,12,00-0033572,Jamal Agnew,WR,ATL,0.0,1.3638149724198836,B_raw_features,1025,11,95.0,109.0,14.0
2025,12,00-0037240,Jameson Williams,WR,DET,0.0,13.273130059260268,B_raw_features,1025,11,95.0,13.0,82.0
2025,12,00-0036259,Jauan Jennings,WR,SF,15.1,12.703889940401634,B_raw_features,1025,11,19.0,15.0,4.0
2025,12,00-0038543,Jaxon Smith-Njigba,WR,SEA,37.1,18.218354815794402,B_raw_features,1025,11,1.0,1.0,0.0
2025,12,00-0040130,Jayden Higgins,WR,HOU,13.8,6.7804033371685595,B_raw_features,1025,11,23.0,53.0,30.0
2025,12,00-0040138,Jaylin Noel,WR,HOU,1.9,2.871433415920642,B_raw_features,1025,11,82.0,95.0,13.0
2025,12,00-0036407,Jerry Jeudy,WR,CLE,4.9,9.449790095393398,B_raw_features,1025,11,57.0,27.0,30.0
2025,12,00-0040218,Jimmy Horn Jr.,WR,CAR,2.1,5.492479162087992,B_raw_features,1025,11,79.0,65.0,14.0
2025,12,00-0037614,John Metchie III,WR,NYJ,18.5,5.704894978232877,B_raw_features,1025,11,11.0,62.0,51.0
2025,12,00-0038994,Jordan Addison,WR,MIN,0.0,10.48649114865572,B_raw_features,1025,11,95.0,25.0,70.0
2025,12,00-0039751,Jordan Whittington,WR,LA,4.7,5.012881648241861,B_raw_features,1025,11,58.0,71.0,13.0
2025,12,00-0038997,Josh Downs,WR,IND,3.0,7.395500835500575,B_raw_features,1025,11,72.0,48.0,24.0
2025,12,00-0036988,Josh Palmer,WR,BUF,4.1,5.775139155581726,B_raw_features,1025,11,63.0,60.0,3.0
2025,12,00-0033857,JuJu Smith-Schuster,WR,KC,1.8,1.9180675635423623,B_raw_features,1025,11,85.0,101.0,16.0
2025,12,00-0036322,Justin Jefferson,WR,MIN,8.8,13.918059446448616,B_raw_features,1025,11,37.0,10.0,27.0
2025,12,00-0037801,KaVontae Turpin,WR,DAL,6.2,4.8250644098698094,B_raw_features,1025,11,45.0,76.0,31.0
2025,12,00-0032464,Kalif Raymond,WR,DET,5.7,3.079055174406436,B_raw_features,1025,11,52.0,93.0,41.0
2025,12,00-0039589,Kameron Johnson,WR,TB,0.0,1.2509848739229072,B_raw_features,1025,11,95.0,122.0,27.0
2025,12,00-0038608,Kayshon Boutte,WR,NE,3.5,6.30142216824226,B_raw_features,1025,11,67.0,55.0,12.0
2025,12,00-0040534,Ke'Shawn Williams,WR,PIT,0.0,1.3638149724198836,B_raw_features,1025,11,95.0,109.0,14.0
2025,12,00-0037261,Khalil Shakir,WR,BUF,19.0,9.130008320009654,B_raw_features,1025,11,10.0,32.0,22.0
2025,12,00-0040590,Konata Mumpfield,WR,LA,4.5,3.641680636482751,B_raw_features,1025,11,59.0,89.0,30.0
2025,12,00-0040131,Kyle Williams,WR,NE,2.8,4.109299607772283,B_raw_features,1025,11,74.0,84.0,10.0
2025,12,00-0040075,LaJohntay Wester,WR,BAL,0.0,1.3638149724198836,B_raw_features,1025,11,95.0,109.0,14.0
2025,12,00-0032951,Laquon Treadwell,WR,IND,0.0,1.3638149724198836,B_raw_features,1025,11,95.0,109.0,14.0
2025,12,00-0040735,Luther Burden III,WR,CHI,9.1,4.860173271996052,B_raw_features,1025,11,36.0,75.0,39.0
2025,12,00-0033555,Mack Hollins,WR,NE,5.0,8.765242067390643,B_raw_features,1025,11,56.0,37.0,19.0
2025,12,00-0039920,Malachi Corley,WR,CLE,1.2,4.549839803450253,B_raw_features,1025,11,90.0,80.0,10.0
2025,12,00-0035662,Marquise Brown,WR,KC,2.0,4.904764053884689,B_raw_features,1025,11,81.0,73.0,8.0
2025,12,00-0036176,Mason Kinsey,WR,TEN,0.0,1.4791570688396773,B_raw_features,1025,11,95.0,107.0,12.0
2025,12,00-0039623,Mason Tipton,WR,NO,6.3,1.5476947927019706,B_raw_features,1025,11,44.0,105.0,61.0
2025,12,00-0036252,Michael Pittman,WR,IND,13.7,11.01185925746576,B_raw_features,1025,11,24.0,23.0,1.0
2025,12,00-0038559,Michael Wilson,WR,ARI,21.8,11.12640470932266,B_raw_features,1025,11,9.0,22.0,13.0
2025,12,00-0038839,Mitchell Tinsley,WR,CIN,10.9,3.257015780292996,B_raw_features,1025,11,30.0,92.0,62.0
2025,12,00-0040506,Myles Price,WR,MIN,0.0,1.3638149724198836,B_raw_features,1025,11,95.0,109.0,14.0
2025,12,00-0036554,Nico Collins,WR,HOU,8.5,15.844102601970306,B_raw_features,1025,11,38.0,2.0,36.0
2025,12,00-0038519,Nikko Remigio,WR,KC,0.0,1.3638149724198836,B_raw_features,1025,11,95.0,109.0,14.0
2025,12,00-0035208,Olamide Zaccheaus,WR,CHI,1.6,8.959582718418464,B_raw_features,1025,11,87.0,34.0,53.0
2025,12,00-0038606,Parker Washington,WR,JAX,18.1,11.155964528573548,B_raw_features,1025,11,12.0,21.0,9.0
2025,12,00-0039075,Puka Nacua,WR,LA,16.7,14.493886766239767,B_raw_features,1025,11,14.0,7.0,7.0
2025,12,00-0039067,Rashee Rice,WR,KC,22.1,14.976373755273002,B_raw_features,1025,11,8.0,3.0,5.0
2025,12,00-0037545,Rashid Shaheed,WR,SEA,0.5,8.705282038048221,B_raw_features,1025,11,94.0,40.0,54.0
2025,12,00-0039916,Ricky Pearsall,WR,SF,2.8,8.113842159851584,B_raw_features,1025,11,74.0,44.0,30.0
2025,12,00-0039739,Roman Wilson,WR,PIT,0.0,4.898083188865906,B_raw_features,1025,11,95.0,74.0,21.0
2025,12,00-0039919,Rome Odunze,WR,CHI,8.3,8.801781518585623,B_raw_features,1025,11,39.0,36.0,3.0
2025,12,00-0037816,Romeo Doubs,WR,GB,4.3,10.218323861034499,B_raw_features,1025,11,61.0,26.0,35.0
2025,12,00-0039410,Ryan Flournoy,WR,DAL,0.0,4.70519623290218,B_raw_features,1025,11,95.0,77.0,18.0
2025,12,00-0040009,Savion Williams,WR,GB,0.0,4.53076302878109,B_raw_features,1025,11,95.0,81.0,14.0
2025,12,00-0038090,Skyy Moore,WR,SF,0.0,1.8989820257430843,B_raw_features,1025,11,95.0,102.0,7.0
2025,12,00-0031588,Stefon Diggs,WR,NE,4.0,12.716092053141516,B_raw_features,1025,11,64.0,14.0,50.0
2025,12,00-0032385,Sterling Shepard,WR,TB,4.2,6.928552488203104,B_raw_features,1025,11,62.0,51.0,11.0
2025,12,00-0040154,Tai Felton,WR,MIN,0.0,1.3638149724198836,B_raw_features,1025,11,95.0,109.0,14.0
2025,12,00-0036410,Tee Higgins,WR,CIN,8.1,10.84563827456427,B_raw_features,1025,11,40.0,24.0,16.0
2025,12,00-0040124,Tetairoa McMillan,WR,CAR,11.5,14.657994234057572,B_raw_features,1025,11,28.0,5.0,23.0
2025,12,00-0040237,Tez Johnson,WR,TB,12.3,9.370499819109686,B_raw_features,1025,11,25.0,29.0,4.0
2025,12,00-0033375,Tim Patrick,WR,JAX,0.0,5.350625915506679,B_raw_features,1025,11,95.0,66.0,29.0
2025,12,00-0038563,Tre Tucker,WR,LV,5.8,8.245876003924018,B_raw_features,1025,11,50.0,42.0,8.0
2025,12,00-0036630,Tylan Wallace,WR,BAL,0.0,1.226618192198579,B_raw_features,1025,11,95.0,124.0,29.0
2025,12,00-0032211,Tyler Lockett,WR,LV,10.2,5.256301061393247,B_raw_features,1025,11,32.0,67.0,35.0
2025,12,00-0038104,Tyquan Thornton,WR,KC,0.0,3.7325699965397092,B_raw_features,1025,11,95.0,88.0,7.0
2025,12,00-0036415,Van Jefferson,WR,TEN,2.1,8.217367699538224,B_raw_features,1025,11,79.0,43.0,36.0
2025,12,00-0038117,Wan'Dale Robinson,WR,NYG,30.6,13.805457291698636,B_raw_features,1025,11,2.0,11.0,9.0
2025,12,00-0038496,Xavier Gipson,WR,PHI,1.3,1.086372063540225,B_raw_features,1025,11,89.0,125.0,36.0
2025,12,00-0038618,Xavier Hutchinson,WR,HOU,0.9,8.32078811371212,B_raw_features,1025,11,91.0,41.0,50.0
2025,12,00-0039342,Xavier Legette,WR,CAR,5.2,6.153646980435992,B_raw_features,1025,11,54.0,57.0,3.0
2025,12,00-0039521,Xavier Weaver,WR,ARI,1.9,1.6527669984831412,B_raw_features,1025,11,82.0,104.0,22.0
2025,12,00-0039894,Xavier Worthy,WR,KC,9.9,9.334302770804022,B_raw_features,1025,11,33.0,31.0,2.0
2025,12,00-0039064,Zay Flowers,WR,BAL,11.9,11.571192901720456,B_raw_features,1025,11,27.0,20.0,7.0
2025,13,00-0035676,A.J. Brown,WR,PHI,35.2,12.500399620345167,B_raw_features,1151,12,1.0,22.0,21.0
2025,13,00-0039890,Adonai Mitchell,WR,NYJ,24.2,6.811260309559703,B_raw_features,1151,12,5.0,72.0,67.0
2025,13,00-0037664,Alec Pierce,WR,IND,17.8,10.168541251926243,B_raw_features,1151,12,14.0,35.0,21.0
2025,13,00-0035602,Alex Bachman,WR,LV,0.0,1.1589435036035105,B_raw_features,1151,12,108.0,133.0,25.0
2025,13,00-0034521,Allen Lazard,WR,NYJ,2.0,4.924064398505118,B_raw_features,1151,12,95.0,96.0,1.0
2025,13,00-0036963,Amon-Ra St. Brown,WR,DET,0.0,15.147013137345333,B_raw_features,1151,12,108.0,4.0,104.0
2025,13,00-0035876,Andre Baccellia,WR,ARI,0.0,2.2949331821875183,B_raw_features,1151,12,108.0,122.0,14.0
2025,13,00-0038619,Andrei Iosivas,WR,CIN,9.9,9.825415868408408,B_raw_features,1151,12,37.0,42.0,5.0
2025,13,00-0039816,Anthony Gould,WR,IND,0.0,0.947312128331231,B_raw_features,1151,12,108.0,147.0,39.0
2025,13,00-0036841,Austin Trammell,WR,JAX,0.0,3.3821192151013966,B_raw_features,1151,12,108.0,114.0,6.0
2025,13,00-0036862,Ben Skowronek,WR,PIT,0.0,1.1058743952577457,B_raw_features,1151,12,108.0,144.0,36.0
2025,13,00-0037091,Bo Melton,WR,GB,1.5,2.9193793675822444,B_raw_features,1151,12,97.0,118.0,21.0
2025,13,00-0031236,Brandin Cooks,WR,BUF,2.3,4.283743693613852,B_raw_features,1151,12,88.0,104.0,16.0
2025,13,00-0039893,Brian Thomas Jr.,WR,JAX,4.8,10.60624626459539,B_raw_features,1151,12,65.0,31.0,34.0
2025,13,00-0038840,Brycen Tremayne,WR,CAR,0.0,2.048290775488297,B_raw_features,1151,12,108.0,124.0,16.0
2025,13,00-0037837,Calvin Austin III,WR,PIT,0.0,6.1839424898240765,B_raw_features,1151,12,108.0,77.0,31.0
2025,13,00-0038979,Cedric Tillman,WR,CLE,0.0,6.823488627941704,B_raw_features,1151,12,108.0,71.0,37.0
2025,13,00-0034418,Cedrick Wilson Jr.,WR,MIA,2.6,3.3594261377668,B_raw_features,1151,12,83.0,115.0,32.0
2025,13,00-0036358,CeeDee Lamb,WR,DAL,24.2,14.173780268149665,B_raw_features,1151,12,5.0,10.0,5.0
2025,13,00-0038576,Charlie Jones,WR,CIN,0.0,1.0770070796711366,B_raw_features,1151,12,108.0,145.0,37.0
2025,13,00-0040705,Chimere Dike,WR,TEN,1.9,6.8378434512659245,B_raw_features,1151,12,96.0,70.0,26.0
2025,13,00-0033921,Chris Godwin Jr.,WR,TB,10.8,7.6017964889941885,B_raw_features,1151,12,33.0,60.0,27.0
2025,13,00-0037239,Chris Olave,WR,NO,14.7,12.685827352885157,B_raw_features,1151,12,18.0,20.0,2.0
2025,13,00-0038124,Christian Watson,WR,GB,18.3,10.752875598423838,B_raw_features,1151,12,12.0,30.0,18.0
2025,13,00-0035891,Cody White,WR,SEA,3.1,1.1589435036035105,B_raw_features,1151,12,81.0,133.0,52.0
2025,13,00-0033908,Cooper Kupp,WR,SEA,5.4,7.826113589161482,B_raw_features,1151,12,60.0,58.0,2.0
2025,13,00-0034348,Courtland Sutton,WR,DEN,17.2,9.278059797805835,B_raw_features,1151,12,16.0,48.0,32.0
2025,13,00-0034827,DJ Moore,WR,CHI,4.7,7.971862465512137,B_raw_features,1151,12,67.0,55.0,12.0
2025,13,00-0035640,DK Metcalf,WR,PIT,6.2,12.324618292296151,B_raw_features,1151,12,54.0,23.0,31.0
2025,13,00-0034860,Dante Pettis,WR,NO,0.0,1.1769725375975038,B_raw_features,1151,12,108.0,131.0,23.0
2025,13,00-0035535,Darius Slayton,WR,NYG,12.1,7.367440024463843,B_raw_features,1151,12,24.0,64.0,40.0
2025,13,00-0036309,Darnell Mooney,WR,ATL,4.5,9.975062259274761,B_raw_features,1151,12,68.0,40.0,28.0
2025,13,00-0031381,Davante Adams,WR,LA,21.8,13.637348577941871,B_raw_features,1151,12,9.0,14.0,5.0
2025,13,00-0035359,David Sills,WR,ATL,9.5,4.41637232062573,B_raw_features,1151,12,39.0,102.0,63.0
2025,13,00-0030564,DeAndre Hopkins,WR,BAL,4.5,7.009814035636376,B_raw_features,1151,12,68.0,69.0,1.0
2025,13,00-0038621,DeMario Douglas,WR,NE,6.3,5.989276049157397,B_raw_features,1151,12,53.0,79.0,26.0
2025,13,00-0036912,DeVonta Smith,WR,PHI,9.8,11.669034584623013,B_raw_features,1151,12,38.0,25.0,13.0
2025,13,00-0035719,Deebo Samuel Sr.,WR,WAS,11.1,13.65226805585091,B_raw_features,1151,12,32.0,13.0,19.0
2025,13,00-0032775,Demarcus Robinson,WR,SF,0.6,4.095913875610305,B_raw_features,1151,12,107.0,107.0,0.0
2025,13,00-0038573,Derius Davis,WR,LAC,0.0,1.4282795927908891,B_raw_features,1151,12,108.0,128.0,20.0
2025,13,00-0039424,Devaughn Vele,WR,NO,23.3,5.976059714757453,B_raw_features,1151,12,7.0,80.0,73.0
2025,13,00-0037487,Deven Thompkins,WR,ATL,4.8,1.1589435036035105,B_raw_features,1151,12,65.0,133.0,68.0
2025,13,00-0036331,Devin Duvernay,WR,CHI,0.0,1.1589435036035105,B_raw_features,1151,12,108.0,133.0,25.0
2025,13,00-0039792,Devontez Walker,WR,BAL,0.0,1.3411868456278462,B_raw_features,1151,12,108.0,129.0,21.0
2025,13,00-0040581,Dont'e Thornton Jr.,WR,LV,2.1,4.267652174264864,B_raw_features,1151,12,92.0,105.0,13.0
2025,13,00-0038393,Dontayvion Wicks,WR,GB,28.0,7.315973749017302,B_raw_features,1151,12,3.0,66.0,63.0
2025,13,00-0038953,Dylan Drummond,WR,ATL,1.3,6.532464538911487,B_raw_features,1151,12,104.0,74.0,30.0
2025,13,00-0040563,Efton Chism III,WR,NE,0.0,1.1589435036035105,B_raw_features,1151,12,108.0,133.0,25.0
2025,13,00-0040170,Elic Ayomanor,WR,TEN,1.5,9.742050373706306,B_raw_features,1151,12,97.0,43.0,54.0
2025,13,00-0040129,Emeka Egbuka,WR,TB,8.2,13.450827108194595,B_raw_features,1151,12,42.0,15.0,27.0
2025,13,00-0036196,Gabe Davis,WR,BUF,1.5,5.611581554536466,B_raw_features,1151,12,97.0,84.0,13.0
2025,13,00-0040259,Gage Larvadain,WR,CLE,4.3,1.1728479876411622,B_raw_features,1151,12,70.0,132.0,62.0
2025,13,00-0037247,George Pickens,WR,DAL,14.8,16.116992003506205,B_raw_features,1151,12,17.0,2.0,15.0
2025,13,00-0035500,Greg Dortch,WR,ARI,3.4,9.32303744375075,B_raw_features,1151,12,79.0,47.0,32.0
2025,13,00-0035645,Gunner Olszewski,WR,NYG,0.0,1.737268410727288,B_raw_features,1151,12,108.0,125.0,17.0
2025,13,00-0040669,Isaac TeSlaa,WR,DET,11.5,2.4525436434698875,B_raw_features,1151,12,26.0,120.0,94.0
2025,13,00-0040782,Isaiah Bond,WR,CLE,3.7,4.697152581327513,B_raw_features,1151,12,76.0,99.0,23.0
2025,13,00-0036165,Isaiah Hodgins,WR,NYG,1.4,10.589083373661419,B_raw_features,1151,12,103.0,32.0,71.0
2025,13,00-0039451,Isaiah Williams,WR,NYJ,0.0,3.4936555945531835,B_raw_features,1151,12,108.0,113.0,5.0
2025,13,00-0036900,Ja'Marr Chase,WR,CIN,18.0,15.098800177502618,B_raw_features,1151,12,13.0,5.0,8.0
2025,13,00-0040729,Jack Bech,WR,LV,4.2,1.48943603560596,B_raw_features,1151,12,72.0,127.0,55.0
2025,13,00-0037741,Jahan Dotson,WR,PHI,2.2,2.9480731615351523,B_raw_features,1151,12,91.0,116.0,25.0
2025,13,00-0034960,Jakobi Meyers,WR,JAX,21.3,10.25110814523844,B_raw_features,1151,12,11.0,34.0,23.0
2025,13,00-0039491,Jalen Coker,WR,CAR,17.4,7.669622711106049,B_raw_features,1151,12,15.0,59.0,44.0
2025,13,00-0037291,Jalen Nailor,WR,MIN,0.0,5.147787386137813,B_raw_features,1151,12,108.0,91.0,17.0
2025,13,00-0037666,Jalen Tolbert,WR,DAL,0.0,3.8957158167081376,B_raw_features,1151,12,108.0,110.0,2.0
2025,13,00-0033572,Jamal Agnew,WR,ATL,0.0,1.1589435036035105,B_raw_features,1151,12,108.0,133.0,25.0
2025,13,00-0036133,James Proche,WR,TEN,2.3,5.200786247769084,B_raw_features,1151,12,88.0,89.0,1.0
2025,13,00-0037240,Jameson Williams,WR,DET,26.9,10.035608876809412,B_raw_features,1151,12,4.0,38.0,34.0
2025,13,00-0036259,Jauan Jennings,WR,SF,13.9,12.536947247725386,B_raw_features,1151,12,19.0,21.0,2.0
2025,13,00-0038543,Jaxon Smith-Njigba,WR,SEA,4.3,20.447029996279387,B_raw_features,1151,12,70.0,1.0,69.0
2025,13,00-0040130,Jayden Higgins,WR,HOU,11.5,11.574880188863036,B_raw_features,1151,12,26.0,26.0,0.0
2025,13,00-0036613,Jaylen Waddle,WR,MIA,7.0,14.02861869586049,B_raw_features,1151,12,47.0,11.0,36.0
2025,13,00-0040164,Jaylin Lane,WR,WAS,0.0,5.069116077299859,B_raw_features,1151,12,108.0,94.0,14.0
2025,13,00-0040138,Jaylin Noel,WR,HOU,0.0,4.32713556260321,B_raw_features,1151,12,108.0,103.0,5.0
2025,13,00-0036407,Jerry Jeudy,WR,CLE,5.6,11.328227019211567,B_raw_features,1151,12,58.0,27.0,31.0
2025,13,00-0037614,John Metchie III,WR,NYJ,5.7,8.475059204340361,B_raw_features,1151,12,57.0,52.0,5.0
2025,13,00-0038994,Jordan Addison,WR,MIN,8.6,7.584931577025212,B_raw_features,1151,12,41.0,61.0,20.0
2025,13,00-0039751,Jordan Whittington,WR,LA,0.0,4.4397783105352175,B_raw_features,1151,12,108.0,101.0,7.0
2025,13,00-0038997,Josh Downs,WR,IND,6.4,7.384178553500019,B_raw_features,1151,12,51.0,63.0,12.0
2025,13,00-0033857,JuJu Smith-Schuster,WR,KC,0.0,1.719611897586543,B_raw_features,1151,12,108.0,126.0,18.0
2025,13,00-0036322,Justin Jefferson,WR,MIN,2.4,12.8839098185657,B_raw_features,1151,12,87.0,18.0,69.0
2025,13,00-0037801,KaVontae Turpin,WR,DAL,8.1,5.303293106151965,B_raw_features,1151,12,43.0,87.0,44.0
2025,13,00-0039589,Kameron Johnson,WR,TB,0.0,1.3010203610631614,B_raw_features,1151,12,108.0,130.0,22.0
2025,13,00-0038608,Kayshon Boutte,WR,NE,13.5,5.267570528097769,B_raw_features,1151,12,21.0,88.0,67.0
2025,13,00-0040534,Ke'Shawn Williams,WR,PIT,0.0,1.1589435036035105,B_raw_features,1151,12,108.0,133.0,25.0
2025,13,00-0030279,Keenan Allen,WR,LAC,7.0,8.907468688817282,B_raw_features,1151,12,47.0,51.0,4.0
2025,13,00-0033307,Kendrick Bourne,WR,SF,0.0,4.987822189212716,B_raw_features,1151,12,108.0,95.0,13.0
2025,13,00-0039901,Keon Coleman,WR,BUF,8.9,7.425792771446655,B_raw_features,1151,12,40.0,62.0,22.0
2025,13,00-0037261,Khalil Shakir,WR,BUF,1.5,10.030440350857582,B_raw_features,1151,12,97.0,39.0,58.0
2025,13,00-0040590,Konata Mumpfield,WR,LA,0.0,3.674228170598533,B_raw_features,1151,12,108.0,112.0,4.0
2025,13,00-0040131,Kyle Williams,WR,NE,10.3,4.222448892508776,B_raw_features,1151,12,35.0,106.0,71.0
2025,13,00-0039915,Ladd McConkey,WR,LAC,13.9,9.881103300255306,B_raw_features,1151,12,19.0,41.0,22.0
2025,13,00-0032951,Laquon Treadwell,WR,IND,0.0,1.1589435036035105,B_raw_features,1151,12,108.0,133.0,25.0
2025,13,00-0035406,Lil'Jordan Humphrey,WR,DEN,0.0,7.354364627650648,B_raw_features,1151,12,108.0,65.0,43.0
2025,13,00-0040735,Luther Burden III,WR,CHI,7.6,7.984971837899192,B_raw_features,1151,12,44.0,54.0,10.0
2025,13,00-0033555,Mack Hollins,WR,NE,5.3,10.52169258410861,B_raw_features,1151,12,61.0,33.0,28.0
2025,13,00-0039920,Malachi Corley,WR,CLE,0.9,4.657911663795282,B_raw_features,1151,12,106.0,100.0,6.0
2025,13,00-0038465,Malik Heath,WR,GB,0.0,2.2900888310000553,B_raw_features,1151,12,108.0,123.0,15.0
2025,13,00-0039880,Malik Washington,WR,MIA,7.0,9.148245829784234,B_raw_features,1151,12,47.0,49.0,2.0
2025,13,00-0035662,Marquise Brown,WR,KC,10.0,5.167047063967316,B_raw_features,1151,12,36.0,90.0,54.0
2025,13,00-0039849,Marvin Harrison Jr.,WR,ARI,12.9,13.111748143549448,B_raw_features,1151,12,23.0,16.0,7.0
2025,13,00-0038976,Marvin Mims Jr.,WR,DEN,3.7,5.819362280834106,B_raw_features,1151,12,76.0,83.0,7.0
2025,13,00-0039623,Mason Tipton,WR,NO,4.9,2.935730810693228,B_raw_features,1151,12,64.0,117.0,53.0
2025,13,00-0036252,Michael Pittman,WR,IND,2.3,10.070254188084956,B_raw_features,1151,12,88.0,37.0,51.0
2025,13,00-0038559,Michael Wilson,WR,ARI,6.6,14.734518051732856,B_raw_features,1151,12,50.0,6.0,44.0
2025,13,00-0038839,Mitchell Tinsley,WR,CIN,4.2,5.306317662873349,B_raw_features,1151,12,72.0,86.0,14.0
2025,13,00-0040506,Myles Price,WR,MIN,0.0,1.1589435036035105,B_raw_features,1151,12,108.0,133.0,25.0
2025,13,00-0036182,Nick Westbrook-Ikhine,WR,MIA,0.0,4.813155194467939,B_raw_features,1151,12,108.0,98.0,10.0
2025,13,00-0036554,Nico Collins,WR,HOU,21.5,12.995219023979635,B_raw_features,1151,12,10.0,17.0,7.0
2025,13,00-0038519,Nikko Remigio,WR,KC,0.0,1.1589435036035105,B_raw_features,1151,12,108.0,133.0,25.0
2025,13,00-0035208,Olamide Zaccheaus,WR,CHI,3.9,6.198238280219829,B_raw_features,1151,12,75.0,76.0,1.0
2025,13,00-0038606,Parker Washington,WR,JAX,3.6,11.072581104807705,B_raw_features,1151,12,78.0,29.0,49.0
2025,13,00-0040134,Pat Bryant,WR,DEN,7.2,6.376109681790316,B_raw_features,1151,12,46.0,75.0,29.0
2025,13,00-0039075,Puka Nacua,WR,LA,13.2,14.4742742808133,B_raw_features,1151,12,22.0,8.0,14.0
2025,13,00-0038544,Quentin Johnston,WR,LAC,11.3,9.427435481265077,B_raw_features,1151,12,29.0,46.0,17.0
2025,13,00-0039067,Rashee Rice,WR,KC,29.4,14.457879544591835,B_raw_features,1151,12,2.0,9.0,7.0
2025,13,00-0037545,Rashid Shaheed,WR,SEA,2.6,5.908868183489497,B_raw_features,1151,12,83.0,81.0,2.0
2025,13,00-0036550,Rashod Bateman,WR,BAL,0.0,7.30158997736363,B_raw_features,1151,12,108.0,67.0,41.0
2025,13,00-0039916,Ricky Pearsall,WR,SF,3.4,5.825585258109636,B_raw_features,1151,12,79.0,82.0,3.0
2025,13,00-0039739,Roman Wilson,WR,PIT,0.0,5.11139682827692,B_raw_features,1151,12,108.0,92.0,16.0
2025,13,00-0039919,Rome Odunze,WR,CHI,2.8,12.113179806663416,B_raw_features,1151,12,82.0,24.0,58.0
2025,13,00-0037816,Romeo Doubs,WR,GB,12.0,7.906859570956877,B_raw_features,1151,12,25.0,56.0,31.0
2025,13,00-0039410,Ryan Flournoy,WR,DAL,6.4,3.780309081661279,B_raw_features,1151,12,51.0,111.0,60.0
2025,13,00-0038824,Ryan Miller,WR,TB,0.0,0.9368041588141898,B_raw_features,1151,12,108.0,148.0,40.0
2025,13,00-0038090,Skyy Moore,WR,SF,0.0,1.0336186488177432,B_raw_features,1151,12,108.0,146.0,38.0
2025,13,00-0031588,Stefon Diggs,WR,NE,5.6,11.134310900348424,B_raw_features,1151,12,58.0,28.0,30.0
2025,13,00-0032385,Sterling Shepard,WR,TB,1.5,8.36477767072502,B_raw_features,1151,12,97.0,53.0,44.0
2025,13,00-0040154,Tai Felton,WR,MIN,0.0,1.1589435036035105,B_raw_features,1151,12,108.0,133.0,25.0
2025,13,00-0035659,Terry McLaurin,WR,WAS,22.6,10.104223838729503,B_raw_features,1151,12,8.0,36.0,28.0
2025,13,00-0040124,Tetairoa McMillan,WR,CAR,11.3,14.68953286901475,B_raw_features,1151,12,29.0,7.0,22.0
2025,13,00-0040237,Tez Johnson,WR,TB,1.5,9.589132642300699,B_raw_features,1151,12,97.0,44.0,53.0
2025,13,00-0033375,Tim Patrick,WR,JAX,2.1,5.555451650686982,B_raw_features,1151,12,92.0,85.0,7.0
2025,13,00-0040727,Tre Harris,WR,LAC,6.0,4.007287890552834,B_raw_features,1151,12,55.0,108.0,53.0
2025,13,00-0038563,Tre Tucker,WR,LV,5.0,9.428160655456928,B_raw_features,1151,12,62.0,45.0,17.0
2025,13,00-0037742,Treylon Burks,WR,WAS,7.5,5.071194378816272,B_raw_features,1151,12,45.0,93.0,48.0
2025,13,00-0039868,Troy Franklin,WR,DEN,4.1,13.827222466552493,B_raw_features,1151,12,74.0,12.0,62.0
2025,13,00-0032211,Tyler Lockett,WR,LV,2.1,7.852591562644744,B_raw_features,1151,12,92.0,57.0,35.0
2025,13,00-0038104,Tyquan Thornton,WR,KC,0.0,2.705015203085185,B_raw_features,1151,12,108.0,119.0,11.0
2025,13,00-0036415,Van Jefferson,WR,TEN,5.0,6.139589349679514,B_raw_features,1151,12,62.0,78.0,16.0
2025,13,00-0038117,Wan'Dale Robinson,WR,NYG,10.4,16.0256334142682,B_raw_features,1151,12,34.0,3.0,31.0
2025,13,00-0038618,Xavier Hutchinson,WR,HOU,5.9,4.922562093259323,B_raw_features,1151,12,56.0,97.0,41.0
2025,13,00-0039342,Xavier Legette,WR,CAR,1.1,6.747889075864303,B_raw_features,1151,12,105.0,73.0,32.0
2025,13,00-0040522,Xavier Restrepo,WR,TEN,2.5,7.044373504930961,B_raw_features,1151,12,86.0,68.0,18.0
2025,13,00-0038359,Xavier Smith,WR,LA,11.2,3.984455032565325,B_raw_features,1151,12,31.0,109.0,78.0
2025,13,00-0039521,Xavier Weaver,WR,ARI,0.0,2.412724254697991,B_raw_features,1151,12,108.0,121.0,13.0
2025,13,00-0039894,Xavier Worthy,WR,KC,11.4,9.138662568992366,B_raw_features,1151,12,28.0,50.0,22.0
2025,13,00-0039064,Zay Flowers,WR,BAL,2.6,12.86239562455106,B_raw_features,1151,12,83.0,19.0,64.0
2025,14,00-0035676,A.J. Brown,WR,PHI,16.0,18.268772523715537,B_raw_features,1299,13,16.0,1.0,15.0
2025,14,00-0030035,Adam Thielen,WR,PIT,1.4,3.311340277153876,B_raw_features,1299,13,93.0,91.0,2.0
2025,14,00-0039890,Adonai Mitchell,WR,NYJ,3.4,12.191521393886928,B_raw_features,1299,13,70.0,17.0,53.0
2025,14,00-0037664,Alec Pierce,WR,IND,13.0,9.55569783374525,B_raw_features,1299,13,20.0,31.0,11.0
2025,14,00-0034521,Allen Lazard,WR,NYJ,0.0,4.080913760913605,B_raw_features,1299,13,100.0,83.0,17.0
2025,14,00-0036963,Amon-Ra St. Brown,WR,DET,15.2,10.568127854008456,B_raw_features,1299,13,17.0,28.0,11.0
2025,14,00-0035876,Andre Baccellia,WR,ARI,1.3,1.1535300542740548,B_raw_features,1299,13,95.0,124.0,29.0
2025,14,00-0038619,Andrei Iosivas,WR,CIN,3.7,7.175604955997972,B_raw_features,1299,13,66.0,53.0,13.0
2025,14,00-0039816,Anthony Gould,WR,IND,1.3,1.1928015155505638,B_raw_features,1299,13,95.0,111.0,16.0
2025,14,00-0036841,Austin Trammell,WR,JAX,0.0,3.0069311237779983,B_raw_features,1299,13,100.0,95.0,5.0
2025,14,00-0036862,Ben Skowronek,WR,PIT,2.3,1.5696827050856619,B_raw_features,1299,13,81.0,108.0,27.0
2025,14,00-0037091,Bo Melton,WR,GB,11.5,4.211832960249605,B_raw_features,1299,13,23.0,81.0,58.0
2025,14,00-0039893,Brian Thomas Jr.,WR,JAX,11.7,7.600703991613122,B_raw_features,1299,13,22.0,50.0,28.0
2025,14,00-0037132,Britain Covey,WR,PHI,0.0,1.1928015155505638,B_raw_features,1299,13,100.0,111.0,11.0
2025,14,00-0037837,Calvin Austin III,WR,PIT,4.1,4.059685922546347,B_raw_features,1299,13,60.0,84.0,24.0
2025,14,00-0038979,Cedric Tillman,WR,CLE,3.3,4.960975662894784,B_raw_features,1299,13,72.0,74.0,2.0
2025,14,00-0036358,CeeDee Lamb,WR,DAL,18.1,14.136824475587666,B_raw_features,1299,13,10.0,7.0,3.0
2025,14,00-0038576,Charlie Jones,WR,CIN,0.0,1.061046180021824,B_raw_features,1299,13,100.0,125.0,25.0
2025,14,00-0040705,Chimere Dike,WR,TEN,13.4,7.156098481870147,B_raw_features,1299,13,19.0,54.0,35.0
2025,14,00-0033921,Chris Godwin Jr.,WR,TB,10.5,7.603439166848242,B_raw_features,1299,13,28.0,49.0,21.0
2025,14,00-0037239,Chris Olave,WR,NO,6.0,13.796150228053406,B_raw_features,1299,13,49.0,9.0,40.0
2025,14,00-0034775,Christian Kirk,WR,HOU,1.6,6.850675208645594,B_raw_features,1299,13,86.0,57.0,29.0
2025,14,00-0038124,Christian Watson,WR,GB,24.9,14.011925797248237,B_raw_features,1299,13,6.0,8.0,2.0
2025,14,00-0035891,Cody White,WR,SEA,1.9,1.172885057101145,B_raw_features,1299,13,84.0,123.0,39.0
2025,14,00-0033908,Cooper Kupp,WR,SEA,11.5,7.880627147649827,B_raw_features,1299,13,23.0,46.0,23.0
2025,14,00-0034348,Courtland Sutton,WR,DEN,12.2,9.544801375760352,B_raw_features,1299,13,21.0,32.0,11.0
2025,14,00-0034827,DJ Moore,WR,CHI,0.6,9.18531696020501,B_raw_features,1299,13,98.0,36.0,62.0
2025,14,00-0035640,DK Metcalf,WR,PIT,21.8,11.481479429947608,B_raw_features,1299,13,7.0,21.0,14.0
2025,14,00-0034860,Dante Pettis,WR,NO,0.0,0.948320815351638,B_raw_features,1299,13,100.0,126.0,26.0
2025,14,00-0040024,Darius Cooper,WR,PHI,2.9,1.6176413718990101,B_raw_features,1299,13,77.0,107.0,30.0
2025,14,00-0036309,Darnell Mooney,WR,ATL,1.6,8.80270854370083,B_raw_features,1299,13,86.0,41.0,45.0
2025,14,00-0031381,Davante Adams,WR,LA,6.9,13.164030328504447,B_raw_features,1299,13,45.0,11.0,34.0
2025,14,00-0035359,David Sills,WR,ATL,0.0,6.566520467222083,B_raw_features,1299,13,100.0,59.0,41.0
2025,14,00-0030564,DeAndre Hopkins,WR,BAL,0.0,6.309497648220244,B_raw_features,1299,13,100.0,60.0,40.0
2025,14,00-0036912,DeVonta Smith,WR,PHI,7.7,10.430996926585351,B_raw_features,1299,13,38.0,29.0,9.0
2025,14,00-0036620,Dee Eskridge,WR,MIA,0.0,1.9169998855601884,B_raw_features,1299,13,100.0,105.0,5.0
2025,14,00-0035719,Deebo Samuel Sr.,WR,WAS,6.7,12.76106719316226,B_raw_features,1299,13,46.0,13.0,33.0
2025,14,00-0038573,Derius Davis,WR,LAC,0.0,1.372570440058439,B_raw_features,1299,13,100.0,110.0,10.0
2025,14,00-0039424,Devaughn Vele,WR,NO,7.0,8.85582922544721,B_raw_features,1299,13,44.0,40.0,4.0
2025,14,00-0037487,Deven Thompkins,WR,ATL,1.4,2.4110652423781262,B_raw_features,1299,13,93.0,101.0,8.0
2025,14,00-0036331,Devin Duvernay,WR,CHI,3.4,1.1928015155505638,B_raw_features,1299,13,70.0,111.0,41.0
2025,14,00-0038953,Dylan Drummond,WR,ATL,5.1,5.629651282519957,B_raw_features,1299,13,54.0,63.0,9.0
2025,14,00-0040170,Elic Ayomanor,WR,TEN,8.4,7.817778024579431,B_raw_features,1299,13,37.0,47.0,10.0
2025,14,00-0040129,Emeka Egbuka,WR,TB,3.5,12.316192448653933,B_raw_features,1299,13,69.0,16.0,53.0
2025,14,00-0036196,Gabe Davis,WR,BUF,4.1,5.033806712513758,B_raw_features,1299,13,60.0,71.0,11.0
2025,14,00-0040259,Gage Larvadain,WR,CLE,3.8,2.3612183431456772,B_raw_features,1299,13,65.0,103.0,38.0
2025,14,00-0037247,George Pickens,WR,DAL,8.7,17.530044794355458,B_raw_features,1299,13,34.0,2.0,32.0
2025,14,00-0040669,Isaac TeSlaa,WR,DET,10.0,3.2727953961834735,B_raw_features,1299,13,31.0,92.0,61.0
2025,14,00-0040782,Isaiah Bond,WR,CLE,0.0,5.035502200662799,B_raw_features,1299,13,100.0,70.0,30.0
2025,14,00-0039451,Isaiah Williams,WR,NYJ,4.4,2.57715898949478,B_raw_features,1299,13,57.0,100.0,43.0
2025,14,00-0036900,Ja'Marr Chase,WR,CIN,10.2,12.67558610168652,B_raw_features,1299,13,29.0,14.0,15.0
2025,14,00-0040729,Jack Bech,WR,LV,11.0,3.2717277397361437,B_raw_features,1299,13,25.0,93.0,68.0
2025,14,00-0037741,Jahan Dotson,WR,PHI,1.3,3.514142651083879,B_raw_features,1299,13,95.0,88.0,7.0
2025,14,00-0034960,Jakobi Meyers,WR,JAX,14.8,13.039182724151093,B_raw_features,1299,13,18.0,12.0,6.0
2025,14,00-0038640,Jalen Brooks,WR,ARI,5.2,1.1928015155505638,B_raw_features,1299,13,52.0,111.0,59.0
2025,14,00-0037291,Jalen Nailor,WR,MIN,6.0,2.692057998950683,B_raw_features,1299,13,49.0,99.0,50.0
2025,14,00-0033572,Jamal Agnew,WR,ATL,0.0,1.1928015155505638,B_raw_features,1299,13,100.0,111.0,11.0
2025,14,00-0036133,James Proche,WR,TEN,0.0,3.862514947827103,B_raw_features,1299,13,100.0,85.0,15.0
2025,14,00-0037240,Jameson Williams,WR,DET,17.3,11.514001106517005,B_raw_features,1299,13,12.0,20.0,8.0
2025,14,00-0038543,Jaxon Smith-Njigba,WR,SEA,28.1,15.639512464156716,B_raw_features,1299,13,3.0,4.0,1.0
2025,14,00-0040130,Jayden Higgins,WR,HOU,6.4,10.785698937216244,B_raw_features,1299,13,47.0,26.0,21.0
2025,14,00-0039146,Jayden Reed,WR,GB,9.3,10.913709741215984,B_raw_features,1299,13,33.0,23.0,10.0
2025,14,00-0036613,Jaylen Waddle,WR,MIA,18.1,13.260107485348922,B_raw_features,1299,13,10.0,10.0,0.0
2025,14,00-0040164,Jaylin Lane,WR,WAS,0.0,2.9584178163464347,B_raw_features,1299,13,100.0,97.0,3.0
2025,14,00-0040138,Jaylin Noel,WR,HOU,3.3,2.9965321128469435,B_raw_features,1299,13,72.0,96.0,24.0
2025,14,00-0036407,Jerry Jeudy,WR,CLE,16.6,8.60089489436581,B_raw_features,1299,13,14.0,42.0,28.0
2025,14,00-0037614,John Metchie III,WR,NYJ,7.4,10.843012271495244,B_raw_features,1299,13,39.0,25.0,14.0
2025,14,00-0038994,Jordan Addison,WR,MIN,10.2,8.097591668594786,B_raw_features,1299,13,29.0,43.0,14.0
2025,14,00-0039751,Jordan Whittington,WR,LA,1.5,2.8786467472155293,B_raw_features,1299,13,89.0,98.0,9.0
2025,14,00-0038997,Josh Downs,WR,IND,6.3,6.694067024136124,B_raw_features,1299,13,48.0,58.0,10.0
2025,14,00-0033857,JuJu Smith-Schuster,WR,KC,1.5,1.520380460734422,B_raw_features,1299,13,89.0,109.0,20.0
2025,14,00-0036322,Justin Jefferson,WR,MIN,3.1,10.588597431672692,B_raw_features,1299,13,75.0,27.0,48.0
2025,14,00-0037801,KaVontae Turpin,WR,DAL,5.0,5.8787598641975505,B_raw_features,1299,13,55.0,61.0,6.0
2025,14,00-0039589,Kameron Johnson,WR,TB,0.0,1.1928015155505638,B_raw_features,1299,13,100.0,111.0,11.0
2025,14,00-0030279,Keenan Allen,WR,LAC,5.2,9.306635170806473,B_raw_features,1299,13,52.0,34.0,18.0
2025,14,00-0039901,Keon Coleman,WR,BUF,3.6,7.24713307610748,B_raw_features,1299,13,68.0,52.0,16.0
2025,14,00-0037261,Khalil Shakir,WR,BUF,9.6,8.079450484100665,B_raw_features,1299,13,32.0,44.0,12.0
2025,14,00-0040590,Konata Mumpfield,WR,LA,1.5,2.0728735979269204,B_raw_features,1299,13,89.0,104.0,15.0
2025,14,00-0040075,LaJohntay Wester,WR,BAL,0.0,1.1928015155505638,B_raw_features,1299,13,100.0,111.0,11.0
2025,14,00-0039915,Ladd McConkey,WR,LAC,2.2,10.886751763017067,B_raw_features,1299,13,82.0,24.0,58.0
2025,14,00-0032951,Laquon Treadwell,WR,IND,0.0,1.1928015155505638,B_raw_features,1299,13,100.0,111.0,11.0
2025,14,00-0035406,Lil'Jordan Humphrey,WR,DEN,5.7,4.9849835530793944,B_raw_features,1299,13,51.0,72.0,21.0
2025,14,00-0040735,Luther Burden III,WR,CHI,11.0,9.104344792422076,B_raw_features,1299,13,25.0,37.0,12.0
2025,14,00-0039920,Malachi Corley,WR,CLE,0.2,3.4015664655521016,B_raw_features,1299,13,99.0,90.0,9.0
2025,14,00-0039880,Malik Washington,WR,MIA,4.0,8.942717828787945,B_raw_features,1299,13,63.0,39.0,24.0
2025,14,00-0034272,Marquez Valdes-Scantling,WR,PIT,0.0,3.6858348289462226,B_raw_features,1299,13,100.0,87.0,13.0
2025,14,00-0035662,Marquise Brown,WR,KC,4.5,4.632081517454187,B_raw_features,1299,13,56.0,79.0,23.0
2025,14,00-0038976,Marvin Mims Jr.,WR,DEN,1.7,3.830979161971003,B_raw_features,1299,13,85.0,86.0,1.0
2025,14,00-0039623,Mason Tipton,WR,NO,0.0,4.735817050961614,B_raw_features,1299,13,100.0,75.0,25.0
2025,14,00-0040667,Matthew Golden,WR,GB,0.0,5.523345031253019,B_raw_features,1299,13,100.0,65.0,35.0
2025,14,00-0036252,Michael Pittman,WR,IND,16.9,7.340290456350527,B_raw_features,1299,13,13.0,51.0,38.0
2025,14,00-0038559,Michael Wilson,WR,ARI,37.2,14.895594552142876,B_raw_features,1299,13,1.0,6.0,5.0
2025,14,00-0040506,Myles Price,WR,MIN,0.0,1.1928015155505638,B_raw_features,1299,13,100.0,111.0,11.0
2025,14,00-0036182,Nick Westbrook-Ikhine,WR,MIA,0.0,2.403784784179237,B_raw_features,1299,13,100.0,102.0,2.0
2025,14,00-0036554,Nico Collins,WR,HOU,16.1,12.532531729459688,B_raw_features,1299,13,15.0,15.0,0.0
2025,14,00-0033591,Noah Brown,WR,WAS,2.9,5.511888031067606,B_raw_features,1299,13,77.0,66.0,11.0
2025,14,00-0035208,Olamide Zaccheaus,WR,CHI,8.7,4.088611337191317,B_raw_features,1299,13,34.0,82.0,48.0
2025,14,00-0040134,Pat Bryant,WR,DEN,7.2,7.627333685184716,B_raw_features,1299,13,41.0,48.0,7.0
2025,14,00-0039075,Puka Nacua,WR,LA,35.7,15.553750968195088,B_raw_features,1299,13,2.0,5.0,3.0
2025,14,00-0038544,Quentin Johnston,WR,LAC,2.8,8.023782789196032,B_raw_features,1299,13,79.0,45.0,34.0
2025,14,00-0039067,Rashee Rice,WR,KC,7.4,16.51698444408163,B_raw_features,1299,13,39.0,3.0,36.0
2025,14,00-0037545,Rashid Shaheed,WR,SEA,10.7,5.859513490948222,B_raw_features,1299,13,27.0,62.0,35.0
2025,14,00-0036550,Rashod Bateman,WR,BAL,4.3,4.68271424515982,B_raw_features,1299,13,59.0,76.0,17.0
2025,14,00-0037816,Romeo Doubs,WR,GB,0.0,9.280428924687623,B_raw_features,1299,13,100.0,35.0,65.0
2025,14,00-0039410,Ryan Flournoy,WR,DAL,26.5,3.4949464845742817,B_raw_features,1299,13,5.0,89.0,84.0
2025,14,00-0038824,Ryan Miller,WR,TB,0.0,1.1928015155505638,B_raw_features,1299,13,100.0,111.0,11.0
2025,14,00-0032385,Sterling Shepard,WR,TB,1.5,6.862398551220476,B_raw_features,1299,13,89.0,56.0,33.0
2025,14,00-0040154,Tai Felton,WR,MIN,2.0,1.1928015155505638,B_raw_features,1299,13,83.0,111.0,28.0
2025,14,00-0036410,Tee Higgins,WR,CIN,27.2,11.964273244459946,B_raw_features,1299,13,4.0,19.0,15.0
2025,14,00-0035659,Terry McLaurin,WR,WAS,7.1,12.039786304749972,B_raw_features,1299,13,42.0,18.0,24.0
2025,14,00-0033375,Tim Patrick,WR,JAX,18.8,5.4965303973036015,B_raw_features,1299,13,9.0,67.0,58.0
2025,14,00-0035544,Tom Kennedy,WR,DET,0.0,7.021963057158127,B_raw_features,1299,13,100.0,55.0,45.0
2025,14,00-0040727,Tre Harris,WR,LAC,3.1,4.63609712642876,B_raw_features,1299,13,75.0,78.0,3.0
2025,14,00-0038563,Tre Tucker,WR,LV,4.4,9.075064595742163,B_raw_features,1299,13,57.0,38.0,19.0
2025,14,00-0034487,Trent Sherfield,WR,ARI,0.0,3.149902062399349,B_raw_features,1299,13,100.0,94.0,6.0
2025,14,00-0037742,Treylon Burks,WR,WAS,0.0,5.448239050858286,B_raw_features,1299,13,100.0,68.0,32.0
2025,14,00-0039868,Troy Franklin,WR,DEN,4.1,9.9971043201175,B_raw_features,1299,13,60.0,30.0,30.0
2025,14,00-0032211,Tyler Lockett,WR,LV,7.1,4.964398465616778,B_raw_features,1299,13,42.0,73.0,31.0
2025,14,00-0038104,Tyquan Thornton,WR,KC,3.9,1.7771717269795189,B_raw_features,1299,13,64.0,106.0,42.0
2025,14,00-0038679,Tyrell Shavers,WR,BUF,2.6,4.664549224109454,B_raw_features,1299,13,80.0,77.0,3.0
2025,14,00-0036415,Van Jefferson,WR,TEN,3.7,5.6103431434559665,B_raw_features,1299,13,66.0,64.0,2.0
2025,14,00-0037745,Velus Jones Jr.,WR,SEA,3.2,1.1928015155505638,B_raw_features,1299,13,74.0,111.0,37.0
2025,14,00-0038618,Xavier Hutchinson,WR,HOU,0.0,5.144870627942069,B_raw_features,1299,13,100.0,69.0,31.0
2025,14,00-0038359,Xavier Smith,WR,LA,1.6,4.329326303846838,B_raw_features,1299,13,86.0,80.0,6.0
2025,14,00-0039894,Xavier Worthy,WR,KC,8.5,9.328669426328648,B_raw_features,1299,13,36.0,33.0,3.0
2025,14,00-0039064,Zay Flowers,WR,BAL,20.6,11.129662496026983,B_raw_features,1299,13,8.0,22.0,14.0
2025,15,00-0035676,A.J. Brown,WR,PHI,12.1,18.247710226084013,B_raw_features,1425,14,27.0,1.0,26.0
2025,15,00-0030035,Adam Thielen,WR,PIT,1.7,2.7493650674731223,B_raw_features,1425,14,94.0,111.0,17.0
2025,15,00-0039890,Adonai Mitchell,WR,NYJ,17.4,11.992339816487872,B_raw_features,1425,14,14.0,22.0,8.0
2025,15,00-0037664,Alec Pierce,WR,IND,2.6,8.812890074006987,B_raw_features,1425,14,86.0,43.0,43.0
2025,15,00-0034521,Allen Lazard,WR,NYJ,1.6,2.7801157867457933,B_raw_features,1425,14,96.0,110.0,14.0
2025,15,00-0036963,Amon-Ra St. Brown,WR,DET,41.4,11.16683144348211,B_raw_features,1425,14,1.0,29.0,28.0
2025,15,00-0035876,Andre Baccellia,WR,ARI,0.0,1.7948651568306202,B_raw_features,1425,14,103.0,122.0,19.0
2025,15,00-0038619,Andrei Iosivas,WR,CIN,0.0,6.846465125828613,B_raw_features,1425,14,103.0,64.0,39.0
2025,15,00-0040582,Arian Smith,WR,NYJ,0.0,2.6410202150591013,B_raw_features,1425,14,103.0,113.0,10.0
2025,15,00-0036862,Ben Skowronek,WR,PIT,0.0,2.843706434027091,B_raw_features,1425,14,103.0,108.0,5.0
2025,15,00-0037091,Bo Melton,WR,GB,0.0,4.1835031052716385,B_raw_features,1425,14,103.0,90.0,13.0
2025,15,00-0031236,Brandin Cooks,WR,BUF,0.0,4.594308453715184,B_raw_features,1425,14,103.0,86.0,17.0
2025,15,00-0039893,Brian Thomas Jr.,WR,JAX,17.1,8.008145991115196,B_raw_features,1425,14,15.0,52.0,37.0
2025,15,00-0037132,Britain Covey,WR,PHI,0.0,1.1007256011488809,B_raw_features,1425,14,103.0,130.0,27.0
2025,15,00-0038840,Brycen Tremayne,WR,CAR,0.0,1.330399036252992,B_raw_features,1425,14,103.0,127.0,24.0
2025,15,00-0037837,Calvin Austin III,WR,PIT,0.0,4.802915515110968,B_raw_features,1425,14,103.0,82.0,21.0
2025,15,00-0036358,CeeDee Lamb,WR,DAL,17.1,13.683106361372626,B_raw_features,1425,14,15.0,10.0,5.0
2025,15,00-0038576,Charlie Jones,WR,CIN,0.0,1.0436259271381663,B_raw_features,1425,14,103.0,139.0,36.0
2025,15,00-0040705,Chimere Dike,WR,TEN,5.0,10.411558403913757,B_raw_features,1425,14,68.0,32.0,36.0
2025,15,00-0033921,Chris Godwin Jr.,WR,TB,12.0,9.094926858332837,B_raw_features,1425,14,31.0,39.0,8.0
2025,15,00-0037239,Chris Olave,WR,NO,20.5,11.797229345915394,B_raw_features,1425,14,9.0,25.0,16.0
2025,15,00-0038124,Christian Watson,WR,GB,5.9,13.984101916875247,B_raw_features,1425,14,60.0,9.0,51.0
2025,15,00-0033908,Cooper Kupp,WR,SEA,9.6,7.357042270270233,B_raw_features,1425,14,40.0,57.0,17.0
2025,15,00-0034348,Courtland Sutton,WR,DEN,24.3,11.679995717844164,B_raw_features,1425,14,4.0,26.0,22.0
2025,15,00-0034827,DJ Moore,WR,CHI,22.9,8.57750819159818,B_raw_features,1425,14,7.0,47.0,40.0
2025,15,00-0035640,DK Metcalf,WR,PIT,14.5,13.56594030947571,B_raw_features,1425,14,23.0,11.0,12.0
2025,15,00-0040431,Dalen Cambre,WR,NYG,0.0,1.1007256011488809,B_raw_features,1425,14,103.0,130.0,27.0
2025,15,00-0034860,Dante Pettis,WR,NO,0.0,0.9900405138172527,B_raw_features,1425,14,103.0,141.0,38.0
2025,15,00-0040024,Darius Cooper,WR,PHI,4.9,1.898057845268296,B_raw_features,1425,14,69.0,120.0,51.0
2025,15,00-0035535,Darius Slayton,WR,NYG,9.3,6.782043172263377,B_raw_features,1425,14,41.0,66.0,25.0
2025,15,00-0036309,Darnell Mooney,WR,ATL,6.5,7.426646926117796,B_raw_features,1425,14,57.0,56.0,1.0
2025,15,00-0031381,Davante Adams,WR,LA,11.1,12.079925501811848,B_raw_features,1425,14,35.0,21.0,14.0
2025,15,00-0035359,David Sills,WR,ATL,13.8,6.9640976815629045,B_raw_features,1425,14,25.0,62.0,37.0
2025,15,00-0030564,DeAndre Hopkins,WR,BAL,4.2,4.163175404588541,B_raw_features,1425,14,72.0,91.0,19.0
2025,15,00-0038621,DeMario Douglas,WR,NE,0.5,6.027209896532945,B_raw_features,1425,14,101.0,71.0,30.0
2025,15,00-0036912,DeVonta Smith,WR,PHI,7.0,11.961144109662452,B_raw_features,1425,14,54.0,23.0,31.0
2025,15,00-0036620,Dee Eskridge,WR,MIA,0.0,1.0265854751008827,B_raw_features,1425,14,103.0,140.0,37.0
2025,15,00-0035719,Deebo Samuel Sr.,WR,WAS,7.3,12.42445827159114,B_raw_features,1425,14,53.0,15.0,38.0
2025,15,00-0032775,Demarcus Robinson,WR,SF,5.6,3.452000627390823,B_raw_features,1425,14,62.0,98.0,36.0
2025,15,00-0039424,Devaughn Vele,WR,NO,11.9,10.727489045725253,B_raw_features,1425,14,32.0,31.0,1.0
2025,15,00-0037487,Deven Thompkins,WR,ATL,0.0,2.3036851516898347,B_raw_features,1425,14,103.0,115.0,12.0
2025,15,00-0036331,Devin Duvernay,WR,CHI,0.0,1.1717808808494679,B_raw_features,1425,14,103.0,129.0,26.0
2025,15,00-0038393,Dontayvion Wicks,WR,GB,1.6,8.971611228297226,B_raw_features,1425,14,96.0,40.0,56.0
2025,15,00-0036626,Dyami Brown,WR,JAX,0.4,4.090362495050269,B_raw_features,1425,14,102.0,92.0,10.0
2025,15,00-0038953,Dylan Drummond,WR,ATL,0.0,6.249894181947453,B_raw_features,1425,14,103.0,69.0,34.0
2025,15,00-0040170,Elic Ayomanor,WR,TEN,2.7,6.439999649791074,B_raw_features,1425,14,85.0,68.0,17.0
2025,15,00-0040129,Emeka Egbuka,WR,TB,10.4,11.383303632488257,B_raw_features,1425,14,38.0,27.0,11.0
2025,15,00-0040259,Gage Larvadain,WR,CLE,1.8,3.329581754809068,B_raw_features,1425,14,93.0,100.0,7.0
2025,15,00-0037247,George Pickens,WR,DAL,6.3,14.184187113758586,B_raw_features,1425,14,58.0,8.0,50.0
2025,15,00-0040669,Isaac TeSlaa,WR,DET,0.0,4.854622934685501,B_raw_features,1425,14,103.0,81.0,22.0
2025,15,00-0040782,Isaiah Bond,WR,CLE,10.9,4.676420191376285,B_raw_features,1425,14,36.0,84.0,48.0
2025,15,00-0036165,Isaiah Hodgins,WR,NYG,1.4,7.151214458702289,B_raw_features,1425,14,98.0,59.0,39.0
2025,15,00-0039451,Isaiah Williams,WR,NYJ,11.3,2.1149218189352914,B_raw_features,1425,14,34.0,117.0,83.0
2025,15,00-0036900,Ja'Marr Chase,WR,CIN,23.2,12.886181566817285,B_raw_features,1425,14,6.0,14.0,8.0
2025,15,00-0040729,Jack Bech,WR,LV,3.7,5.976444959918471,B_raw_features,1425,14,78.0,72.0,6.0
2025,15,00-0034960,Jakobi Meyers,WR,JAX,12.1,14.445691891075302,B_raw_features,1425,14,27.0,7.0,20.0
2025,15,00-0038640,Jalen Brooks,WR,ARI,2.9,2.269546473423431,B_raw_features,1425,14,84.0,116.0,32.0
2025,15,00-0039491,Jalen Coker,WR,CAR,16.0,9.20273992253452,B_raw_features,1425,14,19.0,37.0,18.0
2025,15,00-0037291,Jalen Nailor,WR,MIN,19.5,3.236268712456608,B_raw_features,1425,14,10.0,102.0,92.0
2025,15,00-0038938,Jalin Hyatt,WR,NYG,0.0,2.4333317600703848,B_raw_features,1425,14,103.0,114.0,11.0
2025,15,00-0036133,James Proche,WR,TEN,0.0,3.0920278073082246,B_raw_features,1425,14,103.0,105.0,2.0
2025,15,00-0037240,Jameson Williams,WR,DET,26.4,12.388719716287666,B_raw_features,1425,14,3.0,16.0,13.0
2025,15,00-0036259,Jauan Jennings,WR,SF,18.7,12.113339976536249,B_raw_features,1425,14,12.0,20.0,8.0
2025,15,00-0038543,Jaxon Smith-Njigba,WR,SEA,18.3,16.562993900530174,B_raw_features,1425,14,13.0,3.0,10.0
2025,15,00-0040130,Jayden Higgins,WR,HOU,1.4,10.370404837500246,B_raw_features,1425,14,98.0,34.0,64.0
2025,15,00-0039146,Jayden Reed,WR,GB,10.5,11.13178582052013,B_raw_features,1425,14,37.0,30.0,7.0
2025,15,00-0036613,Jaylen Waddle,WR,MIA,4.6,13.219266781092013,B_raw_features,1425,14,70.0,12.0,58.0
2025,15,00-0040164,Jaylin Lane,WR,WAS,0.0,1.3598193821438855,B_raw_features,1425,14,103.0,126.0,23.0
2025,15,00-0040138,Jaylin Noel,WR,HOU,0.0,3.770595929196569,B_raw_features,1425,14,103.0,95.0,8.0
2025,15,00-0036407,Jerry Jeudy,WR,CLE,4.2,8.015085827034932,B_raw_features,1425,14,72.0,51.0,21.0
2025,15,00-0040218,Jimmy Horn Jr.,WR,CAR,1.7,4.262802228788079,B_raw_features,1425,14,94.0,88.0,6.0
2025,15,00-0037614,John Metchie III,WR,NYJ,6.9,11.937543675581729,B_raw_features,1425,14,55.0,24.0,31.0
2025,15,00-0039062,Jonathan Mingo,WR,DAL,3.5,1.7404381491489311,B_raw_features,1425,14,80.0,123.0,43.0
2025,15,00-0038994,Jordan Addison,WR,MIN,8.6,8.78823421175151,B_raw_features,1425,14,44.0,44.0,0.0
2025,15,00-0039751,Jordan Whittington,WR,LA,0.0,2.837893645128222,B_raw_features,1425,14,103.0,109.0,6.0
2025,15,00-0038997,Josh Downs,WR,IND,10.3,8.367750367257775,B_raw_features,1425,14,39.0,48.0,9.0
2025,15,00-0036988,Josh Palmer,WR,BUF,2.6,6.163928906781624,B_raw_features,1425,14,86.0,70.0,16.0
2025,15,00-0033857,JuJu Smith-Schuster,WR,KC,0.0,2.8464333496811154,B_raw_features,1425,14,103.0,107.0,4.0
2025,15,00-0036322,Justin Jefferson,WR,MIN,4.2,8.732179660303279,B_raw_features,1425,14,72.0,45.0,27.0
2025,15,00-0037801,KaVontae Turpin,WR,DAL,3.2,6.897715364381497,B_raw_features,1425,14,81.0,63.0,18.0
2025,15,00-0032464,Kalif Raymond,WR,DET,3.0,3.9488089118235483,B_raw_features,1425,14,82.0,93.0,11.0
2025,15,00-0039589,Kameron Johnson,WR,TB,0.0,1.0886614075224192,B_raw_features,1425,14,103.0,137.0,34.0
2025,15,00-0038608,Kayshon Boutte,WR,NE,4.0,4.688674177572084,B_raw_features,1425,14,75.0,83.0,8.0
2025,15,00-0040184,KeAndre Lambert-Smith,WR,LAC,8.6,1.5276585065523396,B_raw_features,1425,14,44.0,125.0,81.0
2025,15,00-0030279,Keenan Allen,WR,LAC,8.6,8.865522469214403,B_raw_features,1425,14,44.0,42.0,2.0
2025,15,00-0033307,Kendrick Bourne,WR,SF,3.7,3.1976280543408278,B_raw_features,1425,14,78.0,103.0,25.0
2025,15,00-0037231,Kevin Austin Jr.,WR,NO,6.3,1.8071850780422498,B_raw_features,1425,14,58.0,121.0,63.0
2025,15,00-0034854,KhaDarel Hodge,WR,ATL,0.0,1.079861371125496,B_raw_features,1425,14,103.0,138.0,35.0
2025,15,00-0037261,Khalil Shakir,WR,BUF,11.5,9.13992637171093,B_raw_features,1425,14,33.0,38.0,5.0
2025,15,00-0040590,Konata Mumpfield,WR,LA,0.0,1.9352639504538969,B_raw_features,1425,14,103.0,119.0,16.0
2025,15,00-0040131,Kyle Williams,WR,NE,0.0,3.432222228211421,B_raw_features,1425,14,103.0,99.0,4.0
2025,15,00-0040075,LaJohntay Wester,WR,BAL,0.0,1.1007256011488809,B_raw_features,1425,14,103.0,130.0,27.0
2025,15,00-0039915,Ladd McConkey,WR,LAC,4.0,8.91485047817618,B_raw_features,1425,14,75.0,41.0,34.0
2025,15,00-0035406,Lil'Jordan Humphrey,WR,DEN,13.2,3.076842213933803,B_raw_features,1425,14,26.0,106.0,80.0
2025,15,00-0040735,Luther Burden III,WR,CHI,14.4,10.373682333219223,B_raw_features,1425,14,24.0,33.0,9.0
2025,15,00-0033555,Mack Hollins,WR,NE,8.1,7.76314432977839,B_raw_features,1425,14,49.0,53.0,4.0
2025,15,00-0039920,Malachi Corley,WR,CLE,2.0,2.7359405310110896,B_raw_features,1425,14,90.0,112.0,22.0
2025,15,00-0039880,Malik Washington,WR,MIA,2.0,8.295813506486775,B_raw_features,1425,14,90.0,49.0,41.0
2025,15,00-0034272,Marquez Valdes-Scantling,WR,PIT,8.9,3.286623442186304,B_raw_features,1425,14,43.0,101.0,58.0
2025,15,00-0038976,Marvin Mims Jr.,WR,DEN,7.7,3.1862860404656432,B_raw_features,1425,14,52.0,104.0,52.0
2025,15,00-0039623,Mason Tipton,WR,NO,1.1,4.373486736020238,B_raw_features,1425,14,100.0,87.0,13.0
2025,15,00-0040667,Matthew Golden,WR,GB,8.5,3.8501028743235435,B_raw_features,1425,14,47.0,94.0,47.0
2025,15,00-0036959,Michael Bandy,WR,DEN,9.0,1.3087879818528374,B_raw_features,1425,14,42.0,128.0,86.0
2025,15,00-0036252,Michael Pittman,WR,IND,5.6,11.22077782764266,B_raw_features,1425,14,62.0,28.0,34.0
2025,15,00-0038559,Michael Wilson,WR,ARI,16.4,16.186657738337043,B_raw_features,1425,14,17.0,5.0,12.0
2025,15,00-0031408,Mike Evans,WR,TB,19.2,9.856054524409217,B_raw_features,1425,14,11.0,36.0,25.0
2025,15,00-0038839,Mitchell Tinsley,WR,CIN,2.6,7.002870335556601,B_raw_features,1425,14,86.0,60.0,26.0
2025,15,00-0040506,Myles Price,WR,MIN,0.0,1.1007256011488809,B_raw_features,1425,14,103.0,130.0,27.0
2025,15,00-0036182,Nick Westbrook-Ikhine,WR,MIA,0.0,1.0992294362244377,B_raw_features,1425,14,103.0,136.0,33.0
2025,15,00-0036554,Nico Collins,WR,HOU,23.5,12.30775376136674,B_raw_features,1425,14,5.0,17.0,12.0
2025,15,00-0038519,Nikko Remigio,WR,KC,0.0,1.1007256011488809,B_raw_features,1425,14,103.0,130.0,27.0
2025,15,00-0033591,Noah Brown,WR,WAS,3.8,5.225975668221994,B_raw_features,1425,14,77.0,76.0,1.0
2025,15,00-0035208,Olamide Zaccheaus,WR,CHI,0.0,4.5957968971757905,B_raw_features,1425,14,103.0,85.0,18.0
2025,15,00-0038606,Parker Washington,WR,JAX,8.3,7.24758335544073,B_raw_features,1425,14,48.0,58.0,10.0
2025,15,00-0039075,Puka Nacua,WR,LA,27.9,16.915653254582804,B_raw_features,1425,14,2.0,2.0,0.0
2025,15,00-0039067,Rashee Rice,WR,KC,12.1,16.20376741946941,B_raw_features,1425,14,27.0,4.0,23.0
2025,15,00-0037545,Rashid Shaheed,WR,SEA,12.1,6.4511744967331275,B_raw_features,1425,14,27.0,67.0,40.0
2025,15,00-0039916,Ricky Pearsall,WR,SF,15.6,5.412353240595953,B_raw_features,1425,14,22.0,75.0,53.0
2025,15,00-0037816,Romeo Doubs,WR,GB,5.6,5.969639039101657,B_raw_features,1425,14,62.0,73.0,11.0
2025,15,00-0039410,Ryan Flournoy,WR,DAL,8.0,7.489102860778756,B_raw_features,1425,14,50.0,55.0,5.0
2025,15,00-0038090,Skyy Moore,WR,SF,0.0,1.1007256011488809,B_raw_features,1425,14,103.0,130.0,27.0
2025,15,00-0031588,Stefon Diggs,WR,NE,5.6,8.656794704308513,B_raw_features,1425,14,62.0,46.0,16.0
2025,15,00-0035659,Terry McLaurin,WR,WAS,15.9,12.307665553903364,B_raw_features,1425,14,20.0,18.0,2.0
2025,15,00-0040124,Tetairoa McMillan,WR,CAR,4.5,12.171346857467803,B_raw_features,1425,14,71.0,19.0,52.0
2025,15,00-0040237,Tez Johnson,WR,TB,0.0,6.785174465024671,B_raw_features,1425,14,103.0,65.0,38.0
2025,15,00-0035544,Tom Kennedy,WR,DET,0.0,3.552245671366513,B_raw_features,1425,14,103.0,97.0,6.0
2025,15,00-0040727,Tre Harris,WR,LAC,7.9,5.171818752801245,B_raw_features,1425,14,51.0,77.0,26.0
2025,15,00-0038563,Tre Tucker,WR,LV,0.0,8.018765477076588,B_raw_features,1425,14,103.0,50.0,53.0
2025,15,00-0037742,Treylon Burks,WR,WAS,0.0,5.011418123379194,B_raw_features,1425,14,103.0,78.0,25.0
2025,15,00-0039868,Troy Franklin,WR,DEN,20.8,6.989458168353997,B_raw_features,1425,14,8.0,61.0,53.0
2025,15,00-0036849,Tutu Atwell,WR,LA,1.9,4.87349401008338,B_raw_features,1425,14,92.0,80.0,12.0
2025,15,00-0036630,Tylan Wallace,WR,BAL,0.0,1.6297409227860362,B_raw_features,1425,14,103.0,124.0,21.0
2025,15,00-0032211,Tyler Lockett,WR,LV,3.0,5.729632485368667,B_raw_features,1425,14,82.0,74.0,8.0
2025,15,00-0038104,Tyquan Thornton,WR,KC,6.7,2.0519272195797282,B_raw_features,1425,14,56.0,118.0,62.0
2025,15,00-0036415,Van Jefferson,WR,TEN,5.3,4.927886679672449,B_raw_features,1425,14,67.0,79.0,12.0
2025,15,00-0038117,Wan'Dale Robinson,WR,NYG,16.4,15.526641124267723,B_raw_features,1425,14,17.0,6.0,11.0
2025,15,00-0038618,Xavier Hutchinson,WR,HOU,2.6,3.718704424354597,B_raw_features,1425,14,86.0,96.0,10.0
2025,15,00-0039342,Xavier Legette,WR,CAR,5.9,7.553290037217675,B_raw_features,1425,14,60.0,54.0,6.0
2025,15,00-0038359,Xavier Smith,WR,LA,0.0,4.26137583350864,B_raw_features,1425,14,103.0,89.0,14.0
2025,15,00-0039894,Xavier Worthy,WR,KC,5.5,9.987887719625022,B_raw_features,1425,14,66.0,35.0,31.0
2025,15,00-0039064,Zay Flowers,WR,BAL,15.8,13.092579907866916,B_raw_features,1425,14,21.0,13.0,8.0
2025,16,00-0035676,A.J. Brown,WR,PHI,18.5,14.954569031172905,B_raw_features,1566,15,15.0,7.0,8.0
2025,16,00-0030035,Adam Thielen,WR,PIT,8.9,2.5966777538952783,B_raw_features,1566,15,43.0,115.0,72.0
2025,16,00-0039890,Adonai Mitchell,WR,NYJ,7.3,13.915610759927281,B_raw_features,1566,15,54.0,11.0,43.0
2025,16,00-0037664,Alec Pierce,WR,IND,24.6,8.33009812746173,B_raw_features,1566,15,5.0,48.0,43.0
2025,16,00-0035602,Alex Bachman,WR,LV,1.3,1.0079762168152095,B_raw_features,1566,15,112.0,138.0,26.0
2025,16,00-0036963,Amon-Ra St. Brown,WR,DET,9.4,13.851428399186357,B_raw_features,1566,15,38.0,13.0,25.0
2025,16,00-0038619,Andrei Iosivas,WR,CIN,3.1,3.750678941569012,B_raw_features,1566,15,87.0,98.0,11.0
2025,16,00-0040582,Arian Smith,WR,NYJ,0.0,2.2732879418433862,B_raw_features,1566,15,118.0,122.0,4.0
2025,16,00-0036862,Ben Skowronek,WR,PIT,0.0,1.5414715978549285,B_raw_features,1566,15,118.0,130.0,12.0
2025,16,00-0037091,Bo Melton,WR,GB,0.0,4.561572118013701,B_raw_features,1566,15,118.0,88.0,30.0
2025,16,00-0031236,Brandin Cooks,WR,BUF,0.0,4.003927443617061,B_raw_features,1566,15,118.0,94.0,24.0
2025,16,00-0039893,Brian Thomas Jr.,WR,JAX,3.8,9.842988019616678,B_raw_features,1566,15,81.0,34.0,47.0
2025,16,00-0037132,Britain Covey,WR,PHI,0.0,1.0079762168152095,B_raw_features,1566,15,118.0,138.0,20.0
2025,16,00-0038840,Brycen Tremayne,WR,CAR,0.0,1.0079762168152095,B_raw_features,1566,15,118.0,138.0,20.0
2025,16,00-0037837,Calvin Austin III,WR,PIT,1.8,3.073109156176258,B_raw_features,1566,15,102.0,111.0,9.0
2025,16,00-0038979,Cedric Tillman,WR,CLE,1.8,3.8629542470740432,B_raw_features,1566,15,102.0,97.0,5.0
2025,16,00-0034418,Cedrick Wilson Jr.,WR,MIA,2.1,3.141144930086547,B_raw_features,1566,15,97.0,107.0,10.0
2025,16,00-0036358,CeeDee Lamb,WR,DAL,11.1,14.161009717916778,B_raw_features,1566,15,31.0,10.0,21.0
2025,16,00-0040705,Chimere Dike,WR,TEN,13.0,9.678686087637727,B_raw_features,1566,15,26.0,35.0,9.0
2025,16,00-0033921,Chris Godwin Jr.,WR,TB,8.0,10.49627913494444,B_raw_features,1566,15,50.0,29.0,21.0
2025,16,00-0032398,Chris Moore,WR,WAS,0.0,4.98538887618332,B_raw_features,1566,15,118.0,82.0,36.0
2025,16,00-0037239,Chris Olave,WR,NO,36.8,11.973339914253868,B_raw_features,1566,15,2.0,21.0,19.0
2025,16,00-0034775,Christian Kirk,WR,HOU,6.7,6.881748663563039,B_raw_features,1566,15,59.0,62.0,3.0
2025,16,00-0038124,Christian Watson,WR,GB,3.7,11.9884227592055,B_raw_features,1566,15,83.0,20.0,63.0
2025,16,00-0035891,Cody White,WR,SEA,0.0,1.8182301902030895,B_raw_features,1566,15,118.0,128.0,10.0
2025,16,00-0040352,Coleman Owen,WR,IND,0.0,1.0079762168152095,B_raw_features,1566,15,118.0,138.0,20.0
2025,16,00-0033908,Cooper Kupp,WR,SEA,6.9,8.287019551116375,B_raw_features,1566,15,58.0,49.0,9.0
2025,16,00-0034348,Courtland Sutton,WR,DEN,20.6,13.704773995056756,B_raw_features,1566,15,10.0,14.0,4.0
2025,16,00-0034827,DJ Moore,WR,CHI,21.9,8.09098542947384,B_raw_features,1566,15,9.0,51.0,42.0
2025,16,00-0035640,DK Metcalf,WR,PIT,8.2,11.459598369028138,B_raw_features,1566,15,47.0,22.0,25.0
2025,16,00-0034860,Dante Pettis,WR,NO,0.0,1.0079762168152095,B_raw_features,1566,15,118.0,138.0,20.0
2025,16,00-0037093,Dareke Young,WR,SEA,0.0,1.2906644683662054,B_raw_features,1566,15,118.0,133.0,15.0
2025,16,00-0035535,Darius Slayton,WR,NYG,1.8,7.614751175267625,B_raw_features,1566,15,102.0,55.0,47.0
2025,16,00-0036309,Darnell Mooney,WR,ATL,4.4,6.913086172142824,B_raw_features,1566,15,76.0,61.0,15.0
2025,16,00-0035359,David Sills,WR,ATL,0.0,8.249035598875038,B_raw_features,1566,15,118.0,50.0,68.0
2025,16,00-0030564,DeAndre Hopkins,WR,BAL,8.1,3.5427484283297295,B_raw_features,1566,15,48.0,101.0,53.0
2025,16,00-0038621,DeMario Douglas,WR,NE,1.6,3.9673769723721204,B_raw_features,1566,15,106.0,95.0,11.0
2025,16,00-0036912,DeVonta Smith,WR,PHI,16.2,9.111037452079557,B_raw_features,1566,15,17.0,38.0,21.0
2025,16,00-0036620,Dee Eskridge,WR,MIA,0.0,1.030739006251996,B_raw_features,1566,15,118.0,137.0,19.0
2025,16,00-0035719,Deebo Samuel Sr.,WR,WAS,6.5,10.987813443171081,B_raw_features,1566,15,60.0,26.0,34.0
2025,16,00-0032775,Demarcus Robinson,WR,SF,10.3,3.4130076321552725,B_raw_features,1566,15,33.0,104.0,71.0
2025,16,00-0037487,Deven Thompkins,WR,ATL,0.0,2.392168758841482,B_raw_features,1566,15,118.0,119.0,1.0
2025,16,00-0036331,Devin Duvernay,WR,CHI,0.0,1.222228133271416,B_raw_features,1566,15,118.0,134.0,16.0
2025,16,00-0039792,Devontez Walker,WR,BAL,0.0,2.0192866891056607,B_raw_features,1566,15,118.0,126.0,8.0
2025,16,00-0038393,Dontayvion Wicks,WR,GB,3.2,8.77412798520328,B_raw_features,1566,15,86.0,42.0,44.0
2025,16,00-0037238,Drake London,WR,ATL,5.7,18.57853850828784,B_raw_features,1566,15,66.0,1.0,65.0
2025,16,00-0040170,Elic Ayomanor,WR,TEN,8.8,4.868704057177943,B_raw_features,1566,15,44.0,85.0,41.0
2025,16,00-0040129,Emeka Egbuka,WR,TB,5.0,11.318053369987602,B_raw_features,1566,15,71.0,25.0,46.0
2025,16,00-0040259,Gage Larvadain,WR,CLE,0.0,4.8007970604645775,B_raw_features,1566,15,118.0,87.0,31.0
2025,16,00-0037247,George Pickens,WR,DAL,26.0,11.395304210493132,B_raw_features,1566,15,4.0,23.0,19.0
2025,16,00-0035645,Gunner Olszewski,WR,NYG,0.0,1.318090547327082,B_raw_features,1566,15,118.0,132.0,14.0
2025,16,00-0040669,Isaac TeSlaa,WR,DET,15.2,4.824013050076067,B_raw_features,1566,15,19.0,86.0,67.0
2025,16,00-0040782,Isaiah Bond,WR,CLE,2.0,5.151334052102051,B_raw_features,1566,15,99.0,80.0,19.0
2025,16,00-0039451,Isaiah Williams,WR,NYJ,6.5,5.480892139388515,B_raw_features,1566,15,60.0,76.0,16.0
2025,16,00-0036900,Ja'Marr Chase,WR,CIN,19.9,16.560368765786663,B_raw_features,1566,15,12.0,4.0,8.0
2025,16,00-0040729,Jack Bech,WR,LV,6.3,7.141138072530465,B_raw_features,1566,15,62.0,58.0,4.0
2025,16,00-0037741,Jahan Dotson,WR,PHI,4.3,3.2740611996355824,B_raw_features,1566,15,78.0,105.0,27.0
2025,16,00-0040277,Jahdae Walker,WR,CHI,10.1,1.0079762168152095,B_raw_features,1566,15,35.0,138.0,103.0
2025,16,00-0034960,Jakobi Meyers,WR,JAX,8.6,14.56091441821316,B_raw_features,1566,15,45.0,8.0,37.0
2025,16,00-0038640,Jalen Brooks,WR,ARI,0.0,2.9360131728591123,B_raw_features,1566,15,118.0,112.0,6.0
2025,16,00-0039491,Jalen Coker,WR,CAR,7.7,10.516297188311686,B_raw_features,1566,15,51.0,28.0,23.0
2025,16,00-0039855,Jalen McMillan,WR,TB,3.6,4.447718176037189,B_raw_features,1566,15,84.0,91.0,7.0
2025,16,00-0037291,Jalen Nailor,WR,MIN,0.0,6.7463987006479815,B_raw_features,1566,15,118.0,63.0,55.0
2025,16,00-0037240,Jameson Williams,WR,DET,12.0,17.510528196442202,B_raw_features,1566,15,29.0,3.0,26.0
2025,16,00-0036259,Jauan Jennings,WR,SF,18.1,12.209749836410092,B_raw_features,1566,15,16.0,19.0,3.0
2025,16,00-0038543,Jaxon Smith-Njigba,WR,SEA,23.6,13.404096353302121,B_raw_features,1566,15,6.0,16.0,10.0
2025,16,00-0040130,Jayden Higgins,WR,HOU,2.7,6.210741335762013,B_raw_features,1566,15,91.0,68.0,23.0
2025,16,00-0039146,Jayden Reed,WR,GB,7.1,10.44107993266432,B_raw_features,1566,15,56.0,30.0,26.0
2025,16,00-0036613,Jaylen Waddle,WR,MIA,12.2,10.927498782450698,B_raw_features,1566,15,28.0,27.0,1.0
2025,16,00-0040164,Jaylin Lane,WR,WAS,0.0,1.5475611705883534,B_raw_features,1566,15,118.0,129.0,11.0
2025,16,00-0040138,Jaylin Noel,WR,HOU,0.0,2.182114891599337,B_raw_features,1566,15,118.0,124.0,6.0
2025,16,00-0036407,Jerry Jeudy,WR,CLE,4.2,7.731512331817712,B_raw_features,1566,15,79.0,53.0,26.0
2025,16,00-0040218,Jimmy Horn Jr.,WR,CAR,2.5,3.683217873378723,B_raw_features,1566,15,93.0,99.0,6.0
2025,16,00-0037614,John Metchie III,WR,NYJ,1.4,10.440521759324684,B_raw_features,1566,15,110.0,31.0,79.0
2025,16,00-0039062,Jonathan Mingo,WR,DAL,0.0,2.4503595280454142,B_raw_features,1566,15,118.0,118.0,0.0
2025,16,00-0038994,Jordan Addison,WR,MIN,4.6,10.381740644775558,B_raw_features,1566,15,75.0,32.0,43.0
2025,16,00-0039751,Jordan Whittington,WR,LA,2.9,2.24894521482104,B_raw_features,1566,15,90.0,123.0,33.0
2025,16,00-0038997,Josh Downs,WR,IND,11.8,8.88299889930275,B_raw_features,1566,15,30.0,41.0,11.0
2025,16,00-0036988,Josh Palmer,WR,BUF,1.2,5.7436000230218704,B_raw_features,1566,15,113.0,73.0,40.0
2025,16,00-0033857,JuJu Smith-Schuster,WR,KC,2.2,2.35301570451154,B_raw_features,1566,15,95.0,120.0,25.0
2025,16,00-0036322,Justin Jefferson,WR,MIN,14.5,8.684322089818624,B_raw_features,1566,15,20.0,44.0,24.0
2025,16,00-0037801,KaVontae Turpin,WR,DAL,4.7,6.145014998866412,B_raw_features,1566,15,74.0,69.0,5.0
2025,16,00-0032464,Kalif Raymond,WR,DET,16.2,2.178929554543201,B_raw_features,1566,15,17.0,125.0,108.0
2025,16,00-0039589,Kameron Johnson,WR,TB,0.0,1.0875049128837293,B_raw_features,1566,15,118.0,136.0,18.0
2025,16,00-0038608,Kayshon Boutte,WR,NE,2.6,5.292802335447717,B_raw_features,1566,15,92.0,78.0,14.0
2025,16,00-0040534,Ke'Shawn Williams,WR,CIN,0.1,1.0079762168152095,B_raw_features,1566,15,117.0,138.0,21.0
2025,16,00-0040184,KeAndre Lambert-Smith,WR,LAC,2.0,3.200717514752306,B_raw_features,1566,15,99.0,106.0,7.0
2025,16,00-0030279,Keenan Allen,WR,LAC,9.4,9.065440732959976,B_raw_features,1566,15,38.0,39.0,1.0
2025,16,00-0033307,Kendrick Bourne,WR,SF,5.7,3.110672376315104,B_raw_features,1566,15,66.0,108.0,42.0
2025,16,00-0037231,Kevin Austin Jr.,WR,NO,3.8,4.206287982530355,B_raw_features,1566,15,81.0,92.0,11.0
2025,16,00-0037261,Khalil Shakir,WR,BUF,7.4,7.564218198932226,B_raw_features,1566,15,53.0,56.0,3.0
2025,16,00-0040590,Konata Mumpfield,WR,LA,7.0,1.364402416107111,B_raw_features,1566,15,57.0,131.0,74.0
2025,16,00-0040131,Kyle Williams,WR,NE,12.6,2.462114751986412,B_raw_features,1566,15,27.0,117.0,90.0
2025,16,00-0040075,LaJohntay Wester,WR,BAL,0.0,1.0079762168152095,B_raw_features,1566,15,118.0,138.0,20.0
2025,16,00-0039915,Ladd McConkey,WR,LAC,14.3,8.374071462606233,B_raw_features,1566,15,21.0,47.0,26.0
2025,16,00-0035406,Lil'Jordan Humphrey,WR,DEN,1.9,4.891032834507948,B_raw_features,1566,15,101.0,84.0,17.0
2025,16,00-0033555,Mack Hollins,WR,NE,13.9,9.125038413343738,B_raw_features,1566,15,24.0,37.0,13.0
2025,16,00-0039920,Malachi Corley,WR,CLE,6.1,2.34443250878371,B_raw_features,1566,15,63.0,121.0,58.0
2025,16,00-0039880,Malik Washington,WR,MIA,10.2,6.29870303594267,B_raw_features,1566,15,34.0,66.0,32.0
2025,16,00-0034272,Marquez Valdes-Scantling,WR,PIT,1.6,3.483545692547788,B_raw_features,1566,15,106.0,102.0,4.0
2025,16,00-0035662,Marquise Brown,WR,KC,5.2,4.100973722272194,B_raw_features,1566,15,69.0,93.0,24.0
2025,16,00-0039849,Marvin Harrison Jr.,WR,ARI,2.4,13.876647911711213,B_raw_features,1566,15,94.0,12.0,82.0
2025,16,00-0038976,Marvin Mims Jr.,WR,DEN,5.9,5.652705829940641,B_raw_features,1566,15,65.0,74.0,9.0
2025,16,00-0039623,Mason Tipton,WR,NO,8.1,3.603495820950859,B_raw_features,1566,15,48.0,100.0,52.0
2025,16,00-0040667,Matthew Golden,WR,GB,0.4,4.533360219555488,B_raw_features,1566,15,116.0,90.0,26.0
2025,16,00-0035140,Mecole Hardman,WR,BUF,0.0,1.946485678385374,B_raw_features,1566,15,118.0,127.0,9.0
2025,16,00-0036252,Michael Pittman,WR,IND,7.2,9.667944500008256,B_raw_features,1566,15,55.0,36.0,19.0
2025,16,00-0038559,Michael Wilson,WR,ARI,13.2,15.459670136190889,B_raw_features,1566,15,25.0,6.0,19.0
2025,16,00-0031408,Mike Evans,WR,TB,14.1,11.318814378944849,B_raw_features,1566,15,23.0,24.0,1.0
2025,16,00-0038839,Mitchell Tinsley,WR,CIN,0.0,7.1164465658027325,B_raw_features,1566,15,118.0,59.0,59.0
2025,16,00-0040506,Myles Price,WR,MIN,0.0,1.0079762168152095,B_raw_features,1566,15,118.0,138.0,20.0
2025,16,00-0036554,Nico Collins,WR,HOU,9.9,14.363908736265612,B_raw_features,1566,15,36.0,9.0,27.0
2025,16,00-0038519,Nikko Remigio,WR,KC,0.0,1.0079762168152095,B_raw_features,1566,15,118.0,138.0,20.0
2025,16,00-0035208,Olamide Zaccheaus,WR,CHI,5.3,5.323552004247649,B_raw_features,1566,15,68.0,77.0,9.0
2025,16,00-0038606,Parker Washington,WR,JAX,26.5,8.062551451752254,B_raw_features,1566,15,3.0,52.0,49.0
2025,16,00-0040134,Pat Bryant,WR,DEN,9.2,8.568855243636829,B_raw_features,1566,15,42.0,45.0,3.0
2025,16,00-0039075,Puka Nacua,WR,LA,46.5,18.428183936301032,B_raw_features,1566,15,1.0,2.0,1.0
2025,16,00-0038544,Quentin Johnston,WR,LAC,20.4,6.027733390529238,B_raw_features,1566,15,11.0,71.0,60.0
2025,16,00-0037545,Rashid Shaheed,WR,SEA,3.1,8.994707520402216,B_raw_features,1566,15,87.0,40.0,47.0
2025,16,00-0036550,Rashod Bateman,WR,BAL,0.0,3.435812118507625,B_raw_features,1566,15,118.0,103.0,15.0
2025,16,00-0037816,Romeo Doubs,WR,GB,19.4,5.584748516435445,B_raw_features,1566,15,13.0,75.0,62.0
2025,16,00-0039410,Ryan Flournoy,WR,DAL,9.8,9.90931532932197,B_raw_features,1566,15,37.0,33.0,4.0
2025,16,00-0040009,Savion Williams,WR,GB,0.9,2.6123205074979454,B_raw_features,1566,15,114.0,114.0,0.0
2025,16,00-0035298,Scott Miller,WR,PIT,4.9,2.510203704162536,B_raw_features,1566,15,73.0,116.0,43.0
2025,16,00-0038090,Skyy Moore,WR,SF,3.3,1.0079762168152095,B_raw_features,1566,15,85.0,138.0,53.0
2025,16,00-0031588,Stefon Diggs,WR,NE,22.8,6.576303227041741,B_raw_features,1566,15,8.0,64.0,56.0
2025,16,00-0040154,Tai Felton,WR,MIN,1.6,1.145071597244852,B_raw_features,1566,15,106.0,135.0,29.0
2025,16,00-0036410,Tee Higgins,WR,CIN,14.3,12.759896385414914,B_raw_features,1566,15,21.0,18.0,3.0
2025,16,00-0035659,Terry McLaurin,WR,WAS,8.3,13.351689517829975,B_raw_features,1566,15,46.0,17.0,29.0
2025,16,00-0040124,Tetairoa McMillan,WR,CAR,19.3,8.535883774078826,B_raw_features,1566,15,14.0,46.0,32.0
2025,16,00-0040237,Tez Johnson,WR,TB,0.9,4.895804519980777,B_raw_features,1566,15,114.0,83.0,31.0
2025,16,00-0033375,Tim Patrick,WR,JAX,2.1,6.238957492727095,B_raw_features,1566,15,97.0,67.0,30.0
2025,16,00-0035544,Tom Kennedy,WR,DET,0.0,2.625653312133368,B_raw_features,1566,15,118.0,113.0,5.0
2025,16,00-0040727,Tre Harris,WR,LAC,9.4,7.413521876299042,B_raw_features,1566,15,38.0,57.0,19.0
2025,16,00-0038563,Tre Tucker,WR,LV,9.4,5.878445067274696,B_raw_features,1566,15,38.0,72.0,34.0
2025,16,00-0037742,Treylon Burks,WR,WAS,5.0,3.961557062564464,B_raw_features,1566,15,71.0,96.0,25.0
2025,16,00-0039868,Troy Franklin,WR,DEN,10.6,7.637855656117612,B_raw_features,1566,15,32.0,54.0,22.0
2025,16,00-0036427,Tyler Johnson,WR,NYJ,1.7,6.3423230919513625,B_raw_features,1566,15,105.0,65.0,40.0
2025,16,00-0032211,Tyler Lockett,WR,LV,1.6,5.266929040707557,B_raw_features,1566,15,106.0,79.0,27.0
2025,16,00-0038679,Tyrell Shavers,WR,BUF,3.1,5.030775901611332,B_raw_features,1566,15,87.0,81.0,6.0
2025,16,00-0036415,Van Jefferson,WR,TEN,4.4,7.063832629907882,B_raw_features,1566,15,76.0,60.0,16.0
2025,16,00-0038117,Wan'Dale Robinson,WR,NYG,5.2,16.55403336482893,B_raw_features,1566,15,69.0,5.0,64.0
2025,16,00-0038618,Xavier Hutchinson,WR,HOU,1.4,4.549500927135139,B_raw_features,1566,15,110.0,89.0,21.0
2025,16,00-0039342,Xavier Legette,WR,CAR,2.2,6.055709687232174,B_raw_features,1566,15,95.0,70.0,25.0
2025,16,00-0038359,Xavier Smith,WR,LA,7.7,3.0877502257531986,B_raw_features,1566,15,51.0,110.0,59.0
2025,16,00-0039521,Xavier Weaver,WR,ARI,3.9,3.0928139738463765,B_raw_features,1566,15,80.0,109.0,29.0
2025,16,00-0039894,Xavier Worthy,WR,KC,6.1,8.72981340301151,B_raw_features,1566,15,63.0,43.0,20.0
2025,16,00-0039064,Zay Flowers,WR,BAL,23.2,13.577833775174392,B_raw_features,1566,15,7.0,15.0,8.0
2025,17,00-0035676,A.J. Brown,WR,PHI,11.8,13.731536438665488,B_raw_features,1714,16,29.0,12.0,17.0
2025,17,00-0030035,Adam Thielen,WR,PIT,3.4,3.5215454080506294,B_raw_features,1714,16,83.0,102.0,19.0
2025,17,00-0039890,Adonai Mitchell,WR,NYJ,5.2,10.331900327215507,B_raw_features,1714,16,62.0,29.0,33.0
2025,17,00-0037664,Alec Pierce,WR,IND,0.0,8.258040564079494,B_raw_features,1714,16,120.0,46.0,74.0
2025,17,00-0035602,Alex Bachman,WR,LV,0.0,1.1096111877730621,B_raw_features,1714,16,120.0,134.0,14.0
2025,17,00-0036963,Amon-Ra St. Brown,WR,DET,14.8,16.658724456560392,B_raw_features,1714,16,16.0,4.0,12.0
2025,17,00-0038619,Andrei Iosivas,WR,CIN,8.1,2.889038476426918,B_raw_features,1714,16,45.0,113.0,68.0
2025,17,00-0040582,Arian Smith,WR,NYJ,1.5,2.12852324430507,B_raw_features,1714,16,106.0,125.0,19.0
2025,17,00-0035021,Ashton Dulin,WR,IND,0.0,1.9617068932635733,B_raw_features,1714,16,120.0,127.0,7.0
2025,17,00-0037091,Bo Melton,WR,GB,4.4,3.1896144213291935,B_raw_features,1714,16,72.0,109.0,37.0
2025,17,00-0031236,Brandin Cooks,WR,BUF,14.1,2.9213488010293744,B_raw_features,1714,16,19.0,112.0,93.0
2025,17,00-0039893,Brian Thomas Jr.,WR,JAX,7.9,9.506333450180218,B_raw_features,1714,16,48.0,34.0,14.0
2025,17,00-0037132,Britain Covey,WR,PHI,0.0,1.071135692227686,B_raw_features,1714,16,120.0,135.0,15.0
2025,17,00-0038840,Brycen Tremayne,WR,CAR,0.0,1.071135692227686,B_raw_features,1714,16,120.0,135.0,15.0
2025,17,00-0038979,Cedric Tillman,WR,CLE,5.2,2.8547864470352837,B_raw_features,1714,16,62.0,114.0,52.0
2025,17,00-0034418,Cedrick Wilson Jr.,WR,MIA,1.8,3.360634657116984,B_raw_features,1714,16,98.0,105.0,7.0
2025,17,00-0036358,CeeDee Lamb,WR,DAL,9.6,12.55503921889403,B_raw_features,1714,16,39.0,15.0,24.0
2025,17,00-0040705,Chimere Dike,WR,TEN,10.2,11.010317605520582,B_raw_features,1714,16,35.0,23.0,12.0
2025,17,00-0033921,Chris Godwin Jr.,WR,TB,23.8,10.604710995401692,B_raw_features,1714,16,4.0,26.0,22.0
2025,17,00-0032398,Chris Moore,WR,WAS,2.5,2.62070301833227,B_raw_features,1714,16,91.0,116.0,25.0
2025,17,00-0037239,Chris Olave,WR,NO,25.9,15.57026846224747,B_raw_features,1714,16,2.0,6.0,4.0
2025,17,00-0034775,Christian Kirk,WR,HOU,2.1,7.807512952700828,B_raw_features,1714,16,95.0,54.0,41.0
2025,17,00-0038124,Christian Watson,WR,GB,22.3,9.496163879254516,B_raw_features,1714,16,5.0,35.0,30.0
2025,17,00-0033908,Cooper Kupp,WR,SEA,1.6,8.22287899027908,B_raw_features,1714,16,105.0,47.0,58.0
2025,17,00-0034348,Courtland Sutton,WR,DEN,8.0,15.486900346847463,B_raw_features,1714,16,47.0,7.0,40.0
2025,17,00-0034827,DJ Moore,WR,CHI,1.7,10.603324159820788,B_raw_features,1714,16,101.0,27.0,74.0
2025,17,00-0034860,Dante Pettis,WR,NO,8.3,1.0132956264808626,B_raw_features,1714,16,44.0,146.0,102.0
2025,17,00-0037093,Dareke Young,WR,SEA,0.0,1.071135692227686,B_raw_features,1714,16,120.0,135.0,15.0
2025,17,00-0040024,Darius Cooper,WR,PHI,1.4,4.024575790149839,B_raw_features,1714,16,112.0,94.0,18.0
2025,17,00-0035535,Darius Slayton,WR,NYG,5.6,8.14310640394425,B_raw_features,1714,16,57.0,48.0,9.0
2025,17,00-0036309,Darnell Mooney,WR,ATL,5.5,5.69273780519439,B_raw_features,1714,16,59.0,71.0,12.0
2025,17,00-0035359,David Sills,WR,ATL,6.7,6.017579329676127,B_raw_features,1714,16,54.0,66.0,12.0
2025,17,00-0030564,DeAndre Hopkins,WR,BAL,0.0,4.81309870825976,B_raw_features,1714,16,120.0,83.0,37.0
2025,17,00-0038621,DeMario Douglas,WR,NE,2.0,3.3656618155535374,B_raw_features,1714,16,97.0,104.0,7.0
2025,17,00-0036912,DeVonta Smith,WR,PHI,4.5,9.650659266195657,B_raw_features,1714,16,71.0,33.0,38.0
2025,17,00-0035719,Deebo Samuel Sr.,WR,WAS,11.3,10.335199825616002,B_raw_features,1714,16,31.0,28.0,3.0
2025,17,00-0032775,Demarcus Robinson,WR,SF,5.0,4.831302608407283,B_raw_features,1714,16,65.0,82.0,17.0
2025,17,00-0037487,Deven Thompkins,WR,ATL,0.0,1.0524746709867776,B_raw_features,1714,16,120.0,144.0,24.0
2025,17,00-0036331,Devin Duvernay,WR,CHI,0.0,1.2466074026476943,B_raw_features,1714,16,120.0,131.0,11.0
2025,17,00-0040581,Dont'e Thornton Jr.,WR,LV,3.2,4.138754734940198,B_raw_features,1714,16,85.0,93.0,8.0
2025,17,00-0038393,Dontayvion Wicks,WR,GB,1.7,7.613358608473618,B_raw_features,1714,16,101.0,57.0,44.0
2025,17,00-0037238,Drake London,WR,ATL,1.4,13.88296355061022,B_raw_features,1714,16,112.0,11.0,101.0
2025,17,00-0038953,Dylan Drummond,WR,ATL,0.0,3.7403631761093448,B_raw_features,1714,16,120.0,98.0,22.0
2025,17,00-0040563,Efton Chism III,WR,NE,12.0,1.071135692227686,B_raw_features,1714,16,28.0,135.0,107.0
2025,17,00-0040170,Elic Ayomanor,WR,TEN,13.7,5.7811077459456435,B_raw_features,1714,16,21.0,70.0,49.0
2025,17,00-0040129,Emeka Egbuka,WR,TB,5.0,8.510960014039616,B_raw_features,1714,16,65.0,44.0,21.0
2025,17,00-0036196,Gabe Davis,WR,BUF,0.0,4.409943690884894,B_raw_features,1714,16,120.0,89.0,31.0
2025,17,00-0040259,Gage Larvadain,WR,CLE,0.0,2.5587903138357344,B_raw_features,1714,16,120.0,118.0,2.0
2025,17,00-0037247,George Pickens,WR,DAL,11.8,11.445992654290507,B_raw_features,1714,16,29.0,19.0,10.0
2025,17,00-0035645,Gunner Olszewski,WR,NYG,2.9,1.3917353230287817,B_raw_features,1714,16,87.0,130.0,43.0
2025,17,00-0040669,Isaac TeSlaa,WR,DET,13.9,5.86482800964464,B_raw_features,1714,16,20.0,68.0,48.0
2025,17,00-0040782,Isaiah Bond,WR,CLE,2.6,3.9824465789505474,B_raw_features,1714,16,90.0,96.0,6.0
2025,17,00-0036165,Isaiah Hodgins,WR,NYG,1.8,4.703804000255859,B_raw_features,1714,16,98.0,87.0,11.0
2025,17,00-0039451,Isaiah Williams,WR,NYJ,7.5,7.467739537428451,B_raw_features,1714,16,50.0,59.0,9.0
2025,17,00-0036900,Ja'Marr Chase,WR,CIN,25.0,16.604461011649686,B_raw_features,1714,16,3.0,5.0,2.0
2025,17,00-0037741,Jahan Dotson,WR,PHI,0.0,4.862751821801824,B_raw_features,1714,16,120.0,80.0,40.0
2025,17,00-0040277,Jahdae Walker,WR,CHI,5.0,2.5154462551885945,B_raw_features,1714,16,65.0,119.0,54.0
2025,17,00-0038752,Jake Bobo,WR,SEA,0.0,1.0343166012191034,B_raw_features,1714,16,120.0,145.0,25.0
2025,17,00-0034960,Jakobi Meyers,WR,JAX,9.9,13.513488513535894,B_raw_features,1714,16,36.0,13.0,23.0
2025,17,00-0039491,Jalen Coker,WR,CAR,3.6,11.099440368135184,B_raw_features,1714,16,80.0,22.0,58.0
2025,17,00-0039855,Jalen McMillan,WR,TB,18.4,5.634442313720803,B_raw_features,1714,16,10.0,74.0,64.0
2025,17,00-0037291,Jalen Nailor,WR,MIN,0.0,7.425521321919707,B_raw_features,1714,16,120.0,60.0,60.0
2025,17,00-0037666,Jalen Tolbert,WR,DAL,7.1,2.6609571188119365,B_raw_features,1714,16,51.0,115.0,64.0
2025,17,00-0036133,James Proche,WR,TEN,1.5,2.464662880486265,B_raw_features,1714,16,106.0,120.0,14.0
2025,17,00-0037240,Jameson Williams,WR,DET,5.7,14.398884020631337,B_raw_features,1714,16,55.0,9.0,46.0
2025,17,00-0036259,Jauan Jennings,WR,SF,12.2,12.348704623205823,B_raw_features,1714,16,26.0,16.0,10.0
2025,17,00-0038543,Jaxon Smith-Njigba,WR,SEA,16.2,18.143535238119618,B_raw_features,1714,16,12.0,2.0,10.0
2025,17,00-0040130,Jayden Higgins,WR,HOU,16.8,4.762119414428567,B_raw_features,1714,16,11.0,86.0,75.0
2025,17,00-0039146,Jayden Reed,WR,GB,8.1,9.284405558948437,B_raw_features,1714,16,45.0,38.0,7.0
2025,17,00-0036613,Jaylen Waddle,WR,MIA,0.7,11.95616699150808,B_raw_features,1714,16,118.0,17.0,101.0
2025,17,00-0040138,Jaylin Noel,WR,HOU,14.6,1.8679485267314198,B_raw_features,1714,16,18.0,128.0,110.0
2025,17,00-0036407,Jerry Jeudy,WR,CLE,10.4,7.502227998861241,B_raw_features,1714,16,34.0,58.0,24.0
2025,17,00-0040218,Jimmy Horn Jr.,WR,CAR,2.9,3.2527795143836675,B_raw_features,1714,16,87.0,108.0,21.0
2025,17,00-0037614,John Metchie III,WR,NYJ,7.1,8.356404261125725,B_raw_features,1714,16,51.0,45.0,6.0
2025,17,00-0039062,Jonathan Mingo,WR,DAL,0.0,2.3939267824351878,B_raw_features,1714,16,120.0,122.0,2.0
2025,17,00-0038994,Jordan Addison,WR,MIN,12.5,7.87071299788334,B_raw_features,1714,16,25.0,52.0,27.0
2025,17,00-0039751,Jordan Whittington,WR,LA,0.0,2.464141711390561,B_raw_features,1714,16,120.0,121.0,1.0
2025,17,00-0038997,Josh Downs,WR,IND,5.4,9.99624028992477,B_raw_features,1714,16,61.0,31.0,30.0
2025,17,00-0036988,Josh Palmer,WR,BUF,2.2,4.191306679107148,B_raw_features,1714,16,93.0,91.0,2.0
2025,17,00-0033857,JuJu Smith-Schuster,WR,KC,4.6,3.6633586686794173,B_raw_features,1714,16,70.0,100.0,30.0
2025,17,00-0036322,Justin Jefferson,WR,MIN,7.0,10.622135741187128,B_raw_features,1714,16,53.0,25.0,28.0
2025,17,00-0037801,KaVontae Turpin,WR,DAL,15.6,6.181640149102308,B_raw_features,1714,16,14.0,65.0,51.0
2025,17,00-0032464,Kalif Raymond,WR,DET,1.5,5.077803879939492,B_raw_features,1714,16,106.0,78.0,28.0
2025,17,00-0039589,Kameron Johnson,WR,TB,0.0,1.1123751942410787,B_raw_features,1714,16,120.0,133.0,13.0
2025,17,00-0040534,Ke'Shawn Williams,WR,CIN,1.5,1.0559680653888668,B_raw_features,1714,16,106.0,143.0,37.0
2025,17,00-0040184,KeAndre Lambert-Smith,WR,LAC,0.0,3.3591342958897172,B_raw_features,1714,16,120.0,106.0,14.0
2025,17,00-0030279,Keenan Allen,WR,LAC,2.7,8.95171385928629,B_raw_features,1714,16,89.0,42.0,47.0
2025,17,00-0033307,Kendrick Bourne,WR,SF,3.5,4.620101999875294,B_raw_features,1714,16,82.0,88.0,6.0
2025,17,00-0037231,Kevin Austin Jr.,WR,NO,15.2,4.162120281271361,B_raw_features,1714,16,15.0,92.0,77.0
2025,17,00-0037261,Khalil Shakir,WR,BUF,9.5,9.207882828378835,B_raw_features,1714,16,40.0,40.0,0.0
2025,17,00-0040590,Konata Mumpfield,WR,LA,3.0,3.708445966490711,B_raw_features,1714,16,86.0,99.0,13.0
2025,17,00-0040131,Kyle Williams,WR,NE,5.0,3.8846066097948477,B_raw_features,1714,16,65.0,97.0,32.0
2025,17,00-0040075,LaJohntay Wester,WR,BAL,0.0,1.071135692227686,B_raw_features,1714,16,120.0,135.0,15.0
2025,17,00-0039915,Ladd McConkey,WR,LAC,4.1,8.002478119343762,B_raw_features,1714,16,76.0,51.0,25.0
2025,17,00-0032951,Laquon Treadwell,WR,IND,0.0,1.071135692227686,B_raw_features,1714,16,120.0,135.0,15.0
2025,17,00-0035406,Lil'Jordan Humphrey,WR,DEN,4.3,5.567865379130113,B_raw_features,1714,16,75.0,75.0,0.0
2025,17,00-0040735,Luther Burden III,WR,CHI,27.8,11.29044038876822,B_raw_features,1714,16,1.0,21.0,20.0
2025,17,00-0039920,Malachi Corley,WR,CLE,1.4,4.308150401736203,B_raw_features,1714,16,112.0,90.0,22.0
2025,17,00-0039880,Malik Washington,WR,MIA,1.5,5.009840316518236,B_raw_features,1714,16,106.0,79.0,27.0
2025,17,00-0034272,Marquez Valdes-Scantling,WR,PIT,5.1,3.2569768299989708,B_raw_features,1714,16,64.0,107.0,43.0
2025,17,00-0035662,Marquise Brown,WR,KC,1.7,5.63845809319251,B_raw_features,1714,16,101.0,73.0,28.0
2025,17,00-0039849,Marvin Harrison Jr.,WR,ARI,0.0,9.310163227557982,B_raw_features,1714,16,120.0,37.0,83.0
2025,17,00-0038976,Marvin Mims Jr.,WR,DEN,4.0,6.25412901340479,B_raw_features,1714,16,77.0,64.0,13.0
2025,17,00-0036176,Mason Kinsey,WR,TEN,4.4,1.6227580303287839,B_raw_features,1714,16,72.0,129.0,57.0
2025,17,00-0040667,Matthew Golden,WR,GB,2.2,4.005865473563329,B_raw_features,1714,16,93.0,95.0,2.0
2025,17,00-0036959,Michael Bandy,WR,DEN,3.4,2.3791734843459826,B_raw_features,1714,16,83.0,123.0,40.0
2025,17,00-0036252,Michael Pittman,WR,IND,3.6,10.208064893437836,B_raw_features,1714,16,80.0,30.0,50.0
2025,17,00-0038559,Michael Wilson,WR,ARI,19.9,14.994484835380964,B_raw_features,1714,16,8.0,8.0,0.0
2025,17,00-0031408,Mike Evans,WR,TB,12.1,11.65429706953243,B_raw_features,1714,16,27.0,18.0,9.0
2025,17,00-0040506,Myles Price,WR,MIN,0.0,1.071135692227686,B_raw_features,1714,16,120.0,135.0,15.0
2025,17,00-0036554,Nico Collins,WR,HOU,8.7,12.636358269016227,B_raw_features,1714,16,43.0,14.0,29.0
2025,17,00-0038606,Parker Washington,WR,JAX,19.0,9.276553622096241,B_raw_features,1714,16,9.0,39.0,30.0
2025,17,00-0039075,Puka Nacua,WR,LA,15.7,22.41927937740668,B_raw_features,1714,16,13.0,1.0,12.0
2025,17,00-0038544,Quentin Johnston,WR,LAC,14.8,8.536338127027019,B_raw_features,1714,16,16.0,43.0,27.0
2025,17,00-0037545,Rashid Shaheed,WR,SEA,1.8,8.105258213157573,B_raw_features,1714,16,98.0,49.0,49.0
2025,17,00-0036550,Rashod Bateman,WR,BAL,1.7,3.3758728433183447,B_raw_features,1714,16,101.0,103.0,2.0
2025,17,00-0039916,Ricky Pearsall,WR,SF,13.5,8.04811164030287,B_raw_features,1714,16,22.0,50.0,28.0
2025,17,00-0037816,Romeo Doubs,WR,GB,9.2,7.018875386645183,B_raw_features,1714,16,41.0,61.0,20.0
2025,17,00-0035298,Scott Miller,WR,PIT,5.5,2.987803815863411,B_raw_features,1714,16,59.0,111.0,52.0
2025,17,00-0038891,Shedrick Jackson,WR,LV,4.0,4.792444171017287,B_raw_features,1714,16,77.0,84.0,7.0
2025,17,00-0038090,Skyy Moore,WR,SF,1.0,1.1997656808594646,B_raw_features,1714,16,117.0,132.0,15.0
2025,17,00-0031588,Stefon Diggs,WR,NE,22.1,9.46546794959163,B_raw_features,1714,16,7.0,36.0,29.0
2025,17,00-0034928,Steven Sims,WR,ARI,0.0,2.0006984452953396,B_raw_features,1714,16,120.0,126.0,6.0
2025,17,00-0036410,Tee Higgins,WR,CIN,9.9,11.37338050848563,B_raw_features,1714,16,36.0,20.0,16.0
2025,17,00-0035659,Terry McLaurin,WR,WAS,11.3,10.663433490619667,B_raw_features,1714,16,31.0,24.0,7.0
2025,17,00-0040124,Tetairoa McMillan,WR,CAR,1.5,9.851900347429236,B_raw_features,1714,16,106.0,32.0,74.0
2025,17,00-0040237,Tez Johnson,WR,TB,3.9,2.572112556238819,B_raw_features,1714,16,79.0,117.0,38.0
2025,17,00-0040311,Theo Wease Jr.,WR,MIA,13.3,6.405039209668991,B_raw_features,1714,16,23.0,63.0,40.0
2025,17,00-0033375,Tim Patrick,WR,JAX,0.0,5.24427793809796,B_raw_features,1714,16,120.0,76.0,44.0
2025,17,00-0035544,Tom Kennedy,WR,DET,0.0,1.071135692227686,B_raw_features,1714,16,120.0,135.0,15.0
2025,17,00-0040727,Tre Harris,WR,LAC,2.5,7.774797273463064,B_raw_features,1714,16,91.0,55.0,36.0
2025,17,00-0038563,Tre Tucker,WR,LV,9.9,7.616604924228176,B_raw_features,1714,16,36.0,56.0,20.0
2025,17,00-0037742,Treylon Burks,WR,WAS,2.1,4.763081528303334,B_raw_features,1714,16,95.0,85.0,10.0
2025,17,00-0039868,Troy Franklin,WR,DEN,5.7,8.956376792085704,B_raw_features,1714,16,55.0,41.0,14.0
2025,17,00-0036849,Tutu Atwell,WR,LA,0.0,5.659351321593845,B_raw_features,1714,16,120.0,72.0,48.0
2025,17,00-0036427,Tyler Johnson,WR,NYJ,1.3,4.860641418625664,B_raw_features,1714,16,115.0,81.0,34.0
2025,17,00-0032211,Tyler Lockett,WR,LV,8.9,5.800050548975635,B_raw_features,1714,16,42.0,69.0,27.0
2025,17,00-0038679,Tyrell Shavers,WR,BUF,5.6,5.937758455695979,B_raw_features,1714,16,57.0,67.0,10.0
2025,17,00-0036415,Van Jefferson,WR,TEN,7.6,6.472673962888818,B_raw_features,1714,16,49.0,62.0,13.0
2025,17,00-0038117,Wan'Dale Robinson,WR,NYG,22.3,13.960916995217888,B_raw_features,1714,16,5.0,10.0,5.0
2025,17,00-0038618,Xavier Hutchinson,WR,HOU,4.9,3.5639408427029973,B_raw_features,1714,16,69.0,101.0,32.0
2025,17,00-0039342,Xavier Legette,WR,CAR,1.3,5.1032473821981785,B_raw_features,1714,16,115.0,77.0,38.0
2025,17,00-0038359,Xavier Smith,WR,LA,10.7,2.259349656522862,B_raw_features,1714,16,33.0,124.0,91.0
2025,17,00-0039521,Xavier Weaver,WR,ARI,4.4,3.0982947588198377,B_raw_features,1714,16,72.0,110.0,38.0
2025,17,00-0039894,Xavier Worthy,WR,KC,0.1,7.813186926427985,B_raw_features,1714,16,119.0,53.0,66.0
2025,17,00-0039064,Zay Flowers,WR,BAL,13.0,17.091236068909613,B_raw_features,1714,16,24.0,3.0,21.0
2025,18,00-0030035,Adam Thielen,WR,PIT,7.3,5.0116590979664615,B_raw_features,1860,17,43.0,72.0,29.0
2025,18,00-0039890,Adonai Mitchell,WR,NYJ,0.0,11.500299800961452,B_raw_features,1860,17,106.0,15.0,91.0
2025,18,00-0037664,Alec Pierce,WR,IND,29.2,6.408403722814052,B_raw_features,1860,17,2.0,53.0,51.0
2025,18,00-0035602,Alex Bachman,WR,LV,0.0,1.185203721537115,B_raw_features,1860,17,106.0,126.0,20.0
2025,18,00-0036963,Amon-Ra St. Brown,WR,DET,24.9,17.902746872295268,B_raw_features,1860,17,4.0,3.0,1.0
2025,18,00-0038619,Andrei Iosivas,WR,CIN,3.0,4.045469788709784,B_raw_features,1860,17,73.0,86.0,13.0
2025,18,00-0040582,Arian Smith,WR,NYJ,0.2,2.3654214614661893,B_raw_features,1860,17,105.0,112.0,7.0
2025,18,00-0035021,Ashton Dulin,WR,IND,0.0,1.9987010132515195,B_raw_features,1860,17,106.0,115.0,9.0
2025,18,00-0036862,Ben Skowronek,WR,PIT,0.0,1.1725823535042479,B_raw_features,1860,17,106.0,127.0,21.0
2025,18,00-0037091,Bo Melton,WR,GB,0.0,2.865361626006005,B_raw_features,1860,17,106.0,105.0,1.0
2025,18,00-0039893,Brian Thomas Jr.,WR,JAX,7.9,9.097057382137121,B_raw_features,1860,17,35.0,30.0,5.0
2025,18,00-0037132,Britain Covey,WR,PHI,4.0,1.0958584971863614,B_raw_features,1860,17,67.0,129.0,62.0
2025,18,00-0038840,Brycen Tremayne,WR,CAR,4.7,1.2568157274551068,B_raw_features,1860,17,60.0,122.0,62.0
2025,18,00-0037837,Calvin Austin III,WR,PIT,14.5,2.7606984979352265,B_raw_features,1860,17,14.0,107.0,93.0
2025,18,00-0038979,Cedric Tillman,WR,CLE,3.3,3.6006147428824953,B_raw_features,1860,17,68.0,94.0,26.0
2025,18,00-0034418,Cedrick Wilson Jr.,WR,MIA,0.0,3.9959035554693108,B_raw_features,1860,17,106.0,88.0,18.0
2025,18,00-0036358,CeeDee Lamb,WR,DAL,1.4,12.539759420503358,B_raw_features,1860,17,97.0,11.0,86.0
2025,18,00-0040705,Chimere Dike,WR,TEN,5.7,9.615883935228318,B_raw_features,1860,17,50.0,27.0,23.0
2025,18,00-0033921,Chris Godwin Jr.,WR,TB,1.8,10.86495328990459,B_raw_features,1860,17,87.0,19.0,68.0
2025,18,00-0034775,Christian Kirk,WR,HOU,0.7,6.334737851899658,B_raw_features,1860,17,102.0,54.0,48.0
2025,18,00-0033908,Cooper Kupp,WR,SEA,4.9,7.1237861207828574,B_raw_features,1860,17,57.0,45.0,12.0
2025,18,00-0034348,Courtland Sutton,WR,DEN,1.5,14.704589033339508,B_raw_features,1860,17,94.0,6.0,88.0
2025,18,00-0034827,DJ Moore,WR,CHI,2.1,10.68132129120609,B_raw_features,1860,17,83.0,20.0,63.0
2025,18,00-0040431,Dalen Cambre,WR,NYG,0.0,1.0958584971863614,B_raw_features,1860,17,106.0,129.0,23.0
2025,18,00-0034860,Dante Pettis,WR,NO,11.0,2.9992999628642925,B_raw_features,1860,17,23.0,102.0,79.0
2025,18,00-0040024,Darius Cooper,WR,PHI,6.3,3.568692706099111,B_raw_features,1860,17,48.0,95.0,47.0
2025,18,00-0035535,Darius Slayton,WR,NYG,7.4,7.405950030899978,B_raw_features,1860,17,40.0,40.0,0.0
2025,18,00-0036309,Darnell Mooney,WR,ATL,5.0,6.199229603282959,B_raw_features,1860,17,55.0,55.0,0.0
2025,18,00-0035359,David Sills,WR,ATL,2.1,7.1131635989758335,B_raw_features,1860,17,83.0,46.0,37.0
2025,18,00-0030564,DeAndre Hopkins,WR,BAL,0.0,5.0253549011969465,B_raw_features,1860,17,106.0,71.0,35.0
2025,18,00-0038621,DeMario Douglas,WR,NE,4.9,3.071023889281103,B_raw_features,1860,17,57.0,101.0,44.0
2025,18,00-0036912,DeVonta Smith,WR,PHI,8.2,9.07838320230007,B_raw_features,1860,17,32.0,31.0,1.0
2025,18,00-0035719,Deebo Samuel Sr.,WR,WAS,4.1,10.666800733228083,B_raw_features,1860,17,66.0,21.0,45.0
2025,18,00-0032775,Demarcus Robinson,WR,SF,5.4,5.321710338109776,B_raw_features,1860,17,51.0,66.0,15.0
2025,18,00-0038573,Derius Davis,WR,LAC,1.7,1.2162394337719942,B_raw_features,1860,17,92.0,124.0,32.0
2025,18,00-0037487,Deven Thompkins,WR,ATL,0.0,1.0958584971863614,B_raw_features,1860,17,106.0,129.0,23.0
2025,18,00-0036331,Devin Duvernay,WR,CHI,0.0,1.106995566163616,B_raw_features,1860,17,106.0,128.0,22.0
2025,18,00-0039792,Devontez Walker,WR,BAL,12.6,2.10569597859415,B_raw_features,1860,17,18.0,114.0,96.0
2025,18,00-0040581,Dont'e Thornton Jr.,WR,LV,0.0,4.664494109240316,B_raw_features,1860,17,106.0,78.0,28.0
2025,18,00-0037238,Drake London,WR,ATL,17.8,9.352842685874203,B_raw_features,1860,17,11.0,29.0,18.0
2025,18,00-0036626,Dyami Brown,WR,JAX,1.8,2.2449098886450978,B_raw_features,1860,17,87.0,113.0,26.0
2025,18,00-0038953,Dylan Drummond,WR,ATL,0.0,2.7654514677442887,B_raw_features,1860,17,106.0,106.0,0.0
2025,18,00-0040563,Efton Chism III,WR,NE,4.5,2.4728688381964568,B_raw_features,1860,17,62.0,110.0,48.0
2025,18,00-0040170,Elic Ayomanor,WR,TEN,8.0,6.930386437445595,B_raw_features,1860,17,34.0,49.0,15.0
2025,18,00-0040129,Emeka Egbuka,WR,TB,1.8,7.053767955847562,B_raw_features,1860,17,87.0,47.0,40.0
2025,18,00-0036196,Gabe Davis,WR,BUF,15.1,3.294891984871309,B_raw_features,1860,17,13.0,98.0,85.0
2025,18,00-0040259,Gage Larvadain,WR,CLE,0.0,1.4440668868041118,B_raw_features,1860,17,106.0,120.0,14.0
2025,18,00-0037247,George Pickens,WR,DAL,1.9,10.94718184697212,B_raw_features,1860,17,86.0,18.0,68.0
2025,18,00-0035645,Gunner Olszewski,WR,NYG,18.2,1.2554730438676913,B_raw_features,1860,17,10.0,123.0,113.0
2025,18,00-0040669,Isaac TeSlaa,WR,DET,2.8,6.582490979085951,B_raw_features,1860,17,77.0,51.0,26.0
2025,18,00-0040782,Isaiah Bond,WR,CLE,2.7,4.02770068860193,B_raw_features,1860,17,78.0,87.0,9.0
2025,18,00-0036165,Isaiah Hodgins,WR,NYG,0.0,3.487485568557867,B_raw_features,1860,17,106.0,97.0,9.0
2025,18,00-0039451,Isaiah Williams,WR,NYJ,7.4,8.854377665101207,B_raw_features,1860,17,40.0,33.0,7.0
2025,18,00-0036900,Ja'Marr Chase,WR,CIN,23.6,18.102134417052493,B_raw_features,1860,17,5.0,2.0,3.0
2025,18,00-0040729,Jack Bech,WR,LV,0.0,7.401044544650078,B_raw_features,1860,17,106.0,42.0,64.0
2025,18,00-0037741,Jahan Dotson,WR,PHI,7.0,3.677777935623488,B_raw_features,1860,17,46.0,91.0,45.0
2025,18,00-0040277,Jahdae Walker,WR,CHI,11.6,4.093654381124936,B_raw_features,1860,17,22.0,85.0,63.0
2025,18,00-0034960,Jakobi Meyers,WR,JAX,9.4,11.67889706070907,B_raw_features,1860,17,29.0,14.0,15.0
2025,18,00-0038640,Jalen Brooks,WR,ARI,0.0,2.993541158922916,B_raw_features,1860,17,106.0,103.0,3.0
2025,18,00-0039491,Jalen Coker,WR,CAR,16.7,7.711478268999051,B_raw_features,1860,17,12.0,38.0,26.0
2025,18,00-0039855,Jalen McMillan,WR,TB,2.1,7.568608953081488,B_raw_features,1860,17,83.0,39.0,44.0
2025,18,00-0037291,Jalen Nailor,WR,MIN,7.9,6.081910786576086,B_raw_features,1860,17,35.0,58.0,23.0
2025,18,00-0040646,Jalen Royals,WR,KC,2.4,1.0958584971863614,B_raw_features,1860,17,80.0,129.0,49.0
2025,18,00-0037666,Jalen Tolbert,WR,DAL,0.0,3.796288670697524,B_raw_features,1860,17,106.0,89.0,17.0
2025,18,00-0036133,James Proche,WR,TEN,1.5,2.9498743371238145,B_raw_features,1860,17,94.0,104.0,10.0
2025,18,00-0037240,Jameson Williams,WR,DET,13.4,10.640482930275553,B_raw_features,1860,17,16.0,22.0,6.0
2025,18,00-0036259,Jauan Jennings,WR,SF,7.5,10.627833672263012,B_raw_features,1860,17,38.0,23.0,15.0
2025,18,00-0038543,Jaxon Smith-Njigba,WR,SEA,14.4,17.528314301164237,B_raw_features,1860,17,15.0,4.0,11.0
2025,18,00-0040130,Jayden Higgins,WR,HOU,10.3,5.4103432534681,B_raw_features,1860,17,25.0,65.0,40.0
2025,18,00-0040138,Jaylin Noel,WR,HOU,2.3,3.6647797696425153,B_raw_features,1860,17,82.0,92.0,10.0
2025,18,00-0036407,Jerry Jeudy,WR,CLE,4.2,8.17332825905899,B_raw_features,1860,17,65.0,36.0,29.0
2025,18,00-0040218,Jimmy Horn Jr.,WR,CAR,2.5,3.54507624405187,B_raw_features,1860,17,79.0,96.0,17.0
2025,18,00-0037614,John Metchie III,WR,NYJ,5.0,6.848435342262793,B_raw_features,1860,17,55.0,50.0,5.0
2025,18,00-0039062,Jonathan Mingo,WR,DAL,0.0,2.4819775386728327,B_raw_features,1860,17,106.0,109.0,3.0
2025,18,00-0038994,Jordan Addison,WR,MIN,1.8,6.492049397961132,B_raw_features,1860,17,87.0,52.0,35.0
2025,18,00-0039751,Jordan Whittington,WR,LA,0.0,1.496286217896587,B_raw_features,1860,17,106.0,119.0,13.0
2025,18,00-0038997,Josh Downs,WR,IND,9.6,10.08918838483421,B_raw_features,1860,17,28.0,24.0,4.0
2025,18,00-0036988,Josh Palmer,WR,BUF,1.1,3.721815252822549,B_raw_features,1860,17,100.0,90.0,10.0
2025,18,00-0033857,JuJu Smith-Schuster,WR,KC,3.3,4.703929810544547,B_raw_features,1860,17,68.0,77.0,9.0
2025,18,00-0036322,Justin Jefferson,WR,MIN,18.4,12.546845231101688,B_raw_features,1860,17,9.0,10.0,1.0
2025,18,00-0034386,Justin Watson,WR,HOU,0.0,4.399896147454678,B_raw_features,1860,17,106.0,84.0,22.0
2025,18,00-0037801,KaVontae Turpin,WR,DAL,0.7,6.118867410464506,B_raw_features,1860,17,102.0,57.0,45.0
2025,18,00-0032464,Kalif Raymond,WR,DET,8.2,4.718846658843318,B_raw_features,1860,17,32.0,76.0,44.0
2025,18,00-0039589,Kameron Johnson,WR,TB,0.0,1.0958584971863614,B_raw_features,1860,17,106.0,129.0,23.0
2025,18,00-0038608,Kayshon Boutte,WR,NE,4.4,5.435566507044555,B_raw_features,1860,17,63.0,64.0,1.0
2025,18,00-0040534,Ke'Shawn Williams,WR,CIN,0.9,1.5075027100814313,B_raw_features,1860,17,101.0,118.0,17.0
2025,18,00-0040184,KeAndre Lambert-Smith,WR,LAC,4.4,3.2620373276978505,B_raw_features,1860,17,63.0,100.0,37.0
2025,18,00-0030279,Keenan Allen,WR,LAC,10.6,8.318505981481632,B_raw_features,1860,17,24.0,35.0,11.0
2025,18,00-0033307,Kendrick Bourne,WR,SF,0.0,5.163081663830329,B_raw_features,1860,17,106.0,68.0,38.0
2025,18,00-0039901,Keon Coleman,WR,BUF,6.9,7.76168740919094,B_raw_features,1860,17,47.0,37.0,10.0
2025,18,00-0037231,Kevin Austin Jr.,WR,NO,7.7,7.402149076050853,B_raw_features,1860,17,37.0,41.0,4.0
2025,18,00-0040590,Konata Mumpfield,WR,LA,0.0,5.186584386150581,B_raw_features,1860,17,106.0,67.0,39.0
2025,18,00-0040131,Kyle Williams,WR,NE,0.5,4.80342481993935,B_raw_features,1860,17,104.0,75.0,29.0
2025,18,00-0040075,LaJohntay Wester,WR,BAL,0.0,1.0958584971863614,B_raw_features,1860,17,106.0,129.0,23.0
2025,18,00-0040735,Luther Burden III,WR,CHI,7.5,13.23193341317454,B_raw_features,1860,17,38.0,8.0,30.0
2025,18,00-0039920,Malachi Corley,WR,CLE,5.8,4.587131062008379,B_raw_features,1860,17,49.0,81.0,32.0
2025,18,00-0039880,Malik Washington,WR,MIA,11.8,4.597306137091986,B_raw_features,1860,17,20.0,80.0,60.0
2025,18,00-0034272,Marquez Valdes-Scantling,WR,PIT,8.4,5.780838659100226,B_raw_features,1860,17,31.0,59.0,28.0
2025,18,00-0035662,Marquise Brown,WR,KC,9.4,5.50058587651694,B_raw_features,1860,17,29.0,63.0,34.0
2025,18,00-0038976,Marvin Mims Jr.,WR,DEN,3.0,7.3037684395311375,B_raw_features,1860,17,73.0,43.0,30.0
2025,18,00-0036176,Mason Kinsey,WR,TEN,0.0,2.394202379450595,B_raw_features,1860,17,106.0,111.0,5.0
2025,18,00-0040667,Matthew Golden,WR,GB,1.8,5.147036480243394,B_raw_features,1860,17,87.0,69.0,18.0
2025,18,00-0036252,Michael Pittman,WR,IND,3.1,6.9835513304832215,B_raw_features,1860,17,72.0,48.0,24.0
2025,18,00-0038559,Michael Wilson,WR,ARI,20.9,12.471805441918116,B_raw_features,1860,17,6.0,12.0,6.0
2025,18,00-0031408,Mike Evans,WR,TB,5.4,14.007268657056699,B_raw_features,1860,17,51.0,7.0,44.0
2025,18,00-0036182,Nick Westbrook-Ikhine,WR,MIA,0.0,1.204878071540724,B_raw_features,1860,17,106.0,125.0,19.0
2025,18,00-0038606,Parker Washington,WR,JAX,19.7,12.84469063264935,B_raw_features,1860,17,7.0,9.0,2.0
2025,18,00-0040134,Pat Bryant,WR,DEN,7.1,8.387902560528351,B_raw_features,1860,17,45.0,34.0,11.0
2025,18,00-0039075,Puka Nacua,WR,LA,26.0,19.46569204843723,B_raw_features,1860,17,3.0,1.0,2.0
2025,18,00-0037545,Rashid Shaheed,WR,SEA,1.2,5.643772008753696,B_raw_features,1860,17,99.0,60.0,39.0
2025,18,00-0034054,River Cracraft,WR,WAS,0.0,1.0958584971863614,B_raw_features,1860,17,106.0,129.0,23.0
2025,18,00-0038647,Ronnie Bell,WR,NO,10.3,1.0958584971863614,B_raw_features,1860,17,25.0,129.0,104.0
2025,18,00-0039410,Ryan Flournoy,WR,DAL,11.8,9.911766879988408,B_raw_features,1860,17,20.0,25.0,5.0
2025,18,00-0035298,Scott Miller,WR,PIT,2.9,5.09570510495695,B_raw_features,1860,17,75.0,70.0,5.0
2025,18,00-0038891,Shedrick Jackson,WR,LV,2.4,4.9451949466970335,B_raw_features,1860,17,80.0,73.0,7.0
2025,18,00-0038090,Skyy Moore,WR,SF,0.0,1.6841488425157816,B_raw_features,1860,17,106.0,117.0,11.0
2025,18,00-0031588,Stefon Diggs,WR,NE,7.3,12.049244592014546,B_raw_features,1860,17,43.0,13.0,30.0
2025,18,00-0034928,Steven Sims,WR,ARI,0.0,1.3265953583960037,B_raw_features,1860,17,106.0,121.0,15.0
2025,18,00-0039884,Tahj Washington,WR,MIA,4.6,3.2740216793153447,B_raw_features,1860,17,61.0,99.0,38.0
2025,18,00-0040154,Tai Felton,WR,MIN,0.0,1.8805596212496343,B_raw_features,1860,17,106.0,116.0,10.0
2025,18,00-0036410,Tee Higgins,WR,CIN,18.7,11.177070821905208,B_raw_features,1860,17,8.0,17.0,9.0
2025,18,00-0035659,Terry McLaurin,WR,WAS,9.7,11.249339241466258,B_raw_features,1860,17,27.0,16.0,11.0
2025,18,00-0040124,Tetairoa McMillan,WR,CAR,12.5,9.677614559449522,B_raw_features,1860,17,19.0,26.0,7.0
2025,18,00-0040237,Tez Johnson,WR,TB,3.2,2.677448879619842,B_raw_features,1860,17,70.0,108.0,38.0
2025,18,00-0040311,Theo Wease Jr.,WR,MIA,7.4,6.1428187378417345,B_raw_features,1860,17,40.0,56.0,16.0
2025,18,00-0033375,Tim Patrick,WR,JAX,1.4,4.929814197119563,B_raw_features,1860,17,97.0,74.0,23.0
2025,18,00-0035544,Tom Kennedy,WR,DET,0.0,1.0958584971863614,B_raw_features,1860,17,106.0,129.0,23.0
2025,18,00-0040727,Tre Harris,WR,LAC,4.8,7.205477451601922,B_raw_features,1860,17,59.0,44.0,15.0
2025,18,00-0038563,Tre Tucker,WR,LV,5.4,9.389850371749421,B_raw_features,1860,17,51.0,28.0,23.0
2025,18,00-0037742,Treylon Burks,WR,WAS,3.2,5.557579075023078,B_raw_features,1860,17,70.0,62.0,8.0
2025,18,00-0039868,Troy Franklin,WR,DEN,0.0,8.976653326511439,B_raw_features,1860,17,106.0,32.0,74.0
2025,18,00-0036849,Tutu Atwell,WR,LA,2.9,3.6619233883569997,B_raw_features,1860,17,75.0,93.0,18.0
2025,18,00-0032211,Tyler Lockett,WR,LV,1.5,5.590520876254612,B_raw_features,1860,17,94.0,61.0,33.0
2025,18,00-0038618,Xavier Hutchinson,WR,HOU,13.4,4.635555436173678,B_raw_features,1860,17,16.0,79.0,63.0
2025,18,00-0039342,Xavier Legette,WR,CAR,5.2,4.528657603342544,B_raw_features,1860,17,54.0,82.0,28.0
2025,18,00-0038359,Xavier Smith,WR,LA,1.6,4.470700960972101,B_raw_features,1860,17,93.0,83.0,10.0
2025,18,00-0039064,Zay Flowers,WR,BAL,29.8,14.816821432947021,B_raw_features,1860,17,1.0,5.0,4.0
2025,7,00-0039793,AJ Barner,TE,SEA,1.9,10.15348890686796,A_normalized_signals,201,6,42.0,12.0,30.0
2025,7,00-0037292,Andrew Ogletree,TE,IND,0.0,1.2023126955511294,A_normalized_signals,201,6,53.0,64.0,11.0
2025,7,00-0032392,Austin Hooper,TE,NE,9.1,4.069674621643429,A_normalized_signals,201,6,20.0,46.0,26.0
2025,7,00-0038710,Blake Whiteheart,TE,CLE,1.4,1.7681456897873256,A_normalized_signals,201,6,48.0,62.0,14.0
2025,7,00-0039530,Brevyn Spann-Ford,TE,DAL,0.0,1.3807230619769033,A_normalized_signals,201,6,53.0,63.0,10.0
2025,7,00-0036754,Brock Wright,TE,DET,5.3,5.447650140180888,A_normalized_signals,201,6,29.0,34.0,5.0
2025,7,00-0038129,Cade Otton,TE,TB,13.5,9.250268493769052,A_normalized_signals,201,6,11.0,16.0,5.0
2025,7,00-0038564,Cameron Latu,TE,PHI,0.0,1.2023126955511294,A_normalized_signals,201,6,53.0,64.0,11.0
2025,7,00-0036429,Charlie Woerner,TE,ATL,0.0,2.0253962461306116,A_normalized_signals,201,6,53.0,61.0,8.0
2025,7,00-0037809,Chig Okonkwo,TE,TEN,0.0,8.163139709880255,A_normalized_signals,201,6,53.0,20.0,33.0
2025,7,00-0036244,Colby Parkinson,TE,LA,7.7,3.3773806198603227,A_normalized_signals,201,6,23.0,49.0,26.0
2025,7,00-0036290,Cole Kmet,TE,CHI,2.6,6.5530942297369785,A_normalized_signals,201,6,39.0,27.0,12.0
2025,7,00-0039686,Colson Yankoff,TE,WAS,0.0,1.2023126955511294,A_normalized_signals,201,6,53.0,64.0,11.0
2025,7,00-0040126,Colston Loveland,TE,CHI,5.4,4.5499560660628955,A_normalized_signals,201,6,28.0,41.0,13.0
2025,7,00-0034351,Dallas Goedert,TE,PHI,4.8,14.479371265821376,A_normalized_signals,201,6,31.0,1.0,30.0
2025,7,00-0034383,Dalton Schultz,TE,HOU,18.8,10.378909856547654,A_normalized_signals,201,6,5.0,9.0,4.0
2025,7,00-0038115,Daniel Bellinger,TE,NYG,17.8,4.144751265773494,A_normalized_signals,201,6,6.0,44.0,38.0
2025,7,00-0038558,Darnell Washington,TE,PIT,9.2,6.41458365658638,A_normalized_signals,201,6,18.0,31.0,13.0
2025,7,00-0031610,Darren Waller,TE,MIA,0.0,9.891029753372674,A_normalized_signals,201,6,53.0,14.0,39.0
2025,7,00-0039074,Davis Allen,TE,LA,1.4,3.534487307023289,A_normalized_signals,201,6,48.0,47.0,1.0
2025,7,00-0035631,Drew Sample,TE,CIN,0.0,4.123700703435202,A_normalized_signals,201,6,53.0,45.0,8.0
2025,7,00-0040739,Elijah Arroyo,TE,SEA,8.2,5.068170943949467,A_normalized_signals,201,6,22.0,39.0,17.0
2025,7,00-0039041,Elijah Higgins,TE,ARI,1.3,3.023209184782543,A_normalized_signals,201,6,50.0,57.0,7.0
2025,7,00-0033881,Evan Engram,TE,DEN,9.2,10.818678510245459,A_normalized_signals,201,6,18.0,8.0,10.0
2025,7,00-0033288,George Kittle,TE,SF,0.0,8.285918142169782,A_normalized_signals,201,6,53.0,18.0,35.0
2025,7,00-0040584,Gunnar Helm,TE,TEN,7.6,5.391234940402675,A_normalized_signals,201,6,24.0,36.0,12.0
2025,7,00-0040663,Harold Fannin Jr.,TE,CLE,7.6,10.046786407587316,A_normalized_signals,201,6,24.0,13.0,11.0
2025,7,00-0036232,Harrison Bryant,TE,HOU,0.0,3.1282037160845393,A_normalized_signals,201,6,53.0,54.0,1.0
2025,7,00-0033090,Hunter Henry,TE,NE,7.3,7.853062170645536,A_normalized_signals,201,6,26.0,22.0,4.0
2025,7,00-0037004,Hunter Long,TE,JAX,3.6,5.25970225236909,A_normalized_signals,201,6,37.0,38.0,1.0
2025,7,00-0039356,Ja'Tavion Sanders,TE,CAR,0.0,6.685697508234885,A_normalized_signals,201,6,53.0,26.0,27.0
2025,7,00-0036741,Jack Stoll,TE,NO,0.0,3.2679440799829678,A_normalized_signals,201,6,53.0,52.0,1.0
2025,7,00-0038041,Jake Ferguson,TE,DAL,21.9,12.491949403529441,A_normalized_signals,201,6,4.0,4.0,0.0
2025,7,00-0037805,Jeremy Ruckert,TE,NYJ,0.0,3.0995270665060026,A_normalized_signals,201,6,53.0,55.0,2.0
2025,7,00-0036628,John Bates,TE,WAS,1.5,3.02575053183042,A_normalized_signals,201,6,47.0,56.0,9.0
2025,7,00-0037306,John FitzPatrick,TE,GB,1.6,3.1475479392603796,A_normalized_signals,201,6,45.0,53.0,8.0
2025,7,00-0033246,Johnny Mundt,TE,JAX,1.9,3.2801057391470243,A_normalized_signals,201,6,42.0,51.0,9.0
2025,7,00-0033858,Jonnu Smith,TE,PIT,11.8,7.7064201534343795,A_normalized_signals,201,6,15.0,23.0,8.0
2025,7,00-0035249,Josh Oliver,TE,MIN,1.9,4.421572260069066,A_normalized_signals,201,6,42.0,42.0,0.0
2025,7,00-0038720,Julian Hill,TE,MIA,1.1,6.454349583063592,A_normalized_signals,201,6,51.0,29.0,22.0
2025,7,00-0036040,Juwan Johnson,TE,NO,12.9,6.279028870177285,A_normalized_signals,201,6,13.0,32.0,19.0
2025,7,00-0036970,Kyle Pitts,TE,ATL,13.2,9.333926847116237,A_normalized_signals,201,6,12.0,15.0,3.0
2025,7,00-0036887,Luke Farrell,TE,SF,2.1,2.4935935312552013,A_normalized_signals,201,6,40.0,59.0,19.0
2025,7,00-0040736,Mason Taylor,TE,NYJ,6.1,10.315641794333308,A_normalized_signals,201,6,27.0,11.0,16.0
2025,7,00-0039066,Michael Mayer,TE,LV,2.0,6.933736057420724,A_normalized_signals,201,6,41.0,25.0,16.0
2025,7,00-0040187,Mitchell Evans,TE,CAR,4.4,5.304587210393548,A_normalized_signals,201,6,33.0,37.0,4.0
2025,7,00-0033217,Mo Alie-Cox,TE,IND,1.6,3.360727142221816,A_normalized_signals,201,6,45.0,50.0,5.0
2025,7,00-0038783,Nate Adkins,TE,DEN,4.0,4.2527423033550615,A_normalized_signals,201,6,34.0,43.0,9.0
2025,7,00-0035644,Noah Fant,TE,CIN,14.4,7.547066430311418,A_normalized_signals,201,6,10.0,24.0,14.0
2025,7,00-0036637,Noah Gray,TE,KC,3.8,5.017150320151158,A_normalized_signals,201,6,35.0,40.0,5.0
2025,7,00-0040189,Oronde Gadsden II,TE,LAC,29.4,6.423134831201539,A_normalized_signals,201,6,1.0,30.0,29.0
2025,7,00-0036894,Pat Freiermuth,TE,PIT,28.1,5.433569244922337,A_normalized_signals,201,6,3.0,35.0,32.0
2025,7,00-0039065,Sam LaPorta,TE,DET,4.5,12.07158423520042,A_normalized_signals,201,6,32.0,5.0,27.0
2025,7,00-0035229,T.J. Hockenson,TE,MIN,10.3,10.368397690287,A_normalized_signals,201,6,16.0,10.0,6.0
2025,7,00-0037348,Tanner Conner,TE,MIA,3.8,2.4206736362467183,A_normalized_signals,201,6,35.0,60.0,25.0
2025,7,00-0033357,Taysom Hill,TE,NO,2.8,5.9948601004043995,A_normalized_signals,201,6,38.0,33.0,5.0
2025,7,00-0040737,Terrance Ferguson,TE,LA,10.1,2.572608717441864,A_normalized_signals,201,6,17.0,58.0,41.0
2025,7,00-0039847,Theo Johnson,TE,NYG,15.6,10.892697164035054,A_normalized_signals,201,6,9.0,7.0,2.0
2025,7,00-0037005,Tommy Tremble,TE,CAR,1.0,9.027891864265838,A_normalized_signals,201,6,52.0,17.0,35.0
2025,7,00-0030506,Travis Kelce,TE,KC,8.4,11.729776577445001,A_normalized_signals,201,6,21.0,6.0,15.0
2025,7,00-0037744,Trey McBride,TE,ARI,29.4,13.88588463551387,A_normalized_signals,201,6,1.0,2.0,1.0
2025,7,00-0038996,Tucker Kraft,TE,GB,16.8,8.18041593856105,A_normalized_signals,201,6,8.0,19.0,11.0
2025,7,00-0033110,Tyler Higbee,TE,LA,4.9,6.485233338494038,A_normalized_signals,201,6,30.0,28.0,2.0
2025,7,00-0040128,Tyler Warren,TE,IND,16.9,13.801137806126828,A_normalized_signals,201,6,7.0,3.0,4.0
2025,7,00-0034159,Will Dissly,TE,LAC,0.0,3.3951783142301655,A_normalized_signals,201,6,53.0,48.0,5.0
2025,7,00-0030061,Zach Ertz,TE,WAS,12.7,7.954296608968725,A_normalized_signals,201,6,14.0,21.0,7.0
2025,8,00-0036422,Adam Trautman,TE,DEN,0.0,2.259915196742556,A_normalized_signals,267,7,48.0,51.0,3.0
2025,8,00-0037292,Andrew Ogletree,TE,IND,0.0,1.1735718704928257,A_normalized_signals,267,7,48.0,56.0,8.0
2025,8,00-0032392,Austin Hooper,TE,NE,5.8,4.204630467023096,A_normalized_signals,267,7,22.0,40.0,18.0
2025,8,00-0039912,Ben Sinnott,TE,WAS,3.2,1.2585821423301522,A_normalized_signals,267,7,35.0,54.0,19.0
2025,8,00-0040509,Ben Yurosek,TE,MIN,1.5,1.1735718704928257,A_normalized_signals,267,7,44.0,56.0,12.0
2025,8,00-0039530,Brevyn Spann-Ford,TE,DAL,1.9,1.1935070995948909,A_normalized_signals,267,7,42.0,55.0,13.0
2025,8,00-0038129,Cade Otton,TE,TB,8.0,11.654468554338093,A_normalized_signals,267,7,14.0,10.0,4.0
2025,8,00-0038564,Cameron Latu,TE,PHI,0.0,1.1735718704928257,A_normalized_signals,267,7,48.0,56.0,8.0
2025,8,00-0038046,Charlie Kolar,TE,BAL,8.0,3.7768278528404196,A_normalized_signals,267,7,14.0,42.0,28.0
2025,8,00-0037809,Chig Okonkwo,TE,TEN,9.3,7.356008280158487,A_normalized_signals,267,7,12.0,29.0,17.0
2025,8,00-0040126,Colston Loveland,TE,CHI,6.8,7.815625860795706,A_normalized_signals,267,7,20.0,27.0,7.0
2025,8,00-0034351,Dallas Goedert,TE,PHI,17.8,13.552508659858873,A_normalized_signals,267,7,5.0,1.0,4.0
2025,8,00-0038933,Dalton Kincaid,TE,BUF,3.3,10.23023053061971,A_normalized_signals,267,7,34.0,16.0,18.0
2025,8,00-0034383,Dalton Schultz,TE,HOU,4.4,12.671611729043654,A_normalized_signals,267,7,28.0,3.0,25.0
2025,8,00-0038115,Daniel Bellinger,TE,NYG,3.1,6.054153699653144,A_normalized_signals,267,7,37.0,32.0,5.0
2025,8,00-0039648,David Martin-Robinson,TE,TEN,0.0,1.6536590039126104,A_normalized_signals,267,7,48.0,52.0,4.0
2025,8,00-0033885,David Njoku,TE,CLE,13.7,10.62852008713103,A_normalized_signals,267,7,9.0,15.0,6.0
2025,8,00-0035689,Dawson Knox,TE,BUF,2.5,4.307410152022759,A_normalized_signals,267,7,40.0,38.0,2.0
2025,8,00-0033881,Evan Engram,TE,DEN,7.6,11.802280816274518,A_normalized_signals,267,7,17.0,7.0,10.0
2025,8,00-0036825,Feleipe Franks,TE,ATL,0.0,1.3016701776028714,A_normalized_signals,267,7,48.0,53.0,5.0
2025,8,00-0034981,Foster Moreau,TE,NO,0.0,3.0251859821663327,A_normalized_signals,267,7,48.0,46.0,2.0
2025,8,00-0033288,George Kittle,TE,SF,14.3,6.7571823580174115,A_normalized_signals,267,7,8.0,31.0,23.0
2025,8,00-0040584,Gunnar Helm,TE,TEN,10.3,8.409331225946412,A_normalized_signals,267,7,10.0,23.0,13.0
2025,8,00-0040663,Harold Fannin Jr.,TE,CLE,18.4,11.608932355286218,A_normalized_signals,267,7,4.0,12.0,8.0
2025,8,00-0036232,Harrison Bryant,TE,HOU,0.0,2.5853187100268613,A_normalized_signals,267,7,48.0,49.0,1.0
2025,8,00-0033090,Hunter Henry,TE,NE,7.7,9.362086706557484,A_normalized_signals,267,7,16.0,21.0,5.0
2025,8,00-0037838,Isaiah Likely,TE,BAL,2.8,4.456204223174666,A_normalized_signals,267,7,38.0,36.0,2.0
2025,8,00-0039356,Ja'Tavion Sanders,TE,CAR,4.9,8.020184824607455,A_normalized_signals,267,7,25.0,26.0,1.0
2025,8,00-0036741,Jack Stoll,TE,NO,0.0,3.703373748523966,A_normalized_signals,267,7,48.0,43.0,5.0
2025,8,00-0040194,Jackson Hawes,TE,BUF,3.5,3.5970491476619406,A_normalized_signals,267,7,32.0,44.0,12.0
2025,8,00-0038041,Jake Ferguson,TE,DAL,0.0,13.027091602187525,A_normalized_signals,267,7,48.0,2.0,46.0
2025,8,00-0037112,Jake Tonges,TE,SF,7.2,12.130939797468798,A_normalized_signals,267,7,18.0,6.0,12.0
2025,8,00-0037805,Jeremy Ruckert,TE,NYJ,3.4,2.7618848431798675,A_normalized_signals,267,7,33.0,48.0,15.0
2025,8,00-0036628,John Bates,TE,WAS,3.2,4.408979757722128,A_normalized_signals,267,7,35.0,37.0,2.0
2025,8,00-0037306,John FitzPatrick,TE,GB,1.4,2.8344874617730174,A_normalized_signals,267,7,46.0,47.0,1.0
2025,8,00-0033858,Jonnu Smith,TE,PIT,3.7,9.900833674930356,A_normalized_signals,267,7,31.0,18.0,13.0
2025,8,00-0036040,Juwan Johnson,TE,NO,10.3,8.122555299631552,A_normalized_signals,267,7,10.0,25.0,15.0
2025,8,00-0036970,Kyle Pitts,TE,ATL,14.9,11.766055732485212,A_normalized_signals,267,7,6.0,8.0,2.0
2025,8,00-0036887,Luke Farrell,TE,SF,0.0,2.2636792560510126,A_normalized_signals,267,7,48.0,50.0,2.0
2025,8,00-0039144,Luke Musgrave,TE,GB,1.5,4.109716700818374,A_normalized_signals,267,7,44.0,41.0,3.0
2025,8,00-0038547,Luke Schoonmaker,TE,DAL,4.5,4.880221583354562,A_normalized_signals,267,7,27.0,34.0,7.0
2025,8,00-0034753,Mark Andrews,TE,BAL,6.4,12.344379888368746,A_normalized_signals,267,7,21.0,5.0,16.0
2025,8,00-0040736,Mason Taylor,TE,NYJ,14.4,10.007144216970765,A_normalized_signals,267,7,7.0,17.0,10.0
2025,8,00-0038783,Nate Adkins,TE,DEN,0.0,4.266428728488599,A_normalized_signals,267,7,48.0,39.0,9.0
2025,8,00-0035644,Noah Fant,TE,CIN,7.1,8.126998648194434,A_normalized_signals,267,7,19.0,24.0,5.0
2025,8,00-0036637,Noah Gray,TE,KC,4.3,3.224236613875237,A_normalized_signals,267,7,29.0,45.0,16.0
2025,8,00-0040189,Oronde Gadsden II,TE,LAC,18.7,9.461435657575548,A_normalized_signals,267,7,3.0,20.0,17.0
2025,8,00-0036894,Pat Freiermuth,TE,PIT,4.3,7.070136012593691,A_normalized_signals,267,7,29.0,30.0,1.0
2025,8,00-0035229,T.J. Hockenson,TE,MIN,4.6,11.66039325391501,A_normalized_signals,267,7,26.0,9.0,17.0
2025,8,00-0037348,Tanner Conner,TE,MIA,2.6,4.6970520674285465,A_normalized_signals,267,7,39.0,35.0,4.0
2025,8,00-0034613,Tanner Hudson,TE,CIN,1.9,8.883683147859337,A_normalized_signals,267,7,42.0,22.0,20.0
2025,8,00-0033357,Taysom Hill,TE,NO,2.2,7.447713632237025,A_normalized_signals,267,7,41.0,28.0,13.0
2025,8,00-0039847,Theo Johnson,TE,NYG,5.0,11.266014433260025,A_normalized_signals,267,7,24.0,13.0,11.0
2025,8,00-0037005,Tommy Tremble,TE,CAR,1.4,5.480418536993282,A_normalized_signals,267,7,46.0,33.0,13.0
2025,8,00-0030506,Travis Kelce,TE,KC,21.9,10.954062650916313,A_normalized_signals,267,7,2.0,14.0,12.0
2025,8,00-0038996,Tucker Kraft,TE,GB,33.3,11.651127863389299,A_normalized_signals,267,7,1.0,11.0,10.0
2025,8,00-0040128,Tyler Warren,TE,IND,9.3,12.66890882946911,A_normalized_signals,267,7,12.0,4.0,8.0
2025,8,00-0030061,Zach Ertz,TE,WAS,5.6,9.509598534101142,A_normalized_signals,267,7,23.0,19.0,4.0
2025,9,00-0039793,AJ Barner,TE,SEA,11.5,8.836888197595496,A_normalized_signals,325,8,12.0,17.0,5.0
2025,9,00-0036422,Adam Trautman,TE,DEN,4.5,2.127990673910423,A_normalized_signals,325,8,34.0,55.0,21.0
2025,9,00-0037292,Andrew Ogletree,TE,IND,0.0,1.2790752255209326,A_normalized_signals,325,8,53.0,62.0,9.0
2025,9,00-0032392,Austin Hooper,TE,NE,3.0,4.555171298389814,A_normalized_signals,325,8,38.0,42.0,4.0
2025,9,00-0040509,Ben Yurosek,TE,MIN,0.0,1.6514248615258693,A_normalized_signals,325,8,53.0,59.0,6.0
2025,9,00-0039530,Brevyn Spann-Ford,TE,DAL,0.0,1.70045690038695,A_normalized_signals,325,8,53.0,58.0,5.0
2025,9,00-0039338,Brock Bowers,TE,LV,43.3,12.636597101286771,A_normalized_signals,325,8,1.0,4.0,3.0
2025,9,00-0036754,Brock Wright,TE,DET,2.1,4.778050228559459,A_normalized_signals,325,8,46.0,38.0,8.0
2025,9,00-0038046,Charlie Kolar,TE,BAL,10.3,3.2043249092965413,A_normalized_signals,325,8,16.0,51.0,35.0
2025,9,00-0037809,Chig Okonkwo,TE,TEN,3.0,6.8243542331077505,A_normalized_signals,325,8,38.0,30.0,8.0
2025,9,00-0036244,Colby Parkinson,TE,LA,3.0,3.8465619126139607,A_normalized_signals,325,8,38.0,47.0,9.0
2025,9,00-0036290,Cole Kmet,TE,CHI,2.0,6.947668142182024,A_normalized_signals,325,8,47.0,28.0,19.0
2025,9,00-0040126,Colston Loveland,TE,CHI,29.8,8.565834872243931,A_normalized_signals,325,8,2.0,19.0,17.0
2025,9,00-0038933,Dalton Kincaid,TE,BUF,22.1,7.395326512716919,A_normalized_signals,325,8,3.0,24.0,21.0
2025,9,00-0034383,Dalton Schultz,TE,HOU,13.7,9.389127953722282,A_normalized_signals,325,8,7.0,14.0,7.0
2025,9,00-0038558,Darnell Washington,TE,PIT,8.3,9.83004342679451,A_normalized_signals,325,8,23.0,12.0,11.0
2025,9,00-0039648,David Martin-Robinson,TE,TEN,0.0,1.5234303639975766,A_normalized_signals,325,8,53.0,61.0,8.0
2025,9,00-0039074,Davis Allen,TE,LA,6.7,3.316168296663662,A_normalized_signals,325,8,28.0,50.0,22.0
2025,9,00-0035689,Dawson Knox,TE,BUF,4.0,4.117985924008481,A_normalized_signals,325,8,35.0,45.0,10.0
2025,9,00-0040739,Elijah Arroyo,TE,SEA,10.9,6.056344765449953,A_normalized_signals,325,8,13.0,33.0,20.0
2025,9,00-0039041,Elijah Higgins,TE,ARI,6.0,3.3339509229356263,A_normalized_signals,325,8,31.0,49.0,18.0
2025,9,00-0033881,Evan Engram,TE,DEN,0.0,11.049616313028098,A_normalized_signals,325,8,53.0,8.0,45.0
2025,9,00-0036825,Feleipe Franks,TE,ATL,0.0,1.24044056243324,A_normalized_signals,325,8,53.0,63.0,10.0
2025,9,00-0033288,George Kittle,TE,SF,6.9,7.591048851715831,A_normalized_signals,325,8,27.0,23.0,4.0
2025,9,00-0040584,Gunnar Helm,TE,TEN,2.5,7.135148858550783,A_normalized_signals,325,8,43.0,26.0,17.0
2025,9,00-0036232,Harrison Bryant,TE,HOU,1.2,2.1172941393407196,A_normalized_signals,325,8,52.0,56.0,4.0
2025,9,00-0033090,Hunter Henry,TE,NE,9.1,7.325418189573136,A_normalized_signals,325,8,19.0,25.0,6.0
2025,9,00-0037004,Hunter Long,TE,JAX,1.6,4.2736507356671956,A_normalized_signals,325,8,50.0,44.0,6.0
2025,9,00-0034365,Ian Thomas,TE,LV,1.9,2.579309013266146,A_normalized_signals,325,8,48.0,54.0,6.0
2025,9,00-0037838,Isaiah Likely,TE,BAL,9.0,4.702063217499578,A_normalized_signals,325,8,21.0,40.0,19.0
2025,9,00-0039356,Ja'Tavion Sanders,TE,CAR,1.5,6.098092759818869,A_normalized_signals,325,8,51.0,32.0,19.0
2025,9,00-0040194,Jackson Hawes,TE,BUF,2.8,4.774849908010848,A_normalized_signals,325,8,42.0,39.0,3.0
2025,9,00-0038041,Jake Ferguson,TE,DAL,10.0,8.27131069040167,A_normalized_signals,325,8,18.0,21.0,3.0
2025,9,00-0036628,John Bates,TE,WAS,4.0,3.701353427646562,A_normalized_signals,325,8,35.0,48.0,13.0
2025,9,00-0033246,Johnny Mundt,TE,JAX,0.0,4.285264048701085,A_normalized_signals,325,8,53.0,43.0,10.0
2025,9,00-0033858,Jonnu Smith,TE,PIT,5.5,8.952761694708027,A_normalized_signals,325,8,33.0,16.0,17.0
2025,9,00-0036040,Juwan Johnson,TE,NO,12.1,7.946014348991203,A_normalized_signals,325,8,8.0,22.0,14.0
2025,9,00-0036970,Kyle Pitts,TE,ATL,7.8,12.774619954194472,A_normalized_signals,325,8,24.0,3.0,21.0
2025,9,00-0036887,Luke Farrell,TE,SF,1.9,1.6388175684039512,A_normalized_signals,325,8,48.0,60.0,12.0
2025,9,00-0039144,Luke Musgrave,TE,GB,6.4,2.9592839829475928,A_normalized_signals,325,8,29.0,53.0,24.0
2025,9,00-0038547,Luke Schoonmaker,TE,DAL,2.4,4.951738478653541,A_normalized_signals,325,8,44.0,36.0,8.0
2025,9,00-0034753,Mark Andrews,TE,BAL,16.6,9.693482775004064,A_normalized_signals,325,8,5.0,13.0,8.0
2025,9,00-0039066,Michael Mayer,TE,LV,5.6,8.390780919893567,A_normalized_signals,325,8,32.0,20.0,12.0
2025,9,00-0033217,Mo Alie-Cox,TE,IND,0.0,4.0740450177658944,A_normalized_signals,325,8,53.0,46.0,7.0
2025,9,00-0035644,Noah Fant,TE,CIN,10.8,5.662740827660089,A_normalized_signals,325,8,14.0,34.0,20.0
2025,9,00-0036637,Noah Gray,TE,KC,0.0,5.079870130870256,A_normalized_signals,325,8,53.0,35.0,18.0
2025,9,00-0040189,Oronde Gadsden II,TE,LAC,11.8,12.365830455308341,A_normalized_signals,325,8,9.0,7.0,2.0
2025,9,00-0036894,Pat Freiermuth,TE,PIT,11.7,7.0128507460859035,A_normalized_signals,325,8,10.0,27.0,17.0
2025,9,00-0039065,Sam LaPorta,TE,DET,21.7,10.854001237391024,A_normalized_signals,325,8,4.0,10.0,6.0
2025,9,00-0035229,T.J. Hockenson,TE,MIN,9.1,9.909219968612808,A_normalized_signals,325,8,19.0,11.0,8.0
2025,9,00-0037348,Tanner Conner,TE,MIA,0.0,4.600098878672896,A_normalized_signals,325,8,53.0,41.0,12.0
2025,9,00-0034613,Tanner Hudson,TE,CIN,6.2,6.582401785096441,A_normalized_signals,325,8,30.0,31.0,1.0
2025,9,00-0033357,Taysom Hill,TE,NO,3.0,6.856833637606908,A_normalized_signals,325,8,38.0,29.0,9.0
2025,9,00-0040737,Terrance Ferguson,TE,LA,7.4,3.095395229933656,A_normalized_signals,325,8,26.0,52.0,26.0
2025,9,00-0039847,Theo Johnson,TE,NYG,11.7,9.309737387970207,A_normalized_signals,325,8,10.0,15.0,5.0
2025,9,00-0037005,Tommy Tremble,TE,CAR,0.0,4.871253038835628,A_normalized_signals,325,8,53.0,37.0,16.0
2025,9,00-0030506,Travis Kelce,TE,KC,10.6,10.896257771400014,A_normalized_signals,325,8,15.0,9.0,6.0
2025,9,00-0037744,Trey McBride,TE,ARI,16.5,16.92906148868597,A_normalized_signals,325,8,6.0,1.0,5.0
2025,9,00-0037654,Tucker Fisk,TE,LAC,2.2,2.0765340035983213,A_normalized_signals,325,8,45.0,57.0,12.0
2025,9,00-0038996,Tucker Kraft,TE,GB,4.0,13.531440080441236,A_normalized_signals,325,8,35.0,2.0,33.0
2025,9,00-0033110,Tyler Higbee,TE,LA,10.3,8.65188372975323,A_normalized_signals,325,8,16.0,18.0,2.0
2025,9,00-0040128,Tyler Warren,TE,IND,7.6,12.4071314623628,A_normalized_signals,325,8,25.0,5.0,20.0
2025,9,00-0030061,Zach Ertz,TE,WAS,8.6,12.380287419758536,A_normalized_signals,325,8,22.0,6.0,16.0
2025,10,00-0039793,AJ Barner,TE,SEA,0.3,9.266303557998913,A_normalized_signals,388,9,54.0,24.0,30.0
2025,10,00-0036422,Adam Trautman,TE,DEN,1.2,1.8237652389526815,A_normalized_signals,388,9,52.0,58.0,6.0
2025,10,00-0037292,Andrew Ogletree,TE,IND,0.0,1.1491153965086498,A_normalized_signals,388,9,55.0,62.0,7.0
2025,10,00-0032392,Austin Hooper,TE,NE,0.0,4.8646590446974605,A_normalized_signals,388,9,55.0,39.0,16.0
2025,10,00-0039912,Ben Sinnott,TE,WAS,7.4,1.4484902347349833,A_normalized_signals,388,9,20.0,60.0,40.0
2025,10,00-0040509,Ben Yurosek,TE,MIN,0.0,1.3961204301014014,A_normalized_signals,388,9,55.0,61.0,6.0
2025,10,00-0038710,Blake Whiteheart,TE,CLE,0.0,2.575324101593818,A_normalized_signals,388,9,55.0,56.0,1.0
2025,10,00-0039338,Brock Bowers,TE,LV,3.7,16.498519399887694,A_normalized_signals,388,9,31.0,2.0,29.0
2025,10,00-0036754,Brock Wright,TE,DET,0.0,5.649332580830409,A_normalized_signals,388,9,55.0,37.0,18.0
2025,10,00-0038129,Cade Otton,TE,TB,17.2,12.248965262990415,A_normalized_signals,388,9,6.0,5.0,1.0
2025,10,00-0038046,Charlie Kolar,TE,BAL,3.3,3.885281615933281,A_normalized_signals,388,9,34.0,45.0,11.0
2025,10,00-0036429,Charlie Woerner,TE,ATL,2.4,2.7116979736356086,A_normalized_signals,388,9,40.0,53.0,13.0
2025,10,00-0036244,Colby Parkinson,TE,LA,14.1,4.654290391265318,A_normalized_signals,388,9,8.0,40.0,32.0
2025,10,00-0036290,Cole Kmet,TE,CHI,1.5,4.243841336598182,A_normalized_signals,388,9,48.0,43.0,5.0
2025,10,00-0040126,Colston Loveland,TE,CHI,9.5,10.288259620146597,A_normalized_signals,388,9,13.0,17.0,4.0
2025,10,00-0034351,Dallas Goedert,TE,PHI,8.3,12.03729061543363,A_normalized_signals,388,9,18.0,6.0,12.0
2025,10,00-0038933,Dalton Kincaid,TE,BUF,5.7,10.089173924304584,A_normalized_signals,388,9,25.0,19.0,6.0
2025,10,00-0034383,Dalton Schultz,TE,HOU,18.3,9.176159155483166,A_normalized_signals,388,9,4.0,27.0,23.0
2025,10,00-0038115,Daniel Bellinger,TE,NYG,1.8,5.711362391593623,A_normalized_signals,388,9,45.0,36.0,9.0
2025,10,00-0038558,Darnell Washington,TE,PIT,2.5,11.825161933873714,A_normalized_signals,388,9,39.0,8.0,31.0
2025,10,00-0033885,David Njoku,TE,CLE,10.1,11.569175872799505,A_normalized_signals,388,9,11.0,12.0,1.0
2025,10,00-0039074,Davis Allen,TE,LA,8.8,5.268693387722115,A_normalized_signals,388,9,16.0,38.0,22.0
2025,10,00-0035689,Dawson Knox,TE,BUF,6.7,3.7777055837950604,A_normalized_signals,388,9,21.0,47.0,26.0
2025,10,00-0040739,Elijah Arroyo,TE,SEA,1.5,6.8662889865809635,A_normalized_signals,388,9,48.0,32.0,16.0
2025,10,00-0039041,Elijah Higgins,TE,ARI,3.9,3.818229891466828,A_normalized_signals,388,9,30.0,46.0,16.0
2025,10,00-0033881,Evan Engram,TE,DEN,3.2,8.236248036907067,A_normalized_signals,388,9,35.0,29.0,6.0
2025,10,00-0036825,Feleipe Franks,TE,ATL,0.0,1.0516582661827758,A_normalized_signals,388,9,55.0,64.0,9.0
2025,10,00-0034981,Foster Moreau,TE,NO,3.6,2.579561368129726,A_normalized_signals,388,9,33.0,55.0,22.0
2025,10,00-0033288,George Kittle,TE,SF,23.4,9.293782237192667,A_normalized_signals,388,9,2.0,23.0,21.0
2025,10,00-0037086,Grant Calcaterra,TE,PHI,0.0,2.950602100291232,A_normalized_signals,388,9,55.0,52.0,3.0
2025,10,00-0037252,Greg Dulcich,TE,MIA,3.2,7.434140835504941,A_normalized_signals,388,9,35.0,30.0,5.0
2025,10,00-0040663,Harold Fannin Jr.,TE,CLE,8.4,14.682295610163138,A_normalized_signals,388,9,17.0,3.0,14.0
2025,10,00-0033090,Hunter Henry,TE,NE,1.9,9.237794666795281,A_normalized_signals,388,9,44.0,25.0,19.0
2025,10,00-0037838,Isaiah Likely,TE,BAL,3.7,6.983731949138785,A_normalized_signals,388,9,31.0,31.0,0.0
2025,10,00-0039356,Ja'Tavion Sanders,TE,CAR,8.2,5.763348317667619,A_normalized_signals,388,9,19.0,35.0,16.0
2025,10,00-0039305,Jack Westover,TE,NE,0.0,0.980685109657674,A_normalized_signals,388,9,55.0,65.0,10.0
2025,10,00-0040194,Jackson Hawes,TE,BUF,9.6,6.066469492889947,A_normalized_signals,388,9,12.0,34.0,22.0
2025,10,00-0037805,Jeremy Ruckert,TE,NYJ,1.0,1.4716098848549892,A_normalized_signals,388,9,53.0,59.0,6.0
2025,10,00-0036628,John Bates,TE,WAS,1.6,6.1861712145779855,A_normalized_signals,388,9,47.0,33.0,14.0
2025,10,00-0033246,Johnny Mundt,TE,JAX,3.1,3.3710530356838997,A_normalized_signals,388,9,37.0,51.0,14.0
2025,10,00-0033858,Jonnu Smith,TE,PIT,1.4,9.189178945904954,A_normalized_signals,388,9,50.0,26.0,24.0
2025,10,00-0036040,Juwan Johnson,TE,NO,19.2,10.246120134724482,A_normalized_signals,388,9,3.0,18.0,15.0
2025,10,00-0036970,Kyle Pitts,TE,ATL,5.8,14.457987764860967,A_normalized_signals,388,9,24.0,4.0,20.0
2025,10,00-0036876,Kylen Granson,TE,PHI,0.0,0.980685109657674,A_normalized_signals,388,9,55.0,65.0,10.0
2025,10,00-0036887,Luke Farrell,TE,SF,9.5,2.0476958123906486,A_normalized_signals,388,9,13.0,57.0,44.0
2025,10,00-0039144,Luke Musgrave,TE,GB,5.3,3.7425551208857546,A_normalized_signals,388,9,26.0,48.0,22.0
2025,10,00-0034753,Mark Andrews,TE,BAL,10.4,11.687883361042728,A_normalized_signals,388,9,9.0,10.0,1.0
2025,10,00-0040736,Mason Taylor,TE,NYJ,1.4,10.556238860949911,A_normalized_signals,388,9,50.0,15.0,35.0
2025,10,00-0039066,Michael Mayer,TE,LV,5.2,11.666650259975222,A_normalized_signals,388,9,27.0,11.0,16.0
2025,10,00-0040187,Mitchell Evans,TE,CAR,0.0,4.535237681675028,A_normalized_signals,388,9,55.0,41.0,14.0
2025,10,00-0033217,Mo Alie-Cox,TE,IND,0.0,4.030854733177632,A_normalized_signals,388,9,55.0,44.0,11.0
2025,10,00-0040189,Oronde Gadsden II,TE,LAC,4.3,11.339755306051885,A_normalized_signals,388,9,28.0,13.0,15.0
2025,10,00-0036894,Pat Freiermuth,TE,PIT,6.3,8.860855866451187,A_normalized_signals,388,9,22.0,28.0,6.0
2025,10,00-0039050,Payne Durham,TE,TB,0.0,1.1491153965086498,A_normalized_signals,388,9,55.0,62.0,7.0
2025,10,00-0039065,Sam LaPorta,TE,DET,10.3,9.800619226251055,A_normalized_signals,388,9,10.0,20.0,10.0
2025,10,00-0037475,Stone Smartt,TE,NYJ,0.0,0.980685109657674,A_normalized_signals,388,9,55.0,65.0,10.0
2025,10,00-0035229,T.J. Hockenson,TE,MIN,2.8,9.545571566538554,A_normalized_signals,388,9,38.0,22.0,16.0
2025,10,00-0033357,Taysom Hill,TE,NO,2.0,11.799954990616564,A_normalized_signals,388,9,43.0,9.0,34.0
2025,10,00-0040737,Terrance Ferguson,TE,LA,4.2,4.514573488172983,A_normalized_signals,388,9,29.0,42.0,13.0
2025,10,00-0039847,Theo Johnson,TE,NYG,14.5,10.696102909348085,A_normalized_signals,388,9,7.0,14.0,7.0
2025,10,00-0037744,Trey McBride,TE,ARI,27.7,18.3980485031745,A_normalized_signals,388,9,1.0,1.0,0.0
2025,10,00-0037654,Tucker Fisk,TE,LAC,1.7,2.633493858548804,A_normalized_signals,388,9,46.0,54.0,8.0
2025,10,00-0034270,Tyler Conklin,TE,LAC,2.2,3.6626430837687733,A_normalized_signals,388,9,42.0,50.0,8.0
2025,10,00-0033110,Tyler Higbee,TE,LA,6.3,9.796037634156882,A_normalized_signals,388,9,22.0,21.0,1.0
2025,10,00-0040128,Tyler Warren,TE,IND,17.9,10.549560903986878,A_normalized_signals,388,9,5.0,16.0,11.0
2025,10,00-0030061,Zach Ertz,TE,WAS,9.4,11.85582271835379,A_normalized_signals,388,9,15.0,7.0,8.0
2025,10,00-0037340,Zaire Mitchell-Paden,TE,NO,2.4,3.683270488224367,A_normalized_signals,388,9,40.0,49.0,9.0
2025,11,00-0039793,AJ Barner,TE,SEA,17.1,6.532394444457571,A_normalized_signals,455,10,4.0,29.0,25.0
2025,11,00-0036422,Adam Trautman,TE,DEN,1.8,1.944454024221201,A_normalized_signals,455,10,45.0,56.0,11.0
2025,11,00-0039530,Brevyn Spann-Ford,TE,DAL,1.4,1.0225572155893854,A_normalized_signals,455,10,49.0,67.0,18.0
2025,11,00-0039338,Brock Bowers,TE,LV,14.2,14.226538540838188,A_normalized_signals,455,10,6.0,2.0,4.0
2025,11,00-0036754,Brock Wright,TE,DET,2.8,3.2993941773731414,A_normalized_signals,455,10,42.0,51.0,9.0
2025,11,00-0038129,Cade Otton,TE,TB,4.8,11.778764346771528,A_normalized_signals,455,10,27.0,5.0,22.0
2025,11,00-0038564,Cameron Latu,TE,PHI,0.0,1.0832314065026085,A_normalized_signals,455,10,55.0,59.0,4.0
2025,11,00-0040488,Carter Runyon,TE,LV,0.0,3.418450013040014,A_normalized_signals,455,10,55.0,49.0,6.0
2025,11,00-0038046,Charlie Kolar,TE,BAL,0.0,4.809243598403684,A_normalized_signals,455,10,55.0,39.0,16.0
2025,11,00-0037809,Chig Okonkwo,TE,TEN,8.6,5.275905182947522,A_normalized_signals,455,10,12.0,37.0,25.0
2025,11,00-0036244,Colby Parkinson,TE,LA,9.4,6.6601503692684805,A_normalized_signals,455,10,11.0,28.0,17.0
2025,11,00-0036290,Cole Kmet,TE,CHI,9.5,3.9119715309838368,A_normalized_signals,455,10,10.0,44.0,34.0
2025,11,00-0039686,Colson Yankoff,TE,WAS,1.4,1.0832314065026085,A_normalized_signals,455,10,49.0,59.0,10.0
2025,11,00-0040126,Colston Loveland,TE,CHI,7.0,8.817948411986537,A_normalized_signals,455,10,17.0,16.0,1.0
2025,11,00-0034351,Dallas Goedert,TE,PHI,4.4,9.072312733824852,A_normalized_signals,455,10,31.0,15.0,16.0
2025,11,00-0034383,Dalton Schultz,TE,HOU,11.1,9.771902594134318,A_normalized_signals,455,10,8.0,11.0,3.0
2025,11,00-0038115,Daniel Bellinger,TE,NYG,0.0,5.027694091843946,A_normalized_signals,455,10,55.0,38.0,17.0
2025,11,00-0038558,Darnell Washington,TE,PIT,10.7,7.496351221343592,A_normalized_signals,455,10,9.0,22.0,13.0
2025,11,00-0039648,David Martin-Robinson,TE,TEN,0.0,1.278418264507307,A_normalized_signals,455,10,55.0,58.0,3.0
2025,11,00-0033885,David Njoku,TE,CLE,1.7,7.269509546338698,A_normalized_signals,455,10,47.0,24.0,23.0
2025,11,00-0035689,Dawson Knox,TE,BUF,3.3,3.939207664358066,A_normalized_signals,455,10,36.0,43.0,7.0
2025,11,00-0034798,Durham Smythe,TE,CHI,1.8,1.0832314065026085,A_normalized_signals,455,10,45.0,59.0,14.0
2025,11,00-0040739,Elijah Arroyo,TE,SEA,0.0,6.019235508473878,A_normalized_signals,455,10,55.0,31.0,24.0
2025,11,00-0039041,Elijah Higgins,TE,ARI,3.1,4.440642777278741,A_normalized_signals,455,10,38.0,41.0,3.0
2025,11,00-0033881,Evan Engram,TE,DEN,7.3,7.542396333627828,A_normalized_signals,455,10,16.0,21.0,5.0
2025,11,00-0036825,Feleipe Franks,TE,ATL,0.0,1.0832314065026085,A_normalized_signals,455,10,55.0,59.0,4.0
2025,11,00-0033288,George Kittle,TE,SF,24.7,11.750569367257247,A_normalized_signals,455,10,2.0,6.0,4.0
2025,11,00-0037252,Greg Dulcich,TE,MIA,3.8,8.25752475951797,A_normalized_signals,455,10,33.0,18.0,15.0
2025,11,00-0040584,Gunnar Helm,TE,TEN,6.9,5.520950237303045,A_normalized_signals,455,10,19.0,34.0,15.0
2025,11,00-0040663,Harold Fannin Jr.,TE,CLE,4.6,13.15299837259781,A_normalized_signals,455,10,29.0,3.0,26.0
2025,11,00-0033090,Hunter Henry,TE,NE,8.5,6.938720685674774,A_normalized_signals,455,10,14.0,26.0,12.0
2025,11,00-0034365,Ian Thomas,TE,LV,3.0,3.209682799571411,A_normalized_signals,455,10,39.0,52.0,13.0
2025,11,00-0037838,Isaiah Likely,TE,BAL,3.5,7.43472816214406,A_normalized_signals,455,10,34.0,23.0,11.0
2025,11,00-0039356,Ja'Tavion Sanders,TE,CAR,6.2,6.718719918813191,A_normalized_signals,455,10,24.0,27.0,3.0
2025,11,00-0039305,Jack Westover,TE,NE,0.0,1.5715333038478958,A_normalized_signals,455,10,55.0,57.0,2.0
2025,11,00-0038041,Jake Ferguson,TE,DAL,11.6,8.637373739245039,A_normalized_signals,455,10,7.0,17.0,10.0
2025,11,00-0037112,Jake Tonges,TE,SF,0.0,9.10087613516325,A_normalized_signals,455,10,55.0,14.0,41.0
2025,11,00-0037805,Jeremy Ruckert,TE,NYJ,6.3,3.17535588647541,A_normalized_signals,455,10,23.0,53.0,30.0
2025,11,00-0037306,John FitzPatrick,TE,GB,1.5,3.3399202504440098,A_normalized_signals,455,10,48.0,50.0,2.0
2025,11,00-0033246,Johnny Mundt,TE,JAX,4.5,3.5425004502721356,A_normalized_signals,455,10,30.0,48.0,18.0
2025,11,00-0033858,Jonnu Smith,TE,PIT,0.0,5.99033989992377,A_normalized_signals,455,10,55.0,32.0,23.0
2025,11,00-0035249,Josh Oliver,TE,MIN,0.7,3.588796698710871,A_normalized_signals,455,10,54.0,46.0,8.0
2025,11,00-0036332,Josiah Deguara,TE,ARI,0.0,1.0832314065026085,A_normalized_signals,455,10,55.0,59.0,4.0
2025,11,00-0038720,Julian Hill,TE,MIA,2.4,6.3129492946415295,A_normalized_signals,455,10,43.0,30.0,13.0
2025,11,00-0036970,Kyle Pitts,TE,ATL,3.4,12.040504775699578,A_normalized_signals,455,10,35.0,4.0,31.0
2025,11,00-0036876,Kylen Granson,TE,PHI,1.4,1.0832314065026085,A_normalized_signals,455,10,49.0,59.0,10.0
2025,11,00-0036887,Luke Farrell,TE,SF,0.0,2.2164606256404773,A_normalized_signals,455,10,55.0,55.0,0.0
2025,11,00-0039144,Luke Musgrave,TE,GB,0.9,4.323630324040438,A_normalized_signals,455,10,53.0,42.0,11.0
2025,11,00-0034753,Mark Andrews,TE,BAL,15.7,9.48061503639924,A_normalized_signals,455,10,5.0,12.0,7.0
2025,11,00-0040736,Mason Taylor,TE,NYJ,7.0,10.566627312275717,A_normalized_signals,455,10,17.0,9.0,8.0
2025,11,00-0039066,Michael Mayer,TE,LV,4.3,7.9856689010112305,A_normalized_signals,455,10,32.0,19.0,13.0
2025,11,00-0040187,Mitchell Evans,TE,CAR,4.8,3.634855009205169,A_normalized_signals,455,10,27.0,45.0,18.0
2025,11,00-0040058,Nick Kallerup,TE,SEA,0.0,4.58083348716565,A_normalized_signals,455,10,55.0,40.0,15.0
2025,11,00-0035644,Noah Fant,TE,CIN,8.6,5.791508338969159,A_normalized_signals,455,10,12.0,33.0,21.0
2025,11,00-0036637,Noah Gray,TE,KC,2.9,3.544531842544867,A_normalized_signals,455,10,40.0,47.0,7.0
2025,11,00-0040189,Oronde Gadsden II,TE,LAC,6.1,10.63415756360041,A_normalized_signals,455,10,25.0,8.0,17.0
2025,11,00-0036894,Pat Freiermuth,TE,PIT,2.9,7.150364782978022,A_normalized_signals,455,10,40.0,25.0,15.0
2025,11,00-0036590,Quintin Morris,TE,JAX,2.1,1.0832314065026085,A_normalized_signals,455,10,44.0,59.0,15.0
2025,11,00-0033757,Robert Tonyan,TE,KC,1.1,1.0832314065026085,A_normalized_signals,455,10,52.0,59.0,7.0
2025,11,00-0035229,T.J. Hockenson,TE,MIN,6.9,5.463437142709635,A_normalized_signals,455,10,19.0,35.0,16.0
2025,11,00-0034613,Tanner Hudson,TE,CIN,5.2,5.332304548033994,A_normalized_signals,455,10,26.0,36.0,10.0
2025,11,00-0039847,Theo Johnson,TE,NYG,6.6,10.807688795747058,A_normalized_signals,455,10,21.0,7.0,14.0
2025,11,00-0037005,Tommy Tremble,TE,CAR,6.4,2.9820720517103014,A_normalized_signals,455,10,22.0,54.0,32.0
2025,11,00-0030506,Travis Kelce,TE,KC,24.1,9.438549967605544,A_normalized_signals,455,10,3.0,13.0,10.0
2025,11,00-0037744,Trey McBride,TE,ARI,27.5,17.80251837533627,A_normalized_signals,455,10,1.0,1.0,0.0
2025,11,00-0033110,Tyler Higbee,TE,LA,3.3,7.7275703997480045,A_normalized_signals,455,10,36.0,20.0,16.0
2025,11,00-0030061,Zach Ertz,TE,WAS,8.2,10.510154133607182,A_normalized_signals,455,10,15.0,10.0,5.0
2025,12,00-0039793,AJ Barner,TE,SEA,3.8,9.401220456855585,A_normalized_signals,522,11,35.0,13.0,22.0
2025,12,00-0037292,Andrew Ogletree,TE,IND,8.8,1.1113013702557015,A_normalized_signals,522,11,14.0,66.0,52.0
2025,12,00-0032392,Austin Hooper,TE,NE,6.9,2.9850327420093707,A_normalized_signals,522,11,21.0,55.0,34.0
2025,12,00-0038935,Brenton Strange,TE,JAX,14.3,8.088619553979726,A_normalized_signals,522,11,4.0,20.0,16.0
2025,12,00-0039530,Brevyn Spann-Ford,TE,DAL,7.4,1.754078953585596,A_normalized_signals,522,11,19.0,65.0,46.0
2025,12,00-0039338,Brock Bowers,TE,LV,11.5,15.344156508674967,A_normalized_signals,522,11,7.0,2.0,5.0
2025,12,00-0036754,Brock Wright,TE,DET,5.9,3.915666181490924,A_normalized_signals,522,11,23.0,45.0,22.0
2025,12,00-0038129,Cade Otton,TE,TB,6.1,10.788987285578965,A_normalized_signals,522,11,22.0,9.0,13.0
2025,12,00-0039359,Cade Stover,TE,HOU,0.0,7.023634597876999,A_normalized_signals,522,11,59.0,24.0,35.0
2025,12,00-0038564,Cameron Latu,TE,PHI,0.0,1.0164566058873035,A_normalized_signals,522,11,59.0,67.0,8.0
2025,12,00-0038046,Charlie Kolar,TE,BAL,0.0,4.326799941936775,A_normalized_signals,522,11,59.0,44.0,15.0
2025,12,00-0036429,Charlie Woerner,TE,ATL,5.4,2.453224654580633,A_normalized_signals,522,11,28.0,59.0,31.0
2025,12,00-0037809,Chig Okonkwo,TE,TEN,7.0,5.7485397567363545,A_normalized_signals,522,11,20.0,30.0,10.0
2025,12,00-0036244,Colby Parkinson,TE,LA,14.1,6.671622491107735,A_normalized_signals,522,11,5.0,25.0,20.0
2025,12,00-0036290,Cole Kmet,TE,CHI,1.3,5.146010279082953,A_normalized_signals,522,11,54.0,34.0,20.0
2025,12,00-0040126,Colston Loveland,TE,CHI,14.9,8.946676831850134,A_normalized_signals,522,11,3.0,17.0,14.0
2025,12,00-0034351,Dallas Goedert,TE,PHI,4.0,9.611953432206025,A_normalized_signals,522,11,34.0,12.0,22.0
2025,12,00-0034383,Dalton Schultz,TE,HOU,1.8,12.764879087310339,A_normalized_signals,522,11,44.0,5.0,39.0
2025,12,00-0038115,Daniel Bellinger,TE,NYG,0.0,3.4071832031502023,A_normalized_signals,522,11,59.0,52.0,7.0
2025,12,00-0038558,Darnell Washington,TE,PIT,4.2,7.192395528572831,A_normalized_signals,522,11,33.0,23.0,10.0
2025,12,00-0039074,Davis Allen,TE,LA,5.9,4.796869777473255,A_normalized_signals,522,11,23.0,39.0,16.0
2025,12,00-0035689,Dawson Knox,TE,BUF,4.7,4.949289786842439,A_normalized_signals,522,11,30.0,38.0,8.0
2025,12,00-0035631,Drew Sample,TE,CIN,1.0,1.7820396800675684,A_normalized_signals,522,11,57.0,64.0,7.0
2025,12,00-0034798,Durham Smythe,TE,CHI,1.4,2.4971211584834103,A_normalized_signals,522,11,52.0,58.0,6.0
2025,12,00-0040739,Elijah Arroyo,TE,SEA,1.5,3.879820026517729,A_normalized_signals,522,11,51.0,46.0,5.0
2025,12,00-0039041,Elijah Higgins,TE,ARI,0.0,5.5514624964487025,A_normalized_signals,522,11,59.0,31.0,28.0
2025,12,00-0036825,Feleipe Franks,TE,ATL,0.2,1.0164566058873035,A_normalized_signals,522,11,58.0,67.0,9.0
2025,12,00-0034981,Foster Moreau,TE,NO,0.0,3.2849059700756875,A_normalized_signals,522,11,59.0,53.0,6.0
2025,12,00-0033288,George Kittle,TE,SF,13.8,13.133604442758164,A_normalized_signals,522,11,6.0,4.0,2.0
2025,12,00-0037086,Grant Calcaterra,TE,PHI,1.8,3.4603181906098577,A_normalized_signals,522,11,44.0,51.0,7.0
2025,12,00-0040584,Gunnar Helm,TE,TEN,11.1,5.505268575838706,A_normalized_signals,522,11,8.0,32.0,24.0
2025,12,00-0040663,Harold Fannin Jr.,TE,CLE,8.4,11.844146899562212,A_normalized_signals,522,11,15.0,7.0,8.0
2025,12,00-0033090,Hunter Henry,TE,NE,24.5,9.052077180971294,A_normalized_signals,522,11,1.0,16.0,15.0
2025,12,00-0034365,Ian Thomas,TE,LV,7.6,2.864259189689726,A_normalized_signals,522,11,17.0,57.0,40.0
2025,12,00-0037838,Isaiah Likely,TE,BAL,2.0,7.646608149963065,A_normalized_signals,522,11,40.0,21.0,19.0
2025,12,00-0039356,Ja'Tavion Sanders,TE,CAR,1.6,6.257919561034224,A_normalized_signals,522,11,49.0,27.0,22.0
2025,12,00-0036741,Jack Stoll,TE,NO,1.7,2.3912515651648123,A_normalized_signals,522,11,46.0,60.0,14.0
2025,12,00-0040194,Jackson Hawes,TE,BUF,4.6,5.119945171159289,A_normalized_signals,522,11,31.0,35.0,4.0
2025,12,00-0038041,Jake Ferguson,TE,DAL,11.1,7.533620449765642,A_normalized_signals,522,11,8.0,22.0,14.0
2025,12,00-0037306,John FitzPatrick,TE,GB,2.1,3.2574275824677743,A_normalized_signals,522,11,38.0,54.0,16.0
2025,12,00-0033246,Johnny Mundt,TE,JAX,2.2,3.539774256248191,A_normalized_signals,522,11,37.0,49.0,12.0
2025,12,00-0033858,Jonnu Smith,TE,PIT,5.8,4.790533896067467,A_normalized_signals,522,11,26.0,40.0,14.0
2025,12,00-0035249,Josh Oliver,TE,MIN,1.4,3.521765559408056,A_normalized_signals,522,11,52.0,50.0,2.0
2025,12,00-0038589,Josh Whyle,TE,GB,1.1,3.73509089830024,A_normalized_signals,522,11,56.0,48.0,8.0
2025,12,00-0036332,Josiah Deguara,TE,ARI,1.6,1.0164566058873035,A_normalized_signals,522,11,49.0,67.0,18.0
2025,12,00-0036040,Juwan Johnson,TE,NO,10.6,9.271707236398878,A_normalized_signals,522,11,12.0,14.0,2.0
2025,12,00-0036970,Kyle Pitts,TE,ATL,4.5,8.596529979474644,A_normalized_signals,522,11,32.0,18.0,14.0
2025,12,00-0036887,Luke Farrell,TE,SF,1.3,2.2732028150250243,A_normalized_signals,522,11,54.0,62.0,8.0
2025,12,00-0039144,Luke Musgrave,TE,GB,1.7,5.073360780473534,A_normalized_signals,522,11,46.0,37.0,9.0
2025,12,00-0038547,Luke Schoonmaker,TE,DAL,0.0,4.757652945003422,A_normalized_signals,522,11,59.0,41.0,18.0
2025,12,00-0034753,Mark Andrews,TE,BAL,2.1,11.217200851877477,A_normalized_signals,522,11,38.0,8.0,30.0
2025,12,00-0040736,Mason Taylor,TE,NYJ,5.1,9.761963906448031,A_normalized_signals,522,11,29.0,11.0,18.0
2025,12,00-0039066,Michael Mayer,TE,LV,2.4,8.17587271077504,A_normalized_signals,522,11,36.0,19.0,17.0
2025,12,00-0034829,Mike Gesicki,TE,CIN,7.5,5.091047728225011,A_normalized_signals,522,11,18.0,36.0,18.0
2025,12,00-0040187,Mitchell Evans,TE,CAR,0.0,3.7763291756808086,A_normalized_signals,522,11,59.0,47.0,12.0
2025,12,00-0033217,Mo Alie-Cox,TE,IND,1.9,2.944829434624638,A_normalized_signals,522,11,41.0,56.0,15.0
2025,12,00-0035644,Noah Fant,TE,CIN,1.9,6.254217717349852,A_normalized_signals,522,11,41.0,28.0,13.0
2025,12,00-0036637,Noah Gray,TE,KC,5.5,4.387202858672121,A_normalized_signals,522,11,27.0,43.0,16.0
2025,12,00-0036894,Pat Freiermuth,TE,PIT,10.9,5.455810350931887,A_normalized_signals,522,11,10.0,33.0,23.0
2025,12,00-0033439,Pharaoh Brown,TE,ARI,0.0,1.0164566058873035,A_normalized_signals,522,11,59.0,67.0,8.0
2025,12,00-0036590,Quintin Morris,TE,JAX,0.0,2.2901165827669177,A_normalized_signals,522,11,59.0,61.0,2.0
2025,12,00-0034073,Ross Dwelley,TE,DET,0.0,2.1740652566159357,A_normalized_signals,522,11,59.0,63.0,4.0
2025,12,00-0035229,T.J. Hockenson,TE,MIN,5.9,6.398461565931574,A_normalized_signals,522,11,23.0,26.0,3.0
2025,12,00-0034613,Tanner Hudson,TE,CIN,1.9,4.411268509865305,A_normalized_signals,522,11,41.0,42.0,1.0
2025,12,00-0033357,Taysom Hill,TE,NO,1.7,9.078116593312828,A_normalized_signals,522,11,46.0,15.0,31.0
2025,12,00-0040737,Terrance Ferguson,TE,LA,0.0,5.98906414727389,A_normalized_signals,522,11,59.0,29.0,30.0
2025,12,00-0039847,Theo Johnson,TE,NYG,10.7,10.049155425882377,A_normalized_signals,522,11,11.0,10.0,1.0
2025,12,00-0030506,Travis Kelce,TE,KC,8.4,13.173465932446991,A_normalized_signals,522,11,15.0,3.0,12.0
2025,12,00-0037744,Trey McBride,TE,ARI,16.9,16.077473294972695,A_normalized_signals,522,11,2.0,1.0,1.0
2025,12,00-0040128,Tyler Warren,TE,IND,9.5,12.224127238406847,A_normalized_signals,522,11,13.0,6.0,7.0
2025,13,00-0039793,AJ Barner,TE,SEA,7.7,7.9862554046681264,A_normalized_signals,592,12,21.0,18.0,3.0
2025,13,00-0036422,Adam Trautman,TE,DEN,7.7,2.8383464301878574,A_normalized_signals,592,12,21.0,57.0,36.0
2025,13,00-0037292,Andrew Ogletree,TE,IND,1.8,1.9619438913518752,A_normalized_signals,592,12,50.0,63.0,13.0
2025,13,00-0038710,Blake Whiteheart,TE,CLE,0.0,1.7242861268523733,A_normalized_signals,592,12,59.0,65.0,6.0
2025,13,00-0038935,Brenton Strange,TE,JAX,13.5,7.4835365943361705,A_normalized_signals,592,12,8.0,21.0,13.0
2025,13,00-0039530,Brevyn Spann-Ford,TE,DAL,0.0,2.2473050230517284,A_normalized_signals,592,12,59.0,60.0,1.0
2025,13,00-0039338,Brock Bowers,TE,LV,22.3,11.111301893805175,A_normalized_signals,592,12,1.0,5.0,4.0
2025,13,00-0038129,Cade Otton,TE,TB,2.9,10.481178981934004,A_normalized_signals,592,12,41.0,10.0,31.0
2025,13,00-0039359,Cade Stover,TE,HOU,3.9,4.858742989469174,A_normalized_signals,592,12,34.0,36.0,2.0
2025,13,00-0038564,Cameron Latu,TE,PHI,0.0,1.0700627382313175,A_normalized_signals,592,12,59.0,68.0,9.0
2025,13,00-0038046,Charlie Kolar,TE,BAL,2.7,2.279059847750104,A_normalized_signals,592,12,43.0,59.0,16.0
2025,13,00-0037809,Chig Okonkwo,TE,TEN,6.9,5.207741636594403,A_normalized_signals,592,12,23.0,34.0,11.0
2025,13,00-0036244,Colby Parkinson,TE,LA,6.7,8.094714715047791,A_normalized_signals,592,12,24.0,17.0,7.0
2025,13,00-0036290,Cole Kmet,TE,CHI,12.6,4.4483286400711,A_normalized_signals,592,12,10.0,42.0,32.0
2025,13,00-0039686,Colson Yankoff,TE,WAS,2.4,1.0679032697858486,A_normalized_signals,592,12,45.0,71.0,26.0
2025,13,00-0040126,Colston Loveland,TE,CHI,5.8,7.890439098998836,A_normalized_signals,592,12,28.0,20.0,8.0
2025,13,00-0034351,Dallas Goedert,TE,PHI,4.7,7.12578973647423,A_normalized_signals,592,12,31.0,23.0,8.0
2025,13,00-0034383,Dalton Schultz,TE,HOU,12.5,10.804829521918764,A_normalized_signals,592,12,11.0,6.0,5.0
2025,13,00-0038558,Darnell Washington,TE,PIT,6.5,4.583130944395036,A_normalized_signals,592,12,26.0,40.0,14.0
2025,13,00-0031610,Darren Waller,TE,MIA,6.7,5.114146402741108,A_normalized_signals,592,12,24.0,35.0,11.0
2025,13,00-0039648,David Martin-Robinson,TE,TEN,0.0,1.0700627382313175,A_normalized_signals,592,12,59.0,68.0,9.0
2025,13,00-0033885,David Njoku,TE,CLE,2.4,5.856299904998713,A_normalized_signals,592,12,45.0,31.0,14.0
2025,13,00-0039074,Davis Allen,TE,LA,1.4,6.386480585358862,A_normalized_signals,592,12,54.0,27.0,27.0
2025,13,00-0035689,Dawson Knox,TE,BUF,5.8,6.0205156817578285,A_normalized_signals,592,12,28.0,30.0,2.0
2025,13,00-0039754,Devin Culp,TE,TB,0.0,1.0700627382313175,A_normalized_signals,592,12,59.0,68.0,9.0
2025,13,00-0035631,Drew Sample,TE,CIN,2.7,1.788427894607782,A_normalized_signals,592,12,43.0,64.0,21.0
2025,13,00-0040739,Elijah Arroyo,TE,SEA,0.0,2.9747866419090587,A_normalized_signals,592,12,59.0,54.0,5.0
2025,13,00-0039041,Elijah Higgins,TE,ARI,3.7,3.1323332032384963,A_normalized_signals,592,12,36.0,53.0,17.0
2025,13,00-0033881,Evan Engram,TE,DEN,13.9,6.556267179061978,A_normalized_signals,592,12,7.0,26.0,19.0
2025,13,00-0034981,Foster Moreau,TE,NO,3.3,2.8399656029468643,A_normalized_signals,592,12,38.0,56.0,18.0
2025,13,00-0033288,George Kittle,TE,SF,10.7,14.418412805222275,A_normalized_signals,592,12,15.0,2.0,13.0
2025,13,00-0037252,Greg Dulcich,TE,MIA,4.4,7.915107158434099,A_normalized_signals,592,12,32.0,19.0,13.0
2025,13,00-0040584,Gunnar Helm,TE,TEN,8.3,6.064546288616068,A_normalized_signals,592,12,20.0,29.0,9.0
2025,13,00-0040663,Harold Fannin Jr.,TE,CLE,13.3,10.484186872790946,A_normalized_signals,592,12,9.0,9.0,0.0
2025,13,00-0033090,Hunter Henry,TE,NE,11.3,10.58036634832871,A_normalized_signals,592,12,13.0,7.0,6.0
2025,13,00-0034365,Ian Thomas,TE,LV,1.8,3.2264315529710954,A_normalized_signals,592,12,50.0,52.0,2.0
2025,13,00-0037838,Isaiah Likely,TE,BAL,14.5,6.321157658693313,A_normalized_signals,592,12,6.0,28.0,22.0
2025,13,00-0039356,Ja'Tavion Sanders,TE,CAR,0.0,5.6910841509207195,A_normalized_signals,592,12,59.0,32.0,27.0
2025,13,00-0040194,Jackson Hawes,TE,BUF,2.0,4.206918160960333,A_normalized_signals,592,12,49.0,44.0,5.0
2025,13,00-0038041,Jake Ferguson,TE,DAL,8.6,10.534902553740796,A_normalized_signals,592,12,18.0,8.0,10.0
2025,13,00-0037805,Jeremy Ruckert,TE,NYJ,3.2,4.748244618122006,A_normalized_signals,592,12,40.0,39.0,1.0
2025,13,00-0036628,John Bates,TE,WAS,2.9,4.484381484935266,A_normalized_signals,592,12,41.0,41.0,0.0
2025,13,00-0037306,John FitzPatrick,TE,GB,0.0,3.246542708924844,A_normalized_signals,592,12,59.0,51.0,8.0
2025,13,00-0033858,Jonnu Smith,TE,PIT,1.6,4.767025718764401,A_normalized_signals,592,12,53.0,38.0,15.0
2025,13,00-0038589,Josh Whyle,TE,GB,0.0,3.4235479913114837,A_normalized_signals,592,12,59.0,49.0,10.0
2025,13,00-0038720,Julian Hill,TE,MIA,0.0,3.9644647006687697,A_normalized_signals,592,12,59.0,46.0,13.0
2025,13,00-0036040,Juwan Johnson,TE,NO,8.9,9.008620257737023,A_normalized_signals,592,12,16.0,16.0,0.0
2025,13,00-0036970,Kyle Pitts,TE,ATL,15.2,7.419708365844613,A_normalized_signals,592,12,5.0,22.0,17.0
2025,13,00-0036887,Luke Farrell,TE,SF,0.0,2.402581483224018,A_normalized_signals,592,12,59.0,58.0,1.0
2025,13,00-0039144,Luke Musgrave,TE,GB,3.3,4.352825813094697,A_normalized_signals,592,12,38.0,43.0,5.0
2025,13,00-0038547,Luke Schoonmaker,TE,DAL,1.1,3.541008277104466,A_normalized_signals,592,12,58.0,48.0,10.0
2025,13,00-0034753,Mark Andrews,TE,BAL,8.7,9.894604655378927,A_normalized_signals,592,12,17.0,13.0,4.0
2025,13,00-0040736,Mason Taylor,TE,NYJ,4.1,7.024720614160681,A_normalized_signals,592,12,33.0,25.0,8.0
2025,13,00-0034829,Mike Gesicki,TE,CIN,3.9,5.597297567186282,A_normalized_signals,592,12,34.0,33.0,1.0
2025,13,00-0040187,Mitchell Evans,TE,CAR,5.0,2.9015236786925174,A_normalized_signals,592,12,30.0,55.0,25.0
2025,13,00-0040058,Nick Kallerup,TE,SEA,0.0,2.1806696243013017,A_normalized_signals,592,12,59.0,62.0,3.0
2025,13,00-0035644,Noah Fant,TE,CIN,1.3,4.831792816801294,A_normalized_signals,592,12,55.0,37.0,18.0
2025,13,00-0040189,Oronde Gadsden II,TE,LAC,3.7,9.313264405584059,A_normalized_signals,592,12,36.0,15.0,21.0
2025,13,00-0039050,Payne Durham,TE,TB,2.1,1.1681236025686421,A_normalized_signals,592,12,48.0,67.0,19.0
2025,13,00-0036590,Quintin Morris,TE,JAX,2.4,2.1961364129951435,A_normalized_signals,592,12,45.0,61.0,16.0
2025,13,00-0034073,Ross Dwelley,TE,DET,1.3,1.4216574027235998,A_normalized_signals,592,12,55.0,66.0,11.0
2025,13,00-0035229,T.J. Hockenson,TE,MIN,11.9,7.103459863157593,A_normalized_signals,592,12,12.0,24.0,12.0
2025,13,00-0034613,Tanner Hudson,TE,CIN,8.4,3.5889146562211054,A_normalized_signals,592,12,19.0,47.0,28.0
2025,13,00-0033357,Taysom Hill,TE,NO,1.7,10.294234451148693,A_normalized_signals,592,12,52.0,11.0,41.0
2025,13,00-0040737,Terrance Ferguson,TE,LA,0.0,4.148811296450031,A_normalized_signals,592,12,59.0,45.0,14.0
2025,13,00-0039847,Theo Johnson,TE,NYG,5.9,9.332522972400344,A_normalized_signals,592,12,27.0,14.0,13.0
2025,13,00-0037005,Tommy Tremble,TE,CAR,1.2,3.2512481837867178,A_normalized_signals,592,12,57.0,50.0,7.0
2025,13,00-0030506,Travis Kelce,TE,KC,15.5,11.304519621998091,A_normalized_signals,592,12,4.0,4.0,0.0
2025,13,00-0037744,Trey McBride,TE,ARI,22.2,15.333349696820557,A_normalized_signals,592,12,2.0,1.0,1.0
2025,13,00-0040128,Tyler Warren,TE,IND,11.2,12.256341239997571,A_normalized_signals,592,12,14.0,3.0,11.0
2025,13,00-0030061,Zach Ertz,TE,WAS,20.6,10.078501171460495,A_normalized_signals,592,12,3.0,12.0,9.0
2025,14,00-0039793,AJ Barner,TE,SEA,5.7,11.373117536250039,A_normalized_signals,663,13,21.0,6.0,15.0
2025,14,00-0036422,Adam Trautman,TE,DEN,3.7,3.2243784285417085,A_normalized_signals,663,13,29.0,48.0,19.0
2025,14,00-0037292,Andrew Ogletree,TE,IND,0.0,2.61964368315801,A_normalized_signals,663,13,57.0,57.0,0.0
2025,14,00-0033455,Anthony Firkser,TE,DET,1.7,3.0451070698394567,A_normalized_signals,663,13,49.0,51.0,2.0
2025,14,00-0039912,Ben Sinnott,TE,WAS,1.8,2.3453491689703414,A_normalized_signals,663,13,46.0,61.0,15.0
2025,14,00-0038710,Blake Whiteheart,TE,CLE,0.0,1.2197198961825857,A_normalized_signals,663,13,57.0,68.0,11.0
2025,14,00-0038935,Brenton Strange,TE,JAX,5.7,6.787444520585248,A_normalized_signals,663,13,21.0,27.0,6.0
2025,14,00-0039530,Brevyn Spann-Ford,TE,DAL,1.7,2.2292870983083475,A_normalized_signals,663,13,49.0,63.0,14.0
2025,14,00-0039338,Brock Bowers,TE,LV,14.6,13.204703657910589,A_normalized_signals,663,13,7.0,2.0,5.0
2025,14,00-0038129,Cade Otton,TE,TB,4.9,7.71369453775259,A_normalized_signals,663,13,24.0,20.0,4.0
2025,14,00-0038564,Cameron Latu,TE,PHI,0.0,0.9836555351962555,A_normalized_signals,663,13,57.0,71.0,14.0
2025,14,00-0038046,Charlie Kolar,TE,BAL,2.9,1.734952357631252,A_normalized_signals,663,13,34.0,64.0,30.0
2025,14,00-0037809,Chig Okonkwo,TE,TEN,4.0,6.684519974033066,A_normalized_signals,663,13,27.0,28.0,1.0
2025,14,00-0036244,Colby Parkinson,TE,LA,12.2,8.067780760397413,A_normalized_signals,663,13,11.0,18.0,7.0
2025,14,00-0036290,Cole Kmet,TE,CHI,6.2,5.521902295589816,A_normalized_signals,663,13,20.0,31.0,11.0
2025,14,00-0039686,Colson Yankoff,TE,WAS,0.0,1.608218912399119,A_normalized_signals,663,13,57.0,65.0,8.0
2025,14,00-0040126,Colston Loveland,TE,CHI,12.9,8.899548912124612,A_normalized_signals,663,13,9.0,16.0,7.0
2025,14,00-0034351,Dallas Goedert,TE,PHI,15.8,6.161286039087473,A_normalized_signals,663,13,4.0,30.0,26.0
2025,14,00-0038933,Dalton Kincaid,TE,BUF,14.1,7.438600287266851,A_normalized_signals,663,13,8.0,22.0,14.0
2025,14,00-0034383,Dalton Schultz,TE,HOU,5.2,10.746528415065258,A_normalized_signals,663,13,23.0,8.0,15.0
2025,14,00-0038558,Darnell Washington,TE,PIT,2.2,6.83097578683573,A_normalized_signals,663,13,41.0,26.0,15.0
2025,14,00-0031610,Darren Waller,TE,MIA,2.7,4.462435320933011,A_normalized_signals,663,13,37.0,39.0,2.0
2025,14,00-0039648,David Martin-Robinson,TE,TEN,1.6,0.9836555351962555,A_normalized_signals,663,13,52.0,71.0,19.0
2025,14,00-0033885,David Njoku,TE,CLE,7.1,4.638320807439504,A_normalized_signals,663,13,18.0,37.0,19.0
2025,14,00-0039074,Davis Allen,TE,LA,4.1,4.64094152547832,A_normalized_signals,663,13,26.0,36.0,10.0
2025,14,00-0035689,Dawson Knox,TE,BUF,15.3,6.667585380571747,A_normalized_signals,663,13,5.0,29.0,24.0
2025,14,00-0034798,Durham Smythe,TE,CHI,1.2,2.444262848356584,A_normalized_signals,663,13,54.0,60.0,6.0
2025,14,00-0040739,Elijah Arroyo,TE,SEA,0.0,3.0572361835678117,A_normalized_signals,663,13,57.0,49.0,8.0
2025,14,00-0039041,Elijah Higgins,TE,ARI,1.0,2.843611628019014,A_normalized_signals,663,13,56.0,54.0,2.0
2025,14,00-0033881,Evan Engram,TE,DEN,2.8,9.808607503795809,A_normalized_signals,663,13,36.0,13.0,23.0
2025,14,00-0036825,Feleipe Franks,TE,ATL,0.0,1.0374182910792418,A_normalized_signals,663,13,57.0,69.0,12.0
2025,14,00-0034981,Foster Moreau,TE,NO,2.6,3.7904596824087684,A_normalized_signals,663,13,38.0,42.0,4.0
2025,14,00-0037252,Greg Dulcich,TE,MIA,7.1,7.101783850517551,A_normalized_signals,663,13,18.0,25.0,7.0
2025,14,00-0040584,Gunnar Helm,TE,TEN,1.8,9.528629122590818,A_normalized_signals,663,13,46.0,14.0,32.0
2025,14,00-0040663,Harold Fannin Jr.,TE,CLE,25.4,11.103970895019925,A_normalized_signals,663,13,1.0,7.0,6.0
2025,14,00-0034365,Ian Thomas,TE,LV,3.7,3.6380697784161375,A_normalized_signals,663,13,29.0,46.0,17.0
2025,14,00-0037838,Isaiah Likely,TE,BAL,12.5,7.331898830339258,A_normalized_signals,663,13,10.0,24.0,14.0
2025,14,00-0036741,Jack Stoll,TE,NO,0.0,2.317993425111526,A_normalized_signals,663,13,57.0,62.0,5.0
2025,14,00-0040194,Jackson Hawes,TE,BUF,7.3,3.776840752715234,A_normalized_signals,663,13,17.0,43.0,26.0
2025,14,00-0038041,Jake Ferguson,TE,DAL,10.8,10.500335464180594,A_normalized_signals,663,13,12.0,9.0,3.0
2025,14,00-0037805,Jeremy Ruckert,TE,NYJ,3.9,5.3154712564066955,A_normalized_signals,663,13,28.0,32.0,4.0
2025,14,00-0036628,John Bates,TE,WAS,0.0,5.060059520698524,A_normalized_signals,663,13,57.0,34.0,23.0
2025,14,00-0037306,John FitzPatrick,TE,GB,3.4,3.023926977355501,A_normalized_signals,663,13,32.0,52.0,20.0
2025,14,00-0033858,Jonnu Smith,TE,PIT,0.0,5.145111783854562,A_normalized_signals,663,13,57.0,33.0,24.0
2025,14,00-0035249,Josh Oliver,TE,MIN,16.4,3.00071518878573,A_normalized_signals,663,13,3.0,53.0,50.0
2025,14,00-0038589,Josh Whyle,TE,GB,3.1,3.047774958518854,A_normalized_signals,663,13,33.0,50.0,17.0
2025,14,00-0036332,Josiah Deguara,TE,ARI,0.0,1.0165065684098589,A_normalized_signals,663,13,57.0,70.0,13.0
2025,14,00-0036040,Juwan Johnson,TE,NO,7.8,10.404708845452422,A_normalized_signals,663,13,16.0,10.0,6.0
2025,14,00-0036970,Kyle Pitts,TE,ATL,15.0,8.731251560769413,A_normalized_signals,663,13,6.0,17.0,11.0
2025,14,00-0036876,Kylen Granson,TE,PHI,0.0,1.4081967516321092,A_normalized_signals,663,13,57.0,67.0,10.0
2025,14,00-0039144,Luke Musgrave,TE,GB,4.2,3.6442428174613726,A_normalized_signals,663,13,25.0,45.0,20.0
2025,14,00-0038547,Luke Schoonmaker,TE,DAL,2.2,2.5348251648105045,A_normalized_signals,663,13,41.0,58.0,17.0
2025,14,00-0034753,Mark Andrews,TE,BAL,1.9,10.295563903295418,A_normalized_signals,663,13,45.0,11.0,34.0
2025,14,00-0040736,Mason Taylor,TE,NYJ,10.1,7.496937109241491,A_normalized_signals,663,13,14.0,21.0,7.0
2025,14,00-0034829,Mike Gesicki,TE,CIN,20.6,7.399648741298769,A_normalized_signals,663,13,2.0,23.0,21.0
2025,14,00-0033217,Mo Alie-Cox,TE,IND,0.0,2.505419493292789,A_normalized_signals,663,13,57.0,59.0,2.0
2025,14,00-0035644,Noah Fant,TE,CIN,2.5,4.510301495742512,A_normalized_signals,663,13,39.0,38.0,1.0
2025,14,00-0036637,Noah Gray,TE,KC,2.4,4.017230326500898,A_normalized_signals,663,13,40.0,41.0,1.0
2025,14,00-0040189,Oronde Gadsden II,TE,LAC,1.7,7.8016666729772535,A_normalized_signals,663,13,49.0,19.0,30.0
2025,14,00-0036894,Pat Freiermuth,TE,PIT,2.9,4.988253633490364,A_normalized_signals,663,13,34.0,35.0,1.0
2025,14,00-0039050,Payne Durham,TE,TB,0.0,1.4897312435401053,A_normalized_signals,663,13,57.0,66.0,9.0
2025,14,00-0033439,Pharaoh Brown,TE,ARI,0.0,0.9836555351962555,A_normalized_signals,663,13,57.0,71.0,14.0
2025,14,00-0036590,Quintin Morris,TE,JAX,0.0,3.336247657853062,A_normalized_signals,663,13,57.0,47.0,10.0
2025,14,00-0034073,Ross Dwelley,TE,DET,1.4,2.678779858526765,A_normalized_signals,663,13,53.0,55.0,2.0
2025,14,00-0037475,Stone Smartt,TE,NYJ,0.0,0.9836555351962555,A_normalized_signals,663,13,57.0,71.0,14.0
2025,14,00-0035229,T.J. Hockenson,TE,MIN,9.2,10.001583790860817,A_normalized_signals,663,13,15.0,12.0,3.0
2025,14,00-0034613,Tanner Hudson,TE,CIN,2.1,4.170380281550108,A_normalized_signals,663,13,43.0,40.0,3.0
2025,14,00-0033357,Taysom Hill,TE,NO,-0.1,9.027701265633489,A_normalized_signals,663,13,74.0,15.0,59.0
2025,14,00-0040737,Terrance Ferguson,TE,LA,0.0,3.7228928709796083,A_normalized_signals,663,13,57.0,44.0,13.0
2025,14,00-0030506,Travis Kelce,TE,KC,1.8,12.547160077510064,A_normalized_signals,663,13,46.0,5.0,41.0
2025,14,00-0037744,Trey McBride,TE,ARI,10.8,14.808601312587637,A_normalized_signals,663,13,12.0,1.0,11.0
2025,14,00-0040128,Tyler Warren,TE,IND,3.7,12.709163175709296,A_normalized_signals,663,13,29.0,4.0,25.0
2025,14,00-0034159,Will Dissly,TE,LAC,1.1,2.625122241546759,A_normalized_signals,663,13,55.0,56.0,1.0
2025,14,00-0030061,Zach Ertz,TE,WAS,2.1,13.082600634727022,A_normalized_signals,663,13,43.0,3.0,40.0
2025,15,00-0039793,AJ Barner,TE,SEA,5.7,8.93591208846463,A_normalized_signals,737,14,26.0,20.0,6.0
2025,15,00-0039912,Ben Sinnott,TE,WAS,4.6,3.9667447422334305,A_normalized_signals,737,14,32.0,43.0,11.0
2025,15,00-0039458,Brenden Bates,TE,CLE,0.0,4.117131248192062,A_normalized_signals,737,14,59.0,42.0,17.0
2025,15,00-0038935,Brenton Strange,TE,JAX,3.6,10.281835761454278,A_normalized_signals,737,14,39.0,12.0,27.0
2025,15,00-0039530,Brevyn Spann-Ford,TE,DAL,0.0,2.1652334990467788,A_normalized_signals,737,14,59.0,58.0,1.0
2025,15,00-0039338,Brock Bowers,TE,LV,8.8,12.686134594610575,A_normalized_signals,737,14,18.0,6.0,12.0
2025,15,00-0039359,Cade Stover,TE,HOU,5.2,6.054745018585535,A_normalized_signals,737,14,28.0,30.0,2.0
2025,15,00-0038046,Charlie Kolar,TE,BAL,0.0,1.7799382496678282,A_normalized_signals,737,14,59.0,61.0,2.0
2025,15,00-0036429,Charlie Woerner,TE,ATL,3.2,3.429747136234414,A_normalized_signals,737,14,43.0,47.0,4.0
2025,15,00-0037809,Chig Okonkwo,TE,TEN,7.3,6.596243116406355,A_normalized_signals,737,14,21.0,28.0,7.0
2025,15,00-0036244,Colby Parkinson,TE,LA,24.5,10.183635256396293,A_normalized_signals,737,14,5.0,13.0,8.0
2025,15,00-0036290,Cole Kmet,TE,CHI,4.8,5.409232788247131,A_normalized_signals,737,14,30.0,32.0,2.0
2025,15,00-0039686,Colson Yankoff,TE,WAS,0.0,2.824975355809518,A_normalized_signals,737,14,59.0,52.0,7.0
2025,15,00-0040126,Colston Loveland,TE,CHI,10.1,10.490669890987991,A_normalized_signals,737,14,15.0,10.0,5.0
2025,15,00-0034351,Dallas Goedert,TE,PHI,25.0,7.975948654318187,A_normalized_signals,737,14,4.0,24.0,20.0
2025,15,00-0038933,Dalton Kincaid,TE,BUF,6.4,10.301387253660398,A_normalized_signals,737,14,25.0,11.0,14.0
2025,15,00-0034383,Dalton Schultz,TE,HOU,21.6,8.858980414605533,A_normalized_signals,737,14,7.0,21.0,14.0
2025,15,00-0038115,Daniel Bellinger,TE,NYG,6.5,3.1773359410417807,A_normalized_signals,737,14,24.0,49.0,25.0
2025,15,00-0038558,Darnell Washington,TE,PIT,5.5,4.871052516480727,A_normalized_signals,737,14,27.0,35.0,8.0
2025,15,00-0031610,Darren Waller,TE,MIA,25.6,4.729207423556393,A_normalized_signals,737,14,3.0,36.0,33.0
2025,15,00-0039648,David Martin-Robinson,TE,TEN,0.0,0.9457478923238614,A_normalized_signals,737,14,59.0,69.0,10.0
2025,15,00-0039074,Davis Allen,TE,LA,4.6,4.474795922971074,A_normalized_signals,737,14,32.0,39.0,7.0
2025,15,00-0035689,Dawson Knox,TE,BUF,18.7,9.900533537935653,A_normalized_signals,737,14,8.0,16.0,8.0
2025,15,00-0039754,Devin Culp,TE,TB,7.6,1.0762907050738881,A_normalized_signals,737,14,19.0,66.0,47.0
2025,15,00-0035631,Drew Sample,TE,CIN,3.2,2.0810107289574558,A_normalized_signals,737,14,43.0,59.0,16.0
2025,15,00-0034798,Durham Smythe,TE,CHI,0.0,3.477766586730206,A_normalized_signals,737,14,59.0,46.0,13.0
2025,15,00-0039041,Elijah Higgins,TE,ARI,1.3,1.8418786667106741,A_normalized_signals,737,14,57.0,60.0,3.0
2025,15,00-0033576,Eric Saubert,TE,SEA,1.9,1.3813240481585993,A_normalized_signals,737,14,52.0,64.0,12.0
2025,15,00-0033881,Evan Engram,TE,DEN,2.2,8.20224508969523,A_normalized_signals,737,14,49.0,22.0,27.0
2025,15,00-0033288,George Kittle,TE,SF,22.8,14.38429263538632,A_normalized_signals,737,14,6.0,2.0,4.0
2025,15,00-0037086,Grant Calcaterra,TE,PHI,1.4,2.794518998562495,A_normalized_signals,737,14,56.0,53.0,3.0
2025,15,00-0037252,Greg Dulcich,TE,MIA,6.6,7.601961209494389,A_normalized_signals,737,14,23.0,25.0,2.0
2025,15,00-0040584,Gunnar Helm,TE,TEN,14.9,8.150257592643293,A_normalized_signals,737,14,9.0,23.0,14.0
2025,15,00-0040663,Harold Fannin Jr.,TE,CLE,12.0,14.750594006341595,A_normalized_signals,737,14,11.0,1.0,10.0
2025,15,00-0033090,Hunter Henry,TE,NE,2.8,13.468508700870256,A_normalized_signals,737,14,46.0,4.0,42.0
2025,15,00-0039356,Ja'Tavion Sanders,TE,CAR,2.5,2.705767296031823,A_normalized_signals,737,14,48.0,54.0,6.0
2025,15,00-0036741,Jack Stoll,TE,NO,1.7,2.301607849908114,A_normalized_signals,737,14,54.0,57.0,3.0
2025,15,00-0040194,Jackson Hawes,TE,BUF,1.9,4.216316347421688,A_normalized_signals,737,14,52.0,41.0,11.0
2025,15,00-0038041,Jake Ferguson,TE,DAL,3.6,11.144472642905816,A_normalized_signals,737,14,39.0,8.0,31.0
2025,15,00-0037805,Jeremy Ruckert,TE,NYJ,3.3,6.343426010357893,A_normalized_signals,737,14,41.0,29.0,12.0
2025,15,00-0036628,John Bates,TE,WAS,2.9,2.4514566869814236,A_normalized_signals,737,14,45.0,55.0,10.0
2025,15,00-0037306,John FitzPatrick,TE,GB,4.8,3.3876651089631613,A_normalized_signals,737,14,30.0,48.0,18.0
2025,15,00-0033858,Jonnu Smith,TE,PIT,10.6,4.527822336433152,A_normalized_signals,737,14,12.0,38.0,26.0
2025,15,00-0035249,Josh Oliver,TE,MIN,2.8,4.656096221130312,A_normalized_signals,737,14,46.0,37.0,9.0
2025,15,00-0038720,Julian Hill,TE,MIA,4.5,3.143761704465378,A_normalized_signals,737,14,35.0,50.0,15.0
2025,15,00-0036040,Juwan Johnson,TE,NO,7.0,10.641914036266261,A_normalized_signals,737,14,22.0,9.0,13.0
2025,15,00-0036970,Kyle Pitts,TE,ATL,45.6,13.231087876396272,A_normalized_signals,737,14,1.0,5.0,4.0
2025,15,00-0036876,Kylen Granson,TE,PHI,0.0,1.2499326035675375,A_normalized_signals,737,14,59.0,65.0,6.0
2025,15,00-0039144,Luke Musgrave,TE,GB,9.2,4.872422358134397,A_normalized_signals,737,14,17.0,34.0,17.0
2025,15,00-0038547,Luke Schoonmaker,TE,DAL,3.9,2.4074451441259654,A_normalized_signals,737,14,37.0,56.0,19.0
2025,15,00-0034753,Mark Andrews,TE,BAL,3.8,8.973448971653895,A_normalized_signals,737,14,38.0,19.0,19.0
2025,15,00-0039066,Michael Mayer,TE,LV,0.0,5.5321359086867545,A_normalized_signals,737,14,59.0,31.0,28.0
2025,15,00-0034829,Mike Gesicki,TE,CIN,2.1,9.163100936127892,A_normalized_signals,737,14,50.0,18.0,32.0
2025,15,00-0040187,Mitchell Evans,TE,CAR,0.0,4.2960550546729195,A_normalized_signals,737,14,59.0,40.0,19.0
2025,15,00-0040058,Nick Kallerup,TE,SEA,0.0,1.6834387921508513,A_normalized_signals,737,14,59.0,63.0,4.0
2025,15,00-0040189,Oronde Gadsden II,TE,LAC,10.1,6.971690213697658,A_normalized_signals,737,14,15.0,26.0,11.0
2025,15,00-0036894,Pat Freiermuth,TE,PIT,7.5,5.195941573112571,A_normalized_signals,737,14,20.0,33.0,13.0
2025,15,00-0033439,Pharaoh Brown,TE,ARI,2.1,1.0762907050738881,A_normalized_signals,737,14,50.0,66.0,16.0
2025,15,00-0036590,Quintin Morris,TE,JAX,4.0,1.7295647868969923,A_normalized_signals,737,14,36.0,62.0,26.0
2025,15,00-0037475,Stone Smartt,TE,NYJ,0.0,1.0580095133606295,A_normalized_signals,737,14,59.0,68.0,9.0
2025,15,00-0035229,T.J. Hockenson,TE,MIN,10.6,10.083427089983727,A_normalized_signals,737,14,12.0,15.0,3.0
2025,15,00-0034613,Tanner Hudson,TE,CIN,4.6,3.5548291134013263,A_normalized_signals,737,14,32.0,45.0,13.0
2025,15,00-0033357,Taysom Hill,TE,NO,0.2,6.943831263563925,A_normalized_signals,737,14,58.0,27.0,31.0
2025,15,00-0040737,Terrance Ferguson,TE,LA,1.6,3.004260588506945,A_normalized_signals,737,14,55.0,51.0,4.0
2025,15,00-0039847,Theo Johnson,TE,NYG,10.2,10.100350224958476,A_normalized_signals,737,14,14.0,14.0,0.0
2025,15,00-0037005,Tommy Tremble,TE,CAR,3.3,3.9237822855064195,A_normalized_signals,737,14,41.0,44.0,3.0
2025,15,00-0030506,Travis Kelce,TE,KC,14.0,9.450900596335115,A_normalized_signals,737,14,10.0,17.0,7.0
2025,15,00-0037744,Trey McBride,TE,ARI,37.4,14.12114545581947,A_normalized_signals,737,14,2.0,3.0,1.0
2025,15,00-0040128,Tyler Warren,TE,IND,4.9,11.15371778888248,A_normalized_signals,737,14,29.0,7.0,22.0
2025,16,00-0039793,AJ Barner,TE,SEA,15.0,8.734152097910904,A_normalized_signals,806,15,9.0,19.0,10.0
2025,16,00-0036422,Adam Trautman,TE,DEN,3.4,3.8925810334605657,A_normalized_signals,806,15,40.0,47.0,7.0
2025,16,00-0037292,Andrew Ogletree,TE,IND,2.1,2.2398092951301654,A_normalized_signals,806,15,47.0,66.0,19.0
2025,16,00-0033455,Anthony Firkser,TE,DET,8.0,2.8230952713731066,A_normalized_signals,806,15,18.0,54.0,36.0
2025,16,00-0032392,Austin Hooper,TE,NE,5.4,3.300559460306523,A_normalized_signals,806,15,29.0,51.0,22.0
2025,16,00-0039912,Ben Sinnott,TE,WAS,1.5,3.686653321699202,A_normalized_signals,806,15,54.0,49.0,5.0
2025,16,00-0039458,Brenden Bates,TE,CLE,0.0,1.9862123565676588,A_normalized_signals,806,15,62.0,67.0,5.0
2025,16,00-0038935,Brenton Strange,TE,JAX,14.9,7.446337347908495,A_normalized_signals,806,15,10.0,23.0,13.0
2025,16,00-0039530,Brevyn Spann-Ford,TE,DAL,0.0,1.3597626532806157,A_normalized_signals,806,15,62.0,71.0,9.0
2025,16,00-0039338,Brock Bowers,TE,LV,14.3,11.365428324903506,A_normalized_signals,806,15,12.0,7.0,5.0
2025,16,00-0038129,Cade Otton,TE,TB,3.5,6.859379391841986,A_normalized_signals,806,15,39.0,27.0,12.0
2025,16,00-0039359,Cade Stover,TE,HOU,2.7,5.399578412262924,A_normalized_signals,806,15,46.0,35.0,11.0
2025,16,00-0039631,Cam Grandy,TE,CIN,1.1,2.4797052021163464,A_normalized_signals,806,15,61.0,61.0,0.0
2025,16,00-0040488,Carter Runyon,TE,LV,0.0,1.5553166459652994,A_normalized_signals,806,15,62.0,70.0,8.0
2025,16,00-0038046,Charlie Kolar,TE,BAL,2.8,1.6745729540218282,A_normalized_signals,806,15,44.0,68.0,24.0
2025,16,00-0036429,Charlie Woerner,TE,ATL,1.3,4.284231262850931,A_normalized_signals,806,15,59.0,40.0,19.0
2025,16,00-0037809,Chig Okonkwo,TE,TEN,16.4,7.237987315532197,A_normalized_signals,806,15,6.0,24.0,18.0
2025,16,00-0031484,Chris Manhertz,TE,NYG,0.0,1.3145787282035728,A_normalized_signals,806,15,62.0,72.0,10.0
2025,16,00-0036244,Colby Parkinson,TE,LA,4.1,10.049590768214165,A_normalized_signals,806,15,36.0,11.0,25.0
2025,16,00-0036290,Cole Kmet,TE,CHI,3.4,6.649077472926412,A_normalized_signals,806,15,40.0,28.0,12.0
2025,16,00-0040126,Colston Loveland,TE,CHI,6.0,9.515174338876392,A_normalized_signals,806,15,24.0,13.0,11.0
2025,16,00-0034351,Dallas Goedert,TE,PHI,12.2,12.32251185848389,A_normalized_signals,806,15,15.0,5.0,10.0
2025,16,00-0038933,Dalton Kincaid,TE,BUF,0.0,7.4620235925030265,A_normalized_signals,806,15,62.0,22.0,40.0
2025,16,00-0034383,Dalton Schultz,TE,HOU,14.5,11.740495081754709,A_normalized_signals,806,15,11.0,6.0,5.0
2025,16,00-0038558,Darnell Washington,TE,PIT,6.6,5.711621141476402,A_normalized_signals,806,15,23.0,34.0,11.0
2025,16,00-0031610,Darren Waller,TE,MIA,7.0,9.644619044956471,A_normalized_signals,806,15,20.0,12.0,8.0
2025,16,00-0039648,David Martin-Robinson,TE,TEN,0.0,0.9619958641907844,A_normalized_signals,806,15,62.0,77.0,15.0
2025,16,00-0039074,Davis Allen,TE,LA,5.4,4.004445717917958,A_normalized_signals,806,15,29.0,45.0,16.0
2025,16,00-0035689,Dawson Knox,TE,BUF,2.0,10.092710399039104,A_normalized_signals,806,15,48.0,10.0,38.0
2025,16,00-0035631,Drew Sample,TE,CIN,5.1,3.348257143126665,A_normalized_signals,806,15,32.0,50.0,18.0
2025,16,00-0039041,Elijah Higgins,TE,ARI,16.1,2.895500155048008,A_normalized_signals,806,15,7.0,53.0,46.0
2025,16,00-0033576,Eric Saubert,TE,SEA,0.0,1.0137973187158436,A_normalized_signals,806,15,62.0,76.0,14.0
2025,16,00-0033881,Evan Engram,TE,DEN,5.6,6.164143671908368,A_normalized_signals,806,15,28.0,31.0,3.0
2025,16,00-0034981,Foster Moreau,TE,NO,1.5,2.6733733487554683,A_normalized_signals,806,15,54.0,57.0,3.0
2025,16,00-0033288,George Kittle,TE,SF,24.5,13.68117896097972,A_normalized_signals,806,15,1.0,4.0,3.0
2025,16,00-0037252,Greg Dulcich,TE,MIA,7.6,5.868007250171495,A_normalized_signals,806,15,19.0,33.0,14.0
2025,16,00-0040584,Gunnar Helm,TE,TEN,2.9,7.19678345383796,A_normalized_signals,806,15,43.0,25.0,18.0
2025,16,00-0040663,Harold Fannin Jr.,TE,CLE,19.5,16.01738218702466,A_normalized_signals,806,15,2.0,2.0,0.0
2025,16,00-0033090,Hunter Henry,TE,NE,15.5,10.323846195382211,A_normalized_signals,806,15,8.0,9.0,1.0
2025,16,00-0037838,Isaiah Likely,TE,BAL,0.0,8.807527289631272,A_normalized_signals,806,15,62.0,18.0,44.0
2025,16,00-0039356,Ja'Tavion Sanders,TE,CAR,8.9,2.282803585237243,A_normalized_signals,806,15,16.0,64.0,48.0
2025,16,00-0036741,Jack Stoll,TE,NO,1.4,2.5546719830371636,A_normalized_signals,806,15,57.0,59.0,2.0
2025,16,00-0040194,Jackson Hawes,TE,BUF,4.6,3.2123868010000143,A_normalized_signals,806,15,34.0,52.0,18.0
2025,16,00-0038041,Jake Ferguson,TE,DAL,4.9,7.733061119416919,A_normalized_signals,806,15,33.0,21.0,12.0
2025,16,00-0037112,Jake Tonges,TE,SF,1.7,4.507253358178292,A_normalized_signals,806,15,50.0,39.0,11.0
2025,16,00-0037805,Jeremy Ruckert,TE,NYJ,3.4,4.714502269524564,A_normalized_signals,806,15,40.0,38.0,2.0
2025,16,00-0036628,John Bates,TE,WAS,0.0,2.245301198007194,A_normalized_signals,806,15,62.0,65.0,3.0
2025,16,00-0037306,John FitzPatrick,TE,GB,0.0,3.952609240466575,A_normalized_signals,806,15,62.0,46.0,16.0
2025,16,00-0033858,Jonnu Smith,TE,PIT,2.8,4.160651771868823,A_normalized_signals,806,15,44.0,42.0,2.0
2025,16,00-0035249,Josh Oliver,TE,MIN,3.9,4.08424094700387,A_normalized_signals,806,15,37.0,43.0,6.0
2025,16,00-0036332,Josiah Deguara,TE,ARI,0.0,1.1254022244464226,A_normalized_signals,806,15,62.0,74.0,12.0
2025,16,00-0036040,Juwan Johnson,TE,NO,16.9,9.268182231444678,A_normalized_signals,806,15,5.0,15.0,10.0
2025,16,00-0036970,Kyle Pitts,TE,ATL,18.7,16.360756562349298,A_normalized_signals,806,15,3.0,1.0,2.0
2025,16,00-0036876,Kylen Granson,TE,PHI,0.0,1.292799019541515,A_normalized_signals,806,15,62.0,73.0,11.0
2025,16,00-0036887,Luke Farrell,TE,SF,0.0,1.584765194157126,A_normalized_signals,806,15,62.0,69.0,7.0
2025,16,00-0039144,Luke Musgrave,TE,GB,6.8,6.200411770671346,A_normalized_signals,806,15,21.0,30.0,9.0
2025,16,00-0034753,Mark Andrews,TE,BAL,4.4,8.168681802298599,A_normalized_signals,806,15,35.0,20.0,15.0
2025,16,00-0039066,Michael Mayer,TE,LV,2.0,2.4434799842979285,A_normalized_signals,806,15,48.0,62.0,14.0
2025,16,00-0034829,Mike Gesicki,TE,CIN,12.5,6.162659380528733,A_normalized_signals,806,15,13.0,32.0,19.0
2025,16,00-0040187,Mitchell Evans,TE,CAR,5.3,2.685530550434042,A_normalized_signals,806,15,31.0,56.0,25.0
2025,16,00-0033217,Mo Alie-Cox,TE,IND,3.6,2.4032054705069896,A_normalized_signals,806,15,38.0,63.0,25.0
2025,16,00-0038783,Nate Adkins,TE,DEN,0.0,3.862443437293691,A_normalized_signals,806,15,62.0,48.0,14.0
2025,16,00-0036637,Noah Gray,TE,KC,0.0,5.104263610430168,A_normalized_signals,806,15,62.0,37.0,25.0
2025,16,00-0040189,Oronde Gadsden II,TE,LAC,1.7,6.87461729758871,A_normalized_signals,806,15,50.0,26.0,24.0
2025,16,00-0036894,Pat Freiermuth,TE,PIT,6.0,6.451613797127537,A_normalized_signals,806,15,24.0,29.0,5.0
2025,16,00-0036590,Quintin Morris,TE,JAX,1.5,2.5858789321828417,A_normalized_signals,806,15,54.0,58.0,4.0
2025,16,00-0037475,Stone Smartt,TE,NYJ,8.4,1.0273964117203016,A_normalized_signals,806,15,17.0,75.0,58.0
2025,16,00-0035229,T.J. Hockenson,TE,MIN,1.2,9.16541807715689,A_normalized_signals,806,15,60.0,17.0,43.0
2025,16,00-0034613,Tanner Hudson,TE,CIN,1.4,4.246036785206633,A_normalized_signals,806,15,57.0,41.0,16.0
2025,16,00-0033357,Taysom Hill,TE,NO,17.32,4.005950156568489,A_normalized_signals,806,15,4.0,44.0,40.0
2025,16,00-0040737,Terrance Ferguson,TE,LA,12.3,2.7004410942053405,A_normalized_signals,806,15,14.0,55.0,41.0
2025,16,00-0039847,Theo Johnson,TE,NYG,0.0,9.378890152831156,A_normalized_signals,806,15,62.0,14.0,48.0
2025,16,00-0037005,Tommy Tremble,TE,CAR,1.6,5.292604598492853,A_normalized_signals,806,15,52.0,36.0,16.0
2025,16,00-0030506,Travis Kelce,TE,KC,1.6,10.382942891950265,A_normalized_signals,806,15,52.0,8.0,44.0
2025,16,00-0037744,Trey McBride,TE,ARI,6.7,15.13260459100826,A_normalized_signals,806,15,22.0,3.0,19.0
2025,16,00-0040128,Tyler Warren,TE,IND,6.0,9.25103320668225,A_normalized_signals,806,15,24.0,16.0,8.0
2025,16,00-0034159,Will Dissly,TE,LAC,5.8,2.5107786671256664,A_normalized_signals,806,15,27.0,60.0,33.0
2025,17,00-0039793,AJ Barner,TE,SEA,13.3,8.667632528372081,A_normalized_signals,883,16,10.0,13.0,3.0
2025,17,00-0036422,Adam Trautman,TE,DEN,4.4,4.764467383792496,A_normalized_signals,883,16,32.0,33.0,1.0
2025,17,00-0033455,Anthony Firkser,TE,DET,0.0,3.1044934824491452,A_normalized_signals,883,16,57.0,49.0,8.0
2025,17,00-0032392,Austin Hooper,TE,NE,9.1,4.435958402114623,A_normalized_signals,883,16,18.0,36.0,18.0
2025,17,00-0038809,Ben Sims,TE,MIN,1.3,2.5885019252989583,A_normalized_signals,883,16,51.0,56.0,5.0
2025,17,00-0039912,Ben Sinnott,TE,WAS,5.9,3.660565121971376,A_normalized_signals,883,16,28.0,42.0,14.0
2025,17,00-0038710,Blake Whiteheart,TE,CLE,0.0,1.092602822511247,A_normalized_signals,883,16,57.0,66.0,9.0
2025,17,00-0038643,Brayden Willis,TE,SF,0.0,0.9863762029508755,A_normalized_signals,883,16,57.0,68.0,11.0
2025,17,00-0039458,Brenden Bates,TE,CLE,2.9,1.7861635012615853,A_normalized_signals,883,16,41.0,63.0,22.0
2025,17,00-0038935,Brenton Strange,TE,JAX,8.4,7.825681341564251,A_normalized_signals,883,16,20.0,17.0,3.0
2025,17,00-0039530,Brevyn Spann-Ford,TE,DAL,4.1,1.433332134811768,A_normalized_signals,883,16,33.0,65.0,32.0
2025,17,00-0038129,Cade Otton,TE,TB,7.3,4.991761179726561,A_normalized_signals,883,16,24.0,28.0,4.0
2025,17,00-0038046,Charlie Kolar,TE,BAL,0.0,1.9593688722828522,A_normalized_signals,883,16,57.0,62.0,5.0
2025,17,00-0036429,Charlie Woerner,TE,ATL,0.0,3.985919258416625,A_normalized_signals,883,16,57.0,39.0,18.0
2025,17,00-0037809,Chig Okonkwo,TE,TEN,14.5,8.77817506130959,A_normalized_signals,883,16,6.0,12.0,6.0
2025,17,00-0036244,Colby Parkinson,TE,LA,11.3,8.170802421094658,A_normalized_signals,883,16,12.0,15.0,3.0
2025,17,00-0036290,Cole Kmet,TE,CHI,3.6,5.992177394236086,A_normalized_signals,883,16,36.0,24.0,12.0
2025,17,00-0040126,Colston Loveland,TE,CHI,21.4,9.100499847555724,A_normalized_signals,883,16,2.0,10.0,8.0
2025,17,00-0034351,Dallas Goedert,TE,PHI,9.8,12.113833367260161,A_normalized_signals,883,16,15.0,4.0,11.0
2025,17,00-0034383,Dalton Schultz,TE,HOU,4.9,10.298483758641718,A_normalized_signals,883,16,31.0,6.0,25.0
2025,17,00-0038115,Daniel Bellinger,TE,NYG,3.1,3.5849763818209643,A_normalized_signals,883,16,40.0,43.0,3.0
2025,17,00-0038558,Darnell Washington,TE,PIT,3.5,4.926131790481,A_normalized_signals,883,16,38.0,30.0,8.0
2025,17,00-0031610,Darren Waller,TE,MIA,1.0,9.956444703414466,A_normalized_signals,883,16,56.0,7.0,49.0
2025,17,00-0039648,David Martin-Robinson,TE,TEN,1.9,1.0326831245666428,A_normalized_signals,883,16,44.0,67.0,23.0
2025,17,00-0035689,Dawson Knox,TE,BUF,8.0,8.141330825076926,A_normalized_signals,883,16,21.0,16.0,5.0
2025,17,00-0035631,Drew Sample,TE,CIN,1.8,4.424961505723409,A_normalized_signals,883,16,45.0,37.0,8.0
2025,17,00-0034798,Durham Smythe,TE,CHI,2.1,1.5383158815699782,A_normalized_signals,883,16,43.0,64.0,21.0
2025,17,00-0039041,Elijah Higgins,TE,ARI,0.0,5.627818968237232,A_normalized_signals,883,16,57.0,27.0,30.0
2025,17,00-0033576,Eric Saubert,TE,SEA,0.0,0.9536024815210766,A_normalized_signals,883,16,57.0,72.0,15.0
2025,17,00-0033881,Evan Engram,TE,DEN,6.1,4.687724889457183,A_normalized_signals,883,16,27.0,34.0,7.0
2025,17,00-0035956,Giovanni Ricci,TE,DET,0.0,0.9863762029508755,A_normalized_signals,883,16,57.0,68.0,11.0
2025,17,00-0037086,Grant Calcaterra,TE,PHI,1.3,2.6170434741565414,A_normalized_signals,883,16,51.0,55.0,4.0
2025,17,00-0037252,Greg Dulcich,TE,MIA,16.1,6.077046550141919,A_normalized_signals,883,16,5.0,23.0,18.0
2025,17,00-0040584,Gunnar Helm,TE,TEN,1.1,5.6286948833736234,A_normalized_signals,883,16,55.0,26.0,29.0
2025,17,00-0040663,Harold Fannin Jr.,TE,CLE,11.0,16.233002567031296,A_normalized_signals,883,16,13.0,2.0,11.0
2025,17,00-0033090,Hunter Henry,TE,NE,13.9,8.202564580118802,A_normalized_signals,883,16,7.0,14.0,7.0
2025,17,00-0037838,Isaiah Likely,TE,BAL,5.7,6.4930722262445455,A_normalized_signals,883,16,29.0,21.0,8.0
2025,17,00-0038041,Jake Ferguson,TE,DAL,7.6,6.865052716842698,A_normalized_signals,883,16,23.0,20.0,3.0
2025,17,00-0037112,Jake Tonges,TE,SF,19.0,2.0196126514859216,A_normalized_signals,883,16,3.0,60.0,57.0
2025,17,00-0037755,Jelani Woods,TE,NYJ,1.4,2.7712507500432824,A_normalized_signals,883,16,50.0,52.0,2.0
2025,17,00-0037805,Jeremy Ruckert,TE,NYJ,1.2,4.824901365911174,A_normalized_signals,883,16,53.0,32.0,21.0
2025,17,00-0033246,Johnny Mundt,TE,JAX,0.0,4.890657856428239,A_normalized_signals,883,16,57.0,31.0,26.0
2025,17,00-0033858,Jonnu Smith,TE,PIT,7.7,4.330066162680603,A_normalized_signals,883,16,22.0,38.0,16.0
2025,17,00-0035249,Josh Oliver,TE,MIN,1.8,4.944408190294556,A_normalized_signals,883,16,45.0,29.0,16.0
2025,17,00-0038589,Josh Whyle,TE,GB,1.8,2.6683564726128433,A_normalized_signals,883,16,45.0,54.0,9.0
2025,17,00-0036332,Josiah Deguara,TE,ARI,0.0,2.251079531860295,A_normalized_signals,883,16,57.0,59.0,2.0
2025,17,00-0038720,Julian Hill,TE,MIA,2.6,3.2493068311879965,A_normalized_signals,883,16,42.0,46.0,4.0
2025,17,00-0036040,Juwan Johnson,TE,NO,13.5,8.88632605671193,A_normalized_signals,883,16,8.0,11.0,3.0
2025,17,00-0040363,Keleki Latu,TE,BUF,0.0,2.2516735320808907,A_normalized_signals,883,16,57.0,58.0,1.0
2025,17,00-0036970,Kyle Pitts,TE,ATL,3.6,16.389165072635453,A_normalized_signals,883,16,36.0,1.0,35.0
2025,17,00-0036876,Kylen Granson,TE,PHI,0.0,0.9863762029508755,A_normalized_signals,883,16,57.0,68.0,11.0
2025,17,00-0038547,Luke Schoonmaker,TE,DAL,3.5,2.7276467365466095,A_normalized_signals,883,16,38.0,53.0,15.0
2025,17,00-0034753,Mark Andrews,TE,BAL,6.8,7.404958068010051,A_normalized_signals,883,16,25.0,18.0,7.0
2025,17,00-0039066,Michael Mayer,TE,LV,17.9,2.5238064501873465,A_normalized_signals,883,16,4.0,57.0,53.0
2025,17,00-0034829,Mike Gesicki,TE,CIN,6.7,7.119434199057206,A_normalized_signals,883,16,26.0,19.0,7.0
2025,17,00-0040187,Mitchell Evans,TE,CAR,1.6,3.852559508263401,A_normalized_signals,883,16,48.0,40.0,8.0
2025,17,00-0033217,Mo Alie-Cox,TE,IND,11.0,2.9691754098343623,A_normalized_signals,883,16,13.0,51.0,38.0
2025,17,00-0035644,Noah Fant,TE,CIN,0.0,3.020194704504754,A_normalized_signals,883,16,57.0,50.0,7.0
2025,17,00-0036637,Noah Gray,TE,KC,1.2,3.5204563340219104,A_normalized_signals,883,16,53.0,45.0,8.0
2025,17,00-0040189,Oronde Gadsden II,TE,LAC,12.2,5.978534240434694,A_normalized_signals,883,16,11.0,25.0,14.0
2025,17,00-0036894,Pat Freiermuth,TE,PIT,9.3,6.449458622134688,A_normalized_signals,883,16,16.0,22.0,6.0
2025,17,00-0036590,Quintin Morris,TE,JAX,0.0,1.9617363414138222,A_normalized_signals,883,16,57.0,61.0,4.0
2025,17,00-0037475,Stone Smartt,TE,NYJ,3.8,3.175720672087536,A_normalized_signals,883,16,35.0,47.0,12.0
2025,17,00-0034613,Tanner Hudson,TE,CIN,5.1,3.5471837376286777,A_normalized_signals,883,16,30.0,44.0,14.0
2025,17,00-0033357,Taysom Hill,TE,NO,0.0,10.789449815920754,A_normalized_signals,883,16,57.0,5.0,52.0
2025,17,00-0037277,Teagan Quitoriano,TE,ATL,0.0,0.9863762029508755,A_normalized_signals,883,16,57.0,68.0,11.0
2025,17,00-0040737,Terrance Ferguson,TE,LA,13.4,3.741063485549139,A_normalized_signals,883,16,9.0,41.0,32.0
2025,17,00-0037005,Tommy Tremble,TE,CAR,1.6,4.662863362579265,A_normalized_signals,883,16,48.0,35.0,13.0
2025,17,00-0030506,Travis Kelce,TE,KC,8.6,9.110877581501503,A_normalized_signals,883,16,19.0,9.0,10.0
2025,17,00-0037744,Trey McBride,TE,ARI,23.6,13.572529925209935,A_normalized_signals,883,16,1.0,3.0,2.0
2025,17,00-0040128,Tyler Warren,TE,IND,9.3,9.60812917360918,A_normalized_signals,883,16,16.0,8.0,8.0
2025,17,00-0034159,Will Dissly,TE,LAC,3.9,3.121331054442904,A_normalized_signals,883,16,34.0,48.0,14.0
2025,18,00-0039793,AJ Barner,TE,SEA,3.4,9.347918156419857,A_normalized_signals,955,17,38.0,10.0,28.0
2025,18,00-0033455,Anthony Firkser,TE,DET,2.2,3.2536467442274644,A_normalized_signals,955,17,46.0,48.0,2.0
2025,18,00-0032392,Austin Hooper,TE,NE,1.5,6.25275103321089,A_normalized_signals,955,17,55.0,24.0,31.0
2025,18,00-0038809,Ben Sims,TE,MIN,2.8,3.577383756198772,A_normalized_signals,955,17,42.0,46.0,4.0
2025,18,00-0039912,Ben Sinnott,TE,WAS,2.3,5.297178431724838,A_normalized_signals,955,17,45.0,33.0,12.0
2025,18,00-0040509,Ben Yurosek,TE,MIN,1.9,1.413625876249127,A_normalized_signals,955,17,49.0,65.0,16.0
2025,18,00-0038710,Blake Whiteheart,TE,CLE,0.0,1.5552322003827537,A_normalized_signals,955,17,63.0,62.0,1.0
2025,18,00-0039458,Brenden Bates,TE,CLE,1.6,1.8032219721825586,A_normalized_signals,955,17,52.0,59.0,7.0
2025,18,00-0038935,Brenton Strange,TE,JAX,17.2,8.025229243576511,A_normalized_signals,955,17,5.0,14.0,9.0
2025,18,00-0039530,Brevyn Spann-Ford,TE,DAL,5.0,1.928463305125768,A_normalized_signals,955,17,32.0,58.0,26.0
2025,18,00-0038129,Cade Otton,TE,TB,22.4,5.726742079926751,A_normalized_signals,955,17,2.0,30.0,28.0
2025,18,00-0039359,Cade Stover,TE,HOU,1.9,6.294626379719749,A_normalized_signals,955,17,49.0,23.0,26.0
2025,18,00-0038564,Cameron Latu,TE,PHI,0.0,1.115276794685034,A_normalized_signals,955,17,63.0,70.0,7.0
2025,18,00-0037809,Chig Okonkwo,TE,TEN,2.2,11.608525105477396,A_normalized_signals,955,17,46.0,4.0,42.0
2025,18,00-0031484,Chris Manhertz,TE,NYG,0.0,1.1401009031034548,A_normalized_signals,955,17,63.0,68.0,5.0
2025,18,00-0036244,Colby Parkinson,TE,LA,19.6,9.227859880101246,A_normalized_signals,955,17,4.0,12.0,8.0
2025,18,00-0036290,Cole Kmet,TE,CHI,3.6,5.800461654227848,A_normalized_signals,955,17,37.0,27.0,10.0
2025,18,00-0040126,Colston Loveland,TE,CHI,25.1,10.713877431340826,A_normalized_signals,955,17,1.0,5.0,4.0
2025,18,00-0038933,Dalton Kincaid,TE,BUF,7.8,6.22336098121201,A_normalized_signals,955,17,19.0,25.0,6.0
2025,18,00-0034383,Dalton Schultz,TE,HOU,11.3,10.710639712554016,A_normalized_signals,955,17,10.0,6.0,4.0
2025,18,00-0038115,Daniel Bellinger,TE,NYG,11.8,4.677242035229124,A_normalized_signals,955,17,8.0,37.0,29.0
2025,18,00-0039648,David Martin-Robinson,TE,TEN,2.4,1.1401009031034548,A_normalized_signals,955,17,44.0,68.0,24.0
2025,18,00-0039074,Davis Allen,TE,LA,0.0,5.637831332872735,A_normalized_signals,955,17,63.0,32.0,31.0
2025,18,00-0035689,Dawson Knox,TE,BUF,10.4,7.368322468522393,A_normalized_signals,955,17,12.0,18.0,6.0
2025,18,00-0035631,Drew Sample,TE,CIN,4.7,3.6966363248252847,A_normalized_signals,955,17,34.0,43.0,9.0
2025,18,00-0034798,Durham Smythe,TE,CHI,0.0,1.637790451829713,A_normalized_signals,955,17,63.0,60.0,3.0
2025,18,00-0039041,Elijah Higgins,TE,ARI,5.8,5.643774864202404,A_normalized_signals,955,17,29.0,31.0,2.0
2025,18,00-0033576,Eric Saubert,TE,SEA,3.0,2.0027369173046154,A_normalized_signals,955,17,41.0,56.0,15.0
2025,18,00-0033881,Evan Engram,TE,DEN,7.5,5.796025054385181,A_normalized_signals,955,17,22.0,28.0,6.0
2025,18,00-0036825,Feleipe Franks,TE,ATL,0.0,1.0988487802848799,A_normalized_signals,955,17,63.0,73.0,10.0
2025,18,00-0033288,George Kittle,TE,SF,7.9,13.68551218231038,A_normalized_signals,955,17,18.0,2.0,16.0
2025,18,00-0037086,Grant Calcaterra,TE,PHI,10.1,3.1860847629000606,A_normalized_signals,955,17,13.0,50.0,37.0
2025,18,00-0037252,Greg Dulcich,TE,MIA,6.1,7.970223849479698,A_normalized_signals,955,17,26.0,15.0,11.0
2025,18,00-0033090,Hunter Henry,TE,NE,10.6,7.8957065877712065,A_normalized_signals,955,17,11.0,16.0,5.0
2025,18,00-0037838,Isaiah Likely,TE,BAL,5.2,5.296858528391297,A_normalized_signals,955,17,30.0,34.0,4.0
2025,18,00-0039305,Jack Westover,TE,NE,1.0,1.1782258824268843,A_normalized_signals,955,17,61.0,67.0,6.0
2025,18,00-0040194,Jackson Hawes,TE,BUF,1.0,3.858385548603667,A_normalized_signals,955,17,61.0,41.0,20.0
2025,18,00-0038041,Jake Ferguson,TE,DAL,1.5,5.757938985890334,A_normalized_signals,955,17,55.0,29.0,26.0
2025,18,00-0039824,Jared Wiley,TE,KC,0.0,2.370214134437794,A_normalized_signals,955,17,63.0,54.0,9.0
2025,18,00-0036628,John Bates,TE,WAS,9.3,2.0003341836490205,A_normalized_signals,955,17,15.0,57.0,42.0
2025,18,00-0033246,Johnny Mundt,TE,JAX,2.6,3.782929848476447,A_normalized_signals,955,17,43.0,42.0,1.0
2025,18,00-0033858,Jonnu Smith,TE,PIT,1.4,7.203762662012595,A_normalized_signals,955,17,59.0,19.0,40.0
2025,18,00-0035249,Josh Oliver,TE,MIN,4.9,4.695194755799762,A_normalized_signals,955,17,33.0,36.0,3.0
2025,18,00-0038589,Josh Whyle,TE,GB,1.4,2.8576970705502527,A_normalized_signals,955,17,59.0,51.0,8.0
2025,18,00-0036332,Josiah Deguara,TE,ARI,9.5,1.563860146267754,A_normalized_signals,955,17,14.0,61.0,47.0
2025,18,00-0038720,Julian Hill,TE,MIA,1.8,3.659059390819804,A_normalized_signals,955,17,51.0,44.0,7.0
2025,18,00-0036040,Juwan Johnson,TE,NO,9.1,9.25699251938176,A_normalized_signals,955,17,16.0,11.0,5.0
2025,18,00-0040363,Keleki Latu,TE,BUF,6.1,1.3860243880329106,A_normalized_signals,955,17,26.0,66.0,40.0
2025,18,00-0036970,Kyle Pitts,TE,ATL,11.8,13.594464887141916,A_normalized_signals,955,17,8.0,3.0,5.0
2025,18,00-0036876,Kylen Granson,TE,PHI,7.0,1.115276794685034,A_normalized_signals,955,17,24.0,70.0,46.0
2025,18,00-0038547,Luke Schoonmaker,TE,DAL,2.2,3.5508200457588464,A_normalized_signals,955,17,46.0,47.0,1.0
2025,18,00-0034753,Mark Andrews,TE,BAL,3.4,8.202698837121938,A_normalized_signals,955,17,38.0,13.0,25.0
2025,18,00-0039066,Michael Mayer,TE,LV,7.7,6.848120256721219,A_normalized_signals,955,17,20.0,21.0,1.0
2025,18,00-0034829,Mike Gesicki,TE,CIN,3.3,5.243183926112759,A_normalized_signals,955,17,40.0,35.0,5.0
2025,18,00-0040187,Mitchell Evans,TE,CAR,1.5,3.5822357552246467,A_normalized_signals,955,17,55.0,45.0,10.0
2025,18,00-0033217,Mo Alie-Cox,TE,IND,5.2,4.476870813030539,A_normalized_signals,955,17,30.0,38.0,8.0
2025,18,00-0037031,Nikola Kalinic,TE,CHI,0.0,1.115276794685034,A_normalized_signals,955,17,63.0,70.0,7.0
2025,18,00-0035644,Noah Fant,TE,CIN,1.5,2.8410254066204548,A_normalized_signals,955,17,55.0,52.0,3.0
2025,18,00-0036637,Noah Gray,TE,KC,6.0,2.4099797735196904,A_normalized_signals,955,17,28.0,53.0,25.0
2025,18,00-0040189,Oronde Gadsden II,TE,LAC,4.3,7.191076646022715,A_normalized_signals,955,17,35.0,20.0,15.0
2025,18,00-0036894,Pat Freiermuth,TE,PIT,8.1,7.716812508682569,A_normalized_signals,955,17,17.0,17.0,0.0
2025,18,00-0039050,Payne Durham,TE,TB,0.0,1.5171072210593242,A_normalized_signals,955,17,63.0,63.0,0.0
2025,18,00-0033439,Pharaoh Brown,TE,ARI,0.0,1.4675908836461096,A_normalized_signals,955,17,63.0,64.0,1.0
2025,18,00-0036590,Quintin Morris,TE,JAX,7.5,2.0249882874181555,A_normalized_signals,955,17,22.0,55.0,33.0
2025,18,00-0037015,Sal Cannella,TE,CLE,0.0,6.654426728794185,A_normalized_signals,955,17,63.0,22.0,41.0
2025,18,00-0033357,Taysom Hill,TE,NO,6.2,10.12349640519876,A_normalized_signals,955,17,25.0,8.0,17.0
2025,18,00-0037005,Tommy Tremble,TE,CAR,12.8,4.0180050218369106,A_normalized_signals,955,17,7.0,40.0,33.0
2025,18,00-0030506,Travis Kelce,TE,KC,4.2,10.504288176482806,A_normalized_signals,955,17,36.0,7.0,29.0
2025,18,00-0037744,Trey McBride,TE,ARI,13.5,16.875296507814138,A_normalized_signals,955,17,6.0,1.0,5.0
2025,18,00-0034270,Tyler Conklin,TE,LAC,1.6,3.2394632045398755,A_normalized_signals,955,17,52.0,49.0,3.0
2025,18,00-0033110,Tyler Higbee,TE,LA,20.1,5.8480182594034735,A_normalized_signals,955,17,3.0,26.0,23.0
2025,18,00-0040128,Tyler Warren,TE,IND,7.6,9.765735129268272,A_normalized_signals,955,17,21.0,9.0,12.0
2025,18,00-0034159,Will Dissly,TE,LAC,1.6,4.097467839000372,A_normalized_signals,955,17,52.0,39.0,13.0
2025,7,00-0039793,AJ Barner,TE,SEA,1.9,11.021152259923339,B_raw_features,201,6,42.0,8.0,34.0
2025,7,00-0037292,Andrew Ogletree,TE,IND,0.0,1.205131834850257,B_raw_features,201,6,53.0,64.0,11.0
2025,7,00-0032392,Austin Hooper,TE,NE,9.1,4.27305197449372,B_raw_features,201,6,20.0,46.0,26.0
2025,7,00-0038710,Blake Whiteheart,TE,CLE,1.4,1.6441952904844495,B_raw_features,201,6,48.0,62.0,14.0
2025,7,00-0039530,Brevyn Spann-Ford,TE,DAL,0.0,1.4479666639579167,B_raw_features,201,6,53.0,63.0,10.0
2025,7,00-0036754,Brock Wright,TE,DET,5.3,5.763393693623965,B_raw_features,201,6,29.0,34.0,5.0
2025,7,00-0038129,Cade Otton,TE,TB,13.5,9.71309877250625,B_raw_features,201,6,11.0,15.0,4.0
2025,7,00-0038564,Cameron Latu,TE,PHI,0.0,1.205131834850257,B_raw_features,201,6,53.0,64.0,11.0
2025,7,00-0036429,Charlie Woerner,TE,ATL,0.0,2.108952852032793,B_raw_features,201,6,53.0,61.0,8.0
2025,7,00-0037809,Chig Okonkwo,TE,TEN,0.0,8.147725695515307,B_raw_features,201,6,53.0,20.0,33.0
2025,7,00-0036244,Colby Parkinson,TE,LA,7.7,3.073487927526717,B_raw_features,201,6,23.0,57.0,34.0
2025,7,00-0036290,Cole Kmet,TE,CHI,2.6,6.361834981440541,B_raw_features,201,6,39.0,28.0,11.0
2025,7,00-0039686,Colson Yankoff,TE,WAS,0.0,1.205131834850257,B_raw_features,201,6,53.0,64.0,11.0
2025,7,00-0040126,Colston Loveland,TE,CHI,5.4,4.427988770582241,B_raw_features,201,6,28.0,42.0,14.0
2025,7,00-0034351,Dallas Goedert,TE,PHI,4.8,15.133572170802726,B_raw_features,201,6,31.0,1.0,30.0
2025,7,00-0034383,Dalton Schultz,TE,HOU,18.8,10.356669715849563,B_raw_features,201,6,5.0,13.0,8.0
2025,7,00-0038115,Daniel Bellinger,TE,NYG,17.8,4.409419053628035,B_raw_features,201,6,6.0,43.0,37.0
2025,7,00-0038558,Darnell Washington,TE,PIT,9.2,6.240970577270677,B_raw_features,201,6,18.0,31.0,13.0
2025,7,00-0031610,Darren Waller,TE,MIA,0.0,10.583970630338051,B_raw_features,201,6,53.0,10.0,43.0
2025,7,00-0039074,Davis Allen,TE,LA,1.4,3.528466642101119,B_raw_features,201,6,48.0,47.0,1.0
2025,7,00-0035631,Drew Sample,TE,CIN,0.0,4.3500277238753355,B_raw_features,201,6,53.0,44.0,9.0
2025,7,00-0040739,Elijah Arroyo,TE,SEA,8.2,5.151352700250437,B_raw_features,201,6,22.0,39.0,17.0
2025,7,00-0039041,Elijah Higgins,TE,ARI,1.3,3.209447992214591,B_raw_features,201,6,50.0,54.0,4.0
2025,7,00-0033881,Evan Engram,TE,DEN,9.2,10.818864945426036,B_raw_features,201,6,18.0,9.0,9.0
2025,7,00-0033288,George Kittle,TE,SF,0.0,9.099180200327751,B_raw_features,201,6,53.0,18.0,35.0
2025,7,00-0040584,Gunnar Helm,TE,TEN,7.6,5.277154583868467,B_raw_features,201,6,24.0,38.0,14.0
2025,7,00-0040663,Harold Fannin Jr.,TE,CLE,7.6,9.96873493499395,B_raw_features,201,6,24.0,14.0,10.0
2025,7,00-0036232,Harrison Bryant,TE,HOU,0.0,3.1632397337706077,B_raw_features,201,6,53.0,56.0,3.0
2025,7,00-0033090,Hunter Henry,TE,NE,7.3,8.051088002359254,B_raw_features,201,6,26.0,22.0,4.0
2025,7,00-0037004,Hunter Long,TE,JAX,3.6,5.5235434863154715,B_raw_features,201,6,37.0,36.0,1.0
2025,7,00-0039356,Ja'Tavion Sanders,TE,CAR,0.0,6.489439204259082,B_raw_features,201,6,53.0,27.0,26.0
2025,7,00-0036741,Jack Stoll,TE,NO,0.0,3.4282529835188966,B_raw_features,201,6,53.0,52.0,1.0
2025,7,00-0038041,Jake Ferguson,TE,DAL,21.9,12.997478839871901,B_raw_features,201,6,4.0,4.0,0.0
2025,7,00-0037805,Jeremy Ruckert,TE,NYJ,0.0,3.4958992139474243,B_raw_features,201,6,53.0,48.0,5.0
2025,7,00-0036628,John Bates,TE,WAS,1.5,3.2396089597592135,B_raw_features,201,6,47.0,53.0,6.0
2025,7,00-0037306,John FitzPatrick,TE,GB,1.6,3.4456495844375783,B_raw_features,201,6,45.0,51.0,6.0
2025,7,00-0033246,Johnny Mundt,TE,JAX,1.9,3.186689324451451,B_raw_features,201,6,42.0,55.0,13.0
2025,7,00-0033858,Jonnu Smith,TE,PIT,11.8,7.718883631580687,B_raw_features,201,6,15.0,23.0,8.0
2025,7,00-0035249,Josh Oliver,TE,MIN,1.9,4.705867276604771,B_raw_features,201,6,42.0,41.0,1.0
2025,7,00-0038720,Julian Hill,TE,MIA,1.1,6.2992744391729465,B_raw_features,201,6,51.0,30.0,21.0
2025,7,00-0036040,Juwan Johnson,TE,NO,12.9,6.184568172292403,B_raw_features,201,6,13.0,32.0,19.0
2025,7,00-0036970,Kyle Pitts,TE,ATL,13.2,9.399426439364419,B_raw_features,201,6,12.0,16.0,4.0
2025,7,00-0036887,Luke Farrell,TE,SF,2.1,2.67767060808614,B_raw_features,201,6,40.0,59.0,19.0
2025,7,00-0040736,Mason Taylor,TE,NYJ,6.1,10.424845814164067,B_raw_features,201,6,27.0,12.0,15.0
2025,7,00-0039066,Michael Mayer,TE,LV,2.0,7.327745963438888,B_raw_features,201,6,41.0,25.0,16.0
2025,7,00-0040187,Mitchell Evans,TE,CAR,4.4,5.66503113353132,B_raw_features,201,6,33.0,35.0,2.0
2025,7,00-0033217,Mo Alie-Cox,TE,IND,1.6,3.4654903110929207,B_raw_features,201,6,45.0,50.0,5.0
2025,7,00-0038783,Nate Adkins,TE,DEN,4.0,4.346108940001577,B_raw_features,201,6,34.0,45.0,11.0
2025,7,00-0035644,Noah Fant,TE,CIN,14.4,7.659428894835533,B_raw_features,201,6,10.0,24.0,14.0
2025,7,00-0036637,Noah Gray,TE,KC,3.8,5.098131515537733,B_raw_features,201,6,35.0,40.0,5.0
2025,7,00-0040189,Oronde Gadsden II,TE,LAC,29.4,6.338775682266593,B_raw_features,201,6,1.0,29.0,28.0
2025,7,00-0036894,Pat Freiermuth,TE,PIT,28.1,5.435885593985321,B_raw_features,201,6,3.0,37.0,34.0
2025,7,00-0039065,Sam LaPorta,TE,DET,4.5,12.945370036763212,B_raw_features,201,6,32.0,5.0,27.0
2025,7,00-0035229,T.J. Hockenson,TE,MIN,10.3,10.538091177004004,B_raw_features,201,6,16.0,11.0,5.0
2025,7,00-0037348,Tanner Conner,TE,MIA,3.8,2.6094622056205137,B_raw_features,201,6,35.0,60.0,25.0
2025,7,00-0033357,Taysom Hill,TE,NO,2.8,6.041990127434386,B_raw_features,201,6,38.0,33.0,5.0
2025,7,00-0040737,Terrance Ferguson,TE,LA,10.1,2.7356645295994277,B_raw_features,201,6,17.0,58.0,41.0
2025,7,00-0039847,Theo Johnson,TE,NYG,15.6,11.186714917669178,B_raw_features,201,6,9.0,7.0,2.0
2025,7,00-0037005,Tommy Tremble,TE,CAR,1.0,9.221861012755301,B_raw_features,201,6,52.0,17.0,35.0
2025,7,00-0030506,Travis Kelce,TE,KC,8.4,12.002150972559093,B_raw_features,201,6,21.0,6.0,15.0
2025,7,00-0037744,Trey McBride,TE,ARI,29.4,13.691008529772375,B_raw_features,201,6,1.0,3.0,2.0
2025,7,00-0038996,Tucker Kraft,TE,GB,16.8,8.28520805743915,B_raw_features,201,6,8.0,19.0,11.0
2025,7,00-0033110,Tyler Higbee,TE,LA,4.9,6.630984608783046,B_raw_features,201,6,30.0,26.0,4.0
2025,7,00-0040128,Tyler Warren,TE,IND,16.9,14.236452148644359,B_raw_features,201,6,7.0,2.0,5.0
2025,7,00-0034159,Will Dissly,TE,LAC,0.0,3.4946822240026085,B_raw_features,201,6,53.0,49.0,4.0
2025,7,00-0030061,Zach Ertz,TE,WAS,12.7,8.066566371345104,B_raw_features,201,6,14.0,21.0,7.0
2025,8,00-0036422,Adam Trautman,TE,DEN,0.0,2.316064284999635,B_raw_features,267,7,48.0,49.0,1.0
2025,8,00-0037292,Andrew Ogletree,TE,IND,0.0,1.1658520736592104,B_raw_features,267,7,48.0,56.0,8.0
2025,8,00-0032392,Austin Hooper,TE,NE,5.8,4.282505705448427,B_raw_features,267,7,22.0,38.0,16.0
2025,8,00-0039912,Ben Sinnott,TE,WAS,3.2,1.3250512840621154,B_raw_features,267,7,35.0,53.0,18.0
2025,8,00-0040509,Ben Yurosek,TE,MIN,1.5,1.1658520736592104,B_raw_features,267,7,44.0,56.0,12.0
2025,8,00-0039530,Brevyn Spann-Ford,TE,DAL,1.9,1.1752057520413626,B_raw_features,267,7,42.0,55.0,13.0
2025,8,00-0038129,Cade Otton,TE,TB,8.0,11.11259173613452,B_raw_features,267,7,14.0,11.0,3.0
2025,8,00-0038564,Cameron Latu,TE,PHI,0.0,1.1658520736592104,B_raw_features,267,7,48.0,56.0,8.0
2025,8,00-0038046,Charlie Kolar,TE,BAL,8.0,3.722538229046489,B_raw_features,267,7,14.0,42.0,28.0
2025,8,00-0037809,Chig Okonkwo,TE,TEN,9.3,7.135117419174945,B_raw_features,267,7,12.0,28.0,16.0
2025,8,00-0040126,Colston Loveland,TE,CHI,6.8,7.5860962233723,B_raw_features,267,7,20.0,26.0,6.0
2025,8,00-0034351,Dallas Goedert,TE,PHI,17.8,12.962959099450297,B_raw_features,267,7,5.0,2.0,3.0
2025,8,00-0038933,Dalton Kincaid,TE,BUF,3.3,10.269391213098528,B_raw_features,267,7,34.0,15.0,19.0
2025,8,00-0034383,Dalton Schultz,TE,HOU,4.4,12.001758522411347,B_raw_features,267,7,28.0,4.0,24.0
2025,8,00-0038115,Daniel Bellinger,TE,NYG,3.1,6.130786790089893,B_raw_features,267,7,37.0,32.0,5.0
2025,8,00-0039648,David Martin-Robinson,TE,TEN,0.0,1.9428424296334104,B_raw_features,267,7,48.0,52.0,4.0
2025,8,00-0033885,David Njoku,TE,CLE,13.7,10.13603179061912,B_raw_features,267,7,9.0,16.0,7.0
2025,8,00-0035689,Dawson Knox,TE,BUF,2.5,4.348807129573081,B_raw_features,267,7,40.0,35.0,5.0
2025,8,00-0033881,Evan Engram,TE,DEN,7.6,11.279276233674292,B_raw_features,267,7,17.0,9.0,8.0
2025,8,00-0036825,Feleipe Franks,TE,ATL,0.0,1.2824505853256516,B_raw_features,267,7,48.0,54.0,6.0
2025,8,00-0034981,Foster Moreau,TE,NO,0.0,2.8994729036515836,B_raw_features,267,7,48.0,46.0,2.0
2025,8,00-0033288,George Kittle,TE,SF,14.3,6.502490576844926,B_raw_features,267,7,8.0,31.0,23.0
2025,8,00-0040584,Gunnar Helm,TE,TEN,10.3,7.825788326323048,B_raw_features,267,7,10.0,24.0,14.0
2025,8,00-0040663,Harold Fannin Jr.,TE,CLE,18.4,11.115723908037953,B_raw_features,267,7,4.0,10.0,6.0
2025,8,00-0036232,Harrison Bryant,TE,HOU,0.0,2.302855946303213,B_raw_features,267,7,48.0,50.0,2.0
2025,8,00-0033090,Hunter Henry,TE,NE,7.7,8.966094596677546,B_raw_features,267,7,16.0,21.0,5.0
2025,8,00-0037838,Isaiah Likely,TE,BAL,2.8,4.151755631019594,B_raw_features,267,7,38.0,39.0,1.0
2025,8,00-0039356,Ja'Tavion Sanders,TE,CAR,4.9,7.315447004421859,B_raw_features,267,7,25.0,27.0,2.0
2025,8,00-0036741,Jack Stoll,TE,NO,0.0,3.5619711576399498,B_raw_features,267,7,48.0,44.0,4.0
2025,8,00-0040194,Jackson Hawes,TE,BUF,3.5,3.642272010268141,B_raw_features,267,7,32.0,43.0,11.0
2025,8,00-0038041,Jake Ferguson,TE,DAL,0.0,13.630111400645044,B_raw_features,267,7,48.0,1.0,47.0
2025,8,00-0037112,Jake Tonges,TE,SF,7.2,11.490875368200003,B_raw_features,267,7,18.0,6.0,12.0
2025,8,00-0037805,Jeremy Ruckert,TE,NYJ,3.4,2.7140464587575446,B_raw_features,267,7,33.0,48.0,15.0
2025,8,00-0036628,John Bates,TE,WAS,3.2,4.347093735279948,B_raw_features,267,7,35.0,36.0,1.0
2025,8,00-0037306,John FitzPatrick,TE,GB,1.4,2.8158927979354664,B_raw_features,267,7,46.0,47.0,1.0
2025,8,00-0033858,Jonnu Smith,TE,PIT,3.7,9.354093076000815,B_raw_features,267,7,31.0,19.0,12.0
2025,8,00-0036040,Juwan Johnson,TE,NO,10.3,7.890811117294158,B_raw_features,267,7,10.0,23.0,13.0
2025,8,00-0036970,Kyle Pitts,TE,ATL,14.9,11.300576218422314,B_raw_features,267,7,6.0,8.0,2.0
2025,8,00-0036887,Luke Farrell,TE,SF,0.0,2.1918897418583883,B_raw_features,267,7,48.0,51.0,3.0
2025,8,00-0039144,Luke Musgrave,TE,GB,1.5,3.9566242518615695,B_raw_features,267,7,44.0,41.0,3.0
2025,8,00-0038547,Luke Schoonmaker,TE,DAL,4.5,4.6363296624064105,B_raw_features,267,7,27.0,34.0,7.0
2025,8,00-0034753,Mark Andrews,TE,BAL,6.4,11.526509227634078,B_raw_features,267,7,21.0,5.0,16.0
2025,8,00-0040736,Mason Taylor,TE,NYJ,14.4,9.438518523268312,B_raw_features,267,7,7.0,17.0,10.0
2025,8,00-0038783,Nate Adkins,TE,DEN,0.0,4.029076978867938,B_raw_features,267,7,48.0,40.0,8.0
2025,8,00-0035644,Noah Fant,TE,CIN,7.1,7.769198864379133,B_raw_features,267,7,19.0,25.0,6.0
2025,8,00-0036637,Noah Gray,TE,KC,4.3,3.297277062142828,B_raw_features,267,7,29.0,45.0,16.0
2025,8,00-0040189,Oronde Gadsden II,TE,LAC,18.7,9.094995597612732,B_raw_features,267,7,3.0,20.0,17.0
2025,8,00-0036894,Pat Freiermuth,TE,PIT,4.3,7.108611296289408,B_raw_features,267,7,29.0,29.0,0.0
2025,8,00-0035229,T.J. Hockenson,TE,MIN,4.6,10.775106350967876,B_raw_features,267,7,26.0,13.0,13.0
2025,8,00-0037348,Tanner Conner,TE,MIA,2.6,4.322022816852252,B_raw_features,267,7,39.0,37.0,2.0
2025,8,00-0034613,Tanner Hudson,TE,CIN,1.9,8.763250575932561,B_raw_features,267,7,42.0,22.0,20.0
2025,8,00-0033357,Taysom Hill,TE,NO,2.2,7.087187644849875,B_raw_features,267,7,41.0,30.0,11.0
2025,8,00-0039847,Theo Johnson,TE,NYG,5.0,11.035647391592926,B_raw_features,267,7,24.0,12.0,12.0
2025,8,00-0037005,Tommy Tremble,TE,CAR,1.4,5.267057146730719,B_raw_features,267,7,46.0,33.0,13.0
2025,8,00-0030506,Travis Kelce,TE,KC,21.9,10.645248225902801,B_raw_features,267,7,2.0,14.0,12.0
2025,8,00-0038996,Tucker Kraft,TE,GB,33.3,11.410017790285428,B_raw_features,267,7,1.0,7.0,6.0
2025,8,00-0040128,Tyler Warren,TE,IND,9.3,12.61141839134802,B_raw_features,267,7,12.0,3.0,9.0
2025,8,00-0030061,Zach Ertz,TE,WAS,5.6,9.376590364522581,B_raw_features,267,7,23.0,18.0,5.0
2025,9,00-0039793,AJ Barner,TE,SEA,11.5,9.143161394326315,B_raw_features,325,8,12.0,16.0,4.0
2025,9,00-0036422,Adam Trautman,TE,DEN,4.5,2.4696853504760035,B_raw_features,325,8,34.0,55.0,21.0
2025,9,00-0037292,Andrew Ogletree,TE,IND,0.0,1.3819576563827667,B_raw_features,325,8,53.0,62.0,9.0
2025,9,00-0032392,Austin Hooper,TE,NE,3.0,4.545123064491869,B_raw_features,325,8,38.0,40.0,2.0
2025,9,00-0040509,Ben Yurosek,TE,MIN,0.0,1.8104948237644143,B_raw_features,325,8,53.0,58.0,5.0
2025,9,00-0039530,Brevyn Spann-Ford,TE,DAL,0.0,1.762958525623037,B_raw_features,325,8,53.0,59.0,6.0
2025,9,00-0039338,Brock Bowers,TE,LV,43.3,12.350918136783552,B_raw_features,325,8,1.0,6.0,5.0
2025,9,00-0036754,Brock Wright,TE,DET,2.1,4.738702155096612,B_raw_features,325,8,46.0,38.0,8.0
2025,9,00-0038046,Charlie Kolar,TE,BAL,10.3,3.2260906957665796,B_raw_features,325,8,16.0,52.0,36.0
2025,9,00-0037809,Chig Okonkwo,TE,TEN,3.0,7.190768120559809,B_raw_features,325,8,38.0,25.0,13.0
2025,9,00-0036244,Colby Parkinson,TE,LA,3.0,4.044302253543095,B_raw_features,325,8,38.0,46.0,8.0
2025,9,00-0036290,Cole Kmet,TE,CHI,2.0,6.876528626824096,B_raw_features,325,8,47.0,29.0,18.0
2025,9,00-0040126,Colston Loveland,TE,CHI,29.8,8.038203927826137,B_raw_features,325,8,2.0,21.0,19.0
2025,9,00-0038933,Dalton Kincaid,TE,BUF,22.1,7.605541049101804,B_raw_features,325,8,3.0,23.0,20.0
2025,9,00-0034383,Dalton Schultz,TE,HOU,13.7,9.827480570080171,B_raw_features,325,8,7.0,12.0,5.0
2025,9,00-0038558,Darnell Washington,TE,PIT,8.3,9.309374674464806,B_raw_features,325,8,23.0,15.0,8.0
2025,9,00-0039648,David Martin-Robinson,TE,TEN,0.0,1.5883355048439225,B_raw_features,325,8,53.0,60.0,7.0
2025,9,00-0039074,Davis Allen,TE,LA,6.7,3.390177941289718,B_raw_features,325,8,28.0,51.0,23.0
2025,9,00-0035689,Dawson Knox,TE,BUF,4.0,4.214426453986742,B_raw_features,325,8,35.0,45.0,10.0
2025,9,00-0040739,Elijah Arroyo,TE,SEA,10.9,5.698688767143495,B_raw_features,325,8,13.0,34.0,21.0
2025,9,00-0039041,Elijah Higgins,TE,ARI,6.0,3.3984102797738918,B_raw_features,325,8,31.0,50.0,19.0
2025,9,00-0033881,Evan Engram,TE,DEN,0.0,10.859465278877368,B_raw_features,325,8,53.0,9.0,44.0
2025,9,00-0036825,Feleipe Franks,TE,ATL,0.0,1.3022075395790136,B_raw_features,325,8,53.0,63.0,10.0
2025,9,00-0033288,George Kittle,TE,SF,6.9,7.586270812941748,B_raw_features,325,8,27.0,24.0,3.0
2025,9,00-0040584,Gunnar Helm,TE,TEN,2.5,7.004981549575771,B_raw_features,325,8,43.0,28.0,15.0
2025,9,00-0036232,Harrison Bryant,TE,HOU,1.2,2.190136901646952,B_raw_features,325,8,52.0,57.0,5.0
2025,9,00-0033090,Hunter Henry,TE,NE,9.1,7.010728765645107,B_raw_features,325,8,19.0,27.0,8.0
2025,9,00-0037004,Hunter Long,TE,JAX,1.6,4.482807379542082,B_raw_features,325,8,50.0,42.0,8.0
2025,9,00-0034365,Ian Thomas,TE,LV,1.9,2.8279913310990255,B_raw_features,325,8,48.0,54.0,6.0
2025,9,00-0037838,Isaiah Likely,TE,BAL,9.0,4.388468673676881,B_raw_features,325,8,21.0,44.0,23.0
2025,9,00-0039356,Ja'Tavion Sanders,TE,CAR,1.5,5.815607057666786,B_raw_features,325,8,51.0,33.0,18.0
2025,9,00-0040194,Jackson Hawes,TE,BUF,2.8,4.667578439954614,B_raw_features,325,8,42.0,39.0,3.0
2025,9,00-0038041,Jake Ferguson,TE,DAL,10.0,8.00697760128276,B_raw_features,325,8,18.0,22.0,4.0
2025,9,00-0036628,John Bates,TE,WAS,4.0,3.451734555981566,B_raw_features,325,8,35.0,48.0,13.0
2025,9,00-0033246,Johnny Mundt,TE,JAX,0.0,4.464564426041633,B_raw_features,325,8,53.0,43.0,10.0
2025,9,00-0033858,Jonnu Smith,TE,PIT,5.5,8.943234284919338,B_raw_features,325,8,33.0,17.0,16.0
2025,9,00-0036040,Juwan Johnson,TE,NO,12.1,8.5367500757927,B_raw_features,325,8,8.0,19.0,11.0
2025,9,00-0036970,Kyle Pitts,TE,ATL,7.8,12.661515693715724,B_raw_features,325,8,24.0,3.0,21.0
2025,9,00-0036887,Luke Farrell,TE,SF,1.9,1.4782477919912864,B_raw_features,325,8,48.0,61.0,13.0
2025,9,00-0039144,Luke Musgrave,TE,GB,6.4,3.1219896667649927,B_raw_features,325,8,29.0,53.0,24.0
2025,9,00-0038547,Luke Schoonmaker,TE,DAL,2.4,4.8581193725436504,B_raw_features,325,8,44.0,35.0,9.0
2025,9,00-0034753,Mark Andrews,TE,BAL,16.6,9.675572671845936,B_raw_features,325,8,5.0,13.0,8.0
2025,9,00-0039066,Michael Mayer,TE,LV,5.6,8.043357286512538,B_raw_features,325,8,32.0,20.0,12.0
2025,9,00-0033217,Mo Alie-Cox,TE,IND,0.0,4.003343143774895,B_raw_features,325,8,53.0,47.0,6.0
2025,9,00-0035644,Noah Fant,TE,CIN,10.8,6.14559026074848,B_raw_features,325,8,14.0,32.0,18.0
2025,9,00-0036637,Noah Gray,TE,KC,0.0,4.837647585957019,B_raw_features,325,8,53.0,36.0,17.0
2025,9,00-0040189,Oronde Gadsden II,TE,LAC,11.8,12.521506759913684,B_raw_features,325,8,9.0,4.0,5.0
2025,9,00-0036894,Pat Freiermuth,TE,PIT,11.7,7.174655886811393,B_raw_features,325,8,10.0,26.0,16.0
2025,9,00-0039065,Sam LaPorta,TE,DET,21.7,10.72258305519952,B_raw_features,325,8,4.0,10.0,6.0
2025,9,00-0035229,T.J. Hockenson,TE,MIN,9.1,9.865111777220267,B_raw_features,325,8,19.0,11.0,8.0
2025,9,00-0037348,Tanner Conner,TE,MIA,0.0,4.495084423852608,B_raw_features,325,8,53.0,41.0,12.0
2025,9,00-0034613,Tanner Hudson,TE,CIN,6.2,6.578938688293116,B_raw_features,325,8,30.0,30.0,0.0
2025,9,00-0033357,Taysom Hill,TE,NO,3.0,6.486095205577479,B_raw_features,325,8,38.0,31.0,7.0
2025,9,00-0040737,Terrance Ferguson,TE,LA,7.4,3.4025815168024827,B_raw_features,325,8,26.0,49.0,23.0
2025,9,00-0039847,Theo Johnson,TE,NYG,11.7,9.464118928241586,B_raw_features,325,8,10.0,14.0,4.0
2025,9,00-0037005,Tommy Tremble,TE,CAR,0.0,4.790651907931594,B_raw_features,325,8,53.0,37.0,16.0
2025,9,00-0030506,Travis Kelce,TE,KC,10.6,10.974093597305265,B_raw_features,325,8,15.0,8.0,7.0
2025,9,00-0037744,Trey McBride,TE,ARI,16.5,17.739250643199878,B_raw_features,325,8,6.0,1.0,5.0
2025,9,00-0037654,Tucker Fisk,TE,LAC,2.2,2.2357771510793794,B_raw_features,325,8,45.0,56.0,11.0
2025,9,00-0038996,Tucker Kraft,TE,GB,4.0,13.666929586596972,B_raw_features,325,8,35.0,2.0,33.0
2025,9,00-0033110,Tyler Higbee,TE,LA,10.3,8.815743763304816,B_raw_features,325,8,16.0,18.0,2.0
2025,9,00-0040128,Tyler Warren,TE,IND,7.6,12.367686024481875,B_raw_features,325,8,25.0,5.0,20.0
2025,9,00-0030061,Zach Ertz,TE,WAS,8.6,12.074711316378464,B_raw_features,325,8,22.0,7.0,15.0
2025,10,00-0039793,AJ Barner,TE,SEA,0.3,8.932200184267517,B_raw_features,388,9,54.0,26.0,28.0
2025,10,00-0036422,Adam Trautman,TE,DEN,1.2,1.8728472863054257,B_raw_features,388,9,52.0,58.0,6.0
2025,10,00-0037292,Andrew Ogletree,TE,IND,0.0,1.2430095101926215,B_raw_features,388,9,55.0,62.0,7.0
2025,10,00-0032392,Austin Hooper,TE,NE,0.0,4.804161307597691,B_raw_features,388,9,55.0,39.0,16.0
2025,10,00-0039912,Ben Sinnott,TE,WAS,7.4,1.5039815223492972,B_raw_features,388,9,20.0,61.0,41.0
2025,10,00-0040509,Ben Yurosek,TE,MIN,0.0,1.5306847484267816,B_raw_features,388,9,55.0,60.0,5.0
2025,10,00-0038710,Blake Whiteheart,TE,CLE,0.0,2.7682187698630267,B_raw_features,388,9,55.0,53.0,2.0
2025,10,00-0039338,Brock Bowers,TE,LV,3.7,16.91155505874397,B_raw_features,388,9,31.0,2.0,29.0
2025,10,00-0036754,Brock Wright,TE,DET,0.0,5.519607013180728,B_raw_features,388,9,55.0,36.0,19.0
2025,10,00-0038129,Cade Otton,TE,TB,17.2,11.984471330012008,B_raw_features,388,9,6.0,5.0,1.0
2025,10,00-0038046,Charlie Kolar,TE,BAL,3.3,4.1045349570810945,B_raw_features,388,9,34.0,43.0,9.0
2025,10,00-0036429,Charlie Woerner,TE,ATL,2.4,2.437411214577624,B_raw_features,388,9,40.0,56.0,16.0
2025,10,00-0036244,Colby Parkinson,TE,LA,14.1,4.358551933845487,B_raw_features,388,9,8.0,42.0,34.0
2025,10,00-0036290,Cole Kmet,TE,CHI,1.5,3.960081023628155,B_raw_features,388,9,48.0,47.0,1.0
2025,10,00-0040126,Colston Loveland,TE,CHI,9.5,10.204461785995699,B_raw_features,388,9,13.0,19.0,6.0
2025,10,00-0034351,Dallas Goedert,TE,PHI,8.3,11.894165665354114,B_raw_features,388,9,18.0,6.0,12.0
2025,10,00-0038933,Dalton Kincaid,TE,BUF,5.7,10.374666958774057,B_raw_features,388,9,25.0,16.0,9.0
2025,10,00-0034383,Dalton Schultz,TE,HOU,18.3,9.286742442886599,B_raw_features,388,9,4.0,23.0,19.0
2025,10,00-0038115,Daniel Bellinger,TE,NYG,1.8,5.844171642247,B_raw_features,388,9,45.0,33.0,12.0
2025,10,00-0038558,Darnell Washington,TE,PIT,2.5,11.138764545899337,B_raw_features,388,9,39.0,13.0,26.0
2025,10,00-0033885,David Njoku,TE,CLE,10.1,11.405241454492472,B_raw_features,388,9,11.0,9.0,2.0
2025,10,00-0039074,Davis Allen,TE,LA,8.8,5.0044818997826885,B_raw_features,388,9,16.0,38.0,22.0
2025,10,00-0035689,Dawson Knox,TE,BUF,6.7,3.9694865131791612,B_raw_features,388,9,21.0,45.0,24.0
2025,10,00-0040739,Elijah Arroyo,TE,SEA,1.5,6.90543564904444,B_raw_features,388,9,48.0,31.0,17.0
2025,10,00-0039041,Elijah Higgins,TE,ARI,3.9,3.97675149525437,B_raw_features,388,9,30.0,44.0,14.0
2025,10,00-0033881,Evan Engram,TE,DEN,3.2,7.823199772733026,B_raw_features,388,9,35.0,29.0,6.0
2025,10,00-0036825,Feleipe Franks,TE,ATL,0.0,1.0849223526340976,B_raw_features,388,9,55.0,64.0,9.0
2025,10,00-0034981,Foster Moreau,TE,NO,3.6,2.5051698255896766,B_raw_features,388,9,33.0,55.0,22.0
2025,10,00-0033288,George Kittle,TE,SF,23.4,9.053931965449625,B_raw_features,388,9,2.0,25.0,23.0
2025,10,00-0037086,Grant Calcaterra,TE,PHI,0.0,2.7792474759758807,B_raw_features,388,9,55.0,52.0,3.0
2025,10,00-0037252,Greg Dulcich,TE,MIA,3.2,7.449494262014589,B_raw_features,388,9,35.0,30.0,5.0
2025,10,00-0040663,Harold Fannin Jr.,TE,CLE,8.4,14.456168975461113,B_raw_features,388,9,17.0,3.0,14.0
2025,10,00-0033090,Hunter Henry,TE,NE,1.9,8.901863265785071,B_raw_features,388,9,44.0,28.0,16.0
2025,10,00-0037838,Isaiah Likely,TE,BAL,3.7,6.69643269792798,B_raw_features,388,9,31.0,32.0,1.0
2025,10,00-0039356,Ja'Tavion Sanders,TE,CAR,8.2,5.479816039281696,B_raw_features,388,9,19.0,37.0,18.0
2025,10,00-0039305,Jack Westover,TE,NE,0.0,0.974976731303786,B_raw_features,388,9,55.0,65.0,10.0
2025,10,00-0040194,Jackson Hawes,TE,BUF,9.6,5.602467713048936,B_raw_features,388,9,12.0,35.0,23.0
2025,10,00-0037805,Jeremy Ruckert,TE,NYJ,1.0,1.6346931424481657,B_raw_features,388,9,53.0,59.0,6.0
2025,10,00-0036628,John Bates,TE,WAS,1.6,5.773164342717935,B_raw_features,388,9,47.0,34.0,13.0
2025,10,00-0033246,Johnny Mundt,TE,JAX,3.1,3.328652301666829,B_raw_features,388,9,37.0,51.0,14.0
2025,10,00-0033858,Jonnu Smith,TE,PIT,1.4,8.91009938281391,B_raw_features,388,9,50.0,27.0,23.0
2025,10,00-0036040,Juwan Johnson,TE,NO,19.2,10.55332916228416,B_raw_features,388,9,3.0,15.0,12.0
2025,10,00-0036970,Kyle Pitts,TE,ATL,5.8,14.350942720840074,B_raw_features,388,9,24.0,4.0,20.0
2025,10,00-0036876,Kylen Granson,TE,PHI,0.0,0.974976731303786,B_raw_features,388,9,55.0,65.0,10.0
2025,10,00-0036887,Luke Farrell,TE,SF,9.5,2.120414953895739,B_raw_features,388,9,13.0,57.0,44.0
2025,10,00-0039144,Luke Musgrave,TE,GB,5.3,3.9644113164541843,B_raw_features,388,9,26.0,46.0,20.0
2025,10,00-0034753,Mark Andrews,TE,BAL,10.4,11.407196057063699,B_raw_features,388,9,9.0,8.0,1.0
2025,10,00-0040736,Mason Taylor,TE,NYJ,1.4,9.918504099417973,B_raw_features,388,9,50.0,20.0,30.0
2025,10,00-0039066,Michael Mayer,TE,LV,5.2,11.196814220816764,B_raw_features,388,9,27.0,11.0,16.0
2025,10,00-0040187,Mitchell Evans,TE,CAR,0.0,4.461322027089053,B_raw_features,388,9,55.0,41.0,14.0
2025,10,00-0033217,Mo Alie-Cox,TE,IND,0.0,3.7814515716642196,B_raw_features,388,9,55.0,48.0,7.0
2025,10,00-0040189,Oronde Gadsden II,TE,LAC,4.3,11.398861491218693,B_raw_features,388,9,28.0,10.0,18.0
2025,10,00-0036894,Pat Freiermuth,TE,PIT,6.3,9.082447557963265,B_raw_features,388,9,22.0,24.0,2.0
2025,10,00-0039050,Payne Durham,TE,TB,0.0,1.1159163110631451,B_raw_features,388,9,55.0,63.0,8.0
2025,10,00-0039065,Sam LaPorta,TE,DET,10.3,10.242184962314319,B_raw_features,388,9,10.0,18.0,8.0
2025,10,00-0037475,Stone Smartt,TE,NYJ,0.0,0.974976731303786,B_raw_features,388,9,55.0,65.0,10.0
2025,10,00-0035229,T.J. Hockenson,TE,MIN,2.8,9.378131100141747,B_raw_features,388,9,38.0,22.0,16.0
2025,10,00-0033357,Taysom Hill,TE,NO,2.0,11.148470825050323,B_raw_features,388,9,43.0,12.0,31.0
2025,10,00-0040737,Terrance Ferguson,TE,LA,4.2,4.51847292602038,B_raw_features,388,9,29.0,40.0,11.0
2025,10,00-0039847,Theo Johnson,TE,NYG,14.5,10.875568019105376,B_raw_features,388,9,7.0,14.0,7.0
2025,10,00-0037744,Trey McBride,TE,ARI,27.7,19.659659656848575,B_raw_features,388,9,1.0,1.0,0.0
2025,10,00-0037654,Tucker Fisk,TE,LAC,1.7,2.5197875905512075,B_raw_features,388,9,46.0,54.0,8.0
2025,10,00-0034270,Tyler Conklin,TE,LAC,2.2,3.4173751836203548,B_raw_features,388,9,42.0,50.0,8.0
2025,10,00-0033110,Tyler Higbee,TE,LA,6.3,9.741713201175903,B_raw_features,388,9,22.0,21.0,1.0
2025,10,00-0040128,Tyler Warren,TE,IND,17.9,10.268034916548777,B_raw_features,388,9,5.0,17.0,12.0
2025,10,00-0030061,Zach Ertz,TE,WAS,9.4,11.451221189911324,B_raw_features,388,9,15.0,7.0,8.0
2025,10,00-0037340,Zaire Mitchell-Paden,TE,NO,2.4,3.562547384745121,B_raw_features,388,9,40.0,49.0,9.0
2025,11,00-0039793,AJ Barner,TE,SEA,17.1,6.712413439050702,B_raw_features,455,10,4.0,29.0,25.0
2025,11,00-0036422,Adam Trautman,TE,DEN,1.8,2.1007856400597333,B_raw_features,455,10,45.0,56.0,11.0
2025,11,00-0039530,Brevyn Spann-Ford,TE,DAL,1.4,1.044923063378221,B_raw_features,455,10,49.0,67.0,18.0
2025,11,00-0039338,Brock Bowers,TE,LV,14.2,14.821380668135518,B_raw_features,455,10,6.0,2.0,4.0
2025,11,00-0036754,Brock Wright,TE,DET,2.8,3.276368596928335,B_raw_features,455,10,42.0,52.0,10.0
2025,11,00-0038129,Cade Otton,TE,TB,4.8,12.62462104127485,B_raw_features,455,10,27.0,4.0,23.0
2025,11,00-0038564,Cameron Latu,TE,PHI,0.0,1.0707491764493633,B_raw_features,455,10,55.0,59.0,4.0
2025,11,00-0040488,Carter Runyon,TE,LV,0.0,3.346673353431664,B_raw_features,455,10,55.0,51.0,4.0
2025,11,00-0038046,Charlie Kolar,TE,BAL,0.0,4.786691782214629,B_raw_features,455,10,55.0,39.0,16.0
2025,11,00-0037809,Chig Okonkwo,TE,TEN,8.6,5.3941659516446565,B_raw_features,455,10,12.0,37.0,25.0
2025,11,00-0036244,Colby Parkinson,TE,LA,9.4,6.872835957022977,B_raw_features,455,10,11.0,28.0,17.0
2025,11,00-0036290,Cole Kmet,TE,CHI,9.5,4.046037108346914,B_raw_features,455,10,10.0,44.0,34.0
2025,11,00-0039686,Colson Yankoff,TE,WAS,1.4,1.0707491764493633,B_raw_features,455,10,49.0,59.0,10.0
2025,11,00-0040126,Colston Loveland,TE,CHI,7.0,9.31831427053246,B_raw_features,455,10,17.0,15.0,2.0
2025,11,00-0034351,Dallas Goedert,TE,PHI,4.4,9.19294061788525,B_raw_features,455,10,31.0,16.0,15.0
2025,11,00-0034383,Dalton Schultz,TE,HOU,11.1,10.39120459691271,B_raw_features,455,10,8.0,11.0,3.0
2025,11,00-0038115,Daniel Bellinger,TE,NYG,0.0,5.0441269375320115,B_raw_features,455,10,55.0,38.0,17.0
2025,11,00-0038558,Darnell Washington,TE,PIT,10.7,7.787166444953975,B_raw_features,455,10,9.0,22.0,13.0
2025,11,00-0039648,David Martin-Robinson,TE,TEN,0.0,1.2980212360308143,B_raw_features,455,10,55.0,58.0,3.0
2025,11,00-0033885,David Njoku,TE,CLE,1.7,7.63212606973366,B_raw_features,455,10,47.0,23.0,24.0
2025,11,00-0035689,Dawson Knox,TE,BUF,3.3,4.14095352551083,B_raw_features,455,10,36.0,43.0,7.0
2025,11,00-0034798,Durham Smythe,TE,CHI,1.8,1.0707491764493633,B_raw_features,455,10,45.0,59.0,14.0
2025,11,00-0040739,Elijah Arroyo,TE,SEA,0.0,6.205698130894312,B_raw_features,455,10,55.0,32.0,23.0
2025,11,00-0039041,Elijah Higgins,TE,ARI,3.1,4.507504139985296,B_raw_features,455,10,38.0,41.0,3.0
2025,11,00-0033881,Evan Engram,TE,DEN,7.3,7.844648166977215,B_raw_features,455,10,16.0,21.0,5.0
2025,11,00-0036825,Feleipe Franks,TE,ATL,0.0,1.0707491764493633,B_raw_features,455,10,55.0,59.0,4.0
2025,11,00-0033288,George Kittle,TE,SF,24.7,12.13018433837907,B_raw_features,455,10,2.0,6.0,4.0
2025,11,00-0037252,Greg Dulcich,TE,MIA,3.8,8.573817561550426,B_raw_features,455,10,33.0,18.0,15.0
2025,11,00-0040584,Gunnar Helm,TE,TEN,6.9,5.874229123025656,B_raw_features,455,10,19.0,34.0,15.0
2025,11,00-0040663,Harold Fannin Jr.,TE,CLE,4.6,13.384348275589106,B_raw_features,455,10,29.0,3.0,26.0
2025,11,00-0033090,Hunter Henry,TE,NE,8.5,7.218313987186807,B_raw_features,455,10,14.0,26.0,12.0
2025,11,00-0034365,Ian Thomas,TE,LV,3.0,3.3985546712404453,B_raw_features,455,10,39.0,49.0,10.0
2025,11,00-0037838,Isaiah Likely,TE,BAL,3.5,7.397091449937122,B_raw_features,455,10,34.0,24.0,10.0
2025,11,00-0039356,Ja'Tavion Sanders,TE,CAR,6.2,6.905186821789453,B_raw_features,455,10,24.0,27.0,3.0
2025,11,00-0039305,Jack Westover,TE,NE,0.0,1.525263273848102,B_raw_features,455,10,55.0,57.0,2.0
2025,11,00-0038041,Jake Ferguson,TE,DAL,11.6,9.04742855343038,B_raw_features,455,10,7.0,17.0,10.0
2025,11,00-0037112,Jake Tonges,TE,SF,0.0,9.657450622662052,B_raw_features,455,10,55.0,13.0,42.0
2025,11,00-0037805,Jeremy Ruckert,TE,NYJ,6.3,3.2402066012958857,B_raw_features,455,10,23.0,53.0,30.0
2025,11,00-0037306,John FitzPatrick,TE,GB,1.5,3.3478748959863878,B_raw_features,455,10,48.0,50.0,2.0
2025,11,00-0033246,Johnny Mundt,TE,JAX,4.5,3.6689737954654618,B_raw_features,455,10,30.0,47.0,17.0
2025,11,00-0033858,Jonnu Smith,TE,PIT,0.0,6.318380508310955,B_raw_features,455,10,55.0,31.0,24.0
2025,11,00-0035249,Josh Oliver,TE,MIN,0.7,3.58546207684104,B_raw_features,455,10,54.0,48.0,6.0
2025,11,00-0036332,Josiah Deguara,TE,ARI,0.0,1.0707491764493633,B_raw_features,455,10,55.0,59.0,4.0
2025,11,00-0038720,Julian Hill,TE,MIA,2.4,6.4145644790959935,B_raw_features,455,10,43.0,30.0,13.0
2025,11,00-0036970,Kyle Pitts,TE,ATL,3.4,12.307740997880982,B_raw_features,455,10,35.0,5.0,30.0
2025,11,00-0036876,Kylen Granson,TE,PHI,1.4,1.0707491764493633,B_raw_features,455,10,49.0,59.0,10.0
2025,11,00-0036887,Luke Farrell,TE,SF,0.0,2.412251446002828,B_raw_features,455,10,55.0,55.0,0.0
2025,11,00-0039144,Luke Musgrave,TE,GB,0.9,4.441957628377918,B_raw_features,455,10,53.0,42.0,11.0
2025,11,00-0034753,Mark Andrews,TE,BAL,15.7,9.63289278760281,B_raw_features,455,10,5.0,14.0,9.0
2025,11,00-0040736,Mason Taylor,TE,NYJ,7.0,10.603944178111755,B_raw_features,455,10,17.0,9.0,8.0
2025,11,00-0039066,Michael Mayer,TE,LV,4.3,8.352673379265624,B_raw_features,455,10,32.0,19.0,13.0
2025,11,00-0040187,Mitchell Evans,TE,CAR,4.8,3.8110614033299353,B_raw_features,455,10,27.0,45.0,18.0
2025,11,00-0040058,Nick Kallerup,TE,SEA,0.0,4.5498725126201185,B_raw_features,455,10,55.0,40.0,15.0
2025,11,00-0035644,Noah Fant,TE,CIN,8.6,6.119207270517563,B_raw_features,455,10,12.0,33.0,21.0
2025,11,00-0036637,Noah Gray,TE,KC,2.9,3.793827461239798,B_raw_features,455,10,40.0,46.0,6.0
2025,11,00-0040189,Oronde Gadsden II,TE,LAC,6.1,10.933846151509387,B_raw_features,455,10,25.0,8.0,17.0
2025,11,00-0036894,Pat Freiermuth,TE,PIT,2.9,7.2762514730644785,B_raw_features,455,10,40.0,25.0,15.0
2025,11,00-0036590,Quintin Morris,TE,JAX,2.1,1.0707491764493633,B_raw_features,455,10,44.0,59.0,15.0
2025,11,00-0033757,Robert Tonyan,TE,KC,1.1,1.0707491764493633,B_raw_features,455,10,52.0,59.0,7.0
2025,11,00-0035229,T.J. Hockenson,TE,MIN,6.9,5.698153419594993,B_raw_features,455,10,19.0,35.0,16.0
2025,11,00-0034613,Tanner Hudson,TE,CIN,5.2,5.4527918948137675,B_raw_features,455,10,26.0,36.0,10.0
2025,11,00-0039847,Theo Johnson,TE,NYG,6.6,11.051345974213483,B_raw_features,455,10,21.0,7.0,14.0
2025,11,00-0037005,Tommy Tremble,TE,CAR,6.4,3.0770734487195677,B_raw_features,455,10,22.0,54.0,32.0
2025,11,00-0030506,Travis Kelce,TE,KC,24.1,9.779593127080275,B_raw_features,455,10,3.0,12.0,9.0
2025,11,00-0037744,Trey McBride,TE,ARI,27.5,19.188167235597952,B_raw_features,455,10,1.0,1.0,0.0
2025,11,00-0033110,Tyler Higbee,TE,LA,3.3,8.109449976297432,B_raw_features,455,10,36.0,20.0,16.0
2025,11,00-0030061,Zach Ertz,TE,WAS,8.2,10.533331101851696,B_raw_features,455,10,15.0,10.0,5.0
2025,12,00-0039793,AJ Barner,TE,SEA,3.8,9.87280318770789,B_raw_features,522,11,35.0,12.0,23.0
2025,12,00-0037292,Andrew Ogletree,TE,IND,8.8,1.1895033680753027,B_raw_features,522,11,14.0,66.0,52.0
2025,12,00-0032392,Austin Hooper,TE,NE,6.9,3.114218284846115,B_raw_features,522,11,21.0,55.0,34.0
2025,12,00-0038935,Brenton Strange,TE,JAX,14.3,8.43980808374656,B_raw_features,522,11,4.0,20.0,16.0
2025,12,00-0039530,Brevyn Spann-Ford,TE,DAL,7.4,1.805847854635969,B_raw_features,522,11,19.0,64.0,45.0
2025,12,00-0039338,Brock Bowers,TE,LV,11.5,16.229470751945556,B_raw_features,522,11,7.0,2.0,5.0
2025,12,00-0036754,Brock Wright,TE,DET,5.9,4.254310639563413,B_raw_features,522,11,23.0,45.0,22.0
2025,12,00-0038129,Cade Otton,TE,TB,6.1,11.328911969153785,B_raw_features,522,11,22.0,9.0,13.0
2025,12,00-0039359,Cade Stover,TE,HOU,0.0,7.152361506315792,B_raw_features,522,11,59.0,24.0,35.0
2025,12,00-0038564,Cameron Latu,TE,PHI,0.0,1.0203052025144341,B_raw_features,522,11,59.0,67.0,8.0
2025,12,00-0038046,Charlie Kolar,TE,BAL,0.0,4.313364636023998,B_raw_features,522,11,59.0,44.0,15.0
2025,12,00-0036429,Charlie Woerner,TE,ATL,5.4,2.534794633223109,B_raw_features,522,11,28.0,59.0,31.0
2025,12,00-0037809,Chig Okonkwo,TE,TEN,7.0,6.0790436252152995,B_raw_features,522,11,20.0,30.0,10.0
2025,12,00-0036244,Colby Parkinson,TE,LA,14.1,6.784313870214957,B_raw_features,522,11,5.0,25.0,20.0
2025,12,00-0036290,Cole Kmet,TE,CHI,1.3,5.270509815385209,B_raw_features,522,11,54.0,34.0,20.0
2025,12,00-0040126,Colston Loveland,TE,CHI,14.9,9.384569732390949,B_raw_features,522,11,3.0,15.0,12.0
2025,12,00-0034351,Dallas Goedert,TE,PHI,4.0,9.727502067637221,B_raw_features,522,11,34.0,13.0,21.0
2025,12,00-0034383,Dalton Schultz,TE,HOU,1.8,13.409197773620933,B_raw_features,522,11,44.0,5.0,39.0
2025,12,00-0038115,Daniel Bellinger,TE,NYG,0.0,3.4279553557501004,B_raw_features,522,11,59.0,53.0,6.0
2025,12,00-0038558,Darnell Washington,TE,PIT,4.2,7.3731312716868835,B_raw_features,522,11,33.0,23.0,10.0
2025,12,00-0039074,Davis Allen,TE,LA,5.9,5.045503245693257,B_raw_features,522,11,23.0,40.0,17.0
2025,12,00-0035689,Dawson Knox,TE,BUF,4.7,5.138202391796505,B_raw_features,522,11,30.0,36.0,6.0
2025,12,00-0035631,Drew Sample,TE,CIN,1.0,1.7440201177332648,B_raw_features,522,11,57.0,65.0,8.0
2025,12,00-0034798,Durham Smythe,TE,CHI,1.4,2.657046078152275,B_raw_features,522,11,52.0,58.0,6.0
2025,12,00-0040739,Elijah Arroyo,TE,SEA,1.5,3.9767683449857234,B_raw_features,522,11,51.0,46.0,5.0
2025,12,00-0039041,Elijah Higgins,TE,ARI,0.0,5.6715834663240825,B_raw_features,522,11,59.0,32.0,27.0
2025,12,00-0036825,Feleipe Franks,TE,ATL,0.2,1.0203052025144341,B_raw_features,522,11,58.0,67.0,9.0
2025,12,00-0034981,Foster Moreau,TE,NO,0.0,3.3229433140035125,B_raw_features,522,11,59.0,54.0,5.0
2025,12,00-0033288,George Kittle,TE,SF,13.8,13.70534242025407,B_raw_features,522,11,6.0,4.0,2.0
2025,12,00-0037086,Grant Calcaterra,TE,PHI,1.8,3.546584718656522,B_raw_features,522,11,44.0,51.0,7.0
2025,12,00-0040584,Gunnar Helm,TE,TEN,11.1,5.720770807456964,B_raw_features,522,11,8.0,31.0,23.0
2025,12,00-0040663,Harold Fannin Jr.,TE,CLE,8.4,12.226385534962438,B_raw_features,522,11,15.0,7.0,8.0
2025,12,00-0033090,Hunter Henry,TE,NE,24.5,9.313293946506432,B_raw_features,522,11,1.0,16.0,15.0
2025,12,00-0034365,Ian Thomas,TE,LV,7.6,2.977790210227786,B_raw_features,522,11,17.0,57.0,40.0
2025,12,00-0037838,Isaiah Likely,TE,BAL,2.0,7.671641838301556,B_raw_features,522,11,40.0,22.0,18.0
2025,12,00-0039356,Ja'Tavion Sanders,TE,CAR,1.6,6.457873583537314,B_raw_features,522,11,49.0,28.0,21.0
2025,12,00-0036741,Jack Stoll,TE,NO,1.7,2.4803895852444455,B_raw_features,522,11,46.0,60.0,14.0
2025,12,00-0040194,Jackson Hawes,TE,BUF,4.6,5.157565126178576,B_raw_features,522,11,31.0,35.0,4.0
2025,12,00-0038041,Jake Ferguson,TE,DAL,11.1,7.794699840264231,B_raw_features,522,11,8.0,21.0,13.0
2025,12,00-0037306,John FitzPatrick,TE,GB,2.1,3.437700715803803,B_raw_features,522,11,38.0,52.0,14.0
2025,12,00-0033246,Johnny Mundt,TE,JAX,2.2,3.7101937122265793,B_raw_features,522,11,37.0,49.0,12.0
2025,12,00-0033858,Jonnu Smith,TE,PIT,5.8,5.0942027922851825,B_raw_features,522,11,26.0,39.0,13.0
2025,12,00-0035249,Josh Oliver,TE,MIN,1.4,3.6210971409969206,B_raw_features,522,11,52.0,50.0,2.0
2025,12,00-0038589,Josh Whyle,TE,GB,1.1,3.817549204818329,B_raw_features,522,11,56.0,48.0,8.0
2025,12,00-0036332,Josiah Deguara,TE,ARI,1.6,1.0203052025144341,B_raw_features,522,11,49.0,67.0,18.0
2025,12,00-0036040,Juwan Johnson,TE,NO,10.6,9.647440671812676,B_raw_features,522,11,12.0,14.0,2.0
2025,12,00-0036970,Kyle Pitts,TE,ATL,4.5,8.869003462319764,B_raw_features,522,11,32.0,18.0,14.0
2025,12,00-0036887,Luke Farrell,TE,SF,1.3,2.4553398769745147,B_raw_features,522,11,54.0,61.0,7.0
2025,12,00-0039144,Luke Musgrave,TE,GB,1.7,5.094358530571217,B_raw_features,522,11,46.0,38.0,8.0
2025,12,00-0038547,Luke Schoonmaker,TE,DAL,0.0,4.849754717817422,B_raw_features,522,11,59.0,41.0,18.0
2025,12,00-0034753,Mark Andrews,TE,BAL,2.1,11.549474212398618,B_raw_features,522,11,38.0,8.0,30.0
2025,12,00-0040736,Mason Taylor,TE,NYJ,5.1,10.044473257927674,B_raw_features,522,11,29.0,11.0,18.0
2025,12,00-0039066,Michael Mayer,TE,LV,2.4,8.486700557846877,B_raw_features,522,11,36.0,19.0,17.0
2025,12,00-0034829,Mike Gesicki,TE,CIN,7.5,5.129331079575083,B_raw_features,522,11,18.0,37.0,19.0
2025,12,00-0040187,Mitchell Evans,TE,CAR,0.0,3.9596698870171307,B_raw_features,522,11,59.0,47.0,12.0
2025,12,00-0033217,Mo Alie-Cox,TE,IND,1.9,3.0796966256662572,B_raw_features,522,11,41.0,56.0,15.0
2025,12,00-0035644,Noah Fant,TE,CIN,1.9,6.660681872716088,B_raw_features,522,11,41.0,27.0,14.0
2025,12,00-0036637,Noah Gray,TE,KC,5.5,4.482944950665039,B_raw_features,522,11,27.0,43.0,16.0
2025,12,00-0036894,Pat Freiermuth,TE,PIT,10.9,5.519452533514013,B_raw_features,522,11,10.0,33.0,23.0
2025,12,00-0033439,Pharaoh Brown,TE,ARI,0.0,1.0203052025144341,B_raw_features,522,11,59.0,67.0,8.0
2025,12,00-0036590,Quintin Morris,TE,JAX,0.0,2.198258872861642,B_raw_features,522,11,59.0,63.0,4.0
2025,12,00-0034073,Ross Dwelley,TE,DET,0.0,2.270808299157026,B_raw_features,522,11,59.0,62.0,3.0
2025,12,00-0035229,T.J. Hockenson,TE,MIN,5.9,6.674587465622813,B_raw_features,522,11,23.0,26.0,3.0
2025,12,00-0034613,Tanner Hudson,TE,CIN,1.9,4.600054654787764,B_raw_features,522,11,41.0,42.0,1.0
2025,12,00-0033357,Taysom Hill,TE,NO,1.7,9.248380700841556,B_raw_features,522,11,46.0,17.0,29.0
2025,12,00-0040737,Terrance Ferguson,TE,LA,0.0,6.248649341882254,B_raw_features,522,11,59.0,29.0,30.0
2025,12,00-0039847,Theo Johnson,TE,NYG,10.7,10.43204552357832,B_raw_features,522,11,11.0,10.0,1.0
2025,12,00-0030506,Travis Kelce,TE,KC,8.4,13.825614870949192,B_raw_features,522,11,15.0,3.0,12.0
2025,12,00-0037744,Trey McBride,TE,ARI,16.9,17.602555814781372,B_raw_features,522,11,2.0,1.0,1.0
2025,12,00-0040128,Tyler Warren,TE,IND,9.5,12.539509857497984,B_raw_features,522,11,13.0,6.0,7.0
2025,13,00-0039793,AJ Barner,TE,SEA,7.7,8.601706116536986,B_raw_features,592,12,21.0,17.0,4.0
2025,13,00-0036422,Adam Trautman,TE,DEN,7.7,2.9870511151888803,B_raw_features,592,12,21.0,57.0,36.0
2025,13,00-0037292,Andrew Ogletree,TE,IND,1.8,2.047182973177451,B_raw_features,592,12,50.0,63.0,13.0
2025,13,00-0038710,Blake Whiteheart,TE,CLE,0.0,1.6765969929696036,B_raw_features,592,12,59.0,65.0,6.0
2025,13,00-0038935,Brenton Strange,TE,JAX,13.5,7.8818601466337395,B_raw_features,592,12,8.0,22.0,14.0
2025,13,00-0039530,Brevyn Spann-Ford,TE,DAL,0.0,2.3431674334516215,B_raw_features,592,12,59.0,60.0,1.0
2025,13,00-0039338,Brock Bowers,TE,LV,22.3,11.721390112979986,B_raw_features,592,12,1.0,6.0,5.0
2025,13,00-0038129,Cade Otton,TE,TB,2.9,11.068133845578421,B_raw_features,592,12,41.0,10.0,31.0
2025,13,00-0039359,Cade Stover,TE,HOU,3.9,5.105935203866223,B_raw_features,592,12,34.0,36.0,2.0
2025,13,00-0038564,Cameron Latu,TE,PHI,0.0,1.0810506031095626,B_raw_features,592,12,59.0,69.0,10.0
2025,13,00-0038046,Charlie Kolar,TE,BAL,2.7,2.301629382651112,B_raw_features,592,12,43.0,61.0,18.0
2025,13,00-0037809,Chig Okonkwo,TE,TEN,6.9,5.518167116194337,B_raw_features,592,12,23.0,34.0,11.0
2025,13,00-0036244,Colby Parkinson,TE,LA,6.7,8.558103101176227,B_raw_features,592,12,24.0,18.0,6.0
2025,13,00-0036290,Cole Kmet,TE,CHI,12.6,4.626288691288557,B_raw_features,592,12,10.0,42.0,32.0
2025,13,00-0039686,Colson Yankoff,TE,WAS,2.4,1.1190652964098105,B_raw_features,592,12,45.0,68.0,23.0
2025,13,00-0040126,Colston Loveland,TE,CHI,5.8,8.227470078166633,B_raw_features,592,12,28.0,20.0,8.0
2025,13,00-0034351,Dallas Goedert,TE,PHI,4.7,7.412717451253117,B_raw_features,592,12,31.0,24.0,7.0
2025,13,00-0034383,Dalton Schultz,TE,HOU,12.5,11.39167516124855,B_raw_features,592,12,11.0,7.0,4.0
2025,13,00-0038558,Darnell Washington,TE,PIT,6.5,4.754097883300188,B_raw_features,592,12,26.0,41.0,15.0
2025,13,00-0031610,Darren Waller,TE,MIA,6.7,5.383515670771758,B_raw_features,592,12,24.0,35.0,11.0
2025,13,00-0039648,David Martin-Robinson,TE,TEN,0.0,1.0810506031095626,B_raw_features,592,12,59.0,69.0,10.0
2025,13,00-0033885,David Njoku,TE,CLE,2.4,6.0823515634519385,B_raw_features,592,12,45.0,31.0,14.0
2025,13,00-0039074,Davis Allen,TE,LA,1.4,6.749970664370388,B_raw_features,592,12,54.0,27.0,27.0
2025,13,00-0035689,Dawson Knox,TE,BUF,5.8,6.333142323576307,B_raw_features,592,12,28.0,30.0,2.0
2025,13,00-0039754,Devin Culp,TE,TB,0.0,1.0810506031095626,B_raw_features,592,12,59.0,69.0,10.0
2025,13,00-0035631,Drew Sample,TE,CIN,2.7,1.800390091408468,B_raw_features,592,12,43.0,64.0,21.0
2025,13,00-0040739,Elijah Arroyo,TE,SEA,0.0,3.0265032201836397,B_raw_features,592,12,59.0,56.0,3.0
2025,13,00-0039041,Elijah Higgins,TE,ARI,3.7,3.328853453427697,B_raw_features,592,12,36.0,51.0,15.0
2025,13,00-0033881,Evan Engram,TE,DEN,13.9,7.020508736754084,B_raw_features,592,12,7.0,26.0,19.0
2025,13,00-0034981,Foster Moreau,TE,NO,3.3,3.0502683907912775,B_raw_features,592,12,38.0,55.0,17.0
2025,13,00-0033288,George Kittle,TE,SF,10.7,15.131495410207501,B_raw_features,592,12,15.0,2.0,13.0
2025,13,00-0037252,Greg Dulcich,TE,MIA,4.4,8.24741999553322,B_raw_features,592,12,32.0,19.0,13.0
2025,13,00-0040584,Gunnar Helm,TE,TEN,8.3,6.4562320030368525,B_raw_features,592,12,20.0,29.0,9.0
2025,13,00-0040663,Harold Fannin Jr.,TE,CLE,13.3,11.068778013964877,B_raw_features,592,12,9.0,9.0,0.0
2025,13,00-0033090,Hunter Henry,TE,NE,11.3,11.146266011560652,B_raw_features,592,12,13.0,8.0,5.0
2025,13,00-0034365,Ian Thomas,TE,LV,1.8,3.3228403257429306,B_raw_features,592,12,50.0,52.0,2.0
2025,13,00-0037838,Isaiah Likely,TE,BAL,14.5,6.594152178720295,B_raw_features,592,12,6.0,28.0,22.0
2025,13,00-0039356,Ja'Tavion Sanders,TE,CAR,0.0,5.873382472430468,B_raw_features,592,12,59.0,32.0,27.0
2025,13,00-0040194,Jackson Hawes,TE,BUF,2.0,4.398652762504533,B_raw_features,592,12,49.0,44.0,5.0
2025,13,00-0038041,Jake Ferguson,TE,DAL,8.6,11.786197265623603,B_raw_features,592,12,18.0,5.0,13.0
2025,13,00-0037805,Jeremy Ruckert,TE,NYJ,3.2,4.844094558481172,B_raw_features,592,12,40.0,39.0,1.0
2025,13,00-0036628,John Bates,TE,WAS,2.9,4.769532711788171,B_raw_features,592,12,41.0,40.0,1.0
2025,13,00-0037306,John FitzPatrick,TE,GB,0.0,3.332430251187888,B_raw_features,592,12,59.0,50.0,9.0
2025,13,00-0033858,Jonnu Smith,TE,PIT,1.6,5.013821176781575,B_raw_features,592,12,53.0,38.0,15.0
2025,13,00-0038589,Josh Whyle,TE,GB,0.0,3.6149719441786248,B_raw_features,592,12,59.0,49.0,10.0
2025,13,00-0038720,Julian Hill,TE,MIA,0.0,4.210334205896309,B_raw_features,592,12,59.0,46.0,13.0
2025,13,00-0036040,Juwan Johnson,TE,NO,8.9,9.392152397674726,B_raw_features,592,12,16.0,16.0,0.0
2025,13,00-0036970,Kyle Pitts,TE,ATL,15.2,7.882399936028538,B_raw_features,592,12,5.0,21.0,16.0
2025,13,00-0036887,Luke Farrell,TE,SF,0.0,2.4313380571560614,B_raw_features,592,12,59.0,58.0,1.0
2025,13,00-0039144,Luke Musgrave,TE,GB,3.3,4.497008823524874,B_raw_features,592,12,38.0,43.0,5.0
2025,13,00-0038547,Luke Schoonmaker,TE,DAL,1.1,3.6184402347845395,B_raw_features,592,12,58.0,48.0,10.0
2025,13,00-0034753,Mark Andrews,TE,BAL,8.7,10.34335903166041,B_raw_features,592,12,17.0,13.0,4.0
2025,13,00-0040736,Mason Taylor,TE,NYJ,4.1,7.247265746820894,B_raw_features,592,12,33.0,25.0,8.0
2025,13,00-0034829,Mike Gesicki,TE,CIN,3.9,5.803545389511619,B_raw_features,592,12,34.0,33.0,1.0
2025,13,00-0040187,Mitchell Evans,TE,CAR,5.0,3.0590251531519788,B_raw_features,592,12,30.0,54.0,24.0
2025,13,00-0040058,Nick Kallerup,TE,SEA,0.0,2.3432814480117363,B_raw_features,592,12,59.0,59.0,0.0
2025,13,00-0035644,Noah Fant,TE,CIN,1.3,5.099955126474381,B_raw_features,592,12,55.0,37.0,18.0
2025,13,00-0040189,Oronde Gadsden II,TE,LAC,3.7,9.875725360073599,B_raw_features,592,12,36.0,14.0,22.0
2025,13,00-0039050,Payne Durham,TE,TB,2.1,1.1498970058493796,B_raw_features,592,12,48.0,67.0,19.0
2025,13,00-0036590,Quintin Morris,TE,JAX,2.4,2.173115372459298,B_raw_features,592,12,45.0,62.0,17.0
2025,13,00-0034073,Ross Dwelley,TE,DET,1.3,1.3925965355094712,B_raw_features,592,12,55.0,66.0,11.0
2025,13,00-0035229,T.J. Hockenson,TE,MIN,11.9,7.427701291720279,B_raw_features,592,12,12.0,23.0,11.0
2025,13,00-0034613,Tanner Hudson,TE,CIN,8.4,3.720406408346893,B_raw_features,592,12,19.0,47.0,28.0
2025,13,00-0033357,Taysom Hill,TE,NO,1.7,10.938577154663301,B_raw_features,592,12,52.0,11.0,41.0
2025,13,00-0040737,Terrance Ferguson,TE,LA,0.0,4.347364739785261,B_raw_features,592,12,59.0,45.0,14.0
2025,13,00-0039847,Theo Johnson,TE,NYG,5.9,9.775651287459699,B_raw_features,592,12,27.0,15.0,12.0
2025,13,00-0037005,Tommy Tremble,TE,CAR,1.2,3.301907940263955,B_raw_features,592,12,57.0,53.0,4.0
2025,13,00-0030506,Travis Kelce,TE,KC,15.5,11.969864755705133,B_raw_features,592,12,4.0,4.0,0.0
2025,13,00-0037744,Trey McBride,TE,ARI,22.2,16.103424984235296,B_raw_features,592,12,2.0,1.0,1.0
2025,13,00-0040128,Tyler Warren,TE,IND,11.2,13.002937025121327,B_raw_features,592,12,14.0,3.0,11.0
2025,13,00-0030061,Zach Ertz,TE,WAS,20.6,10.613164564570523,B_raw_features,592,12,3.0,12.0,9.0
2025,14,00-0039793,AJ Barner,TE,SEA,5.7,11.466796955106842,B_raw_features,663,13,21.0,6.0,15.0
2025,14,00-0036422,Adam Trautman,TE,DEN,3.7,3.3385233609843223,B_raw_features,663,13,29.0,48.0,19.0
2025,14,00-0037292,Andrew Ogletree,TE,IND,0.0,2.7385867059018256,B_raw_features,663,13,57.0,55.0,2.0
2025,14,00-0033455,Anthony Firkser,TE,DET,1.7,3.044617742301101,B_raw_features,663,13,49.0,51.0,2.0
2025,14,00-0039912,Ben Sinnott,TE,WAS,1.8,2.241968884001635,B_raw_features,663,13,46.0,62.0,16.0
2025,14,00-0038710,Blake Whiteheart,TE,CLE,0.0,1.2136418473374593,B_raw_features,663,13,57.0,68.0,11.0
2025,14,00-0038935,Brenton Strange,TE,JAX,5.7,6.7984836473784025,B_raw_features,663,13,21.0,26.0,5.0
2025,14,00-0039530,Brevyn Spann-Ford,TE,DAL,1.7,2.251144091396975,B_raw_features,663,13,49.0,61.0,12.0
2025,14,00-0039338,Brock Bowers,TE,LV,14.6,13.40632626290704,B_raw_features,663,13,7.0,2.0,5.0
2025,14,00-0038129,Cade Otton,TE,TB,4.9,7.801246397806356,B_raw_features,663,13,24.0,20.0,4.0
2025,14,00-0038564,Cameron Latu,TE,PHI,0.0,0.9961190800644271,B_raw_features,663,13,57.0,71.0,14.0
2025,14,00-0038046,Charlie Kolar,TE,BAL,2.9,1.8350045438068276,B_raw_features,663,13,34.0,64.0,30.0
2025,14,00-0037809,Chig Okonkwo,TE,TEN,4.0,6.6987123906147605,B_raw_features,663,13,27.0,28.0,1.0
2025,14,00-0036244,Colby Parkinson,TE,LA,12.2,7.993154825552842,B_raw_features,663,13,11.0,18.0,7.0
2025,14,00-0036290,Cole Kmet,TE,CHI,6.2,5.52659396409152,B_raw_features,663,13,20.0,31.0,11.0
2025,14,00-0039686,Colson Yankoff,TE,WAS,0.0,1.5775774901676933,B_raw_features,663,13,57.0,65.0,8.0
2025,14,00-0040126,Colston Loveland,TE,CHI,12.9,8.802084708596915,B_raw_features,663,13,9.0,16.0,7.0
2025,14,00-0034351,Dallas Goedert,TE,PHI,15.8,6.230703633138704,B_raw_features,663,13,4.0,30.0,26.0
2025,14,00-0038933,Dalton Kincaid,TE,BUF,14.1,7.33218403041738,B_raw_features,663,13,8.0,23.0,15.0
2025,14,00-0034383,Dalton Schultz,TE,HOU,5.2,10.777799264552765,B_raw_features,663,13,23.0,8.0,15.0
2025,14,00-0038558,Darnell Washington,TE,PIT,2.2,6.758377567565227,B_raw_features,663,13,41.0,27.0,14.0
2025,14,00-0031610,Darren Waller,TE,MIA,2.7,4.536581008839402,B_raw_features,663,13,37.0,38.0,1.0
2025,14,00-0039648,David Martin-Robinson,TE,TEN,1.6,0.9961190800644271,B_raw_features,663,13,52.0,71.0,19.0
2025,14,00-0033885,David Njoku,TE,CLE,7.1,4.55486611250133,B_raw_features,663,13,18.0,37.0,19.0
2025,14,00-0039074,Davis Allen,TE,LA,4.1,4.714979992619381,B_raw_features,663,13,26.0,36.0,10.0
2025,14,00-0035689,Dawson Knox,TE,BUF,15.3,6.6974497562893855,B_raw_features,663,13,5.0,29.0,24.0
2025,14,00-0034798,Durham Smythe,TE,CHI,1.2,2.4075371722804015,B_raw_features,663,13,54.0,60.0,6.0
2025,14,00-0040739,Elijah Arroyo,TE,SEA,0.0,3.037124962643594,B_raw_features,663,13,57.0,52.0,5.0
2025,14,00-0039041,Elijah Higgins,TE,ARI,1.0,2.8091463488476975,B_raw_features,663,13,56.0,54.0,2.0
2025,14,00-0033881,Evan Engram,TE,DEN,2.8,10.006549239962183,B_raw_features,663,13,36.0,12.0,24.0
2025,14,00-0036825,Feleipe Franks,TE,ATL,0.0,1.1135869581222413,B_raw_features,663,13,57.0,69.0,12.0
2025,14,00-0034981,Foster Moreau,TE,NO,2.6,3.744409319378851,B_raw_features,663,13,38.0,44.0,6.0
2025,14,00-0037252,Greg Dulcich,TE,MIA,7.1,7.14448668909623,B_raw_features,663,13,18.0,25.0,7.0
2025,14,00-0040584,Gunnar Helm,TE,TEN,1.8,9.735209686989789,B_raw_features,663,13,46.0,14.0,32.0
2025,14,00-0040663,Harold Fannin Jr.,TE,CLE,25.4,11.061342247042145,B_raw_features,663,13,1.0,7.0,6.0
2025,14,00-0034365,Ian Thomas,TE,LV,3.7,3.5457311774843405,B_raw_features,663,13,29.0,46.0,17.0
2025,14,00-0037838,Isaiah Likely,TE,BAL,12.5,7.225806986723747,B_raw_features,663,13,10.0,24.0,14.0
2025,14,00-0036741,Jack Stoll,TE,NO,0.0,2.2349603296965017,B_raw_features,663,13,57.0,63.0,6.0
2025,14,00-0040194,Jackson Hawes,TE,BUF,7.3,3.79751816620625,B_raw_features,663,13,17.0,43.0,26.0
2025,14,00-0038041,Jake Ferguson,TE,DAL,10.8,10.682962157977165,B_raw_features,663,13,12.0,9.0,3.0
2025,14,00-0037805,Jeremy Ruckert,TE,NYJ,3.9,5.18327710700715,B_raw_features,663,13,28.0,33.0,5.0
2025,14,00-0036628,John Bates,TE,WAS,0.0,4.987088002013026,B_raw_features,663,13,57.0,34.0,23.0
2025,14,00-0037306,John FitzPatrick,TE,GB,3.4,3.0824410523749406,B_raw_features,663,13,32.0,49.0,17.0
2025,14,00-0033858,Jonnu Smith,TE,PIT,0.0,5.292569825549024,B_raw_features,663,13,57.0,32.0,25.0
2025,14,00-0035249,Josh Oliver,TE,MIN,16.4,2.9592296102008504,B_raw_features,663,13,3.0,53.0,50.0
2025,14,00-0038589,Josh Whyle,TE,GB,3.1,3.0682347139042205,B_raw_features,663,13,33.0,50.0,17.0
2025,14,00-0036332,Josiah Deguara,TE,ARI,0.0,1.0132582203488754,B_raw_features,663,13,57.0,70.0,13.0
2025,14,00-0036040,Juwan Johnson,TE,NO,7.8,10.478811516143239,B_raw_features,663,13,16.0,10.0,6.0
2025,14,00-0036970,Kyle Pitts,TE,ATL,15.0,8.764030730697165,B_raw_features,663,13,6.0,17.0,11.0
2025,14,00-0036876,Kylen Granson,TE,PHI,0.0,1.5087812942831629,B_raw_features,663,13,57.0,67.0,10.0
2025,14,00-0039144,Luke Musgrave,TE,GB,4.2,3.6069763240550765,B_raw_features,663,13,25.0,45.0,20.0
2025,14,00-0038547,Luke Schoonmaker,TE,DAL,2.2,2.5289365639351176,B_raw_features,663,13,41.0,59.0,18.0
2025,14,00-0034753,Mark Andrews,TE,BAL,1.9,10.351912474722788,B_raw_features,663,13,45.0,11.0,34.0
2025,14,00-0040736,Mason Taylor,TE,NYJ,10.1,7.4678445865601475,B_raw_features,663,13,14.0,22.0,8.0
2025,14,00-0034829,Mike Gesicki,TE,CIN,20.6,7.539912456141166,B_raw_features,663,13,2.0,21.0,19.0
2025,14,00-0033217,Mo Alie-Cox,TE,IND,0.0,2.5430670980559853,B_raw_features,663,13,57.0,58.0,1.0
2025,14,00-0035644,Noah Fant,TE,CIN,2.5,4.487873099799745,B_raw_features,663,13,39.0,39.0,0.0
2025,14,00-0036637,Noah Gray,TE,KC,2.4,3.9581647993282725,B_raw_features,663,13,40.0,41.0,1.0
2025,14,00-0040189,Oronde Gadsden II,TE,LAC,1.7,7.88719757955405,B_raw_features,663,13,49.0,19.0,30.0
2025,14,00-0036894,Pat Freiermuth,TE,PIT,2.9,4.973942589389779,B_raw_features,663,13,34.0,35.0,1.0
2025,14,00-0039050,Payne Durham,TE,TB,0.0,1.5215639864150101,B_raw_features,663,13,57.0,66.0,9.0
2025,14,00-0033439,Pharaoh Brown,TE,ARI,0.0,0.9961190800644271,B_raw_features,663,13,57.0,71.0,14.0
2025,14,00-0036590,Quintin Morris,TE,JAX,0.0,3.36032442734959,B_raw_features,663,13,57.0,47.0,10.0
2025,14,00-0034073,Ross Dwelley,TE,DET,1.4,2.7010307504409248,B_raw_features,663,13,53.0,56.0,3.0
2025,14,00-0037475,Stone Smartt,TE,NYJ,0.0,0.9961190800644271,B_raw_features,663,13,57.0,71.0,14.0
2025,14,00-0035229,T.J. Hockenson,TE,MIN,9.2,9.97446167133326,B_raw_features,663,13,15.0,13.0,2.0
2025,14,00-0034613,Tanner Hudson,TE,CIN,2.1,4.232818746020022,B_raw_features,663,13,43.0,40.0,3.0
2025,14,00-0033357,Taysom Hill,TE,NO,-0.1,9.03970632378451,B_raw_features,663,13,74.0,15.0,59.0
2025,14,00-0040737,Terrance Ferguson,TE,LA,0.0,3.8719364152182347,B_raw_features,663,13,57.0,42.0,15.0
2025,14,00-0030506,Travis Kelce,TE,KC,1.8,12.588157932256527,B_raw_features,663,13,46.0,5.0,41.0
2025,14,00-0037744,Trey McBride,TE,ARI,10.8,14.92507812047793,B_raw_features,663,13,12.0,1.0,11.0
2025,14,00-0040128,Tyler Warren,TE,IND,3.7,12.708055441784897,B_raw_features,663,13,29.0,4.0,25.0
2025,14,00-0034159,Will Dissly,TE,LAC,1.1,2.5936698760640255,B_raw_features,663,13,55.0,57.0,2.0
2025,14,00-0030061,Zach Ertz,TE,WAS,2.1,13.225982078893711,B_raw_features,663,13,43.0,3.0,40.0
2025,15,00-0039793,AJ Barner,TE,SEA,5.7,8.660636041818385,B_raw_features,737,14,26.0,19.0,7.0
2025,15,00-0039912,Ben Sinnott,TE,WAS,4.6,3.7594855664475677,B_raw_features,737,14,32.0,43.0,11.0
2025,15,00-0039458,Brenden Bates,TE,CLE,0.0,3.912550704053621,B_raw_features,737,14,59.0,41.0,18.0
2025,15,00-0038935,Brenton Strange,TE,JAX,3.6,9.625076019205364,B_raw_features,737,14,39.0,12.0,27.0
2025,15,00-0039530,Brevyn Spann-Ford,TE,DAL,0.0,1.8988786100785315,B_raw_features,737,14,59.0,58.0,1.0
2025,15,00-0039338,Brock Bowers,TE,LV,8.8,11.69705678842904,B_raw_features,737,14,18.0,6.0,12.0
2025,15,00-0039359,Cade Stover,TE,HOU,5.2,5.9195199674726915,B_raw_features,737,14,28.0,30.0,2.0
2025,15,00-0038046,Charlie Kolar,TE,BAL,0.0,1.6869374034077005,B_raw_features,737,14,59.0,60.0,1.0
2025,15,00-0036429,Charlie Woerner,TE,ATL,3.2,3.293917969588624,B_raw_features,737,14,43.0,47.0,4.0
2025,15,00-0037809,Chig Okonkwo,TE,TEN,7.3,6.140820204860027,B_raw_features,737,14,21.0,28.0,7.0
2025,15,00-0036244,Colby Parkinson,TE,LA,24.5,9.84325289059724,B_raw_features,737,14,5.0,10.0,5.0
2025,15,00-0036290,Cole Kmet,TE,CHI,4.8,4.909100531841998,B_raw_features,737,14,30.0,33.0,3.0
2025,15,00-0039686,Colson Yankoff,TE,WAS,0.0,2.6173657950220237,B_raw_features,737,14,59.0,53.0,6.0
2025,15,00-0040126,Colston Loveland,TE,CHI,10.1,9.687710097191855,B_raw_features,737,14,15.0,11.0,4.0
2025,15,00-0034351,Dallas Goedert,TE,PHI,25.0,7.399573515215149,B_raw_features,737,14,4.0,24.0,20.0
2025,15,00-0038933,Dalton Kincaid,TE,BUF,6.4,9.235807712178001,B_raw_features,737,14,25.0,16.0,9.0
2025,15,00-0034383,Dalton Schultz,TE,HOU,21.6,8.48340520090679,B_raw_features,737,14,7.0,21.0,14.0
2025,15,00-0038115,Daniel Bellinger,TE,NYG,6.5,3.2255002038881204,B_raw_features,737,14,24.0,48.0,24.0
2025,15,00-0038558,Darnell Washington,TE,PIT,5.5,4.613831840753788,B_raw_features,737,14,27.0,35.0,8.0
2025,15,00-0031610,Darren Waller,TE,MIA,25.6,4.43770478148621,B_raw_features,737,14,3.0,36.0,33.0
2025,15,00-0039648,David Martin-Robinson,TE,TEN,0.0,0.9888136779104246,B_raw_features,737,14,59.0,69.0,10.0
2025,15,00-0039074,Davis Allen,TE,LA,4.6,4.287107312335923,B_raw_features,737,14,32.0,38.0,6.0
2025,15,00-0035689,Dawson Knox,TE,BUF,18.7,9.276254080216336,B_raw_features,737,14,8.0,15.0,7.0
2025,15,00-0039754,Devin Culp,TE,TB,7.6,1.0874470105259375,B_raw_features,737,14,19.0,66.0,47.0
2025,15,00-0035631,Drew Sample,TE,CIN,3.2,1.8956476352836367,B_raw_features,737,14,43.0,59.0,16.0
2025,15,00-0034798,Durham Smythe,TE,CHI,0.0,3.341665593582503,B_raw_features,737,14,59.0,46.0,13.0
2025,15,00-0039041,Elijah Higgins,TE,ARI,1.3,1.631797020472225,B_raw_features,737,14,57.0,62.0,5.0
2025,15,00-0033576,Eric Saubert,TE,SEA,1.9,1.2900662236588856,B_raw_features,737,14,52.0,65.0,13.0
2025,15,00-0033881,Evan Engram,TE,DEN,2.2,7.678284656560345,B_raw_features,737,14,49.0,23.0,26.0
2025,15,00-0033288,George Kittle,TE,SF,22.8,13.272308194373243,B_raw_features,737,14,6.0,2.0,4.0
2025,15,00-0037086,Grant Calcaterra,TE,PHI,1.4,2.720896906082177,B_raw_features,737,14,56.0,52.0,4.0
2025,15,00-0037252,Greg Dulcich,TE,MIA,6.6,7.286332408965836,B_raw_features,737,14,23.0,25.0,2.0
2025,15,00-0040584,Gunnar Helm,TE,TEN,14.9,7.809637985417663,B_raw_features,737,14,9.0,22.0,13.0
2025,15,00-0040663,Harold Fannin Jr.,TE,CLE,12.0,13.720640611049003,B_raw_features,737,14,11.0,1.0,10.0
2025,15,00-0033090,Hunter Henry,TE,NE,2.8,12.837764434740944,B_raw_features,737,14,46.0,4.0,42.0
2025,15,00-0039356,Ja'Tavion Sanders,TE,CAR,2.5,2.5733025417817466,B_raw_features,737,14,48.0,54.0,6.0
2025,15,00-0036741,Jack Stoll,TE,NO,1.7,2.3065493644148614,B_raw_features,737,14,54.0,56.0,2.0
2025,15,00-0040194,Jackson Hawes,TE,BUF,1.9,3.855504969688954,B_raw_features,737,14,52.0,42.0,10.0
2025,15,00-0038041,Jake Ferguson,TE,DAL,3.6,10.58729004071451,B_raw_features,737,14,39.0,8.0,31.0
2025,15,00-0037805,Jeremy Ruckert,TE,NYJ,3.3,5.988623435732302,B_raw_features,737,14,41.0,29.0,12.0
2025,15,00-0036628,John Bates,TE,WAS,2.9,2.2377100677732455,B_raw_features,737,14,45.0,57.0,12.0
2025,15,00-0037306,John FitzPatrick,TE,GB,4.8,3.2163698216597822,B_raw_features,737,14,30.0,49.0,19.0
2025,15,00-0033858,Jonnu Smith,TE,PIT,10.6,4.434358804657881,B_raw_features,737,14,12.0,37.0,25.0
2025,15,00-0035249,Josh Oliver,TE,MIN,2.8,4.233671345236379,B_raw_features,737,14,46.0,39.0,7.0
2025,15,00-0038720,Julian Hill,TE,MIA,4.5,2.978632722150397,B_raw_features,737,14,35.0,50.0,15.0
2025,15,00-0036040,Juwan Johnson,TE,NO,7.0,9.943163345048323,B_raw_features,737,14,22.0,9.0,13.0
2025,15,00-0036970,Kyle Pitts,TE,ATL,45.6,12.345239322042485,B_raw_features,737,14,1.0,5.0,4.0
2025,15,00-0036876,Kylen Granson,TE,PHI,0.0,1.3256267024170627,B_raw_features,737,14,59.0,64.0,5.0
2025,15,00-0039144,Luke Musgrave,TE,GB,9.2,4.717959330094585,B_raw_features,737,14,17.0,34.0,17.0
2025,15,00-0038547,Luke Schoonmaker,TE,DAL,3.9,2.380555498822668,B_raw_features,737,14,37.0,55.0,18.0
2025,15,00-0034753,Mark Andrews,TE,BAL,3.8,8.768114201134374,B_raw_features,737,14,38.0,18.0,20.0
2025,15,00-0039066,Michael Mayer,TE,LV,0.0,5.159047851435231,B_raw_features,737,14,59.0,31.0,28.0
2025,15,00-0034829,Mike Gesicki,TE,CIN,2.1,8.554560766048034,B_raw_features,737,14,50.0,20.0,30.0
2025,15,00-0040187,Mitchell Evans,TE,CAR,0.0,4.0281262835266185,B_raw_features,737,14,59.0,40.0,19.0
2025,15,00-0040058,Nick Kallerup,TE,SEA,0.0,1.6658805286000824,B_raw_features,737,14,59.0,61.0,2.0
2025,15,00-0040189,Oronde Gadsden II,TE,LAC,10.1,6.712210961564464,B_raw_features,737,14,15.0,27.0,12.0
2025,15,00-0036894,Pat Freiermuth,TE,PIT,7.5,4.9864184355659305,B_raw_features,737,14,20.0,32.0,12.0
2025,15,00-0033439,Pharaoh Brown,TE,ARI,2.1,1.0874470105259375,B_raw_features,737,14,50.0,66.0,16.0
2025,15,00-0036590,Quintin Morris,TE,JAX,4.0,1.6194462046693714,B_raw_features,737,14,36.0,63.0,27.0
2025,15,00-0037475,Stone Smartt,TE,NYJ,0.0,1.0725743755713586,B_raw_features,737,14,59.0,68.0,9.0
2025,15,00-0035229,T.J. Hockenson,TE,MIN,10.6,9.596111761135022,B_raw_features,737,14,12.0,13.0,1.0
2025,15,00-0034613,Tanner Hudson,TE,CIN,4.6,3.4070776931549425,B_raw_features,737,14,32.0,45.0,13.0
2025,15,00-0033357,Taysom Hill,TE,NO,0.2,6.75686611916855,B_raw_features,737,14,58.0,26.0,32.0
2025,15,00-0040737,Terrance Ferguson,TE,LA,1.6,2.9726949577301855,B_raw_features,737,14,55.0,51.0,4.0
2025,15,00-0039847,Theo Johnson,TE,NYG,10.2,9.52978447378234,B_raw_features,737,14,14.0,14.0,0.0
2025,15,00-0037005,Tommy Tremble,TE,CAR,3.3,3.6907488470782104,B_raw_features,737,14,41.0,44.0,3.0
2025,15,00-0030506,Travis Kelce,TE,KC,14.0,8.955551651646836,B_raw_features,737,14,10.0,17.0,7.0
2025,15,00-0037744,Trey McBride,TE,ARI,37.4,12.951079480869446,B_raw_features,737,14,2.0,3.0,1.0
2025,15,00-0040128,Tyler Warren,TE,IND,4.9,10.755787801464994,B_raw_features,737,14,29.0,7.0,22.0
2025,16,00-0039793,AJ Barner,TE,SEA,15.0,9.278478833891667,B_raw_features,806,15,9.0,19.0,10.0
2025,16,00-0036422,Adam Trautman,TE,DEN,3.4,4.052801050660806,B_raw_features,806,15,40.0,48.0,8.0
2025,16,00-0037292,Andrew Ogletree,TE,IND,2.1,2.537465672806164,B_raw_features,806,15,47.0,62.0,15.0
2025,16,00-0033455,Anthony Firkser,TE,DET,8.0,3.1537949550483466,B_raw_features,806,15,18.0,53.0,35.0
2025,16,00-0032392,Austin Hooper,TE,NE,5.4,3.564938207657784,B_raw_features,806,15,29.0,50.0,21.0
2025,16,00-0039912,Ben Sinnott,TE,WAS,1.5,4.007768924586577,B_raw_features,806,15,54.0,49.0,5.0
2025,16,00-0039458,Brenden Bates,TE,CLE,0.0,2.0725790338742622,B_raw_features,806,15,62.0,67.0,5.0
2025,16,00-0038935,Brenton Strange,TE,JAX,14.9,8.126533519559494,B_raw_features,806,15,10.0,22.0,12.0
2025,16,00-0039530,Brevyn Spann-Ford,TE,DAL,0.0,1.3025383703209923,B_raw_features,806,15,62.0,72.0,10.0
2025,16,00-0039338,Brock Bowers,TE,LV,14.3,12.198761518099131,B_raw_features,806,15,12.0,7.0,5.0
2025,16,00-0038129,Cade Otton,TE,TB,3.5,7.32332652271468,B_raw_features,806,15,39.0,27.0,12.0
2025,16,00-0039359,Cade Stover,TE,HOU,2.7,5.904779271153373,B_raw_features,806,15,46.0,35.0,11.0
2025,16,00-0039631,Cam Grandy,TE,CIN,1.1,2.5657547406107652,B_raw_features,806,15,61.0,61.0,0.0
2025,16,00-0040488,Carter Runyon,TE,LV,0.0,1.5681865966879545,B_raw_features,806,15,62.0,70.0,8.0
2025,16,00-0038046,Charlie Kolar,TE,BAL,2.8,1.760342795759314,B_raw_features,806,15,44.0,68.0,24.0
2025,16,00-0036429,Charlie Woerner,TE,ATL,1.3,4.506106346543969,B_raw_features,806,15,59.0,41.0,18.0
2025,16,00-0037809,Chig Okonkwo,TE,TEN,16.4,7.684148764100663,B_raw_features,806,15,6.0,25.0,19.0
2025,16,00-0031484,Chris Manhertz,TE,NYG,0.0,1.2538266027099048,B_raw_features,806,15,62.0,73.0,11.0
2025,16,00-0036244,Colby Parkinson,TE,LA,4.1,10.885630781563789,B_raw_features,806,15,36.0,10.0,26.0
2025,16,00-0036290,Cole Kmet,TE,CHI,3.4,6.9887916208577465,B_raw_features,806,15,40.0,29.0,11.0
2025,16,00-0040126,Colston Loveland,TE,CHI,6.0,10.209793527195252,B_raw_features,806,15,24.0,13.0,11.0
2025,16,00-0034351,Dallas Goedert,TE,PHI,12.2,13.24362611024255,B_raw_features,806,15,15.0,5.0,10.0
2025,16,00-0038933,Dalton Kincaid,TE,BUF,0.0,7.907243113775046,B_raw_features,806,15,62.0,23.0,39.0
2025,16,00-0034383,Dalton Schultz,TE,HOU,14.5,12.453797181525202,B_raw_features,806,15,11.0,6.0,5.0
2025,16,00-0038558,Darnell Washington,TE,PIT,6.6,6.015456075634442,B_raw_features,806,15,23.0,34.0,11.0
2025,16,00-0031610,Darren Waller,TE,MIA,7.0,10.494541655005518,B_raw_features,806,15,20.0,12.0,8.0
2025,16,00-0039648,David Martin-Robinson,TE,TEN,0.0,1.0571955017026025,B_raw_features,806,15,62.0,75.0,13.0
2025,16,00-0039074,Davis Allen,TE,LA,5.4,4.1946113310182565,B_raw_features,806,15,29.0,45.0,16.0
2025,16,00-0035689,Dawson Knox,TE,BUF,2.0,10.863542278403965,B_raw_features,806,15,48.0,11.0,37.0
2025,16,00-0035631,Drew Sample,TE,CIN,5.1,3.542949122169396,B_raw_features,806,15,32.0,51.0,19.0
2025,16,00-0039041,Elijah Higgins,TE,ARI,16.1,3.0390137428780033,B_raw_features,806,15,7.0,54.0,47.0
2025,16,00-0033576,Eric Saubert,TE,SEA,0.0,0.9877076970291088,B_raw_features,806,15,62.0,77.0,15.0
2025,16,00-0033881,Evan Engram,TE,DEN,5.6,6.530765009836257,B_raw_features,806,15,28.0,31.0,3.0
2025,16,00-0034981,Foster Moreau,TE,NO,1.5,2.872846550262412,B_raw_features,806,15,54.0,57.0,3.0
2025,16,00-0033288,George Kittle,TE,SF,24.5,14.67981040414971,B_raw_features,806,15,1.0,4.0,3.0
2025,16,00-0037252,Greg Dulcich,TE,MIA,7.6,6.23600848533655,B_raw_features,806,15,19.0,33.0,14.0
2025,16,00-0040584,Gunnar Helm,TE,TEN,2.9,7.85430386781629,B_raw_features,806,15,43.0,24.0,19.0
2025,16,00-0040663,Harold Fannin Jr.,TE,CLE,19.5,17.025932929723837,B_raw_features,806,15,2.0,2.0,0.0
2025,16,00-0033090,Hunter Henry,TE,NE,15.5,11.286757759150406,B_raw_features,806,15,8.0,8.0,0.0
2025,16,00-0037838,Isaiah Likely,TE,BAL,0.0,9.36040380085184,B_raw_features,806,15,62.0,18.0,44.0
2025,16,00-0039356,Ja'Tavion Sanders,TE,CAR,8.9,2.3083635205203024,B_raw_features,806,15,16.0,65.0,49.0
2025,16,00-0036741,Jack Stoll,TE,NO,1.4,2.566884365516669,B_raw_features,806,15,57.0,60.0,3.0
2025,16,00-0040194,Jackson Hawes,TE,BUF,4.6,3.381774276812009,B_raw_features,806,15,34.0,52.0,18.0
2025,16,00-0038041,Jake Ferguson,TE,DAL,4.9,8.23576040992475,B_raw_features,806,15,33.0,21.0,12.0
2025,16,00-0037112,Jake Tonges,TE,SF,1.7,4.613991949641822,B_raw_features,806,15,50.0,39.0,11.0
2025,16,00-0037805,Jeremy Ruckert,TE,NYJ,3.4,4.780443580770672,B_raw_features,806,15,40.0,38.0,2.0
2025,16,00-0036628,John Bates,TE,WAS,0.0,2.196863309892647,B_raw_features,806,15,62.0,66.0,4.0
2025,16,00-0037306,John FitzPatrick,TE,GB,0.0,4.156833895349423,B_raw_features,806,15,62.0,46.0,16.0
2025,16,00-0033858,Jonnu Smith,TE,PIT,2.8,4.3302165516299755,B_raw_features,806,15,44.0,44.0,0.0
2025,16,00-0035249,Josh Oliver,TE,MIN,3.9,4.428685075012066,B_raw_features,806,15,37.0,42.0,5.0
2025,16,00-0036332,Josiah Deguara,TE,ARI,0.0,1.2523027741858166,B_raw_features,806,15,62.0,74.0,12.0
2025,16,00-0036040,Juwan Johnson,TE,NO,16.9,9.7815617561102,B_raw_features,806,15,5.0,17.0,12.0
2025,16,00-0036970,Kyle Pitts,TE,ATL,18.7,17.335003739204687,B_raw_features,806,15,3.0,1.0,2.0
2025,16,00-0036876,Kylen Granson,TE,PHI,0.0,1.436032202626627,B_raw_features,806,15,62.0,71.0,9.0
2025,16,00-0036887,Luke Farrell,TE,SF,0.0,1.5841173627058183,B_raw_features,806,15,62.0,69.0,7.0
2025,16,00-0039144,Luke Musgrave,TE,GB,6.8,6.440125197182316,B_raw_features,806,15,21.0,32.0,11.0
2025,16,00-0034753,Mark Andrews,TE,BAL,4.4,8.929468683711676,B_raw_features,806,15,35.0,20.0,15.0
2025,16,00-0039066,Michael Mayer,TE,LV,2.0,2.5232222111702716,B_raw_features,806,15,48.0,64.0,16.0
2025,16,00-0034829,Mike Gesicki,TE,CIN,12.5,6.619933629255373,B_raw_features,806,15,13.0,30.0,17.0
2025,16,00-0040187,Mitchell Evans,TE,CAR,5.3,2.9338036605801996,B_raw_features,806,15,31.0,56.0,25.0
2025,16,00-0033217,Mo Alie-Cox,TE,IND,3.6,2.52992881005229,B_raw_features,806,15,38.0,63.0,25.0
2025,16,00-0038783,Nate Adkins,TE,DEN,0.0,4.065275295955075,B_raw_features,806,15,62.0,47.0,15.0
2025,16,00-0036637,Noah Gray,TE,KC,0.0,5.282133431636678,B_raw_features,806,15,62.0,37.0,25.0
2025,16,00-0040189,Oronde Gadsden II,TE,LAC,1.7,7.397993701580021,B_raw_features,806,15,50.0,26.0,24.0
2025,16,00-0036894,Pat Freiermuth,TE,PIT,6.0,7.042135445172032,B_raw_features,806,15,24.0,28.0,4.0
2025,16,00-0036590,Quintin Morris,TE,JAX,1.5,2.79428229009103,B_raw_features,806,15,54.0,58.0,4.0
2025,16,00-0037475,Stone Smartt,TE,NYJ,8.4,1.0541133958371545,B_raw_features,806,15,17.0,76.0,59.0
2025,16,00-0035229,T.J. Hockenson,TE,MIN,1.2,9.856886362360628,B_raw_features,806,15,60.0,16.0,44.0
2025,16,00-0034613,Tanner Hudson,TE,CIN,1.4,4.552387181008363,B_raw_features,806,15,57.0,40.0,17.0
2025,16,00-0033357,Taysom Hill,TE,NO,17.32,4.3337930096709405,B_raw_features,806,15,4.0,43.0,39.0
2025,16,00-0040737,Terrance Ferguson,TE,LA,12.3,2.987574716306792,B_raw_features,806,15,14.0,55.0,41.0
2025,16,00-0039847,Theo Johnson,TE,NYG,0.0,9.928082588155021,B_raw_features,806,15,62.0,15.0,47.0
2025,16,00-0037005,Tommy Tremble,TE,CAR,1.6,5.554974705481033,B_raw_features,806,15,52.0,36.0,16.0
2025,16,00-0030506,Travis Kelce,TE,KC,1.6,10.953665663526095,B_raw_features,806,15,52.0,9.0,43.0
2025,16,00-0037744,Trey McBride,TE,ARI,6.7,16.057159564577127,B_raw_features,806,15,22.0,3.0,19.0
2025,16,00-0040128,Tyler Warren,TE,IND,6.0,10.139518323011119,B_raw_features,806,15,24.0,14.0,10.0
2025,16,00-0034159,Will Dissly,TE,LAC,5.8,2.578393268455209,B_raw_features,806,15,27.0,59.0,32.0
2025,17,00-0039793,AJ Barner,TE,SEA,13.3,9.436188210379942,B_raw_features,883,16,10.0,13.0,3.0
2025,17,00-0036422,Adam Trautman,TE,DEN,4.4,5.035363993000182,B_raw_features,883,16,32.0,33.0,1.0
2025,17,00-0033455,Anthony Firkser,TE,DET,0.0,3.2952249438684134,B_raw_features,883,16,57.0,48.0,9.0
2025,17,00-0032392,Austin Hooper,TE,NE,9.1,4.783954935475617,B_raw_features,883,16,18.0,36.0,18.0
2025,17,00-0038809,Ben Sims,TE,MIN,1.3,2.809352672984663,B_raw_features,883,16,51.0,56.0,5.0
2025,17,00-0039912,Ben Sinnott,TE,WAS,5.9,3.9065632877343006,B_raw_features,883,16,28.0,41.0,13.0
2025,17,00-0038710,Blake Whiteheart,TE,CLE,0.0,1.068025458028354,B_raw_features,883,16,57.0,67.0,10.0
2025,17,00-0038643,Brayden Willis,TE,SF,0.0,0.9801149112135586,B_raw_features,883,16,57.0,69.0,12.0
2025,17,00-0039458,Brenden Bates,TE,CLE,2.9,2.0234361269624532,B_raw_features,883,16,41.0,62.0,21.0
2025,17,00-0038935,Brenton Strange,TE,JAX,8.4,8.526007937163257,B_raw_features,883,16,20.0,17.0,3.0
2025,17,00-0039530,Brevyn Spann-Ford,TE,DAL,4.1,1.3807414060820018,B_raw_features,883,16,33.0,65.0,32.0
2025,17,00-0038129,Cade Otton,TE,TB,7.3,5.457685227755559,B_raw_features,883,16,24.0,28.0,4.0
2025,17,00-0038046,Charlie Kolar,TE,BAL,0.0,1.948726100762927,B_raw_features,883,16,57.0,63.0,6.0
2025,17,00-0036429,Charlie Woerner,TE,ATL,0.0,4.208329216818145,B_raw_features,883,16,57.0,39.0,18.0
2025,17,00-0037809,Chig Okonkwo,TE,TEN,14.5,9.661760810996533,B_raw_features,883,16,6.0,11.0,5.0
2025,17,00-0036244,Colby Parkinson,TE,LA,11.3,8.966839325415178,B_raw_features,883,16,12.0,16.0,4.0
2025,17,00-0036290,Cole Kmet,TE,CHI,3.6,6.483873247920361,B_raw_features,883,16,36.0,24.0,12.0
2025,17,00-0040126,Colston Loveland,TE,CHI,21.4,9.864860277947166,B_raw_features,883,16,2.0,9.0,7.0
2025,17,00-0034351,Dallas Goedert,TE,PHI,9.8,13.147973981475507,B_raw_features,883,16,15.0,4.0,11.0
2025,17,00-0034383,Dalton Schultz,TE,HOU,4.9,11.162736395846883,B_raw_features,883,16,31.0,6.0,25.0
2025,17,00-0038115,Daniel Bellinger,TE,NYG,3.1,3.7368161435647527,B_raw_features,883,16,40.0,43.0,3.0
2025,17,00-0038558,Darnell Washington,TE,PIT,3.5,5.370771600379889,B_raw_features,883,16,38.0,29.0,9.0
2025,17,00-0031610,Darren Waller,TE,MIA,1.0,10.778294147156254,B_raw_features,883,16,56.0,7.0,49.0
2025,17,00-0039648,David Martin-Robinson,TE,TEN,1.9,1.120041167478428,B_raw_features,883,16,44.0,66.0,22.0
2025,17,00-0035689,Dawson Knox,TE,BUF,8.0,9.100036601720706,B_raw_features,883,16,21.0,14.0,7.0
2025,17,00-0035631,Drew Sample,TE,CIN,1.8,4.516408460565019,B_raw_features,883,16,45.0,38.0,7.0
2025,17,00-0034798,Durham Smythe,TE,CHI,2.1,1.6684321470743644,B_raw_features,883,16,43.0,64.0,21.0
2025,17,00-0039041,Elijah Higgins,TE,ARI,0.0,5.94156089196568,B_raw_features,883,16,57.0,27.0,30.0
2025,17,00-0033576,Eric Saubert,TE,SEA,0.0,1.0283928419673838,B_raw_features,883,16,57.0,68.0,11.0
2025,17,00-0033881,Evan Engram,TE,DEN,6.1,4.944973586046701,B_raw_features,883,16,27.0,35.0,8.0
2025,17,00-0035956,Giovanni Ricci,TE,DET,0.0,0.9801149112135586,B_raw_features,883,16,57.0,69.0,12.0
2025,17,00-0037086,Grant Calcaterra,TE,PHI,1.3,2.8114182691919822,B_raw_features,883,16,51.0,55.0,4.0
2025,17,00-0037252,Greg Dulcich,TE,MIA,16.1,6.539388975261797,B_raw_features,883,16,5.0,23.0,18.0
2025,17,00-0040584,Gunnar Helm,TE,TEN,1.1,6.183585569044993,B_raw_features,883,16,55.0,26.0,29.0
2025,17,00-0040663,Harold Fannin Jr.,TE,CLE,11.0,17.53064807799425,B_raw_features,883,16,13.0,1.0,12.0
2025,17,00-0033090,Hunter Henry,TE,NE,13.9,8.990587080241212,B_raw_features,883,16,7.0,15.0,8.0
2025,17,00-0037838,Isaiah Likely,TE,BAL,5.7,6.943742144819452,B_raw_features,883,16,29.0,21.0,8.0
2025,17,00-0038041,Jake Ferguson,TE,DAL,7.6,7.356149302120744,B_raw_features,883,16,23.0,20.0,3.0
2025,17,00-0037112,Jake Tonges,TE,SF,19.0,2.2365104341418687,B_raw_features,883,16,3.0,60.0,57.0
2025,17,00-0037755,Jelani Woods,TE,NYJ,1.4,3.077750309627105,B_raw_features,883,16,50.0,52.0,2.0
2025,17,00-0037805,Jeremy Ruckert,TE,NYJ,1.2,5.193452552938824,B_raw_features,883,16,53.0,32.0,21.0
2025,17,00-0033246,Johnny Mundt,TE,JAX,0.0,5.203641828137513,B_raw_features,883,16,57.0,31.0,26.0
2025,17,00-0033858,Jonnu Smith,TE,PIT,7.7,4.555888397114989,B_raw_features,883,16,22.0,37.0,15.0
2025,17,00-0035249,Josh Oliver,TE,MIN,1.8,5.221792467372242,B_raw_features,883,16,45.0,30.0,15.0
2025,17,00-0038589,Josh Whyle,TE,GB,1.8,2.864447417907688,B_raw_features,883,16,45.0,54.0,9.0
2025,17,00-0036332,Josiah Deguara,TE,ARI,0.0,2.247284942427455,B_raw_features,883,16,57.0,59.0,2.0
2025,17,00-0038720,Julian Hill,TE,MIA,2.6,3.4158642760440014,B_raw_features,883,16,42.0,46.0,4.0
2025,17,00-0036040,Juwan Johnson,TE,NO,13.5,9.505988756598612,B_raw_features,883,16,8.0,12.0,4.0
2025,17,00-0040363,Keleki Latu,TE,BUF,0.0,2.439483825328036,B_raw_features,883,16,57.0,58.0,1.0
2025,17,00-0036970,Kyle Pitts,TE,ATL,3.6,17.521405051105273,B_raw_features,883,16,36.0,2.0,34.0
2025,17,00-0036876,Kylen Granson,TE,PHI,0.0,0.9801149112135586,B_raw_features,883,16,57.0,69.0,12.0
2025,17,00-0038547,Luke Schoonmaker,TE,DAL,3.5,2.8922761963240236,B_raw_features,883,16,38.0,53.0,15.0
2025,17,00-0034753,Mark Andrews,TE,BAL,6.8,8.283095597131826,B_raw_features,883,16,25.0,18.0,7.0
2025,17,00-0039066,Michael Mayer,TE,LV,17.9,2.716950131913683,B_raw_features,883,16,4.0,57.0,53.0
2025,17,00-0034829,Mike Gesicki,TE,CIN,6.7,7.504836660488207,B_raw_features,883,16,26.0,19.0,7.0
2025,17,00-0040187,Mitchell Evans,TE,CAR,1.6,4.135019517477316,B_raw_features,883,16,48.0,40.0,8.0
2025,17,00-0033217,Mo Alie-Cox,TE,IND,11.0,3.1059756823633444,B_raw_features,883,16,13.0,51.0,38.0
2025,17,00-0035644,Noah Fant,TE,CIN,0.0,3.3070091539586244,B_raw_features,883,16,57.0,47.0,10.0
2025,17,00-0036637,Noah Gray,TE,KC,1.2,3.5765695244721325,B_raw_features,883,16,53.0,45.0,8.0
2025,17,00-0040189,Oronde Gadsden II,TE,LAC,12.2,6.4635372346475215,B_raw_features,883,16,11.0,25.0,14.0
2025,17,00-0036894,Pat Freiermuth,TE,PIT,9.3,6.865220054372719,B_raw_features,883,16,16.0,22.0,6.0
2025,17,00-0036590,Quintin Morris,TE,JAX,0.0,2.10351309564293,B_raw_features,883,16,57.0,61.0,4.0
2025,17,00-0037475,Stone Smartt,TE,NYJ,3.8,3.293534643374798,B_raw_features,883,16,35.0,49.0,14.0
2025,17,00-0034613,Tanner Hudson,TE,CIN,5.1,3.700798190922846,B_raw_features,883,16,30.0,44.0,14.0
2025,17,00-0033357,Taysom Hill,TE,NO,0.0,11.677493507695837,B_raw_features,883,16,57.0,5.0,52.0
2025,17,00-0037277,Teagan Quitoriano,TE,ATL,0.0,0.9801149112135586,B_raw_features,883,16,57.0,69.0,12.0
2025,17,00-0040737,Terrance Ferguson,TE,LA,13.4,3.8710969026339956,B_raw_features,883,16,9.0,42.0,33.0
2025,17,00-0037005,Tommy Tremble,TE,CAR,1.6,5.011583029122372,B_raw_features,883,16,48.0,34.0,14.0
2025,17,00-0030506,Travis Kelce,TE,KC,8.6,9.694557905981394,B_raw_features,883,16,19.0,10.0,9.0
2025,17,00-0037744,Trey McBride,TE,ARI,23.6,14.689778953947618,B_raw_features,883,16,1.0,3.0,2.0
2025,17,00-0040128,Tyler Warren,TE,IND,9.3,10.545843095130067,B_raw_features,883,16,16.0,8.0,8.0
2025,17,00-0034159,Will Dissly,TE,LAC,3.9,3.1694353536635997,B_raw_features,883,16,34.0,50.0,16.0
2025,18,00-0039793,AJ Barner,TE,SEA,3.4,9.585064418766185,B_raw_features,955,17,38.0,10.0,28.0
2025,18,00-0033455,Anthony Firkser,TE,DET,2.2,3.279313808829599,B_raw_features,955,17,46.0,49.0,3.0
2025,18,00-0032392,Austin Hooper,TE,NE,1.5,6.398849000782409,B_raw_features,955,17,55.0,25.0,30.0
2025,18,00-0038809,Ben Sims,TE,MIN,2.8,3.679526529670256,B_raw_features,955,17,42.0,45.0,3.0
2025,18,00-0039912,Ben Sinnott,TE,WAS,2.3,5.417079533487563,B_raw_features,955,17,45.0,34.0,11.0
2025,18,00-0040509,Ben Yurosek,TE,MIN,1.9,1.4855220992758484,B_raw_features,955,17,49.0,64.0,15.0
2025,18,00-0038710,Blake Whiteheart,TE,CLE,0.0,1.684842456663322,B_raw_features,955,17,63.0,60.0,3.0
2025,18,00-0039458,Brenden Bates,TE,CLE,1.6,1.8265823273828585,B_raw_features,955,17,52.0,59.0,7.0
2025,18,00-0038935,Brenton Strange,TE,JAX,17.2,8.448508369966925,B_raw_features,955,17,5.0,14.0,9.0
2025,18,00-0039530,Brevyn Spann-Ford,TE,DAL,5.0,1.885874369008153,B_raw_features,955,17,32.0,58.0,26.0
2025,18,00-0038129,Cade Otton,TE,TB,22.4,6.055926100009798,B_raw_features,955,17,2.0,28.0,26.0
2025,18,00-0039359,Cade Stover,TE,HOU,1.9,6.755289757191042,B_raw_features,955,17,49.0,23.0,26.0
2025,18,00-0038564,Cameron Latu,TE,PHI,0.0,1.1204116399056239,B_raw_features,955,17,63.0,69.0,6.0
2025,18,00-0037809,Chig Okonkwo,TE,TEN,2.2,12.183405393301067,B_raw_features,955,17,46.0,4.0,42.0
2025,18,00-0031484,Chris Manhertz,TE,NYG,0.0,1.1163230545855831,B_raw_features,955,17,63.0,72.0,9.0
2025,18,00-0036244,Colby Parkinson,TE,LA,19.6,9.560213465787632,B_raw_features,955,17,4.0,11.0,7.0
2025,18,00-0036290,Cole Kmet,TE,CHI,3.6,6.123089052330906,B_raw_features,955,17,37.0,26.0,11.0
2025,18,00-0040126,Colston Loveland,TE,CHI,25.1,11.313195308933308,B_raw_features,955,17,1.0,5.0,4.0
2025,18,00-0038933,Dalton Kincaid,TE,BUF,7.8,6.579090575432597,B_raw_features,955,17,19.0,24.0,5.0
2025,18,00-0034383,Dalton Schultz,TE,HOU,11.3,10.932522263255715,B_raw_features,955,17,10.0,7.0,3.0
2025,18,00-0038115,Daniel Bellinger,TE,NYG,11.8,4.961531719946649,B_raw_features,955,17,8.0,37.0,29.0
2025,18,00-0039648,David Martin-Robinson,TE,TEN,2.4,1.0899709811299636,B_raw_features,955,17,44.0,73.0,29.0
2025,18,00-0039074,Davis Allen,TE,LA,0.0,5.8812883909059135,B_raw_features,955,17,63.0,31.0,32.0
2025,18,00-0035689,Dawson Knox,TE,BUF,10.4,7.71493883020252,B_raw_features,955,17,12.0,18.0,6.0
2025,18,00-0035631,Drew Sample,TE,CIN,4.7,3.7342654098020938,B_raw_features,955,17,34.0,44.0,10.0
2025,18,00-0034798,Durham Smythe,TE,CHI,0.0,1.6302054587634713,B_raw_features,955,17,63.0,61.0,2.0
2025,18,00-0039041,Elijah Higgins,TE,ARI,5.8,5.787731598994688,B_raw_features,955,17,29.0,32.0,3.0
2025,18,00-0033576,Eric Saubert,TE,SEA,3.0,2.0806497997517903,B_raw_features,955,17,41.0,56.0,15.0
2025,18,00-0033881,Evan Engram,TE,DEN,7.5,6.047531345333793,B_raw_features,955,17,22.0,29.0,7.0
2025,18,00-0036825,Feleipe Franks,TE,ATL,0.0,1.154037369620862,B_raw_features,955,17,63.0,68.0,5.0
2025,18,00-0033288,George Kittle,TE,SF,7.9,14.023679988822318,B_raw_features,955,17,18.0,2.0,16.0
2025,18,00-0037086,Grant Calcaterra,TE,PHI,10.1,3.4079557945636103,B_raw_features,955,17,13.0,48.0,35.0
2025,18,00-0037252,Greg Dulcich,TE,MIA,6.1,8.38558045318981,B_raw_features,955,17,26.0,15.0,11.0
2025,18,00-0033090,Hunter Henry,TE,NE,10.6,8.198914593630683,B_raw_features,955,17,11.0,16.0,5.0
2025,18,00-0037838,Isaiah Likely,TE,BAL,5.2,5.5652632800653965,B_raw_features,955,17,30.0,33.0,3.0
2025,18,00-0039305,Jack Westover,TE,NE,1.0,1.2289998751784386,B_raw_features,955,17,61.0,67.0,6.0
2025,18,00-0040194,Jackson Hawes,TE,BUF,1.0,3.973864499314752,B_raw_features,955,17,61.0,41.0,20.0
2025,18,00-0038041,Jake Ferguson,TE,DAL,1.5,5.972607125265842,B_raw_features,955,17,55.0,30.0,25.0
2025,18,00-0039824,Jared Wiley,TE,KC,0.0,2.4465152102117766,B_raw_features,955,17,63.0,54.0,9.0
2025,18,00-0036628,John Bates,TE,WAS,9.3,2.005125027460171,B_raw_features,955,17,15.0,57.0,42.0
2025,18,00-0033246,Johnny Mundt,TE,JAX,2.6,3.8991790178747396,B_raw_features,955,17,43.0,42.0,1.0
2025,18,00-0033858,Jonnu Smith,TE,PIT,1.4,7.2983971718087775,B_raw_features,955,17,59.0,20.0,39.0
2025,18,00-0035249,Josh Oliver,TE,MIN,4.9,4.988074104990179,B_raw_features,955,17,33.0,36.0,3.0
2025,18,00-0038589,Josh Whyle,TE,GB,1.4,2.9271268233404477,B_raw_features,955,17,59.0,52.0,7.0
2025,18,00-0036332,Josiah Deguara,TE,ARI,9.5,1.5950835967218655,B_raw_features,955,17,14.0,62.0,48.0
2025,18,00-0038720,Julian Hill,TE,MIA,1.8,3.884771928088707,B_raw_features,955,17,51.0,43.0,8.0
2025,18,00-0036040,Juwan Johnson,TE,NO,9.1,9.247381363303589,B_raw_features,955,17,16.0,12.0,4.0
2025,18,00-0040363,Keleki Latu,TE,BUF,6.1,1.328811671437145,B_raw_features,955,17,26.0,66.0,40.0
2025,18,00-0036970,Kyle Pitts,TE,ATL,11.8,13.705473657387444,B_raw_features,955,17,8.0,3.0,5.0
2025,18,00-0036876,Kylen Granson,TE,PHI,7.0,1.1204116399056239,B_raw_features,955,17,24.0,69.0,45.0
2025,18,00-0038547,Luke Schoonmaker,TE,DAL,2.2,3.6321010758510806,B_raw_features,955,17,46.0,47.0,1.0
2025,18,00-0034753,Mark Andrews,TE,BAL,3.4,8.760843414619085,B_raw_features,955,17,38.0,13.0,25.0
2025,18,00-0039066,Michael Mayer,TE,LV,7.7,7.237475586296375,B_raw_features,955,17,20.0,21.0,1.0
2025,18,00-0034829,Mike Gesicki,TE,CIN,3.3,5.321045582461893,B_raw_features,955,17,40.0,35.0,5.0
2025,18,00-0040187,Mitchell Evans,TE,CAR,1.5,3.6342919310804556,B_raw_features,955,17,55.0,46.0,9.0
2025,18,00-0033217,Mo Alie-Cox,TE,IND,5.2,4.624239998350373,B_raw_features,955,17,30.0,38.0,8.0
2025,18,00-0037031,Nikola Kalinic,TE,CHI,0.0,1.1204116399056239,B_raw_features,955,17,63.0,69.0,6.0
2025,18,00-0035644,Noah Fant,TE,CIN,1.5,3.1248890653030448,B_raw_features,955,17,55.0,51.0,4.0
2025,18,00-0036637,Noah Gray,TE,KC,6.0,2.5218034070205464,B_raw_features,955,17,28.0,53.0,25.0
2025,18,00-0040189,Oronde Gadsden II,TE,LAC,4.3,7.509890645636371,B_raw_features,955,17,35.0,19.0,16.0
2025,18,00-0036894,Pat Freiermuth,TE,PIT,8.1,7.9289534622706945,B_raw_features,955,17,17.0,17.0,0.0
2025,18,00-0039050,Payne Durham,TE,TB,0.0,1.5520312977962838,B_raw_features,955,17,63.0,63.0,0.0
2025,18,00-0033439,Pharaoh Brown,TE,ARI,0.0,1.4762121921116487,B_raw_features,955,17,63.0,65.0,2.0
2025,18,00-0036590,Quintin Morris,TE,JAX,7.5,2.0889895378201295,B_raw_features,955,17,22.0,55.0,33.0
2025,18,00-0037015,Sal Cannella,TE,CLE,0.0,7.162297779805214,B_raw_features,955,17,63.0,22.0,41.0
2025,18,00-0033357,Taysom Hill,TE,NO,6.2,10.771613361752895,B_raw_features,955,17,25.0,8.0,17.0
2025,18,00-0037005,Tommy Tremble,TE,CAR,12.8,4.2482331546461705,B_raw_features,955,17,7.0,40.0,33.0
2025,18,00-0030506,Travis Kelce,TE,KC,4.2,11.057874451772562,B_raw_features,955,17,36.0,6.0,30.0
2025,18,00-0037744,Trey McBride,TE,ARI,13.5,17.568834733143223,B_raw_features,955,17,6.0,1.0,5.0
2025,18,00-0034270,Tyler Conklin,TE,LAC,1.6,3.2518411892208645,B_raw_features,955,17,52.0,50.0,2.0
2025,18,00-0033110,Tyler Higbee,TE,LA,20.1,6.060167063753225,B_raw_features,955,17,3.0,27.0,24.0
2025,18,00-0040128,Tyler Warren,TE,IND,7.6,10.231405057417536,B_raw_features,955,17,21.0,9.0,12.0
2025,18,00-0034159,Will Dissly,TE,LAC,1.6,4.263087807480786,B_raw_features,955,17,52.0,39.0,13.0
